Price,Close,High,Low,Open,Volume,ticker,company,exchange,currency,fetched_at_utc
Ticker,AAPL,AAPL,AAPL,AAPL,AAPL,,,,,
Datetime,,,,,,,,,,
2026-07-02 09:30:00-04:00,297.09991455078125,297.1000061035156,293.67999267578125,294.0849914550781,1161939,AAPL,Apple,Nasdaq,USD,20260703_081139
2026-07-02 09:31:00-04:00,298.94000244140625,299.0400085449219,296.92999267578125,297.1000061035156,387097,AAPL,Apple,Nasdaq,USD,20260703_081139
2026-07-02 09:32:00-04:00,299.2699890136719,299.82000732421875,298.6600036621094,298.9700012207031,333980,AAPL,Apple,Nasdaq,USD,20260703_081139
2026-07-02 09:33:00-04:00,298.0400085449219,299.5,297.8075866699219,299.30499267578125,244659,AAPL,Apple,Nasdaq,USD,20260703_081139
2026-07-02 09:34:00-04:00,298.20001220703125,298.510009765625,297.8900146484375,298.125,143692,AAPL,Apple,Nasdaq,USD,20260703_081139
2026-07-02 09:35:00-04:00,298.4179992675781,298.8599853515625,298.1252136230469,298.1813049316406,241851,AAPL,Apple,Nasdaq,USD,20260703_081139
2026-07-02 09:36:00-04:00,298.92999267578125,299.0799865722656,298.20001220703125,298.42498779296875,177706,AAPL,Apple,Nasdaq,USD,20260703_081139
2026-07-02 09:37:00-04:00,299.2900085449219,299.3500061035156,298.8299865722656,298.989990234375,166444,AAPL,Apple,Nasdaq,USD,20260703_081139
2026-07-02 09:38:00-04:00,299.55999755859375,299.7099914550781,299.1900939941406,299.2900085449219,204531,AAPL,Apple,Nasdaq,USD,20260703_081139
2026-07-02 09:39:00-04:00,300.1300048828125,300.1600036621094,299.42999267578125,299.6199951171875,384326,AAPL,Apple,Nasdaq,USD,20260703_081139
2026-07-02 09:40:00-04:00,299.9750061035156,300.3299865722656,299.7799987792969,300.1300048828125,184912,AAPL,Apple,Nasdaq,USD,20260703_081139
2026-07-02 09:41:00-04:00,300.864990234375,300.92999267578125,299.8550109863281,299.9700012207031,230313,AAPL,Apple,Nasdaq,USD,20260703_081139
2026-07-02 09:42:00-04:00,300.7799987792969,301.1400146484375,300.5101013183594,300.8800048828125,401939,AAPL,Apple,Nasdaq,USD,20260703_081139
2026-07-02 09:43:00-04:00,300.45001220703125,301.1199951171875,300.3399963378906,300.7799987792969,195235,AAPL,Apple,Nasdaq,USD,20260703_081139
2026-07-02 09:44:00-04:00,300.3500061035156,300.7099914550781,300.260009765625,300.44000244140625,177277,AAPL,Apple,Nasdaq,USD,20260703_081139
2026-07-02 09:45:00-04:00,300.9800109863281,301.17999267578125,300.3800048828125,300.3800048828125,198028,AAPL,Apple,Nasdaq,USD,20260703_081139
2026-07-02 09:46:00-04:00,300.9200134277344,301.6997985839844,300.8299865722656,300.9649963378906,214435,AAPL,Apple,Nasdaq,USD,20260703_081139
2026-07-02 09:47:00-04:00,301.69000244140625,301.75,300.6700134277344,300.9100036621094,212118,AAPL,Apple,Nasdaq,USD,20260703_081139
2026-07-02 09:48:00-04:00,302.0874938964844,302.1094970703125,301.55999755859375,301.67999267578125,274465,AAPL,Apple,Nasdaq,USD,20260703_081139
2026-07-02 09:49:00-04:00,302.1700134277344,302.3546142578125,301.8810119628906,302.07501220703125,266386,AAPL,Apple,Nasdaq,USD,20260703_081139
2026-07-02 09:50:00-04:00,302.3299865722656,302.67999267578125,302.1300048828125,302.1499938964844,250889,AAPL,Apple,Nasdaq,USD,20260703_081139
2026-07-02 09:51:00-04:00,301.5899963378906,302.3349914550781,301.4700012207031,302.3349914550781,220691,AAPL,Apple,Nasdaq,USD,20260703_081139
2026-07-02 09:52:00-04:00,302.3800048828125,302.3999938964844,301.57000732421875,301.5899963378906,132526,AAPL,Apple,Nasdaq,USD,20260703_081139
2026-07-02 09:53:00-04:00,302.1700134277344,302.4353942871094,302.04998779296875,302.3800048828125,121901,AAPL,Apple,Nasdaq,USD,20260703_081139
2026-07-02 09:54:00-04:00,301.7550048828125,302.1600036621094,301.6400146484375,302.1600036621094,1968854,AAPL,Apple,Nasdaq,USD,20260703_081139
2026-07-02 09:55:00-04:00,301.8843078613281,301.9898986816406,301.4700927734375,301.75,140025,AAPL,Apple,Nasdaq,USD,20260703_081139
2026-07-02 09:56:00-04:00,301.864990234375,301.947509765625,301.6400146484375,301.9100036621094,167523,AAPL,Apple,Nasdaq,USD,20260703_081139
2026-07-02 09:57:00-04:00,302.0899963378906,302.1199951171875,301.864990234375,301.9200134277344,169033,AAPL,Apple,Nasdaq,USD,20260703_081139
2026-07-02 09:58:00-04:00,302.260009765625,302.4200134277344,302.0199890136719,302.060791015625,198315,AAPL,Apple,Nasdaq,USD,20260703_081139
2026-07-02 09:59:00-04:00,302.80999755859375,302.80999755859375,302.19000244140625,302.2900085449219,203320,AAPL,Apple,Nasdaq,USD,20260703_081139
2026-07-02 10:00:00-04:00,302.6900939941406,303.17498779296875,302.69000244140625,302.8500061035156,407126,AAPL,Apple,Nasdaq,USD,20260703_081139
2026-07-02 10:01:00-04:00,302.8599853515625,303.1300048828125,302.6700134277344,302.69000244140625,194760,AAPL,Apple,Nasdaq,USD,20260703_081139
2026-07-02 10:02:00-04:00,302.760009765625,303.0299987792969,302.6188049316406,302.8609924316406,151528,AAPL,Apple,Nasdaq,USD,20260703_081139
2026-07-02 10:03:00-04:00,302.989990234375,303.1600036621094,302.66009521484375,302.79998779296875,149761,AAPL,Apple,Nasdaq,USD,20260703_081139
2026-07-02 10:04:00-04:00,303.01031494140625,303.3900146484375,302.8599853515625,302.94500732421875,145782,AAPL,Apple,Nasdaq,USD,20260703_081139
2026-07-02 10:05:00-04:00,302.97198486328125,303.2900085449219,302.9599914550781,303.07000732421875,144476,AAPL,Apple,Nasdaq,USD,20260703_081139
2026-07-02 10:06:00-04:00,302.80999755859375,303.1099853515625,302.7101135253906,302.9649963378906,151871,AAPL,Apple,Nasdaq,USD,20260703_081139
2026-07-02 10:07:00-04:00,302.9649963378906,302.9700012207031,302.7300109863281,302.8399963378906,126195,AAPL,Apple,Nasdaq,USD,20260703_081139
2026-07-02 10:08:00-04:00,303.2349853515625,303.5,302.8399963378906,302.94000244140625,158493,AAPL,Apple,Nasdaq,USD,20260703_081139
2026-07-02 10:09:00-04:00,303.5350036621094,303.57000732421875,303.0400085449219,303.239990234375,319520,AAPL,Apple,Nasdaq,USD,20260703_081139
2026-07-02 10:10:00-04:00,303.19500732421875,303.5799865722656,303.1199951171875,303.54998779296875,171241,AAPL,Apple,Nasdaq,USD,20260703_081139
2026-07-02 10:11:00-04:00,303.7300109863281,303.7698974609375,303.2300109863281,303.2300109863281,235075,AAPL,Apple,Nasdaq,USD,20260703_081139
2026-07-02 10:12:00-04:00,304.0350036621094,304.0599060058594,303.6000061035156,303.739990234375,278142,AAPL,Apple,Nasdaq,USD,20260703_081139
2026-07-02 10:13:00-04:00,304.260009765625,304.5199890136719,303.9599914550781,304.0299987792969,370643,AAPL,Apple,Nasdaq,USD,20260703_081139
2026-07-02 10:14:00-04:00,303.7300109863281,304.2699890136719,303.1099853515625,304.268310546875,250766,AAPL,Apple,Nasdaq,USD,20260703_081139
2026-07-02 10:15:00-04:00,303.94000244140625,304.1700134277344,303.5899963378906,303.7449951171875,163011,AAPL,Apple,Nasdaq,USD,20260703_081139
2026-07-02 10:16:00-04:00,303.82989501953125,304.1000061035156,303.6400146484375,303.9150085449219,156320,AAPL,Apple,Nasdaq,USD,20260703_081139
2026-07-02 10:17:00-04:00,304.0899963378906,304.29998779296875,303.60009765625,303.8299865722656,146615,AAPL,Apple,Nasdaq,USD,20260703_081139
2026-07-02 10:18:00-04:00,303.7200012207031,304.1300048828125,303.6499938964844,304.05999755859375,106390,AAPL,Apple,Nasdaq,USD,20260703_081139
2026-07-02 10:19:00-04:00,304.3699951171875,304.5090026855469,303.7179870605469,303.75311279296875,193185,AAPL,Apple,Nasdaq,USD,20260703_081139
2026-07-02 10:20:00-04:00,304.54998779296875,304.75,304.239990234375,304.3949890136719,225006,AAPL,Apple,Nasdaq,USD,20260703_081139
2026-07-02 10:21:00-04:00,304.7349853515625,304.7569885253906,304.5,304.5799865722656,230435,AAPL,Apple,Nasdaq,USD,20260703_081139
2026-07-02 10:22:00-04:00,304.82989501953125,304.8599853515625,304.55999755859375,304.7200012207031,204825,AAPL,Apple,Nasdaq,USD,20260703_081139
2026-07-02 10:23:00-04:00,304.69500732421875,305.1099853515625,304.55999755859375,304.8299865722656,400998,AAPL,Apple,Nasdaq,USD,20260703_081139
2026-07-02 10:24:00-04:00,304.5617980957031,304.95001220703125,304.4700012207031,304.7200012207031,213038,AAPL,Apple,Nasdaq,USD,20260703_081139
2026-07-02 10:25:00-04:00,304.7300109863281,304.84991455078125,304.1289978027344,304.6064147949219,162681,AAPL,Apple,Nasdaq,USD,20260703_081139
2026-07-02 10:26:00-04:00,304.5050048828125,304.82000732421875,304.3500061035156,304.739990234375,161291,AAPL,Apple,Nasdaq,USD,20260703_081139
2026-07-02 10:27:00-04:00,304.4949951171875,304.885009765625,304.360107421875,304.5299987792969,212205,AAPL,Apple,Nasdaq,USD,20260703_081139
2026-07-02 10:28:00-04:00,304.70001220703125,304.8500061035156,304.3450012207031,304.5299987792969,171249,AAPL,Apple,Nasdaq,USD,20260703_081139
2026-07-02 10:29:00-04:00,305.04998779296875,305.32000732421875,304.5,304.7099914550781,211238,AAPL,Apple,Nasdaq,USD,20260703_081139
2026-07-02 10:30:00-04:00,305.239990234375,305.3389892578125,304.8500061035156,305.04400634765625,209182,AAPL,Apple,Nasdaq,USD,20260703_081139
2026-07-02 10:31:00-04:00,305.739990234375,305.964599609375,305.2200012207031,305.25,288714,AAPL,Apple,Nasdaq,USD,20260703_081139
2026-07-02 10:32:00-04:00,306.3450012207031,306.6398010253906,305.71240234375,305.739990234375,313436,AAPL,Apple,Nasdaq,USD,20260703_081139
2026-07-02 10:33:00-04:00,305.8900146484375,306.3800048828125,305.8706970214844,306.3699951171875,260122,AAPL,Apple,Nasdaq,USD,20260703_081139
2026-07-02 10:34:00-04:00,305.7099914550781,305.9200134277344,305.32000732421875,305.8999938964844,228864,AAPL,Apple,Nasdaq,USD,20260703_081139
2026-07-02 10:35:00-04:00,305.1650085449219,305.8500061035156,305.05999755859375,305.7200012207031,237920,AAPL,Apple,Nasdaq,USD,20260703_081139
2026-07-02 10:36:00-04:00,305.4800109863281,305.5274963378906,305.07000732421875,305.1600036621094,233842,AAPL,Apple,Nasdaq,USD,20260703_081139
2026-07-02 10:37:00-04:00,305.25,305.69000244140625,305.1499938964844,305.4649963378906,246577,AAPL,Apple,Nasdaq,USD,20260703_081139
2026-07-02 10:38:00-04:00,305.54791259765625,305.5599060058594,304.8800048828125,305.2699890136719,154884,AAPL,Apple,Nasdaq,USD,20260703_081139
2026-07-02 10:39:00-04:00,305.3800048828125,305.739990234375,305.239990234375,305.5400085449219,163306,AAPL,Apple,Nasdaq,USD,20260703_081139
2026-07-02 10:40:00-04:00,305.69000244140625,305.9200134277344,305.35009765625,305.3900146484375,139998,AAPL,Apple,Nasdaq,USD,20260703_081139
2026-07-02 10:41:00-04:00,305.64300537109375,306.0899963378906,305.5899963378906,305.6700134277344,163726,AAPL,Apple,Nasdaq,USD,20260703_081139
2026-07-02 10:42:00-04:00,306.07501220703125,306.1000061035156,305.5199890136719,305.6600036621094,205352,AAPL,Apple,Nasdaq,USD,20260703_081139
2026-07-02 10:43:00-04:00,305.9599914550781,306.19940185546875,305.7200012207031,306.1000061035156,161406,AAPL,Apple,Nasdaq,USD,20260703_081139
2026-07-02 10:44:00-04:00,306.4200134277344,306.4200134277344,305.9200134277344,305.989990234375,211542,AAPL,Apple,Nasdaq,USD,20260703_081139
2026-07-02 10:45:00-04:00,306.2300109863281,306.7749938964844,306.1900939941406,306.4200134277344,294175,AAPL,Apple,Nasdaq,USD,20260703_081139
2026-07-02 10:46:00-04:00,306.1650085449219,306.3399963378906,305.75,306.2099914550781,208585,AAPL,Apple,Nasdaq,USD,20260703_081139
2026-07-02 10:47:00-04:00,306.2799987792969,306.5299987792969,306.1199951171875,306.1650085449219,210988,AAPL,Apple,Nasdaq,USD,20260703_081139
2026-07-02 10:48:00-04:00,305.56500244140625,306.2799987792969,305.5400085449219,306.2799987792969,211654,AAPL,Apple,Nasdaq,USD,20260703_081139
2026-07-02 10:49:00-04:00,305.5199890136719,305.89990234375,305.5199890136719,305.56500244140625,148071,AAPL,Apple,Nasdaq,USD,20260703_081139
2026-07-02 10:50:00-04:00,305.5,305.95001220703125,305.30010986328125,305.5199890136719,167438,AAPL,Apple,Nasdaq,USD,20260703_081139
2026-07-02 10:51:00-04:00,305.92498779296875,305.94000244140625,305.489990234375,305.5,119529,AAPL,Apple,Nasdaq,USD,20260703_081139
2026-07-02 10:52:00-04:00,306.1488037109375,306.2799987792969,305.8999938964844,305.8999938964844,176020,AAPL,Apple,Nasdaq,USD,20260703_081139
2026-07-02 10:53:00-04:00,306.489990234375,306.5,306.04998779296875,306.135009765625,137390,AAPL,Apple,Nasdaq,USD,20260703_081139
2026-07-02 10:54:00-04:00,306.30999755859375,306.4700012207031,306.1600036621094,306.4700012207031,144751,AAPL,Apple,Nasdaq,USD,20260703_081139
2026-07-02 10:55:00-04:00,306.3949890136719,306.5199890136719,306.30999755859375,306.30999755859375,130436,AAPL,Apple,Nasdaq,USD,20260703_081139
2026-07-02 10:56:00-04:00,306.6400146484375,306.69000244140625,306.3100891113281,306.4200134277344,152744,AAPL,Apple,Nasdaq,USD,20260703_081139
2026-07-02 10:57:00-04:00,306.75,306.8900146484375,306.4700012207031,306.6300048828125,150480,AAPL,Apple,Nasdaq,USD,20260703_081139
2026-07-02 10:58:00-04:00,306.75,307.0400085449219,306.7300109863281,306.7699890136719,324713,AAPL,Apple,Nasdaq,USD,20260703_081139
2026-07-02 10:59:00-04:00,306.87799072265625,306.8999938964844,306.54998779296875,306.7900085449219,208476,AAPL,Apple,Nasdaq,USD,20260703_081139
2026-07-02 11:00:00-04:00,307.4750061035156,307.5299987792969,306.7879943847656,306.8999938964844,277220,AAPL,Apple,Nasdaq,USD,20260703_081139
2026-07-02 11:01:00-04:00,307.6700134277344,307.760009765625,307.1099853515625,307.45001220703125,196838,AAPL,Apple,Nasdaq,USD,20260703_081139
2026-07-02 11:02:00-04:00,307.53948974609375,307.82000732421875,307.3293151855469,307.6499938964844,199075,AAPL,Apple,Nasdaq,USD,20260703_081139
2026-07-02 11:03:00-04:00,307.0893859863281,307.6199951171875,307.05499267578125,307.5400085449219,152923,AAPL,Apple,Nasdaq,USD,20260703_081139
2026-07-02 11:04:00-04:00,306.635009765625,307.239990234375,306.5899963378906,307.1000061035156,193961,AAPL,Apple,Nasdaq,USD,20260703_081139
2026-07-02 11:05:00-04:00,306.17999267578125,306.8900146484375,306.15301513671875,306.6300964355469,217717,AAPL,Apple,Nasdaq,USD,20260703_081139
2026-07-02 11:06:00-04:00,306.114990234375,306.30999755859375,305.8599853515625,306.1700134277344,202733,AAPL,Apple,Nasdaq,USD,20260703_081139
2026-07-02 11:07:00-04:00,305.7699890136719,306.1300048828125,305.4100036621094,306.1199951171875,273000,AAPL,Apple,Nasdaq,USD,20260703_081139
2026-07-02 11:08:00-04:00,306.2900085449219,306.4549865722656,305.68499755859375,305.739990234375,206110,AAPL,Apple,Nasdaq,USD,20260703_081139
2026-07-02 11:09:00-04:00,306.8999938964844,306.8999938964844,306.2261962890625,306.2850036621094,226462,AAPL,Apple,Nasdaq,USD,20260703_081139
2026-07-02 11:10:00-04:00,306.6400146484375,306.9800109863281,306.3949890136719,306.9200134277344,248889,AAPL,Apple,Nasdaq,USD,20260703_081139
2026-07-02 11:11:00-04:00,306.79998779296875,306.79998779296875,306.3500061035156,306.6400146484375,181782,AAPL,Apple,Nasdaq,USD,20260703_081139
2026-07-02 11:12:00-04:00,307.0899963378906,307.0899963378906,306.67999267578125,306.7799987792969,134583,AAPL,Apple,Nasdaq,USD,20260703_081139
2026-07-02 11:13:00-04:00,307.410400390625,307.6000061035156,306.8699951171875,307.06500244140625,204067,AAPL,Apple,Nasdaq,USD,20260703_081139
2026-07-02 11:14:00-04:00,307.41448974609375,307.7900085449219,307.3555908203125,307.4200134277344,202259,AAPL,Apple,Nasdaq,USD,20260703_081139
2026-07-02 11:15:00-04:00,306.92999267578125,307.44000244140625,306.92999267578125,307.44000244140625,185092,AAPL,Apple,Nasdaq,USD,20260703_081139
2026-07-02 11:16:00-04:00,306.3500061035156,307.0050048828125,306.2633972167969,306.94500732421875,98878,AAPL,Apple,Nasdaq,USD,20260703_081139
2026-07-02 11:17:00-04:00,306.8999938964844,306.8999938964844,306.0700988769531,306.3500061035156,177215,AAPL,Apple,Nasdaq,USD,20260703_081139
2026-07-02 11:18:00-04:00,307.19000244140625,307.3500061035156,306.80999755859375,306.8999938964844,184951,AAPL,Apple,Nasdaq,USD,20260703_081139
2026-07-02 11:19:00-04:00,307.0400085449219,307.239990234375,306.7950134277344,307.2099914550781,118786,AAPL,Apple,Nasdaq,USD,20260703_081139
2026-07-02 11:20:00-04:00,306.9599914550781,307.1499938964844,306.67999267578125,307.0849914550781,157607,AAPL,Apple,Nasdaq,USD,20260703_081139
2026-07-02 11:21:00-04:00,306.9649963378906,307.04998779296875,306.760009765625,306.9849853515625,157326,AAPL,Apple,Nasdaq,USD,20260703_081139
2026-07-02 11:22:00-04:00,306.92498779296875,307.010009765625,306.8299865722656,306.9599914550781,104098,AAPL,Apple,Nasdaq,USD,20260703_081139
2026-07-02 11:23:00-04:00,307.05999755859375,307.1099853515625,306.7349853515625,306.9100036621094,113328,AAPL,Apple,Nasdaq,USD,20260703_081139
2026-07-02 11:24:00-04:00,307.2550048828125,307.30999755859375,307.04998779296875,307.05999755859375,126431,AAPL,Apple,Nasdaq,USD,20260703_081139
2026-07-02 11:25:00-04:00,306.739990234375,307.2900085449219,306.6199951171875,307.2850036621094,151699,AAPL,Apple,Nasdaq,USD,20260703_081139
2026-07-02 11:26:00-04:00,306.2699890136719,306.79998779296875,306.20001220703125,306.7449951171875,143686,AAPL,Apple,Nasdaq,USD,20260703_081139
2026-07-02 11:27:00-04:00,305.6499938964844,306.4200134277344,305.6099853515625,306.2701110839844,160680,AAPL,Apple,Nasdaq,USD,20260703_081139
2026-07-02 11:28:00-04:00,305.6650085449219,305.7099914550781,305.3800048828125,305.6600036621094,154198,AAPL,Apple,Nasdaq,USD,20260703_081139
2026-07-02 11:29:00-04:00,305.4150085449219,305.75,305.2799987792969,305.69000244140625,165441,AAPL,Apple,Nasdaq,USD,20260703_081139
2026-07-02 11:30:00-04:00,305.8399963378906,305.9800109863281,305.4200134277344,305.4200134277344,114442,AAPL,Apple,Nasdaq,USD,20260703_081139
2026-07-02 11:31:00-04:00,306.3550109863281,306.5,305.8299865722656,305.84368896484375,148648,AAPL,Apple,Nasdaq,USD,20260703_081139
2026-07-02 11:32:00-04:00,306.6099853515625,306.67999267578125,306.3399963378906,306.3599853515625,97890,AAPL,Apple,Nasdaq,USD,20260703_081139
2026-07-02 11:33:00-04:00,306.619384765625,306.7900085449219,306.5199890136719,306.625,88709,AAPL,Apple,Nasdaq,USD,20260703_081139
2026-07-02 11:34:00-04:00,306.2349853515625,306.6499938964844,306.0400085449219,306.5950012207031,121979,AAPL,Apple,Nasdaq,USD,20260703_081139
2026-07-02 11:35:00-04:00,306.2699890136719,306.44989013671875,306.18011474609375,306.2699890136719,92920,AAPL,Apple,Nasdaq,USD,20260703_081139
2026-07-02 11:36:00-04:00,306.3351135253906,306.44000244140625,306.1199951171875,306.25,105923,AAPL,Apple,Nasdaq,USD,20260703_081139
2026-07-02 11:37:00-04:00,306.82000732421875,306.8299865722656,306.28009033203125,306.3349914550781,137812,AAPL,Apple,Nasdaq,USD,20260703_081139
2026-07-02 11:38:00-04:00,306.6400146484375,306.8999938964844,306.29010009765625,306.7900085449219,140797,AAPL,Apple,Nasdaq,USD,20260703_081139
2026-07-02 11:39:00-04:00,306.5299987792969,306.760009765625,306.4601135253906,306.6400146484375,99018,AAPL,Apple,Nasdaq,USD,20260703_081139
2026-07-02 11:40:00-04:00,306.29840087890625,306.6000061035156,306.1499938964844,306.54998779296875,85303,AAPL,Apple,Nasdaq,USD,20260703_081139
2026-07-02 11:41:00-04:00,306.4150085449219,306.5299987792969,306.239990234375,306.29998779296875,102798,AAPL,Apple,Nasdaq,USD,20260703_081139
2026-07-02 11:42:00-04:00,306.2449951171875,306.4599914550781,306.0450134277344,306.4150085449219,117275,AAPL,Apple,Nasdaq,USD,20260703_081139
2026-07-02 11:43:00-04:00,305.8299865722656,306.2449951171875,305.8299865722656,306.2300109863281,80932,AAPL,Apple,Nasdaq,USD,20260703_081139
2026-07-02 11:44:00-04:00,305.67498779296875,305.9599914550781,305.6499938964844,305.8450012207031,85521,AAPL,Apple,Nasdaq,USD,20260703_081139
2026-07-02 11:45:00-04:00,305.875,305.9599914550781,305.70001220703125,305.7300109863281,68149,AAPL,Apple,Nasdaq,USD,20260703_081139
2026-07-02 11:46:00-04:00,305.5159912109375,305.89990234375,305.4700012207031,305.8800048828125,80077,AAPL,Apple,Nasdaq,USD,20260703_081139
2026-07-02 11:47:00-04:00,305.7300109863281,305.7699890136719,305.3299865722656,305.5299987792969,121006,AAPL,Apple,Nasdaq,USD,20260703_081139
2026-07-02 11:48:00-04:00,305.8450012207031,306.1199951171875,305.6099853515625,305.7099914550781,87171,AAPL,Apple,Nasdaq,USD,20260703_081139
2026-07-02 11:49:00-04:00,305.80999755859375,305.92999267578125,305.6050109863281,305.8599853515625,73257,AAPL,Apple,Nasdaq,USD,20260703_081139
2026-07-02 11:50:00-04:00,305.42999267578125,305.7749938964844,305.3450012207031,305.7200927734375,86906,AAPL,Apple,Nasdaq,USD,20260703_081139
2026-07-02 11:51:00-04:00,305.5249938964844,305.6600036621094,305.2799987792969,305.4200134277344,97811,AAPL,Apple,Nasdaq,USD,20260703_081139
2026-07-02 11:52:00-04:00,305.7099914550781,305.739990234375,305.43499755859375,305.5400085449219,75418,AAPL,Apple,Nasdaq,USD,20260703_081139
2026-07-02 11:53:00-04:00,305.8699951171875,305.9750061035156,305.67999267578125,305.739990234375,83039,AAPL,Apple,Nasdaq,USD,20260703_081139
2026-07-02 11:54:00-04:00,305.95001220703125,306.0899963378906,305.8599853515625,305.875,69254,AAPL,Apple,Nasdaq,USD,20260703_081139
2026-07-02 11:55:00-04:00,305.739990234375,306.04998779296875,305.6400146484375,305.9501037597656,77235,AAPL,Apple,Nasdaq,USD,20260703_081139
2026-07-02 11:56:00-04:00,305.7699890136719,305.79998779296875,305.5150146484375,305.7200012207031,97561,AAPL,Apple,Nasdaq,USD,20260703_081139
2026-07-02 11:57:00-04:00,305.68499755859375,305.94000244140625,305.67401123046875,305.7900085449219,66547,AAPL,Apple,Nasdaq,USD,20260703_081139
2026-07-02 11:58:00-04:00,305.9750061035156,305.9750061035156,305.6199951171875,305.68499755859375,111155,AAPL,Apple,Nasdaq,USD,20260703_081139
2026-07-02 11:59:00-04:00,305.625,306.0,305.5899963378906,305.9649963378906,110523,AAPL,Apple,Nasdaq,USD,20260703_081139
2026-07-02 12:00:00-04:00,305.94000244140625,305.989990234375,305.6105041503906,305.6400146484375,90615,AAPL,Apple,Nasdaq,USD,20260703_081139
2026-07-02 12:01:00-04:00,306.2799987792969,306.364990234375,305.8999938964844,305.9649963378906,160024,AAPL,Apple,Nasdaq,USD,20260703_081139
2026-07-02 12:02:00-04:00,306.2650146484375,306.29998779296875,306.1099853515625,306.2900085449219,106660,AAPL,Apple,Nasdaq,USD,20260703_081139
2026-07-02 12:03:00-04:00,306.55999755859375,306.5780029296875,306.0899963378906,306.2898864746094,143493,AAPL,Apple,Nasdaq,USD,20260703_081139
2026-07-02 12:04:00-04:00,306.69500732421875,306.7101135253906,306.4324035644531,306.5400085449219,79645,AAPL,Apple,Nasdaq,USD,20260703_081139
2026-07-02 12:05:00-04:00,306.6849060058594,306.8551025390625,306.6200866699219,306.70989990234375,123749,AAPL,Apple,Nasdaq,USD,20260703_081139
2026-07-02 12:06:00-04:00,306.7300109863281,306.79998779296875,306.6000061035156,306.69500732421875,80544,AAPL,Apple,Nasdaq,USD,20260703_081139
2026-07-02 12:07:00-04:00,306.7049865722656,306.94989013671875,306.6499938964844,306.7349853515625,137760,AAPL,Apple,Nasdaq,USD,20260703_081139
2026-07-02 12:08:00-04:00,306.7250061035156,306.75,306.4800109863281,306.6925048828125,87188,AAPL,Apple,Nasdaq,USD,20260703_081139
2026-07-02 12:09:00-04:00,306.6400146484375,306.885009765625,306.4599914550781,306.7250061035156,87383,AAPL,Apple,Nasdaq,USD,20260703_081139
2026-07-02 12:10:00-04:00,306.8299865722656,306.8699035644531,306.55499267578125,306.6199951171875,83033,AAPL,Apple,Nasdaq,USD,20260703_081139
2026-07-02 12:11:00-04:00,306.8299865722656,307.0398864746094,306.79998779296875,306.8598937988281,167662,AAPL,Apple,Nasdaq,USD,20260703_081139
2026-07-02 12:12:00-04:00,306.7799072265625,306.8299865722656,306.54998779296875,306.8299865722656,67216,AAPL,Apple,Nasdaq,USD,20260703_081139
2026-07-02 12:13:00-04:00,306.75,307.0199890136719,306.6600036621094,306.7850036621094,117582,AAPL,Apple,Nasdaq,USD,20260703_081139
2026-07-02 12:14:00-04:00,307.0544128417969,307.0849914550781,306.5799865722656,306.7598876953125,112314,AAPL,Apple,Nasdaq,USD,20260703_081139
2026-07-02 12:15:00-04:00,307.6099853515625,307.82000732421875,306.95001220703125,307.0450134277344,357616,AAPL,Apple,Nasdaq,USD,20260703_081139
2026-07-02 12:16:00-04:00,307.7799987792969,307.8900146484375,307.5675048828125,307.5799865722656,303788,AAPL,Apple,Nasdaq,USD,20260703_081139
2026-07-02 12:17:00-04:00,307.3800048828125,307.8800048828125,307.19000244140625,307.7799987792969,318484,AAPL,Apple,Nasdaq,USD,20260703_081139
2026-07-02 12:18:00-04:00,307.80499267578125,307.8450012207031,307.1600036621094,307.385009765625,139149,AAPL,Apple,Nasdaq,USD,20260703_081139
2026-07-02 12:19:00-04:00,307.7301025390625,307.9200134277344,307.70001220703125,307.79998779296875,177406,AAPL,Apple,Nasdaq,USD,20260703_081139
2026-07-02 12:20:00-04:00,307.5299987792969,307.7799987792969,307.4200134277344,307.739990234375,135853,AAPL,Apple,Nasdaq,USD,20260703_081139
2026-07-02 12:21:00-04:00,307.3999938964844,307.69000244140625,307.3900146484375,307.4800109863281,90369,AAPL,Apple,Nasdaq,USD,20260703_081139
2026-07-02 12:22:00-04:00,307.5600891113281,307.70001220703125,307.3550109863281,307.4049987792969,105253,AAPL,Apple,Nasdaq,USD,20260703_081139
2026-07-02 12:23:00-04:00,307.69000244140625,307.7398986816406,307.4700012207031,307.6000061035156,104286,AAPL,Apple,Nasdaq,USD,20260703_081139
2026-07-02 12:24:00-04:00,307.79998779296875,307.9100036621094,307.6000061035156,307.68499755859375,136942,AAPL,Apple,Nasdaq,USD,20260703_081139
2026-07-02 12:25:00-04:00,308.4201965332031,308.45001220703125,307.80999755859375,307.80999755859375,253254,AAPL,Apple,Nasdaq,USD,20260703_081139
2026-07-02 12:26:00-04:00,308.0400085449219,308.44989013671875,308.0,308.42498779296875,168446,AAPL,Apple,Nasdaq,USD,20260703_081139
2026-07-02 12:27:00-04:00,307.9700012207031,308.093505859375,307.69000244140625,308.0400085449219,115816,AAPL,Apple,Nasdaq,USD,20260703_081139
2026-07-02 12:28:00-04:00,308.1453857421875,308.17999267578125,307.768310546875,307.9700012207031,105120,AAPL,Apple,Nasdaq,USD,20260703_081139
2026-07-02 12:29:00-04:00,308.0899963378906,308.1700134277344,307.9800109863281,308.135009765625,118920,AAPL,Apple,Nasdaq,USD,20260703_081139
2026-07-02 12:30:00-04:00,308.2250061035156,308.2799072265625,308.0350036621094,308.0899963378906,120956,AAPL,Apple,Nasdaq,USD,20260703_081139
2026-07-02 12:31:00-04:00,308.010009765625,308.2799987792969,307.760009765625,308.239990234375,117082,AAPL,Apple,Nasdaq,USD,20260703_081139
2026-07-02 12:32:00-04:00,307.9200134277344,308.0398864746094,307.739990234375,308.0199890136719,74004,AAPL,Apple,Nasdaq,USD,20260703_081139
2026-07-02 12:33:00-04:00,308.3599853515625,308.4800109863281,307.90179443359375,307.90179443359375,152175,AAPL,Apple,Nasdaq,USD,20260703_081139
2026-07-02 12:34:00-04:00,308.45001220703125,308.4599914550781,308.17999267578125,308.3500061035156,96875,AAPL,Apple,Nasdaq,USD,20260703_081139
2026-07-02 12:35:00-04:00,308.2749938964844,308.4200134277344,308.2200012207031,308.4200134277344,97549,AAPL,Apple,Nasdaq,USD,20260703_081139
2026-07-02 12:36:00-04:00,308.3799133300781,308.4100036621094,308.19000244140625,308.2749938964844,113403,AAPL,Apple,Nasdaq,USD,20260703_081139
2026-07-02 12:37:00-04:00,308.3399963378906,308.42999267578125,308.17999267578125,308.364990234375,126061,AAPL,Apple,Nasdaq,USD,20260703_081139
2026-07-02 12:38:00-04:00,308.21990966796875,308.3999938964844,308.06500244140625,308.3349914550781,164933,AAPL,Apple,Nasdaq,USD,20260703_081139
2026-07-02 12:39:00-04:00,308.1099853515625,308.2799987792969,307.9200134277344,308.2049865722656,159675,AAPL,Apple,Nasdaq,USD,20260703_081139
2026-07-02 12:40:00-04:00,307.7701110839844,308.1700134277344,307.75,308.1300048828125,136158,AAPL,Apple,Nasdaq,USD,20260703_081139
2026-07-02 12:41:00-04:00,307.4750061035156,307.8999938964844,307.3500061035156,307.75,168332,AAPL,Apple,Nasdaq,USD,20260703_081139
2026-07-02 12:42:00-04:00,307.4200134277344,307.5950012207031,307.2099914550781,307.4750061035156,167896,AAPL,Apple,Nasdaq,USD,20260703_081139
2026-07-02 12:43:00-04:00,307.2550048828125,307.44000244140625,307.04998779296875,307.3900146484375,80495,AAPL,Apple,Nasdaq,USD,20260703_081139
2026-07-02 12:44:00-04:00,307.45001220703125,307.55999755859375,307.2699890136719,307.2699890136719,78516,AAPL,Apple,Nasdaq,USD,20260703_081139
2026-07-02 12:45:00-04:00,307.260009765625,307.4549865722656,307.1152038574219,307.4501037597656,63701,AAPL,Apple,Nasdaq,USD,20260703_081139
2026-07-02 12:46:00-04:00,306.989990234375,307.3399963378906,306.92999267578125,307.25,102554,AAPL,Apple,Nasdaq,USD,20260703_081139
2026-07-02 12:47:00-04:00,307.625,307.6600036621094,306.6700134277344,306.989990234375,139199,AAPL,Apple,Nasdaq,USD,20260703_081139
2026-07-02 12:48:00-04:00,307.55499267578125,307.8699951171875,307.3599853515625,307.625,110817,AAPL,Apple,Nasdaq,USD,20260703_081139
2026-07-02 12:49:00-04:00,307.7799987792969,307.8299865722656,307.55999755859375,307.57000732421875,114235,AAPL,Apple,Nasdaq,USD,20260703_081139
2026-07-02 12:50:00-04:00,307.635009765625,307.8800048828125,307.5,307.80999755859375,150968,AAPL,Apple,Nasdaq,USD,20260703_081139
2026-07-02 12:51:00-04:00,307.7250061035156,307.96990966796875,307.6000061035156,307.6300048828125,149730,AAPL,Apple,Nasdaq,USD,20260703_081139
2026-07-02 12:52:00-04:00,308.2900085449219,308.29998779296875,307.7099914550781,307.7250061035156,119461,AAPL,Apple,Nasdaq,USD,20260703_081139
2026-07-02 12:53:00-04:00,308.2200012207031,308.36248779296875,308.085205078125,308.2900085449219,101305,AAPL,Apple,Nasdaq,USD,20260703_081139
2026-07-02 12:54:00-04:00,308.2650146484375,308.447998046875,308.2200012207031,308.2200012207031,130564,AAPL,Apple,Nasdaq,USD,20260703_081139
2026-07-02 12:55:00-04:00,308.3949890136719,308.5299072265625,308.2300109863281,308.260009765625,128115,AAPL,Apple,Nasdaq,USD,20260703_081139
2026-07-02 12:56:00-04:00,308.2799987792969,308.4800109863281,308.260009765625,308.3999938964844,93644,AAPL,Apple,Nasdaq,USD,20260703_081139
2026-07-02 12:57:00-04:00,308.260009765625,308.5150146484375,308.1400146484375,308.2950134277344,146555,AAPL,Apple,Nasdaq,USD,20260703_081139
2026-07-02 12:58:00-04:00,308.3598937988281,308.3800048828125,307.9599914550781,308.2650146484375,107150,AAPL,Apple,Nasdaq,USD,20260703_081139
2026-07-02 12:59:00-04:00,308.30999755859375,308.3949890136719,308.06500244140625,308.32000732421875,102511,AAPL,Apple,Nasdaq,USD,20260703_081139
2026-07-02 13:00:00-04:00,307.9649963378906,308.45001220703125,307.5899963378906,308.29998779296875,287919,AAPL,Apple,Nasdaq,USD,20260703_081139
2026-07-02 13:01:00-04:00,307.82989501953125,307.9750061035156,307.70001220703125,307.94000244140625,142607,AAPL,Apple,Nasdaq,USD,20260703_081139
2026-07-02 13:02:00-04:00,307.7301025390625,307.9599914550781,307.67010498046875,307.81500244140625,96128,AAPL,Apple,Nasdaq,USD,20260703_081139
2026-07-02 13:03:00-04:00,307.5400085449219,307.760009765625,307.4200134277344,307.739990234375,120424,AAPL,Apple,Nasdaq,USD,20260703_081139
2026-07-02 13:04:00-04:00,307.3699951171875,307.6199951171875,307.2049865722656,307.5299987792969,127124,AAPL,Apple,Nasdaq,USD,20260703_081139
2026-07-02 13:05:00-04:00,307.1499938964844,307.4700012207031,307.0899963378906,307.3500061035156,103794,AAPL,Apple,Nasdaq,USD,20260703_081139
2026-07-02 13:06:00-04:00,307.5299072265625,307.53759765625,307.1000061035156,307.1449890136719,60452,AAPL,Apple,Nasdaq,USD,20260703_081139
2026-07-02 13:07:00-04:00,307.8299865722656,307.9100036621094,307.2699890136719,307.54998779296875,75227,AAPL,Apple,Nasdaq,USD,20260703_081139
2026-07-02 13:08:00-04:00,307.9432067871094,308.0899963378906,307.7850036621094,307.8299865722656,99792,AAPL,Apple,Nasdaq,USD,20260703_081139
2026-07-02 13:09:00-04:00,308.2799987792969,308.30999755859375,307.9599914550781,307.9700012207031,80525,AAPL,Apple,Nasdaq,USD,20260703_081139
2026-07-02 13:10:00-04:00,307.92999267578125,308.32000732421875,307.8900146484375,308.29998779296875,156906,AAPL,Apple,Nasdaq,USD,20260703_081139
2026-07-02 13:11:00-04:00,308.18499755859375,308.29998779296875,307.8699951171875,307.9700012207031,149400,AAPL,Apple,Nasdaq,USD,20260703_081139
2026-07-02 13:12:00-04:00,308.0397033691406,308.19000244140625,307.8699951171875,308.1499938964844,106606,AAPL,Apple,Nasdaq,USD,20260703_081139
2026-07-02 13:13:00-04:00,307.989990234375,308.0299987792969,307.8699951171875,308.0150146484375,70969,AAPL,Apple,Nasdaq,USD,20260703_081139
2026-07-02 13:14:00-04:00,308.2099914550781,308.2099914550781,307.8800964355469,307.9800109863281,87134,AAPL,Apple,Nasdaq,USD,20260703_081139
2026-07-02 13:15:00-04:00,308.2799987792969,308.30999755859375,308.114990234375,308.2099914550781,141358,AAPL,Apple,Nasdaq,USD,20260703_081139
2026-07-02 13:16:00-04:00,308.1099853515625,308.31988525390625,308.0299987792969,308.2651062011719,122082,AAPL,Apple,Nasdaq,USD,20260703_081139
2026-07-02 13:17:00-04:00,307.8900146484375,308.1199951171875,307.8599853515625,308.1199951171875,102269,AAPL,Apple,Nasdaq,USD,20260703_081139
2026-07-02 13:18:00-04:00,308.0400085449219,308.1700134277344,307.82000732421875,307.9100036621094,96451,AAPL,Apple,Nasdaq,USD,20260703_081139
2026-07-02 13:19:00-04:00,307.75,308.0498962402344,307.6499938964844,308.0400085449219,123236,AAPL,Apple,Nasdaq,USD,20260703_081139
2026-07-02 13:20:00-04:00,307.75,307.9100036621094,307.6700134277344,307.7799987792969,85810,AAPL,Apple,Nasdaq,USD,20260703_081139
2026-07-02 13:21:00-04:00,307.7300109863281,307.92999267578125,307.6512145996094,307.760009765625,94126,AAPL,Apple,Nasdaq,USD,20260703_081139
2026-07-02 13:22:00-04:00,307.9100036621094,307.95001220703125,307.75,307.760009765625,80700,AAPL,Apple,Nasdaq,USD,20260703_081139
2026-07-02 13:23:00-04:00,307.9200134277344,307.9898986816406,307.80999755859375,307.8900146484375,63065,AAPL,Apple,Nasdaq,USD,20260703_081139
2026-07-02 13:24:00-04:00,307.8599853515625,307.9599914550781,307.7300109863281,307.92999267578125,64605,AAPL,Apple,Nasdaq,USD,20260703_081139
2026-07-02 13:25:00-04:00,307.7099914550781,307.8699951171875,307.70001220703125,307.8599853515625,56634,AAPL,Apple,Nasdaq,USD,20260703_081139
2026-07-02 13:26:00-04:00,307.2622985839844,307.7576904296875,307.260009765625,307.7099914550781,57120,AAPL,Apple,Nasdaq,USD,20260703_081139
2026-07-02 13:27:00-04:00,307.739990234375,307.7650146484375,307.260009765625,307.260009765625,68479,AAPL,Apple,Nasdaq,USD,20260703_081139
2026-07-02 13:28:00-04:00,307.8349914550781,307.8800048828125,307.760009765625,307.7799987792969,81235,AAPL,Apple,Nasdaq,USD,20260703_081139
2026-07-02 13:29:00-04:00,307.80499267578125,307.9100036621094,307.7099914550781,307.82000732421875,37903,AAPL,Apple,Nasdaq,USD,20260703_081139
2026-07-02 13:30:00-04:00,307.739990234375,307.8699951171875,307.67999267578125,307.80499267578125,68787,AAPL,Apple,Nasdaq,USD,20260703_081139
2026-07-02 13:31:00-04:00,307.93499755859375,308.07000732421875,307.739990234375,307.739990234375,95657,AAPL,Apple,Nasdaq,USD,20260703_081139
2026-07-02 13:32:00-04:00,307.96990966796875,308.04998779296875,307.840087890625,307.93499755859375,60393,AAPL,Apple,Nasdaq,USD,20260703_081139
2026-07-02 13:33:00-04:00,307.9800109863281,308.1000061035156,307.927001953125,307.95001220703125,82265,AAPL,Apple,Nasdaq,USD,20260703_081139
2026-07-02 13:34:00-04:00,307.5400085449219,308.06500244140625,307.4700012207031,307.9800109863281,128921,AAPL,Apple,Nasdaq,USD,20260703_081139
2026-07-02 13:35:00-04:00,307.4750061035156,307.875,307.4200134277344,307.5,97267,AAPL,Apple,Nasdaq,USD,20260703_081139
2026-07-02 13:36:00-04:00,307.7550048828125,307.8900146484375,307.43011474609375,307.4750061035156,80060,AAPL,Apple,Nasdaq,USD,20260703_081139
2026-07-02 13:37:00-04:00,307.6600036621094,307.8500061035156,307.54998779296875,307.7799987792969,87941,AAPL,Apple,Nasdaq,USD,20260703_081139
2026-07-02 13:38:00-04:00,307.9700012207031,307.9800109863281,307.6499938964844,307.6499938964844,81124,AAPL,Apple,Nasdaq,USD,20260703_081139
2026-07-02 13:39:00-04:00,307.8299865722656,308.0299987792969,307.7749938964844,307.9700012207031,90039,AAPL,Apple,Nasdaq,USD,20260703_081139
2026-07-02 13:40:00-04:00,307.8349914550781,307.8800048828125,307.6400146484375,307.8299865722656,115836,AAPL,Apple,Nasdaq,USD,20260703_081139
2026-07-02 13:41:00-04:00,308.0299987792969,308.0899963378906,307.7550048828125,307.8399963378906,71509,AAPL,Apple,Nasdaq,USD,20260703_081139
2026-07-02 13:42:00-04:00,307.92999267578125,308.05999755859375,307.8500061035156,308.0599060058594,70822,AAPL,Apple,Nasdaq,USD,20260703_081139
2026-07-02 13:43:00-04:00,308.0400085449219,308.04998779296875,307.79998779296875,307.94000244140625,95050,AAPL,Apple,Nasdaq,USD,20260703_081139
2026-07-02 13:44:00-04:00,308.17999267578125,308.17999267578125,307.875,308.0400085449219,80351,AAPL,Apple,Nasdaq,USD,20260703_081139
2026-07-02 13:45:00-04:00,308.2300109863281,308.29998779296875,308.0199890136719,308.1700134277344,137567,AAPL,Apple,Nasdaq,USD,20260703_081139
2026-07-02 13:46:00-04:00,308.0249938964844,308.2900085449219,308.0,308.2900085449219,115918,AAPL,Apple,Nasdaq,USD,20260703_081139
2026-07-02 13:47:00-04:00,307.67999267578125,308.0899963378906,307.6400146484375,308.0400085449219,101054,AAPL,Apple,Nasdaq,USD,20260703_081139
2026-07-02 13:48:00-04:00,308.0599060058594,308.0888977050781,307.4800109863281,307.67498779296875,102011,AAPL,Apple,Nasdaq,USD,20260703_081139
2026-07-02 13:49:00-04:00,307.9800109863281,308.17999267578125,307.739990234375,308.0367126464844,178011,AAPL,Apple,Nasdaq,USD,20260703_081139
2026-07-02 13:50:00-04:00,307.90289306640625,308.04071044921875,307.7900085449219,307.9800109863281,260684,AAPL,Apple,Nasdaq,USD,20260703_081139
2026-07-02 13:51:00-04:00,308.0,308.1000061035156,307.8949890136719,307.95001220703125,82459,AAPL,Apple,Nasdaq,USD,20260703_081139
2026-07-02 13:52:00-04:00,307.7900085449219,308.0299987792969,307.7200012207031,308.0,97424,AAPL,Apple,Nasdaq,USD,20260703_081139
2026-07-02 13:53:00-04:00,307.7300109863281,307.9739990234375,307.7250061035156,307.7900085449219,71262,AAPL,Apple,Nasdaq,USD,20260703_081139
2026-07-02 13:54:00-04:00,307.79998779296875,307.889892578125,307.67999267578125,307.7250061035156,55474,AAPL,Apple,Nasdaq,USD,20260703_081139
2026-07-02 13:55:00-04:00,307.4599914550781,307.82000732421875,307.38018798828125,307.7200012207031,75990,AAPL,Apple,Nasdaq,USD,20260703_081139
2026-07-02 13:56:00-04:00,307.489990234375,307.5050048828125,307.3599853515625,307.40008544921875,50944,AAPL,Apple,Nasdaq,USD,20260703_081139
2026-07-02 13:57:00-04:00,307.3999938964844,307.5899963378906,307.2699890136719,307.4599914550781,98036,AAPL,Apple,Nasdaq,USD,20260703_081139
2026-07-02 13:58:00-04:00,307.31500244140625,307.5199890136719,307.260009765625,307.3999938964844,55827,AAPL,Apple,Nasdaq,USD,20260703_081139
2026-07-02 13:59:00-04:00,307.32000732421875,307.3399963378906,307.10009765625,307.31500244140625,94000,AAPL,Apple,Nasdaq,USD,20260703_081139
2026-07-02 14:00:00-04:00,307.62188720703125,307.75,307.1449890136719,307.3500061035156,137314,AAPL,Apple,Nasdaq,USD,20260703_081139
2026-07-02 14:01:00-04:00,307.5849914550781,307.6400146484375,307.4599914550781,307.6400146484375,97881,AAPL,Apple,Nasdaq,USD,20260703_081139
2026-07-02 14:02:00-04:00,307.2699890136719,307.6549987792969,307.2650146484375,307.5899963378906,137455,AAPL,Apple,Nasdaq,USD,20260703_081139
2026-07-02 14:03:00-04:00,307.3699951171875,307.3699951171875,307.1600036621094,307.2650146484375,71674,AAPL,Apple,Nasdaq,USD,20260703_081139
2026-07-02 14:04:00-04:00,307.6449890136719,307.7998962402344,307.3999938964844,307.3999938964844,73854,AAPL,Apple,Nasdaq,USD,20260703_081139
2026-07-02 14:05:00-04:00,307.6050109863281,307.7699890136719,307.5364990234375,307.6449890136719,91012,AAPL,Apple,Nasdaq,USD,20260703_081139
2026-07-02 14:06:00-04:00,307.6474914550781,307.79998779296875,307.56500244140625,307.6050109863281,105806,AAPL,Apple,Nasdaq,USD,20260703_081139
2026-07-02 14:07:00-04:00,307.3900146484375,307.7300109863281,307.3550109863281,307.56500244140625,68060,AAPL,Apple,Nasdaq,USD,20260703_081139
2026-07-02 14:08:00-04:00,307.7749938964844,307.7799987792969,307.2200012207031,307.3900146484375,78666,AAPL,Apple,Nasdaq,USD,20260703_081139
2026-07-02 14:09:00-04:00,307.510009765625,307.82000732421875,307.4400939941406,307.7749938964844,86444,AAPL,Apple,Nasdaq,USD,20260703_081139
2026-07-02 14:10:00-04:00,307.4949951171875,307.6600036621094,307.4700012207031,307.5050048828125,77700,AAPL,Apple,Nasdaq,USD,20260703_081139
2026-07-02 14:11:00-04:00,307.5799865722656,307.6700134277344,307.4949951171875,307.5,68510,AAPL,Apple,Nasdaq,USD,20260703_081139
2026-07-02 14:12:00-04:00,307.6199951171875,307.67498779296875,307.47259521484375,307.589599609375,69061,AAPL,Apple,Nasdaq,USD,20260703_081139
2026-07-02 14:13:00-04:00,307.6300048828125,307.7099914550781,307.55999755859375,307.6499938964844,103261,AAPL,Apple,Nasdaq,USD,20260703_081139
2026-07-02 14:14:00-04:00,307.6400146484375,307.6700134277344,307.5,307.6199951171875,70357,AAPL,Apple,Nasdaq,USD,20260703_081139
2026-07-02 14:15:00-04:00,307.67999267578125,307.75,307.5201110839844,307.65008544921875,75460,AAPL,Apple,Nasdaq,USD,20260703_081139
2026-07-02 14:16:00-04:00,307.6700134277344,307.79998779296875,307.489990234375,307.67999267578125,74147,AAPL,Apple,Nasdaq,USD,20260703_081139
2026-07-02 14:17:00-04:00,307.4649963378906,307.79998779296875,307.4100036621094,307.67999267578125,94858,AAPL,Apple,Nasdaq,USD,20260703_081139
2026-07-02 14:18:00-04:00,307.5199890136719,307.6199951171875,307.3399963378906,307.4649963378906,67083,AAPL,Apple,Nasdaq,USD,20260703_081139
2026-07-02 14:19:00-04:00,307.1004943847656,307.5249938964844,306.8200988769531,307.5198974609375,244359,AAPL,Apple,Nasdaq,USD,20260703_081139
2026-07-02 14:20:00-04:00,307.3900146484375,307.4700012207031,307.1000061035156,307.1099853515625,80475,AAPL,Apple,Nasdaq,USD,20260703_081139
2026-07-02 14:21:00-04:00,307.4100036621094,307.5899963378906,307.3900146484375,307.3999938964844,64316,AAPL,Apple,Nasdaq,USD,20260703_081139
2026-07-02 14:22:00-04:00,307.1400146484375,307.3949890136719,307.1199951171875,307.3949890136719,82683,AAPL,Apple,Nasdaq,USD,20260703_081139
2026-07-02 14:23:00-04:00,307.30999755859375,307.30999755859375,307.110107421875,307.1400146484375,71491,AAPL,Apple,Nasdaq,USD,20260703_081139
2026-07-02 14:24:00-04:00,307.25,307.4700012207031,307.25,307.3092956542969,76309,AAPL,Apple,Nasdaq,USD,20260703_081139
2026-07-02 14:25:00-04:00,307.2749938964844,307.3500061035156,307.1700134277344,307.2449951171875,90488,AAPL,Apple,Nasdaq,USD,20260703_081139
2026-07-02 14:26:00-04:00,307.3800048828125,307.42999267578125,307.114990234375,307.2749938964844,106135,AAPL,Apple,Nasdaq,USD,20260703_081139
2026-07-02 14:27:00-04:00,307.2699890136719,307.364990234375,307.1300048828125,307.364990234375,78694,AAPL,Apple,Nasdaq,USD,20260703_081139
2026-07-02 14:28:00-04:00,307.4700012207031,307.5,307.2749938964844,307.29998779296875,74644,AAPL,Apple,Nasdaq,USD,20260703_081139
2026-07-02 14:29:00-04:00,307.3299865722656,307.5299987792969,307.2959899902344,307.48480224609375,49270,AAPL,Apple,Nasdaq,USD,20260703_081139
2026-07-02 14:30:00-04:00,307.6300048828125,307.7699890136719,307.2699890136719,307.3399963378906,115548,AAPL,Apple,Nasdaq,USD,20260703_081139
2026-07-02 14:31:00-04:00,307.8800048828125,307.8999938964844,307.6000061035156,307.614990234375,104110,AAPL,Apple,Nasdaq,USD,20260703_081139
2026-07-02 14:32:00-04:00,307.6199951171875,307.89990234375,307.6199951171875,307.8800048828125,86494,AAPL,Apple,Nasdaq,USD,20260703_081139
2026-07-02 14:33:00-04:00,307.54998779296875,307.639892578125,307.38629150390625,307.6299133300781,57555,AAPL,Apple,Nasdaq,USD,20260703_081139
2026-07-02 14:34:00-04:00,307.53009033203125,307.6099853515625,307.4800109863281,307.54998779296875,86697,AAPL,Apple,Nasdaq,USD,20260703_081139
2026-07-02 14:35:00-04:00,307.4773864746094,307.6000061035156,307.3500061035156,307.54998779296875,70178,AAPL,Apple,Nasdaq,USD,20260703_081139
2026-07-02 14:36:00-04:00,307.57501220703125,307.7799987792969,307.4700012207031,307.4800109863281,68516,AAPL,Apple,Nasdaq,USD,20260703_081139
2026-07-02 14:37:00-04:00,307.6600036621094,307.67999267578125,307.55999755859375,307.5799865722656,42489,AAPL,Apple,Nasdaq,USD,20260703_081139
2026-07-02 14:38:00-04:00,307.4501037597656,307.6695861816406,307.44000244140625,307.6600036621094,53785,AAPL,Apple,Nasdaq,USD,20260703_081139
2026-07-02 14:39:00-04:00,307.3599853515625,307.4800109863281,307.32000732421875,307.42999267578125,55194,AAPL,Apple,Nasdaq,USD,20260703_081139
2026-07-02 14:40:00-04:00,307.239990234375,307.489990234375,307.1600036621094,307.32000732421875,566896,AAPL,Apple,Nasdaq,USD,20260703_081139
2026-07-02 14:41:00-04:00,307.1400146484375,307.3999938964844,307.1300048828125,307.2200012207031,60820,AAPL,Apple,Nasdaq,USD,20260703_081139
2026-07-02 14:42:00-04:00,307.3699951171875,307.489990234375,307.1400146484375,307.1499938964844,67334,AAPL,Apple,Nasdaq,USD,20260703_081139
2026-07-02 14:43:00-04:00,307.42999267578125,307.4898986816406,307.25,307.3900146484375,65168,AAPL,Apple,Nasdaq,USD,20260703_081139
2026-07-02 14:44:00-04:00,307.54998779296875,307.69000244140625,307.4100036621094,307.43499755859375,71755,AAPL,Apple,Nasdaq,USD,20260703_081139
2026-07-02 14:45:00-04:00,307.54998779296875,307.6499938964844,307.3641052246094,307.54998779296875,54175,AAPL,Apple,Nasdaq,USD,20260703_081139
2026-07-02 14:46:00-04:00,307.489990234375,307.55999755859375,307.3800048828125,307.54998779296875,48434,AAPL,Apple,Nasdaq,USD,20260703_081139
2026-07-02 14:47:00-04:00,307.489990234375,307.5299987792969,307.3504943847656,307.5,46397,AAPL,Apple,Nasdaq,USD,20260703_081139
2026-07-02 14:48:00-04:00,307.5150146484375,307.5299987792969,307.3900146484375,307.5,35971,AAPL,Apple,Nasdaq,USD,20260703_081139
2026-07-02 14:49:00-04:00,307.4200134277344,307.5400085449219,307.3500061035156,307.5299987792969,50323,AAPL,Apple,Nasdaq,USD,20260703_081139
2026-07-02 14:50:00-04:00,307.7550048828125,307.7900085449219,307.3900146484375,307.4200134277344,93358,AAPL,Apple,Nasdaq,USD,20260703_081139
2026-07-02 14:51:00-04:00,307.7401123046875,307.79998779296875,307.6300048828125,307.75,85328,AAPL,Apple,Nasdaq,USD,20260703_081139
2026-07-02 14:52:00-04:00,307.7099914550781,307.80999755859375,307.5799865722656,307.75,84716,AAPL,Apple,Nasdaq,USD,20260703_081139
2026-07-02 14:53:00-04:00,307.79998779296875,307.79998779296875,307.69000244140625,307.7099914550781,47708,AAPL,Apple,Nasdaq,USD,20260703_081139
2026-07-02 14:54:00-04:00,307.57000732421875,307.80999755859375,307.5199890136719,307.80999755859375,100157,AAPL,Apple,Nasdaq,USD,20260703_081139
2026-07-02 14:55:00-04:00,307.7900085449219,307.8299865722656,307.55999755859375,307.57000732421875,88257,AAPL,Apple,Nasdaq,USD,20260703_081139
2026-07-02 14:56:00-04:00,307.8399963378906,307.8999938964844,307.760009765625,307.7799987792969,86688,AAPL,Apple,Nasdaq,USD,20260703_081139
2026-07-02 14:57:00-04:00,307.864990234375,307.8800048828125,307.5799865722656,307.8399963378906,94397,AAPL,Apple,Nasdaq,USD,20260703_081139
2026-07-02 14:58:00-04:00,307.81500244140625,308.1000061035156,307.75,307.864990234375,124210,AAPL,Apple,Nasdaq,USD,20260703_081139
2026-07-02 14:59:00-04:00,307.6449890136719,307.92498779296875,307.6199951171875,307.80999755859375,78336,AAPL,Apple,Nasdaq,USD,20260703_081139
2026-07-02 15:00:00-04:00,307.9501037597656,308.17999267578125,307.6000061035156,307.6449890136719,91369,AAPL,Apple,Nasdaq,USD,20260703_081139
2026-07-02 15:01:00-04:00,307.94000244140625,308.0899963378906,307.79998779296875,307.9580993652344,99263,AAPL,Apple,Nasdaq,USD,20260703_081139
2026-07-02 15:02:00-04:00,307.8349914550781,307.9849853515625,307.7699890136719,307.93499755859375,76490,AAPL,Apple,Nasdaq,USD,20260703_081139
2026-07-02 15:03:00-04:00,307.94000244140625,307.9599914550781,307.8299865722656,307.8349914550781,68184,AAPL,Apple,Nasdaq,USD,20260703_081139
2026-07-02 15:04:00-04:00,307.42999267578125,307.9599914550781,307.3800048828125,307.94000244140625,119712,AAPL,Apple,Nasdaq,USD,20260703_081139
2026-07-02 15:05:00-04:00,307.739990234375,307.739990234375,307.44000244140625,307.44000244140625,69905,AAPL,Apple,Nasdaq,USD,20260703_081139
2026-07-02 15:06:00-04:00,307.92498779296875,308.04998779296875,307.7300109863281,307.739990234375,114076,AAPL,Apple,Nasdaq,USD,20260703_081139
2026-07-02 15:07:00-04:00,308.19000244140625,308.2099914550781,307.9200134277344,307.95001220703125,112855,AAPL,Apple,Nasdaq,USD,20260703_081139
2026-07-02 15:08:00-04:00,308.1400146484375,308.2099914550781,308.07000732421875,308.19000244140625,78574,AAPL,Apple,Nasdaq,USD,20260703_081139
2026-07-02 15:09:00-04:00,308.0899963378906,308.2300109863281,308.07000732421875,308.1199951171875,90932,AAPL,Apple,Nasdaq,USD,20260703_081139
2026-07-02 15:10:00-04:00,308.2799987792969,308.2900085449219,308.0400085449219,308.0799865722656,104716,AAPL,Apple,Nasdaq,USD,20260703_081139
2026-07-02 15:11:00-04:00,308.1300048828125,308.30999755859375,308.1199951171875,308.2850036621094,89287,AAPL,Apple,Nasdaq,USD,20260703_081139
2026-07-02 15:12:00-04:00,307.9200134277344,308.177490234375,307.8699951171875,308.1200866699219,69809,AAPL,Apple,Nasdaq,USD,20260703_081139
2026-07-02 15:13:00-04:00,307.79998779296875,308.0201110839844,307.79998779296875,307.9200134277344,73382,AAPL,Apple,Nasdaq,USD,20260703_081139
2026-07-02 15:14:00-04:00,307.7900085449219,307.8800048828125,307.6499938964844,307.8099060058594,73672,AAPL,Apple,Nasdaq,USD,20260703_081139
2026-07-02 15:15:00-04:00,307.510009765625,307.7799987792969,307.45001220703125,307.7799987792969,83812,AAPL,Apple,Nasdaq,USD,20260703_081139
2026-07-02 15:16:00-04:00,307.7799987792969,307.8399963378906,307.510009765625,307.510009765625,101204,AAPL,Apple,Nasdaq,USD,20260703_081139
2026-07-02 15:17:00-04:00,307.8999938964844,307.9700012207031,307.7629089355469,307.7650146484375,84409,AAPL,Apple,Nasdaq,USD,20260703_081139
2026-07-02 15:18:00-04:00,307.8299865722656,307.95001220703125,307.7699890136719,307.8999938964844,84826,AAPL,Apple,Nasdaq,USD,20260703_081139
2026-07-02 15:19:00-04:00,307.92999267578125,308.04998779296875,307.82000732421875,307.8299865722656,99728,AAPL,Apple,Nasdaq,USD,20260703_081139
2026-07-02 15:20:00-04:00,307.8349914550781,307.9700012207031,307.77978515625,307.92999267578125,66403,AAPL,Apple,Nasdaq,USD,20260703_081139
2026-07-02 15:21:00-04:00,307.760009765625,307.8800048828125,307.67999267578125,307.8349914550781,90971,AAPL,Apple,Nasdaq,USD,20260703_081139
2026-07-02 15:22:00-04:00,307.625,307.7699890136719,307.5,307.7699890136719,110024,AAPL,Apple,Nasdaq,USD,20260703_081139
2026-07-02 15:23:00-04:00,307.5299987792969,307.6549987792969,307.4700012207031,307.625,127051,AAPL,Apple,Nasdaq,USD,20260703_081139
2026-07-02 15:24:00-04:00,307.625,307.6700134277344,307.5,307.5400085449219,91415,AAPL,Apple,Nasdaq,USD,20260703_081139
2026-07-02 15:25:00-04:00,307.590087890625,307.6400146484375,307.53009033203125,307.6300048828125,102101,AAPL,Apple,Nasdaq,USD,20260703_081139
2026-07-02 15:26:00-04:00,307.42498779296875,307.6099853515625,307.4100036621094,307.6098937988281,92383,AAPL,Apple,Nasdaq,USD,20260703_081139
2026-07-02 15:27:00-04:00,307.510009765625,307.510009765625,307.30010986328125,307.4216003417969,92672,AAPL,Apple,Nasdaq,USD,20260703_081139
2026-07-02 15:28:00-04:00,307.3599853515625,307.5450134277344,307.340087890625,307.510009765625,101577,AAPL,Apple,Nasdaq,USD,20260703_081139
2026-07-02 15:29:00-04:00,307.42498779296875,307.55999755859375,307.2601013183594,307.3599853515625,98779,AAPL,Apple,Nasdaq,USD,20260703_081139
2026-07-02 15:30:00-04:00,307.7300109863281,307.75,307.31500244140625,307.44000244140625,109261,AAPL,Apple,Nasdaq,USD,20260703_081139
2026-07-02 15:31:00-04:00,307.7900085449219,307.8299865722656,307.6700134277344,307.739990234375,144554,AAPL,Apple,Nasdaq,USD,20260703_081139
2026-07-02 15:32:00-04:00,307.9700012207031,307.9700012207031,307.7250061035156,307.7925109863281,124745,AAPL,Apple,Nasdaq,USD,20260703_081139
2026-07-02 15:33:00-04:00,308.07000732421875,308.1400146484375,307.9601135253906,307.9700012207031,130611,AAPL,Apple,Nasdaq,USD,20260703_081139
2026-07-02 15:34:00-04:00,308.0450134277344,308.1499938964844,308.010009765625,308.0899963378906,94593,AAPL,Apple,Nasdaq,USD,20260703_081139
2026-07-02 15:35:00-04:00,308.0899963378906,308.1449890136719,308.010009765625,308.04998779296875,118268,AAPL,Apple,Nasdaq,USD,20260703_081139
2026-07-02 15:36:00-04:00,308.20001220703125,308.20098876953125,307.9599914550781,308.0849914550781,157177,AAPL,Apple,Nasdaq,USD,20260703_081139
2026-07-02 15:37:00-04:00,308.3599853515625,308.3699951171875,308.1300048828125,308.20001220703125,127018,AAPL,Apple,Nasdaq,USD,20260703_081139
2026-07-02 15:38:00-04:00,308.1799011230469,308.510009765625,308.1600036621094,308.3699951171875,175604,AAPL,Apple,Nasdaq,USD,20260703_081139
2026-07-02 15:39:00-04:00,308.260009765625,308.30999755859375,308.07000732421875,308.1600036621094,134706,AAPL,Apple,Nasdaq,USD,20260703_081139
2026-07-02 15:40:00-04:00,308.2900085449219,308.4599914550781,308.2200012207031,308.260009765625,137751,AAPL,Apple,Nasdaq,USD,20260703_081139
2026-07-02 15:41:00-04:00,308.3599853515625,308.42999267578125,308.2099914550781,308.2900085449219,133164,AAPL,Apple,Nasdaq,USD,20260703_081139
2026-07-02 15:42:00-04:00,308.1700134277344,308.3599853515625,308.1199951171875,308.3399963378906,214768,AAPL,Apple,Nasdaq,USD,20260703_081139
2026-07-02 15:43:00-04:00,307.83099365234375,308.2900085449219,307.83099365234375,308.1871032714844,160750,AAPL,Apple,Nasdaq,USD,20260703_081139
2026-07-02 15:44:00-04:00,307.9800109863281,308.0299987792969,307.7799987792969,307.8299865722656,178037,AAPL,Apple,Nasdaq,USD,20260703_081139
2026-07-02 15:45:00-04:00,307.739990234375,308.0299987792969,307.7300109863281,307.9800109863281,158471,AAPL,Apple,Nasdaq,USD,20260703_081139
2026-07-02 15:46:00-04:00,307.7200012207031,307.760009765625,307.54998779296875,307.69000244140625,123484,AAPL,Apple,Nasdaq,USD,20260703_081139
2026-07-02 15:47:00-04:00,307.5450134277344,307.82000732421875,307.53009033203125,307.7300109863281,102845,AAPL,Apple,Nasdaq,USD,20260703_081139
2026-07-02 15:48:00-04:00,307.7099914550781,307.7300109863281,307.2099914550781,307.5450134277344,172208,AAPL,Apple,Nasdaq,USD,20260703_081139
2026-07-02 15:49:00-04:00,307.5299987792969,307.7650146484375,307.44000244140625,307.7200012207031,183802,AAPL,Apple,Nasdaq,USD,20260703_081139
2026-07-02 15:50:00-04:00,307.75,308.4700012207031,307.5400085449219,307.5400085449219,369519,AAPL,Apple,Nasdaq,USD,20260703_081139
2026-07-02 15:51:00-04:00,307.9800109863281,308.1300048828125,307.75,307.760009765625,272217,AAPL,Apple,Nasdaq,USD,20260703_081139
2026-07-02 15:52:00-04:00,308.1499938964844,308.2300109863281,307.92999267578125,307.9700012207031,222816,AAPL,Apple,Nasdaq,USD,20260703_081139
2026-07-02 15:53:00-04:00,308.30499267578125,308.32000732421875,308.0199890136719,308.1300048828125,332885,AAPL,Apple,Nasdaq,USD,20260703_081139
2026-07-02 15:54:00-04:00,308.0400085449219,308.54998779296875,307.95001220703125,308.30499267578125,318358,AAPL,Apple,Nasdaq,USD,20260703_081139
2026-07-02 15:55:00-04:00,309.1499938964844,309.25,308.0400085449219,308.0400085449219,556325,AAPL,Apple,Nasdaq,USD,20260703_081139
2026-07-02 15:56:00-04:00,309.1499938964844,309.2799987792969,308.9100036621094,309.17999267578125,477999,AAPL,Apple,Nasdaq,USD,20260703_081139
2026-07-02 15:57:00-04:00,309.0899963378906,309.4200134277344,308.95001220703125,309.1499938964844,768731,AAPL,Apple,Nasdaq,USD,20260703_081139
2026-07-02 15:58:00-04:00,308.7449951171875,309.2300109863281,308.7099914550781,309.1000061035156,805685,AAPL,Apple,Nasdaq,USD,20260703_081139
2026-07-02 15:59:00-04:00,308.2200012207031,308.9599914550781,308.1000061035156,308.75,1654260,AAPL,Apple,Nasdaq,USD,20260703_081139
2026-07-02 09:30:00-04:00,297.09991455078125,297.1000061035156,293.67999267578125,294.0849914550781,1161939,AAPL,Apple,Nasdaq,USD,20260703_094838
2026-07-02 09:31:00-04:00,298.94000244140625,299.0400085449219,296.92999267578125,297.1000061035156,387097,AAPL,Apple,Nasdaq,USD,20260703_094838
2026-07-02 09:32:00-04:00,299.2699890136719,299.82000732421875,298.6600036621094,298.9700012207031,333980,AAPL,Apple,Nasdaq,USD,20260703_094838
2026-07-02 09:33:00-04:00,298.0400085449219,299.5,297.8075866699219,299.30499267578125,244659,AAPL,Apple,Nasdaq,USD,20260703_094838
2026-07-02 09:34:00-04:00,298.20001220703125,298.510009765625,297.8900146484375,298.125,143692,AAPL,Apple,Nasdaq,USD,20260703_094838
2026-07-02 09:35:00-04:00,298.4179992675781,298.8599853515625,298.1252136230469,298.1813049316406,241851,AAPL,Apple,Nasdaq,USD,20260703_094838
2026-07-02 09:36:00-04:00,298.92999267578125,299.0799865722656,298.20001220703125,298.42498779296875,177706,AAPL,Apple,Nasdaq,USD,20260703_094838
2026-07-02 09:37:00-04:00,299.2900085449219,299.3500061035156,298.8299865722656,298.989990234375,166444,AAPL,Apple,Nasdaq,USD,20260703_094838
2026-07-02 09:38:00-04:00,299.55999755859375,299.7099914550781,299.1900939941406,299.2900085449219,204531,AAPL,Apple,Nasdaq,USD,20260703_094838
2026-07-02 09:39:00-04:00,300.1300048828125,300.1600036621094,299.42999267578125,299.6199951171875,384326,AAPL,Apple,Nasdaq,USD,20260703_094838
2026-07-02 09:40:00-04:00,299.9750061035156,300.3299865722656,299.7799987792969,300.1300048828125,184912,AAPL,Apple,Nasdaq,USD,20260703_094838
2026-07-02 09:41:00-04:00,300.864990234375,300.92999267578125,299.8550109863281,299.9700012207031,230313,AAPL,Apple,Nasdaq,USD,20260703_094838
2026-07-02 09:42:00-04:00,300.7799987792969,301.1400146484375,300.5101013183594,300.8800048828125,401939,AAPL,Apple,Nasdaq,USD,20260703_094838
2026-07-02 09:43:00-04:00,300.45001220703125,301.1199951171875,300.3399963378906,300.7799987792969,195235,AAPL,Apple,Nasdaq,USD,20260703_094838
2026-07-02 09:44:00-04:00,300.3500061035156,300.7099914550781,300.260009765625,300.44000244140625,177277,AAPL,Apple,Nasdaq,USD,20260703_094838
2026-07-02 09:45:00-04:00,300.9800109863281,301.17999267578125,300.3800048828125,300.3800048828125,198028,AAPL,Apple,Nasdaq,USD,20260703_094838
2026-07-02 09:46:00-04:00,300.9200134277344,301.6997985839844,300.8299865722656,300.9649963378906,214435,AAPL,Apple,Nasdaq,USD,20260703_094838
2026-07-02 09:47:00-04:00,301.69000244140625,301.75,300.6700134277344,300.9100036621094,212118,AAPL,Apple,Nasdaq,USD,20260703_094838
2026-07-02 09:48:00-04:00,302.0874938964844,302.1094970703125,301.55999755859375,301.67999267578125,274465,AAPL,Apple,Nasdaq,USD,20260703_094838
2026-07-02 09:49:00-04:00,302.1700134277344,302.3546142578125,301.8810119628906,302.07501220703125,266386,AAPL,Apple,Nasdaq,USD,20260703_094838
2026-07-02 09:50:00-04:00,302.3299865722656,302.67999267578125,302.1300048828125,302.1499938964844,250889,AAPL,Apple,Nasdaq,USD,20260703_094838
2026-07-02 09:51:00-04:00,301.5899963378906,302.3349914550781,301.4700012207031,302.3349914550781,220691,AAPL,Apple,Nasdaq,USD,20260703_094838
2026-07-02 09:52:00-04:00,302.3800048828125,302.3999938964844,301.57000732421875,301.5899963378906,132526,AAPL,Apple,Nasdaq,USD,20260703_094838
2026-07-02 09:53:00-04:00,302.1700134277344,302.4353942871094,302.04998779296875,302.3800048828125,121901,AAPL,Apple,Nasdaq,USD,20260703_094838
2026-07-02 09:54:00-04:00,301.7550048828125,302.1600036621094,301.6400146484375,302.1600036621094,1968854,AAPL,Apple,Nasdaq,USD,20260703_094838
2026-07-02 09:55:00-04:00,301.8843078613281,301.9898986816406,301.4700927734375,301.75,140025,AAPL,Apple,Nasdaq,USD,20260703_094838
2026-07-02 09:56:00-04:00,301.864990234375,301.947509765625,301.6400146484375,301.9100036621094,167523,AAPL,Apple,Nasdaq,USD,20260703_094838
2026-07-02 09:57:00-04:00,302.0899963378906,302.1199951171875,301.864990234375,301.9200134277344,169033,AAPL,Apple,Nasdaq,USD,20260703_094838
2026-07-02 09:58:00-04:00,302.260009765625,302.4200134277344,302.0199890136719,302.060791015625,198315,AAPL,Apple,Nasdaq,USD,20260703_094838
2026-07-02 09:59:00-04:00,302.80999755859375,302.80999755859375,302.19000244140625,302.2900085449219,203320,AAPL,Apple,Nasdaq,USD,20260703_094838
2026-07-02 10:00:00-04:00,302.6900939941406,303.17498779296875,302.69000244140625,302.8500061035156,407126,AAPL,Apple,Nasdaq,USD,20260703_094838
2026-07-02 10:01:00-04:00,302.8599853515625,303.1300048828125,302.6700134277344,302.69000244140625,194760,AAPL,Apple,Nasdaq,USD,20260703_094838
2026-07-02 10:02:00-04:00,302.760009765625,303.0299987792969,302.6188049316406,302.8609924316406,151528,AAPL,Apple,Nasdaq,USD,20260703_094838
2026-07-02 10:03:00-04:00,302.989990234375,303.1600036621094,302.66009521484375,302.79998779296875,149761,AAPL,Apple,Nasdaq,USD,20260703_094838
2026-07-02 10:04:00-04:00,303.01031494140625,303.3900146484375,302.8599853515625,302.94500732421875,145782,AAPL,Apple,Nasdaq,USD,20260703_094838
2026-07-02 10:05:00-04:00,302.97198486328125,303.2900085449219,302.9599914550781,303.07000732421875,144476,AAPL,Apple,Nasdaq,USD,20260703_094838
2026-07-02 10:06:00-04:00,302.80999755859375,303.1099853515625,302.7101135253906,302.9649963378906,151871,AAPL,Apple,Nasdaq,USD,20260703_094838
2026-07-02 10:07:00-04:00,302.9649963378906,302.9700012207031,302.7300109863281,302.8399963378906,126195,AAPL,Apple,Nasdaq,USD,20260703_094838
2026-07-02 10:08:00-04:00,303.2349853515625,303.5,302.8399963378906,302.94000244140625,158493,AAPL,Apple,Nasdaq,USD,20260703_094838
2026-07-02 10:09:00-04:00,303.5350036621094,303.57000732421875,303.0400085449219,303.239990234375,319520,AAPL,Apple,Nasdaq,USD,20260703_094838
2026-07-02 10:10:00-04:00,303.19500732421875,303.5799865722656,303.1199951171875,303.54998779296875,171241,AAPL,Apple,Nasdaq,USD,20260703_094838
2026-07-02 10:11:00-04:00,303.7300109863281,303.7698974609375,303.2300109863281,303.2300109863281,235075,AAPL,Apple,Nasdaq,USD,20260703_094838
2026-07-02 10:12:00-04:00,304.0350036621094,304.0599060058594,303.6000061035156,303.739990234375,278142,AAPL,Apple,Nasdaq,USD,20260703_094838
2026-07-02 10:13:00-04:00,304.260009765625,304.5199890136719,303.9599914550781,304.0299987792969,370643,AAPL,Apple,Nasdaq,USD,20260703_094838
2026-07-02 10:14:00-04:00,303.7300109863281,304.2699890136719,303.1099853515625,304.268310546875,250766,AAPL,Apple,Nasdaq,USD,20260703_094838
2026-07-02 10:15:00-04:00,303.94000244140625,304.1700134277344,303.5899963378906,303.7449951171875,163011,AAPL,Apple,Nasdaq,USD,20260703_094838
2026-07-02 10:16:00-04:00,303.82989501953125,304.1000061035156,303.6400146484375,303.9150085449219,156320,AAPL,Apple,Nasdaq,USD,20260703_094838
2026-07-02 10:17:00-04:00,304.0899963378906,304.29998779296875,303.60009765625,303.8299865722656,146615,AAPL,Apple,Nasdaq,USD,20260703_094838
2026-07-02 10:18:00-04:00,303.7200012207031,304.1300048828125,303.6499938964844,304.05999755859375,106390,AAPL,Apple,Nasdaq,USD,20260703_094838
2026-07-02 10:19:00-04:00,304.3699951171875,304.5090026855469,303.7179870605469,303.75311279296875,193185,AAPL,Apple,Nasdaq,USD,20260703_094838
2026-07-02 10:20:00-04:00,304.54998779296875,304.75,304.239990234375,304.3949890136719,225006,AAPL,Apple,Nasdaq,USD,20260703_094838
2026-07-02 10:21:00-04:00,304.7349853515625,304.7569885253906,304.5,304.5799865722656,230435,AAPL,Apple,Nasdaq,USD,20260703_094838
2026-07-02 10:22:00-04:00,304.82989501953125,304.8599853515625,304.55999755859375,304.7200012207031,204825,AAPL,Apple,Nasdaq,USD,20260703_094838
2026-07-02 10:23:00-04:00,304.69500732421875,305.1099853515625,304.55999755859375,304.8299865722656,400998,AAPL,Apple,Nasdaq,USD,20260703_094838
2026-07-02 10:24:00-04:00,304.5617980957031,304.95001220703125,304.4700012207031,304.7200012207031,213038,AAPL,Apple,Nasdaq,USD,20260703_094838
2026-07-02 10:25:00-04:00,304.7300109863281,304.84991455078125,304.1289978027344,304.6064147949219,162681,AAPL,Apple,Nasdaq,USD,20260703_094838
2026-07-02 10:26:00-04:00,304.5050048828125,304.82000732421875,304.3500061035156,304.739990234375,161291,AAPL,Apple,Nasdaq,USD,20260703_094838
2026-07-02 10:27:00-04:00,304.4949951171875,304.885009765625,304.360107421875,304.5299987792969,212205,AAPL,Apple,Nasdaq,USD,20260703_094838
2026-07-02 10:28:00-04:00,304.70001220703125,304.8500061035156,304.3450012207031,304.5299987792969,171249,AAPL,Apple,Nasdaq,USD,20260703_094838
2026-07-02 10:29:00-04:00,305.04998779296875,305.32000732421875,304.5,304.7099914550781,211238,AAPL,Apple,Nasdaq,USD,20260703_094838
2026-07-02 10:30:00-04:00,305.239990234375,305.3389892578125,304.8500061035156,305.04400634765625,209182,AAPL,Apple,Nasdaq,USD,20260703_094838
2026-07-02 10:31:00-04:00,305.739990234375,305.964599609375,305.2200012207031,305.25,288714,AAPL,Apple,Nasdaq,USD,20260703_094838
2026-07-02 10:32:00-04:00,306.3450012207031,306.6398010253906,305.71240234375,305.739990234375,313436,AAPL,Apple,Nasdaq,USD,20260703_094838
2026-07-02 10:33:00-04:00,305.8900146484375,306.3800048828125,305.8706970214844,306.3699951171875,260122,AAPL,Apple,Nasdaq,USD,20260703_094838
2026-07-02 10:34:00-04:00,305.7099914550781,305.9200134277344,305.32000732421875,305.8999938964844,228864,AAPL,Apple,Nasdaq,USD,20260703_094838
2026-07-02 10:35:00-04:00,305.1650085449219,305.8500061035156,305.05999755859375,305.7200012207031,237920,AAPL,Apple,Nasdaq,USD,20260703_094838
2026-07-02 10:36:00-04:00,305.4800109863281,305.5274963378906,305.07000732421875,305.1600036621094,233842,AAPL,Apple,Nasdaq,USD,20260703_094838
2026-07-02 10:37:00-04:00,305.25,305.69000244140625,305.1499938964844,305.4649963378906,246577,AAPL,Apple,Nasdaq,USD,20260703_094838
2026-07-02 10:38:00-04:00,305.54791259765625,305.5599060058594,304.8800048828125,305.2699890136719,154884,AAPL,Apple,Nasdaq,USD,20260703_094838
2026-07-02 10:39:00-04:00,305.3800048828125,305.739990234375,305.239990234375,305.5400085449219,163306,AAPL,Apple,Nasdaq,USD,20260703_094838
2026-07-02 10:40:00-04:00,305.69000244140625,305.9200134277344,305.35009765625,305.3900146484375,139998,AAPL,Apple,Nasdaq,USD,20260703_094838
2026-07-02 10:41:00-04:00,305.64300537109375,306.0899963378906,305.5899963378906,305.6700134277344,163726,AAPL,Apple,Nasdaq,USD,20260703_094838
2026-07-02 10:42:00-04:00,306.07501220703125,306.1000061035156,305.5199890136719,305.6600036621094,205352,AAPL,Apple,Nasdaq,USD,20260703_094838
2026-07-02 10:43:00-04:00,305.9599914550781,306.19940185546875,305.7200012207031,306.1000061035156,161406,AAPL,Apple,Nasdaq,USD,20260703_094838
2026-07-02 10:44:00-04:00,306.4200134277344,306.4200134277344,305.9200134277344,305.989990234375,211542,AAPL,Apple,Nasdaq,USD,20260703_094838
2026-07-02 10:45:00-04:00,306.2300109863281,306.7749938964844,306.1900939941406,306.4200134277344,294175,AAPL,Apple,Nasdaq,USD,20260703_094838
2026-07-02 10:46:00-04:00,306.1650085449219,306.3399963378906,305.75,306.2099914550781,208585,AAPL,Apple,Nasdaq,USD,20260703_094838
2026-07-02 10:47:00-04:00,306.2799987792969,306.5299987792969,306.1199951171875,306.1650085449219,210988,AAPL,Apple,Nasdaq,USD,20260703_094838
2026-07-02 10:48:00-04:00,305.56500244140625,306.2799987792969,305.5400085449219,306.2799987792969,211654,AAPL,Apple,Nasdaq,USD,20260703_094838
2026-07-02 10:49:00-04:00,305.5199890136719,305.89990234375,305.5199890136719,305.56500244140625,148071,AAPL,Apple,Nasdaq,USD,20260703_094838
2026-07-02 10:50:00-04:00,305.5,305.95001220703125,305.30010986328125,305.5199890136719,167438,AAPL,Apple,Nasdaq,USD,20260703_094838
2026-07-02 10:51:00-04:00,305.92498779296875,305.94000244140625,305.489990234375,305.5,119529,AAPL,Apple,Nasdaq,USD,20260703_094838
2026-07-02 10:52:00-04:00,306.1488037109375,306.2799987792969,305.8999938964844,305.8999938964844,176020,AAPL,Apple,Nasdaq,USD,20260703_094838
2026-07-02 10:53:00-04:00,306.489990234375,306.5,306.04998779296875,306.135009765625,137390,AAPL,Apple,Nasdaq,USD,20260703_094838
2026-07-02 10:54:00-04:00,306.30999755859375,306.4700012207031,306.1600036621094,306.4700012207031,144751,AAPL,Apple,Nasdaq,USD,20260703_094838
2026-07-02 10:55:00-04:00,306.3949890136719,306.5199890136719,306.30999755859375,306.30999755859375,130436,AAPL,Apple,Nasdaq,USD,20260703_094838
2026-07-02 10:56:00-04:00,306.6400146484375,306.69000244140625,306.3100891113281,306.4200134277344,152744,AAPL,Apple,Nasdaq,USD,20260703_094838
2026-07-02 10:57:00-04:00,306.75,306.8900146484375,306.4700012207031,306.6300048828125,150480,AAPL,Apple,Nasdaq,USD,20260703_094838
2026-07-02 10:58:00-04:00,306.75,307.0400085449219,306.7300109863281,306.7699890136719,324713,AAPL,Apple,Nasdaq,USD,20260703_094838
2026-07-02 10:59:00-04:00,306.87799072265625,306.8999938964844,306.54998779296875,306.7900085449219,208476,AAPL,Apple,Nasdaq,USD,20260703_094838
2026-07-02 11:00:00-04:00,307.4750061035156,307.5299987792969,306.7879943847656,306.8999938964844,277220,AAPL,Apple,Nasdaq,USD,20260703_094838
2026-07-02 11:01:00-04:00,307.6700134277344,307.760009765625,307.1099853515625,307.45001220703125,196838,AAPL,Apple,Nasdaq,USD,20260703_094838
2026-07-02 11:02:00-04:00,307.53948974609375,307.82000732421875,307.3293151855469,307.6499938964844,199075,AAPL,Apple,Nasdaq,USD,20260703_094838
2026-07-02 11:03:00-04:00,307.0893859863281,307.6199951171875,307.05499267578125,307.5400085449219,152923,AAPL,Apple,Nasdaq,USD,20260703_094838
2026-07-02 11:04:00-04:00,306.635009765625,307.239990234375,306.5899963378906,307.1000061035156,193961,AAPL,Apple,Nasdaq,USD,20260703_094838
2026-07-02 11:05:00-04:00,306.17999267578125,306.8900146484375,306.15301513671875,306.6300964355469,217717,AAPL,Apple,Nasdaq,USD,20260703_094838
2026-07-02 11:06:00-04:00,306.114990234375,306.30999755859375,305.8599853515625,306.1700134277344,202733,AAPL,Apple,Nasdaq,USD,20260703_094838
2026-07-02 11:07:00-04:00,305.7699890136719,306.1300048828125,305.4100036621094,306.1199951171875,273000,AAPL,Apple,Nasdaq,USD,20260703_094838
2026-07-02 11:08:00-04:00,306.2900085449219,306.4549865722656,305.68499755859375,305.739990234375,206110,AAPL,Apple,Nasdaq,USD,20260703_094838
2026-07-02 11:09:00-04:00,306.8999938964844,306.8999938964844,306.2261962890625,306.2850036621094,226462,AAPL,Apple,Nasdaq,USD,20260703_094838
2026-07-02 11:10:00-04:00,306.6400146484375,306.9800109863281,306.3949890136719,306.9200134277344,248889,AAPL,Apple,Nasdaq,USD,20260703_094838
2026-07-02 11:11:00-04:00,306.79998779296875,306.79998779296875,306.3500061035156,306.6400146484375,181782,AAPL,Apple,Nasdaq,USD,20260703_094838
2026-07-02 11:12:00-04:00,307.0899963378906,307.0899963378906,306.67999267578125,306.7799987792969,134583,AAPL,Apple,Nasdaq,USD,20260703_094838
2026-07-02 11:13:00-04:00,307.410400390625,307.6000061035156,306.8699951171875,307.06500244140625,204067,AAPL,Apple,Nasdaq,USD,20260703_094838
2026-07-02 11:14:00-04:00,307.41448974609375,307.7900085449219,307.3555908203125,307.4200134277344,202259,AAPL,Apple,Nasdaq,USD,20260703_094838
2026-07-02 11:15:00-04:00,306.92999267578125,307.44000244140625,306.92999267578125,307.44000244140625,185092,AAPL,Apple,Nasdaq,USD,20260703_094838
2026-07-02 11:16:00-04:00,306.3500061035156,307.0050048828125,306.2633972167969,306.94500732421875,98878,AAPL,Apple,Nasdaq,USD,20260703_094838
2026-07-02 11:17:00-04:00,306.8999938964844,306.8999938964844,306.0700988769531,306.3500061035156,177215,AAPL,Apple,Nasdaq,USD,20260703_094838
2026-07-02 11:18:00-04:00,307.19000244140625,307.3500061035156,306.80999755859375,306.8999938964844,184951,AAPL,Apple,Nasdaq,USD,20260703_094838
2026-07-02 11:19:00-04:00,307.0400085449219,307.239990234375,306.7950134277344,307.2099914550781,118786,AAPL,Apple,Nasdaq,USD,20260703_094838
2026-07-02 11:20:00-04:00,306.9599914550781,307.1499938964844,306.67999267578125,307.0849914550781,157607,AAPL,Apple,Nasdaq,USD,20260703_094838
2026-07-02 11:21:00-04:00,306.9649963378906,307.04998779296875,306.760009765625,306.9849853515625,157326,AAPL,Apple,Nasdaq,USD,20260703_094838
2026-07-02 11:22:00-04:00,306.92498779296875,307.010009765625,306.8299865722656,306.9599914550781,104098,AAPL,Apple,Nasdaq,USD,20260703_094838
2026-07-02 11:23:00-04:00,307.05999755859375,307.1099853515625,306.7349853515625,306.9100036621094,113328,AAPL,Apple,Nasdaq,USD,20260703_094838
2026-07-02 11:24:00-04:00,307.2550048828125,307.30999755859375,307.04998779296875,307.05999755859375,126431,AAPL,Apple,Nasdaq,USD,20260703_094838
2026-07-02 11:25:00-04:00,306.739990234375,307.2900085449219,306.6199951171875,307.2850036621094,151699,AAPL,Apple,Nasdaq,USD,20260703_094838
2026-07-02 11:26:00-04:00,306.2699890136719,306.79998779296875,306.20001220703125,306.7449951171875,143686,AAPL,Apple,Nasdaq,USD,20260703_094838
2026-07-02 11:27:00-04:00,305.6499938964844,306.4200134277344,305.6099853515625,306.2701110839844,160680,AAPL,Apple,Nasdaq,USD,20260703_094838
2026-07-02 11:28:00-04:00,305.6650085449219,305.7099914550781,305.3800048828125,305.6600036621094,154198,AAPL,Apple,Nasdaq,USD,20260703_094838
2026-07-02 11:29:00-04:00,305.4150085449219,305.75,305.2799987792969,305.69000244140625,165441,AAPL,Apple,Nasdaq,USD,20260703_094838
2026-07-02 11:30:00-04:00,305.8399963378906,305.9800109863281,305.4200134277344,305.4200134277344,114442,AAPL,Apple,Nasdaq,USD,20260703_094838
2026-07-02 11:31:00-04:00,306.3550109863281,306.5,305.8299865722656,305.84368896484375,148648,AAPL,Apple,Nasdaq,USD,20260703_094838
2026-07-02 11:32:00-04:00,306.6099853515625,306.67999267578125,306.3399963378906,306.3599853515625,97890,AAPL,Apple,Nasdaq,USD,20260703_094838
2026-07-02 11:33:00-04:00,306.619384765625,306.7900085449219,306.5199890136719,306.625,88709,AAPL,Apple,Nasdaq,USD,20260703_094838
2026-07-02 11:34:00-04:00,306.2349853515625,306.6499938964844,306.0400085449219,306.5950012207031,121979,AAPL,Apple,Nasdaq,USD,20260703_094838
2026-07-02 11:35:00-04:00,306.2699890136719,306.44989013671875,306.18011474609375,306.2699890136719,92920,AAPL,Apple,Nasdaq,USD,20260703_094838
2026-07-02 11:36:00-04:00,306.3351135253906,306.44000244140625,306.1199951171875,306.25,105923,AAPL,Apple,Nasdaq,USD,20260703_094838
2026-07-02 11:37:00-04:00,306.82000732421875,306.8299865722656,306.28009033203125,306.3349914550781,137812,AAPL,Apple,Nasdaq,USD,20260703_094838
2026-07-02 11:38:00-04:00,306.6400146484375,306.8999938964844,306.29010009765625,306.7900085449219,140797,AAPL,Apple,Nasdaq,USD,20260703_094838
2026-07-02 11:39:00-04:00,306.5299987792969,306.760009765625,306.4601135253906,306.6400146484375,99018,AAPL,Apple,Nasdaq,USD,20260703_094838
2026-07-02 11:40:00-04:00,306.29840087890625,306.6000061035156,306.1499938964844,306.54998779296875,85303,AAPL,Apple,Nasdaq,USD,20260703_094838
2026-07-02 11:41:00-04:00,306.4150085449219,306.5299987792969,306.239990234375,306.29998779296875,102798,AAPL,Apple,Nasdaq,USD,20260703_094838
2026-07-02 11:42:00-04:00,306.2449951171875,306.4599914550781,306.0450134277344,306.4150085449219,117275,AAPL,Apple,Nasdaq,USD,20260703_094838
2026-07-02 11:43:00-04:00,305.8299865722656,306.2449951171875,305.8299865722656,306.2300109863281,80932,AAPL,Apple,Nasdaq,USD,20260703_094838
2026-07-02 11:44:00-04:00,305.67498779296875,305.9599914550781,305.6499938964844,305.8450012207031,85521,AAPL,Apple,Nasdaq,USD,20260703_094838
2026-07-02 11:45:00-04:00,305.875,305.9599914550781,305.70001220703125,305.7300109863281,68149,AAPL,Apple,Nasdaq,USD,20260703_094838
2026-07-02 11:46:00-04:00,305.5159912109375,305.89990234375,305.4700012207031,305.8800048828125,80077,AAPL,Apple,Nasdaq,USD,20260703_094838
2026-07-02 11:47:00-04:00,305.7300109863281,305.7699890136719,305.3299865722656,305.5299987792969,121006,AAPL,Apple,Nasdaq,USD,20260703_094838
2026-07-02 11:48:00-04:00,305.8450012207031,306.1199951171875,305.6099853515625,305.7099914550781,87171,AAPL,Apple,Nasdaq,USD,20260703_094838
2026-07-02 11:49:00-04:00,305.80999755859375,305.92999267578125,305.6050109863281,305.8599853515625,73257,AAPL,Apple,Nasdaq,USD,20260703_094838
2026-07-02 11:50:00-04:00,305.42999267578125,305.7749938964844,305.3450012207031,305.7200927734375,86906,AAPL,Apple,Nasdaq,USD,20260703_094838
2026-07-02 11:51:00-04:00,305.5249938964844,305.6600036621094,305.2799987792969,305.4200134277344,97811,AAPL,Apple,Nasdaq,USD,20260703_094838
2026-07-02 11:52:00-04:00,305.7099914550781,305.739990234375,305.43499755859375,305.5400085449219,75418,AAPL,Apple,Nasdaq,USD,20260703_094838
2026-07-02 11:53:00-04:00,305.8699951171875,305.9750061035156,305.67999267578125,305.739990234375,83039,AAPL,Apple,Nasdaq,USD,20260703_094838
2026-07-02 11:54:00-04:00,305.95001220703125,306.0899963378906,305.8599853515625,305.875,69254,AAPL,Apple,Nasdaq,USD,20260703_094838
2026-07-02 11:55:00-04:00,305.739990234375,306.04998779296875,305.6400146484375,305.9501037597656,77235,AAPL,Apple,Nasdaq,USD,20260703_094838
2026-07-02 11:56:00-04:00,305.7699890136719,305.79998779296875,305.5150146484375,305.7200012207031,97561,AAPL,Apple,Nasdaq,USD,20260703_094838
2026-07-02 11:57:00-04:00,305.68499755859375,305.94000244140625,305.67401123046875,305.7900085449219,66547,AAPL,Apple,Nasdaq,USD,20260703_094838
2026-07-02 11:58:00-04:00,305.9750061035156,305.9750061035156,305.6199951171875,305.68499755859375,111155,AAPL,Apple,Nasdaq,USD,20260703_094838
2026-07-02 11:59:00-04:00,305.625,306.0,305.5899963378906,305.9649963378906,110523,AAPL,Apple,Nasdaq,USD,20260703_094838
2026-07-02 12:00:00-04:00,305.94000244140625,305.989990234375,305.6105041503906,305.6400146484375,90615,AAPL,Apple,Nasdaq,USD,20260703_094838
2026-07-02 12:01:00-04:00,306.2799987792969,306.364990234375,305.8999938964844,305.9649963378906,160024,AAPL,Apple,Nasdaq,USD,20260703_094838
2026-07-02 12:02:00-04:00,306.2650146484375,306.29998779296875,306.1099853515625,306.2900085449219,106660,AAPL,Apple,Nasdaq,USD,20260703_094838
2026-07-02 12:03:00-04:00,306.55999755859375,306.5780029296875,306.0899963378906,306.2898864746094,143493,AAPL,Apple,Nasdaq,USD,20260703_094838
2026-07-02 12:04:00-04:00,306.69500732421875,306.7101135253906,306.4324035644531,306.5400085449219,79645,AAPL,Apple,Nasdaq,USD,20260703_094838
2026-07-02 12:05:00-04:00,306.6849060058594,306.8551025390625,306.6200866699219,306.70989990234375,123749,AAPL,Apple,Nasdaq,USD,20260703_094838
2026-07-02 12:06:00-04:00,306.7300109863281,306.79998779296875,306.6000061035156,306.69500732421875,80544,AAPL,Apple,Nasdaq,USD,20260703_094838
2026-07-02 12:07:00-04:00,306.7049865722656,306.94989013671875,306.6499938964844,306.7349853515625,137760,AAPL,Apple,Nasdaq,USD,20260703_094838
2026-07-02 12:08:00-04:00,306.7250061035156,306.75,306.4800109863281,306.6925048828125,87188,AAPL,Apple,Nasdaq,USD,20260703_094838
2026-07-02 12:09:00-04:00,306.6400146484375,306.885009765625,306.4599914550781,306.7250061035156,87383,AAPL,Apple,Nasdaq,USD,20260703_094838
2026-07-02 12:10:00-04:00,306.8299865722656,306.8699035644531,306.55499267578125,306.6199951171875,83033,AAPL,Apple,Nasdaq,USD,20260703_094838
2026-07-02 12:11:00-04:00,306.8299865722656,307.0398864746094,306.79998779296875,306.8598937988281,167662,AAPL,Apple,Nasdaq,USD,20260703_094838
2026-07-02 12:12:00-04:00,306.7799072265625,306.8299865722656,306.54998779296875,306.8299865722656,67216,AAPL,Apple,Nasdaq,USD,20260703_094838
2026-07-02 12:13:00-04:00,306.75,307.0199890136719,306.6600036621094,306.7850036621094,117582,AAPL,Apple,Nasdaq,USD,20260703_094838
2026-07-02 12:14:00-04:00,307.0544128417969,307.0849914550781,306.5799865722656,306.7598876953125,112314,AAPL,Apple,Nasdaq,USD,20260703_094838
2026-07-02 12:15:00-04:00,307.6099853515625,307.82000732421875,306.95001220703125,307.0450134277344,357616,AAPL,Apple,Nasdaq,USD,20260703_094838
2026-07-02 12:16:00-04:00,307.7799987792969,307.8900146484375,307.5675048828125,307.5799865722656,303788,AAPL,Apple,Nasdaq,USD,20260703_094838
2026-07-02 12:17:00-04:00,307.3800048828125,307.8800048828125,307.19000244140625,307.7799987792969,318484,AAPL,Apple,Nasdaq,USD,20260703_094838
2026-07-02 12:18:00-04:00,307.80499267578125,307.8450012207031,307.1600036621094,307.385009765625,139149,AAPL,Apple,Nasdaq,USD,20260703_094838
2026-07-02 12:19:00-04:00,307.7301025390625,307.9200134277344,307.70001220703125,307.79998779296875,177406,AAPL,Apple,Nasdaq,USD,20260703_094838
2026-07-02 12:20:00-04:00,307.5299987792969,307.7799987792969,307.4200134277344,307.739990234375,135853,AAPL,Apple,Nasdaq,USD,20260703_094838
2026-07-02 12:21:00-04:00,307.3999938964844,307.69000244140625,307.3900146484375,307.4800109863281,90369,AAPL,Apple,Nasdaq,USD,20260703_094838
2026-07-02 12:22:00-04:00,307.5600891113281,307.70001220703125,307.3550109863281,307.4049987792969,105253,AAPL,Apple,Nasdaq,USD,20260703_094838
2026-07-02 12:23:00-04:00,307.69000244140625,307.7398986816406,307.4700012207031,307.6000061035156,104286,AAPL,Apple,Nasdaq,USD,20260703_094838
2026-07-02 12:24:00-04:00,307.79998779296875,307.9100036621094,307.6000061035156,307.68499755859375,136942,AAPL,Apple,Nasdaq,USD,20260703_094838
2026-07-02 12:25:00-04:00,308.4201965332031,308.45001220703125,307.80999755859375,307.80999755859375,253254,AAPL,Apple,Nasdaq,USD,20260703_094838
2026-07-02 12:26:00-04:00,308.0400085449219,308.44989013671875,308.0,308.42498779296875,168446,AAPL,Apple,Nasdaq,USD,20260703_094838
2026-07-02 12:27:00-04:00,307.9700012207031,308.093505859375,307.69000244140625,308.0400085449219,115816,AAPL,Apple,Nasdaq,USD,20260703_094838
2026-07-02 12:28:00-04:00,308.1453857421875,308.17999267578125,307.768310546875,307.9700012207031,105120,AAPL,Apple,Nasdaq,USD,20260703_094838
2026-07-02 12:29:00-04:00,308.0899963378906,308.1700134277344,307.9800109863281,308.135009765625,118920,AAPL,Apple,Nasdaq,USD,20260703_094838
2026-07-02 12:30:00-04:00,308.2250061035156,308.2799072265625,308.0350036621094,308.0899963378906,120956,AAPL,Apple,Nasdaq,USD,20260703_094838
2026-07-02 12:31:00-04:00,308.010009765625,308.2799987792969,307.760009765625,308.239990234375,117082,AAPL,Apple,Nasdaq,USD,20260703_094838
2026-07-02 12:32:00-04:00,307.9200134277344,308.0398864746094,307.739990234375,308.0199890136719,74004,AAPL,Apple,Nasdaq,USD,20260703_094838
2026-07-02 12:33:00-04:00,308.3599853515625,308.4800109863281,307.90179443359375,307.90179443359375,152175,AAPL,Apple,Nasdaq,USD,20260703_094838
2026-07-02 12:34:00-04:00,308.45001220703125,308.4599914550781,308.17999267578125,308.3500061035156,96875,AAPL,Apple,Nasdaq,USD,20260703_094838
2026-07-02 12:35:00-04:00,308.2749938964844,308.4200134277344,308.2200012207031,308.4200134277344,97549,AAPL,Apple,Nasdaq,USD,20260703_094838
2026-07-02 12:36:00-04:00,308.3799133300781,308.4100036621094,308.19000244140625,308.2749938964844,113403,AAPL,Apple,Nasdaq,USD,20260703_094838
2026-07-02 12:37:00-04:00,308.3399963378906,308.42999267578125,308.17999267578125,308.364990234375,126061,AAPL,Apple,Nasdaq,USD,20260703_094838
2026-07-02 12:38:00-04:00,308.21990966796875,308.3999938964844,308.06500244140625,308.3349914550781,164933,AAPL,Apple,Nasdaq,USD,20260703_094838
2026-07-02 12:39:00-04:00,308.1099853515625,308.2799987792969,307.9200134277344,308.2049865722656,159675,AAPL,Apple,Nasdaq,USD,20260703_094838
2026-07-02 12:40:00-04:00,307.7701110839844,308.1700134277344,307.75,308.1300048828125,136158,AAPL,Apple,Nasdaq,USD,20260703_094838
2026-07-02 12:41:00-04:00,307.4750061035156,307.8999938964844,307.3500061035156,307.75,168332,AAPL,Apple,Nasdaq,USD,20260703_094838
2026-07-02 12:42:00-04:00,307.4200134277344,307.5950012207031,307.2099914550781,307.4750061035156,167896,AAPL,Apple,Nasdaq,USD,20260703_094838
2026-07-02 12:43:00-04:00,307.2550048828125,307.44000244140625,307.04998779296875,307.3900146484375,80495,AAPL,Apple,Nasdaq,USD,20260703_094838
2026-07-02 12:44:00-04:00,307.45001220703125,307.55999755859375,307.2699890136719,307.2699890136719,78516,AAPL,Apple,Nasdaq,USD,20260703_094838
2026-07-02 12:45:00-04:00,307.260009765625,307.4549865722656,307.1152038574219,307.4501037597656,63701,AAPL,Apple,Nasdaq,USD,20260703_094838
2026-07-02 12:46:00-04:00,306.989990234375,307.3399963378906,306.92999267578125,307.25,102554,AAPL,Apple,Nasdaq,USD,20260703_094838
2026-07-02 12:47:00-04:00,307.625,307.6600036621094,306.6700134277344,306.989990234375,139199,AAPL,Apple,Nasdaq,USD,20260703_094838
2026-07-02 12:48:00-04:00,307.55499267578125,307.8699951171875,307.3599853515625,307.625,110817,AAPL,Apple,Nasdaq,USD,20260703_094838
2026-07-02 12:49:00-04:00,307.7799987792969,307.8299865722656,307.55999755859375,307.57000732421875,114235,AAPL,Apple,Nasdaq,USD,20260703_094838
2026-07-02 12:50:00-04:00,307.635009765625,307.8800048828125,307.5,307.80999755859375,150968,AAPL,Apple,Nasdaq,USD,20260703_094838
2026-07-02 12:51:00-04:00,307.7250061035156,307.96990966796875,307.6000061035156,307.6300048828125,149730,AAPL,Apple,Nasdaq,USD,20260703_094838
2026-07-02 12:52:00-04:00,308.2900085449219,308.29998779296875,307.7099914550781,307.7250061035156,119461,AAPL,Apple,Nasdaq,USD,20260703_094838
2026-07-02 12:53:00-04:00,308.2200012207031,308.36248779296875,308.085205078125,308.2900085449219,101305,AAPL,Apple,Nasdaq,USD,20260703_094838
2026-07-02 12:54:00-04:00,308.2650146484375,308.447998046875,308.2200012207031,308.2200012207031,130564,AAPL,Apple,Nasdaq,USD,20260703_094838
2026-07-02 12:55:00-04:00,308.3949890136719,308.5299072265625,308.2300109863281,308.260009765625,128115,AAPL,Apple,Nasdaq,USD,20260703_094838
2026-07-02 12:56:00-04:00,308.2799987792969,308.4800109863281,308.260009765625,308.3999938964844,93644,AAPL,Apple,Nasdaq,USD,20260703_094838
2026-07-02 12:57:00-04:00,308.260009765625,308.5150146484375,308.1400146484375,308.2950134277344,146555,AAPL,Apple,Nasdaq,USD,20260703_094838
2026-07-02 12:58:00-04:00,308.3598937988281,308.3800048828125,307.9599914550781,308.2650146484375,107150,AAPL,Apple,Nasdaq,USD,20260703_094838
2026-07-02 12:59:00-04:00,308.30999755859375,308.3949890136719,308.06500244140625,308.32000732421875,102511,AAPL,Apple,Nasdaq,USD,20260703_094838
2026-07-02 13:00:00-04:00,307.9649963378906,308.45001220703125,307.5899963378906,308.29998779296875,287919,AAPL,Apple,Nasdaq,USD,20260703_094838
2026-07-02 13:01:00-04:00,307.82989501953125,307.9750061035156,307.70001220703125,307.94000244140625,142607,AAPL,Apple,Nasdaq,USD,20260703_094838
2026-07-02 13:02:00-04:00,307.7301025390625,307.9599914550781,307.67010498046875,307.81500244140625,96128,AAPL,Apple,Nasdaq,USD,20260703_094838
2026-07-02 13:03:00-04:00,307.5400085449219,307.760009765625,307.4200134277344,307.739990234375,120424,AAPL,Apple,Nasdaq,USD,20260703_094838
2026-07-02 13:04:00-04:00,307.3699951171875,307.6199951171875,307.2049865722656,307.5299987792969,127124,AAPL,Apple,Nasdaq,USD,20260703_094838
2026-07-02 13:05:00-04:00,307.1499938964844,307.4700012207031,307.0899963378906,307.3500061035156,103794,AAPL,Apple,Nasdaq,USD,20260703_094838
2026-07-02 13:06:00-04:00,307.5299072265625,307.53759765625,307.1000061035156,307.1449890136719,60452,AAPL,Apple,Nasdaq,USD,20260703_094838
2026-07-02 13:07:00-04:00,307.8299865722656,307.9100036621094,307.2699890136719,307.54998779296875,75227,AAPL,Apple,Nasdaq,USD,20260703_094838
2026-07-02 13:08:00-04:00,307.9432067871094,308.0899963378906,307.7850036621094,307.8299865722656,99792,AAPL,Apple,Nasdaq,USD,20260703_094838
2026-07-02 13:09:00-04:00,308.2799987792969,308.30999755859375,307.9599914550781,307.9700012207031,80525,AAPL,Apple,Nasdaq,USD,20260703_094838
2026-07-02 13:10:00-04:00,307.92999267578125,308.32000732421875,307.8900146484375,308.29998779296875,156906,AAPL,Apple,Nasdaq,USD,20260703_094838
2026-07-02 13:11:00-04:00,308.18499755859375,308.29998779296875,307.8699951171875,307.9700012207031,149400,AAPL,Apple,Nasdaq,USD,20260703_094838
2026-07-02 13:12:00-04:00,308.0397033691406,308.19000244140625,307.8699951171875,308.1499938964844,106606,AAPL,Apple,Nasdaq,USD,20260703_094838
2026-07-02 13:13:00-04:00,307.989990234375,308.0299987792969,307.8699951171875,308.0150146484375,70969,AAPL,Apple,Nasdaq,USD,20260703_094838
2026-07-02 13:14:00-04:00,308.2099914550781,308.2099914550781,307.8800964355469,307.9800109863281,87134,AAPL,Apple,Nasdaq,USD,20260703_094838
2026-07-02 13:15:00-04:00,308.2799987792969,308.30999755859375,308.114990234375,308.2099914550781,141358,AAPL,Apple,Nasdaq,USD,20260703_094838
2026-07-02 13:16:00-04:00,308.1099853515625,308.31988525390625,308.0299987792969,308.2651062011719,122082,AAPL,Apple,Nasdaq,USD,20260703_094838
2026-07-02 13:17:00-04:00,307.8900146484375,308.1199951171875,307.8599853515625,308.1199951171875,102269,AAPL,Apple,Nasdaq,USD,20260703_094838
2026-07-02 13:18:00-04:00,308.0400085449219,308.1700134277344,307.82000732421875,307.9100036621094,96451,AAPL,Apple,Nasdaq,USD,20260703_094838
2026-07-02 13:19:00-04:00,307.75,308.0498962402344,307.6499938964844,308.0400085449219,123236,AAPL,Apple,Nasdaq,USD,20260703_094838
2026-07-02 13:20:00-04:00,307.75,307.9100036621094,307.6700134277344,307.7799987792969,85810,AAPL,Apple,Nasdaq,USD,20260703_094838
2026-07-02 13:21:00-04:00,307.7300109863281,307.92999267578125,307.6512145996094,307.760009765625,94126,AAPL,Apple,Nasdaq,USD,20260703_094838
2026-07-02 13:22:00-04:00,307.9100036621094,307.95001220703125,307.75,307.760009765625,80700,AAPL,Apple,Nasdaq,USD,20260703_094838
2026-07-02 13:23:00-04:00,307.9200134277344,307.9898986816406,307.80999755859375,307.8900146484375,63065,AAPL,Apple,Nasdaq,USD,20260703_094838
2026-07-02 13:24:00-04:00,307.8599853515625,307.9599914550781,307.7300109863281,307.92999267578125,64605,AAPL,Apple,Nasdaq,USD,20260703_094838
2026-07-02 13:25:00-04:00,307.7099914550781,307.8699951171875,307.70001220703125,307.8599853515625,56634,AAPL,Apple,Nasdaq,USD,20260703_094838
2026-07-02 13:26:00-04:00,307.2622985839844,307.7576904296875,307.260009765625,307.7099914550781,57120,AAPL,Apple,Nasdaq,USD,20260703_094838
2026-07-02 13:27:00-04:00,307.739990234375,307.7650146484375,307.260009765625,307.260009765625,68479,AAPL,Apple,Nasdaq,USD,20260703_094838
2026-07-02 13:28:00-04:00,307.8349914550781,307.8800048828125,307.760009765625,307.7799987792969,81235,AAPL,Apple,Nasdaq,USD,20260703_094838
2026-07-02 13:29:00-04:00,307.80499267578125,307.9100036621094,307.7099914550781,307.82000732421875,37903,AAPL,Apple,Nasdaq,USD,20260703_094838
2026-07-02 13:30:00-04:00,307.739990234375,307.8699951171875,307.67999267578125,307.80499267578125,68787,AAPL,Apple,Nasdaq,USD,20260703_094838
2026-07-02 13:31:00-04:00,307.93499755859375,308.07000732421875,307.739990234375,307.739990234375,95657,AAPL,Apple,Nasdaq,USD,20260703_094838
2026-07-02 13:32:00-04:00,307.96990966796875,308.04998779296875,307.840087890625,307.93499755859375,60393,AAPL,Apple,Nasdaq,USD,20260703_094838
2026-07-02 13:33:00-04:00,307.9800109863281,308.1000061035156,307.927001953125,307.95001220703125,82265,AAPL,Apple,Nasdaq,USD,20260703_094838
2026-07-02 13:34:00-04:00,307.5400085449219,308.06500244140625,307.4700012207031,307.9800109863281,128921,AAPL,Apple,Nasdaq,USD,20260703_094838
2026-07-02 13:35:00-04:00,307.4750061035156,307.875,307.4200134277344,307.5,97267,AAPL,Apple,Nasdaq,USD,20260703_094838
2026-07-02 13:36:00-04:00,307.7550048828125,307.8900146484375,307.43011474609375,307.4750061035156,80060,AAPL,Apple,Nasdaq,USD,20260703_094838
2026-07-02 13:37:00-04:00,307.6600036621094,307.8500061035156,307.54998779296875,307.7799987792969,87941,AAPL,Apple,Nasdaq,USD,20260703_094838
2026-07-02 13:38:00-04:00,307.9700012207031,307.9800109863281,307.6499938964844,307.6499938964844,81124,AAPL,Apple,Nasdaq,USD,20260703_094838
2026-07-02 13:39:00-04:00,307.8299865722656,308.0299987792969,307.7749938964844,307.9700012207031,90039,AAPL,Apple,Nasdaq,USD,20260703_094838
2026-07-02 13:40:00-04:00,307.8349914550781,307.8800048828125,307.6400146484375,307.8299865722656,115836,AAPL,Apple,Nasdaq,USD,20260703_094838
2026-07-02 13:41:00-04:00,308.0299987792969,308.0899963378906,307.7550048828125,307.8399963378906,71509,AAPL,Apple,Nasdaq,USD,20260703_094838
2026-07-02 13:42:00-04:00,307.92999267578125,308.05999755859375,307.8500061035156,308.0599060058594,70822,AAPL,Apple,Nasdaq,USD,20260703_094838
2026-07-02 13:43:00-04:00,308.0400085449219,308.04998779296875,307.79998779296875,307.94000244140625,95050,AAPL,Apple,Nasdaq,USD,20260703_094838
2026-07-02 13:44:00-04:00,308.17999267578125,308.17999267578125,307.875,308.0400085449219,80351,AAPL,Apple,Nasdaq,USD,20260703_094838
2026-07-02 13:45:00-04:00,308.2300109863281,308.29998779296875,308.0199890136719,308.1700134277344,137567,AAPL,Apple,Nasdaq,USD,20260703_094838
2026-07-02 13:46:00-04:00,308.0249938964844,308.2900085449219,308.0,308.2900085449219,115918,AAPL,Apple,Nasdaq,USD,20260703_094838
2026-07-02 13:47:00-04:00,307.67999267578125,308.0899963378906,307.6400146484375,308.0400085449219,101054,AAPL,Apple,Nasdaq,USD,20260703_094838
2026-07-02 13:48:00-04:00,308.0599060058594,308.0888977050781,307.4800109863281,307.67498779296875,102011,AAPL,Apple,Nasdaq,USD,20260703_094838
2026-07-02 13:49:00-04:00,307.9800109863281,308.17999267578125,307.739990234375,308.0367126464844,178011,AAPL,Apple,Nasdaq,USD,20260703_094838
2026-07-02 13:50:00-04:00,307.90289306640625,308.04071044921875,307.7900085449219,307.9800109863281,260684,AAPL,Apple,Nasdaq,USD,20260703_094838
2026-07-02 13:51:00-04:00,308.0,308.1000061035156,307.8949890136719,307.95001220703125,82459,AAPL,Apple,Nasdaq,USD,20260703_094838
2026-07-02 13:52:00-04:00,307.7900085449219,308.0299987792969,307.7200012207031,308.0,97424,AAPL,Apple,Nasdaq,USD,20260703_094838
2026-07-02 13:53:00-04:00,307.7300109863281,307.9739990234375,307.7250061035156,307.7900085449219,71262,AAPL,Apple,Nasdaq,USD,20260703_094838
2026-07-02 13:54:00-04:00,307.79998779296875,307.889892578125,307.67999267578125,307.7250061035156,55474,AAPL,Apple,Nasdaq,USD,20260703_094838
2026-07-02 13:55:00-04:00,307.4599914550781,307.82000732421875,307.38018798828125,307.7200012207031,75990,AAPL,Apple,Nasdaq,USD,20260703_094838
2026-07-02 13:56:00-04:00,307.489990234375,307.5050048828125,307.3599853515625,307.40008544921875,50944,AAPL,Apple,Nasdaq,USD,20260703_094838
2026-07-02 13:57:00-04:00,307.3999938964844,307.5899963378906,307.2699890136719,307.4599914550781,98036,AAPL,Apple,Nasdaq,USD,20260703_094838
2026-07-02 13:58:00-04:00,307.31500244140625,307.5199890136719,307.260009765625,307.3999938964844,55827,AAPL,Apple,Nasdaq,USD,20260703_094838
2026-07-02 13:59:00-04:00,307.32000732421875,307.3399963378906,307.10009765625,307.31500244140625,94000,AAPL,Apple,Nasdaq,USD,20260703_094838
2026-07-02 14:00:00-04:00,307.62188720703125,307.75,307.1449890136719,307.3500061035156,137314,AAPL,Apple,Nasdaq,USD,20260703_094838
2026-07-02 14:01:00-04:00,307.5849914550781,307.6400146484375,307.4599914550781,307.6400146484375,97881,AAPL,Apple,Nasdaq,USD,20260703_094838
2026-07-02 14:02:00-04:00,307.2699890136719,307.6549987792969,307.2650146484375,307.5899963378906,137455,AAPL,Apple,Nasdaq,USD,20260703_094838
2026-07-02 14:03:00-04:00,307.3699951171875,307.3699951171875,307.1600036621094,307.2650146484375,71674,AAPL,Apple,Nasdaq,USD,20260703_094838
2026-07-02 14:04:00-04:00,307.6449890136719,307.7998962402344,307.3999938964844,307.3999938964844,73854,AAPL,Apple,Nasdaq,USD,20260703_094838
2026-07-02 14:05:00-04:00,307.6050109863281,307.7699890136719,307.5364990234375,307.6449890136719,91012,AAPL,Apple,Nasdaq,USD,20260703_094838
2026-07-02 14:06:00-04:00,307.6474914550781,307.79998779296875,307.56500244140625,307.6050109863281,105806,AAPL,Apple,Nasdaq,USD,20260703_094838
2026-07-02 14:07:00-04:00,307.3900146484375,307.7300109863281,307.3550109863281,307.56500244140625,68060,AAPL,Apple,Nasdaq,USD,20260703_094838
2026-07-02 14:08:00-04:00,307.7749938964844,307.7799987792969,307.2200012207031,307.3900146484375,78666,AAPL,Apple,Nasdaq,USD,20260703_094838
2026-07-02 14:09:00-04:00,307.510009765625,307.82000732421875,307.4400939941406,307.7749938964844,86444,AAPL,Apple,Nasdaq,USD,20260703_094838
2026-07-02 14:10:00-04:00,307.4949951171875,307.6600036621094,307.4700012207031,307.5050048828125,77700,AAPL,Apple,Nasdaq,USD,20260703_094838
2026-07-02 14:11:00-04:00,307.5799865722656,307.6700134277344,307.4949951171875,307.5,68510,AAPL,Apple,Nasdaq,USD,20260703_094838
2026-07-02 14:12:00-04:00,307.6199951171875,307.67498779296875,307.47259521484375,307.589599609375,69061,AAPL,Apple,Nasdaq,USD,20260703_094838
2026-07-02 14:13:00-04:00,307.6300048828125,307.7099914550781,307.55999755859375,307.6499938964844,103261,AAPL,Apple,Nasdaq,USD,20260703_094838
2026-07-02 14:14:00-04:00,307.6400146484375,307.6700134277344,307.5,307.6199951171875,70357,AAPL,Apple,Nasdaq,USD,20260703_094838
2026-07-02 14:15:00-04:00,307.67999267578125,307.75,307.5201110839844,307.65008544921875,75460,AAPL,Apple,Nasdaq,USD,20260703_094838
2026-07-02 14:16:00-04:00,307.6700134277344,307.79998779296875,307.489990234375,307.67999267578125,74147,AAPL,Apple,Nasdaq,USD,20260703_094838
2026-07-02 14:17:00-04:00,307.4649963378906,307.79998779296875,307.4100036621094,307.67999267578125,94858,AAPL,Apple,Nasdaq,USD,20260703_094838
2026-07-02 14:18:00-04:00,307.5199890136719,307.6199951171875,307.3399963378906,307.4649963378906,67083,AAPL,Apple,Nasdaq,USD,20260703_094838
2026-07-02 14:19:00-04:00,307.1004943847656,307.5249938964844,306.8200988769531,307.5198974609375,244359,AAPL,Apple,Nasdaq,USD,20260703_094838
2026-07-02 14:20:00-04:00,307.3900146484375,307.4700012207031,307.1000061035156,307.1099853515625,80475,AAPL,Apple,Nasdaq,USD,20260703_094838
2026-07-02 14:21:00-04:00,307.4100036621094,307.5899963378906,307.3900146484375,307.3999938964844,64316,AAPL,Apple,Nasdaq,USD,20260703_094838
2026-07-02 14:22:00-04:00,307.1400146484375,307.3949890136719,307.1199951171875,307.3949890136719,82683,AAPL,Apple,Nasdaq,USD,20260703_094838
2026-07-02 14:23:00-04:00,307.30999755859375,307.30999755859375,307.110107421875,307.1400146484375,71491,AAPL,Apple,Nasdaq,USD,20260703_094838
2026-07-02 14:24:00-04:00,307.25,307.4700012207031,307.25,307.3092956542969,76309,AAPL,Apple,Nasdaq,USD,20260703_094838
2026-07-02 14:25:00-04:00,307.2749938964844,307.3500061035156,307.1700134277344,307.2449951171875,90488,AAPL,Apple,Nasdaq,USD,20260703_094838
2026-07-02 14:26:00-04:00,307.3800048828125,307.42999267578125,307.114990234375,307.2749938964844,106135,AAPL,Apple,Nasdaq,USD,20260703_094838
2026-07-02 14:27:00-04:00,307.2699890136719,307.364990234375,307.1300048828125,307.364990234375,78694,AAPL,Apple,Nasdaq,USD,20260703_094838
2026-07-02 14:28:00-04:00,307.4700012207031,307.5,307.2749938964844,307.29998779296875,74644,AAPL,Apple,Nasdaq,USD,20260703_094838
2026-07-02 14:29:00-04:00,307.3299865722656,307.5299987792969,307.2959899902344,307.48480224609375,49270,AAPL,Apple,Nasdaq,USD,20260703_094838
2026-07-02 14:30:00-04:00,307.6300048828125,307.7699890136719,307.2699890136719,307.3399963378906,115548,AAPL,Apple,Nasdaq,USD,20260703_094838
2026-07-02 14:31:00-04:00,307.8800048828125,307.8999938964844,307.6000061035156,307.614990234375,104110,AAPL,Apple,Nasdaq,USD,20260703_094838
2026-07-02 14:32:00-04:00,307.6199951171875,307.89990234375,307.6199951171875,307.8800048828125,86494,AAPL,Apple,Nasdaq,USD,20260703_094838
2026-07-02 14:33:00-04:00,307.54998779296875,307.639892578125,307.38629150390625,307.6299133300781,57555,AAPL,Apple,Nasdaq,USD,20260703_094838
2026-07-02 14:34:00-04:00,307.53009033203125,307.6099853515625,307.4800109863281,307.54998779296875,86697,AAPL,Apple,Nasdaq,USD,20260703_094838
2026-07-02 14:35:00-04:00,307.4773864746094,307.6000061035156,307.3500061035156,307.54998779296875,70178,AAPL,Apple,Nasdaq,USD,20260703_094838
2026-07-02 14:36:00-04:00,307.57501220703125,307.7799987792969,307.4700012207031,307.4800109863281,68516,AAPL,Apple,Nasdaq,USD,20260703_094838
2026-07-02 14:37:00-04:00,307.6600036621094,307.67999267578125,307.55999755859375,307.5799865722656,42489,AAPL,Apple,Nasdaq,USD,20260703_094838
2026-07-02 14:38:00-04:00,307.4501037597656,307.6695861816406,307.44000244140625,307.6600036621094,53785,AAPL,Apple,Nasdaq,USD,20260703_094838
2026-07-02 14:39:00-04:00,307.3599853515625,307.4800109863281,307.32000732421875,307.42999267578125,55194,AAPL,Apple,Nasdaq,USD,20260703_094838
2026-07-02 14:40:00-04:00,307.239990234375,307.489990234375,307.1600036621094,307.32000732421875,566896,AAPL,Apple,Nasdaq,USD,20260703_094838
2026-07-02 14:41:00-04:00,307.1400146484375,307.3999938964844,307.1300048828125,307.2200012207031,60820,AAPL,Apple,Nasdaq,USD,20260703_094838
2026-07-02 14:42:00-04:00,307.3699951171875,307.489990234375,307.1400146484375,307.1499938964844,67334,AAPL,Apple,Nasdaq,USD,20260703_094838
2026-07-02 14:43:00-04:00,307.42999267578125,307.4898986816406,307.25,307.3900146484375,65168,AAPL,Apple,Nasdaq,USD,20260703_094838
2026-07-02 14:44:00-04:00,307.54998779296875,307.69000244140625,307.4100036621094,307.43499755859375,71755,AAPL,Apple,Nasdaq,USD,20260703_094838
2026-07-02 14:45:00-04:00,307.54998779296875,307.6499938964844,307.3641052246094,307.54998779296875,54175,AAPL,Apple,Nasdaq,USD,20260703_094838
2026-07-02 14:46:00-04:00,307.489990234375,307.55999755859375,307.3800048828125,307.54998779296875,48434,AAPL,Apple,Nasdaq,USD,20260703_094838
2026-07-02 14:47:00-04:00,307.489990234375,307.5299987792969,307.3504943847656,307.5,46397,AAPL,Apple,Nasdaq,USD,20260703_094838
2026-07-02 14:48:00-04:00,307.5150146484375,307.5299987792969,307.3900146484375,307.5,35971,AAPL,Apple,Nasdaq,USD,20260703_094838
2026-07-02 14:49:00-04:00,307.4200134277344,307.5400085449219,307.3500061035156,307.5299987792969,50323,AAPL,Apple,Nasdaq,USD,20260703_094838
2026-07-02 14:50:00-04:00,307.7550048828125,307.7900085449219,307.3900146484375,307.4200134277344,93358,AAPL,Apple,Nasdaq,USD,20260703_094838
2026-07-02 14:51:00-04:00,307.7401123046875,307.79998779296875,307.6300048828125,307.75,85328,AAPL,Apple,Nasdaq,USD,20260703_094838
2026-07-02 14:52:00-04:00,307.7099914550781,307.80999755859375,307.5799865722656,307.75,84716,AAPL,Apple,Nasdaq,USD,20260703_094838
2026-07-02 14:53:00-04:00,307.79998779296875,307.79998779296875,307.69000244140625,307.7099914550781,47708,AAPL,Apple,Nasdaq,USD,20260703_094838
2026-07-02 14:54:00-04:00,307.57000732421875,307.80999755859375,307.5199890136719,307.80999755859375,100157,AAPL,Apple,Nasdaq,USD,20260703_094838
2026-07-02 14:55:00-04:00,307.7900085449219,307.8299865722656,307.55999755859375,307.57000732421875,88257,AAPL,Apple,Nasdaq,USD,20260703_094838
2026-07-02 14:56:00-04:00,307.8399963378906,307.8999938964844,307.760009765625,307.7799987792969,86688,AAPL,Apple,Nasdaq,USD,20260703_094838
2026-07-02 14:57:00-04:00,307.864990234375,307.8800048828125,307.5799865722656,307.8399963378906,94397,AAPL,Apple,Nasdaq,USD,20260703_094838
2026-07-02 14:58:00-04:00,307.81500244140625,308.1000061035156,307.75,307.864990234375,124210,AAPL,Apple,Nasdaq,USD,20260703_094838
2026-07-02 14:59:00-04:00,307.6449890136719,307.92498779296875,307.6199951171875,307.80999755859375,78336,AAPL,Apple,Nasdaq,USD,20260703_094838
2026-07-02 15:00:00-04:00,307.9501037597656,308.17999267578125,307.6000061035156,307.6449890136719,91369,AAPL,Apple,Nasdaq,USD,20260703_094838
2026-07-02 15:01:00-04:00,307.94000244140625,308.0899963378906,307.79998779296875,307.9580993652344,99263,AAPL,Apple,Nasdaq,USD,20260703_094838
2026-07-02 15:02:00-04:00,307.8349914550781,307.9849853515625,307.7699890136719,307.93499755859375,76490,AAPL,Apple,Nasdaq,USD,20260703_094838
2026-07-02 15:03:00-04:00,307.94000244140625,307.9599914550781,307.8299865722656,307.8349914550781,68184,AAPL,Apple,Nasdaq,USD,20260703_094838
2026-07-02 15:04:00-04:00,307.42999267578125,307.9599914550781,307.3800048828125,307.94000244140625,119712,AAPL,Apple,Nasdaq,USD,20260703_094838
2026-07-02 15:05:00-04:00,307.739990234375,307.739990234375,307.44000244140625,307.44000244140625,69905,AAPL,Apple,Nasdaq,USD,20260703_094838
2026-07-02 15:06:00-04:00,307.92498779296875,308.04998779296875,307.7300109863281,307.739990234375,114076,AAPL,Apple,Nasdaq,USD,20260703_094838
2026-07-02 15:07:00-04:00,308.19000244140625,308.2099914550781,307.9200134277344,307.95001220703125,112855,AAPL,Apple,Nasdaq,USD,20260703_094838
2026-07-02 15:08:00-04:00,308.1400146484375,308.2099914550781,308.07000732421875,308.19000244140625,78574,AAPL,Apple,Nasdaq,USD,20260703_094838
2026-07-02 15:09:00-04:00,308.0899963378906,308.2300109863281,308.07000732421875,308.1199951171875,90932,AAPL,Apple,Nasdaq,USD,20260703_094838
2026-07-02 15:10:00-04:00,308.2799987792969,308.2900085449219,308.0400085449219,308.0799865722656,104716,AAPL,Apple,Nasdaq,USD,20260703_094838
2026-07-02 15:11:00-04:00,308.1300048828125,308.30999755859375,308.1199951171875,308.2850036621094,89287,AAPL,Apple,Nasdaq,USD,20260703_094838
2026-07-02 15:12:00-04:00,307.9200134277344,308.177490234375,307.8699951171875,308.1200866699219,69809,AAPL,Apple,Nasdaq,USD,20260703_094838
2026-07-02 15:13:00-04:00,307.79998779296875,308.0201110839844,307.79998779296875,307.9200134277344,73382,AAPL,Apple,Nasdaq,USD,20260703_094838
2026-07-02 15:14:00-04:00,307.7900085449219,307.8800048828125,307.6499938964844,307.8099060058594,73672,AAPL,Apple,Nasdaq,USD,20260703_094838
2026-07-02 15:15:00-04:00,307.510009765625,307.7799987792969,307.45001220703125,307.7799987792969,83812,AAPL,Apple,Nasdaq,USD,20260703_094838
2026-07-02 15:16:00-04:00,307.7799987792969,307.8399963378906,307.510009765625,307.510009765625,101204,AAPL,Apple,Nasdaq,USD,20260703_094838
2026-07-02 15:17:00-04:00,307.8999938964844,307.9700012207031,307.7629089355469,307.7650146484375,84409,AAPL,Apple,Nasdaq,USD,20260703_094838
2026-07-02 15:18:00-04:00,307.8299865722656,307.95001220703125,307.7699890136719,307.8999938964844,84826,AAPL,Apple,Nasdaq,USD,20260703_094838
2026-07-02 15:19:00-04:00,307.92999267578125,308.04998779296875,307.82000732421875,307.8299865722656,99728,AAPL,Apple,Nasdaq,USD,20260703_094838
2026-07-02 15:20:00-04:00,307.8349914550781,307.9700012207031,307.77978515625,307.92999267578125,66403,AAPL,Apple,Nasdaq,USD,20260703_094838
2026-07-02 15:21:00-04:00,307.760009765625,307.8800048828125,307.67999267578125,307.8349914550781,90971,AAPL,Apple,Nasdaq,USD,20260703_094838
2026-07-02 15:22:00-04:00,307.625,307.7699890136719,307.5,307.7699890136719,110024,AAPL,Apple,Nasdaq,USD,20260703_094838
2026-07-02 15:23:00-04:00,307.5299987792969,307.6549987792969,307.4700012207031,307.625,127051,AAPL,Apple,Nasdaq,USD,20260703_094838
2026-07-02 15:24:00-04:00,307.625,307.6700134277344,307.5,307.5400085449219,91415,AAPL,Apple,Nasdaq,USD,20260703_094838
2026-07-02 15:25:00-04:00,307.590087890625,307.6400146484375,307.53009033203125,307.6300048828125,102101,AAPL,Apple,Nasdaq,USD,20260703_094838
2026-07-02 15:26:00-04:00,307.42498779296875,307.6099853515625,307.4100036621094,307.6098937988281,92383,AAPL,Apple,Nasdaq,USD,20260703_094838
2026-07-02 15:27:00-04:00,307.510009765625,307.510009765625,307.30010986328125,307.4216003417969,92672,AAPL,Apple,Nasdaq,USD,20260703_094838
2026-07-02 15:28:00-04:00,307.3599853515625,307.5450134277344,307.340087890625,307.510009765625,101577,AAPL,Apple,Nasdaq,USD,20260703_094838
2026-07-02 15:29:00-04:00,307.42498779296875,307.55999755859375,307.2601013183594,307.3599853515625,98779,AAPL,Apple,Nasdaq,USD,20260703_094838
2026-07-02 15:30:00-04:00,307.7300109863281,307.75,307.31500244140625,307.44000244140625,109261,AAPL,Apple,Nasdaq,USD,20260703_094838
2026-07-02 15:31:00-04:00,307.7900085449219,307.8299865722656,307.6700134277344,307.739990234375,144554,AAPL,Apple,Nasdaq,USD,20260703_094838
2026-07-02 15:32:00-04:00,307.9700012207031,307.9700012207031,307.7250061035156,307.7925109863281,124745,AAPL,Apple,Nasdaq,USD,20260703_094838
2026-07-02 15:33:00-04:00,308.07000732421875,308.1400146484375,307.9601135253906,307.9700012207031,130611,AAPL,Apple,Nasdaq,USD,20260703_094838
2026-07-02 15:34:00-04:00,308.0450134277344,308.1499938964844,308.010009765625,308.0899963378906,94593,AAPL,Apple,Nasdaq,USD,20260703_094838
2026-07-02 15:35:00-04:00,308.0899963378906,308.1449890136719,308.010009765625,308.04998779296875,118268,AAPL,Apple,Nasdaq,USD,20260703_094838
2026-07-02 15:36:00-04:00,308.20001220703125,308.20098876953125,307.9599914550781,308.0849914550781,157177,AAPL,Apple,Nasdaq,USD,20260703_094838
2026-07-02 15:37:00-04:00,308.3599853515625,308.3699951171875,308.1300048828125,308.20001220703125,127018,AAPL,Apple,Nasdaq,USD,20260703_094838
2026-07-02 15:38:00-04:00,308.1799011230469,308.510009765625,308.1600036621094,308.3699951171875,175604,AAPL,Apple,Nasdaq,USD,20260703_094838
2026-07-02 15:39:00-04:00,308.260009765625,308.30999755859375,308.07000732421875,308.1600036621094,134706,AAPL,Apple,Nasdaq,USD,20260703_094838
2026-07-02 15:40:00-04:00,308.2900085449219,308.4599914550781,308.2200012207031,308.260009765625,137751,AAPL,Apple,Nasdaq,USD,20260703_094838
2026-07-02 15:41:00-04:00,308.3599853515625,308.42999267578125,308.2099914550781,308.2900085449219,133164,AAPL,Apple,Nasdaq,USD,20260703_094838
2026-07-02 15:42:00-04:00,308.1700134277344,308.3599853515625,308.1199951171875,308.3399963378906,214768,AAPL,Apple,Nasdaq,USD,20260703_094838
2026-07-02 15:43:00-04:00,307.83099365234375,308.2900085449219,307.83099365234375,308.1871032714844,160750,AAPL,Apple,Nasdaq,USD,20260703_094838
2026-07-02 15:44:00-04:00,307.9800109863281,308.0299987792969,307.7799987792969,307.8299865722656,178037,AAPL,Apple,Nasdaq,USD,20260703_094838
2026-07-02 15:45:00-04:00,307.739990234375,308.0299987792969,307.7300109863281,307.9800109863281,158471,AAPL,Apple,Nasdaq,USD,20260703_094838
2026-07-02 15:46:00-04:00,307.7200012207031,307.760009765625,307.54998779296875,307.69000244140625,123484,AAPL,Apple,Nasdaq,USD,20260703_094838
2026-07-02 15:47:00-04:00,307.5450134277344,307.82000732421875,307.53009033203125,307.7300109863281,102845,AAPL,Apple,Nasdaq,USD,20260703_094838
2026-07-02 15:48:00-04:00,307.7099914550781,307.7300109863281,307.2099914550781,307.5450134277344,172208,AAPL,Apple,Nasdaq,USD,20260703_094838
2026-07-02 15:49:00-04:00,307.5299987792969,307.7650146484375,307.44000244140625,307.7200012207031,183802,AAPL,Apple,Nasdaq,USD,20260703_094838
2026-07-02 15:50:00-04:00,307.75,308.4700012207031,307.5400085449219,307.5400085449219,369519,AAPL,Apple,Nasdaq,USD,20260703_094838
2026-07-02 15:51:00-04:00,307.9800109863281,308.1300048828125,307.75,307.760009765625,272217,AAPL,Apple,Nasdaq,USD,20260703_094838
2026-07-02 15:52:00-04:00,308.1499938964844,308.2300109863281,307.92999267578125,307.9700012207031,222816,AAPL,Apple,Nasdaq,USD,20260703_094838
2026-07-02 15:53:00-04:00,308.30499267578125,308.32000732421875,308.0199890136719,308.1300048828125,332885,AAPL,Apple,Nasdaq,USD,20260703_094838
2026-07-02 15:54:00-04:00,308.0400085449219,308.54998779296875,307.95001220703125,308.30499267578125,318358,AAPL,Apple,Nasdaq,USD,20260703_094838
2026-07-02 15:55:00-04:00,309.1499938964844,309.25,308.0400085449219,308.0400085449219,556325,AAPL,Apple,Nasdaq,USD,20260703_094838
2026-07-02 15:56:00-04:00,309.1499938964844,309.2799987792969,308.9100036621094,309.17999267578125,477999,AAPL,Apple,Nasdaq,USD,20260703_094838
2026-07-02 15:57:00-04:00,309.0899963378906,309.4200134277344,308.95001220703125,309.1499938964844,768731,AAPL,Apple,Nasdaq,USD,20260703_094838
2026-07-02 15:58:00-04:00,308.7449951171875,309.2300109863281,308.7099914550781,309.1000061035156,805685,AAPL,Apple,Nasdaq,USD,20260703_094838
2026-07-02 15:59:00-04:00,308.2200012207031,308.9599914550781,308.1000061035156,308.75,1654260,AAPL,Apple,Nasdaq,USD,20260703_094838
2026-07-02 09:30:00-04:00,297.09991455078125,297.1000061035156,293.67999267578125,294.0849914550781,1161939,AAPL,Apple,Nasdaq,USD,20260703_115906
2026-07-02 09:31:00-04:00,298.94000244140625,299.0400085449219,296.92999267578125,297.1000061035156,387097,AAPL,Apple,Nasdaq,USD,20260703_115906
2026-07-02 09:32:00-04:00,299.2699890136719,299.82000732421875,298.6600036621094,298.9700012207031,333980,AAPL,Apple,Nasdaq,USD,20260703_115906
2026-07-02 09:33:00-04:00,298.0400085449219,299.5,297.8075866699219,299.30499267578125,244659,AAPL,Apple,Nasdaq,USD,20260703_115906
2026-07-02 09:34:00-04:00,298.20001220703125,298.510009765625,297.8900146484375,298.125,143692,AAPL,Apple,Nasdaq,USD,20260703_115906
2026-07-02 09:35:00-04:00,298.4179992675781,298.8599853515625,298.1252136230469,298.1813049316406,241851,AAPL,Apple,Nasdaq,USD,20260703_115906
2026-07-02 09:36:00-04:00,298.92999267578125,299.0799865722656,298.20001220703125,298.42498779296875,177706,AAPL,Apple,Nasdaq,USD,20260703_115906
2026-07-02 09:37:00-04:00,299.2900085449219,299.3500061035156,298.8299865722656,298.989990234375,166444,AAPL,Apple,Nasdaq,USD,20260703_115906
2026-07-02 09:38:00-04:00,299.55999755859375,299.7099914550781,299.1900939941406,299.2900085449219,204531,AAPL,Apple,Nasdaq,USD,20260703_115906
2026-07-02 09:39:00-04:00,300.1300048828125,300.1600036621094,299.42999267578125,299.6199951171875,384326,AAPL,Apple,Nasdaq,USD,20260703_115906
2026-07-02 09:40:00-04:00,299.9750061035156,300.3299865722656,299.7799987792969,300.1300048828125,184912,AAPL,Apple,Nasdaq,USD,20260703_115906
2026-07-02 09:41:00-04:00,300.864990234375,300.92999267578125,299.8550109863281,299.9700012207031,230313,AAPL,Apple,Nasdaq,USD,20260703_115906
2026-07-02 09:42:00-04:00,300.7799987792969,301.1400146484375,300.5101013183594,300.8800048828125,401939,AAPL,Apple,Nasdaq,USD,20260703_115906
2026-07-02 09:43:00-04:00,300.45001220703125,301.1199951171875,300.3399963378906,300.7799987792969,195235,AAPL,Apple,Nasdaq,USD,20260703_115906
2026-07-02 09:44:00-04:00,300.3500061035156,300.7099914550781,300.260009765625,300.44000244140625,177277,AAPL,Apple,Nasdaq,USD,20260703_115906
2026-07-02 09:45:00-04:00,300.9800109863281,301.17999267578125,300.3800048828125,300.3800048828125,198028,AAPL,Apple,Nasdaq,USD,20260703_115906
2026-07-02 09:46:00-04:00,300.9200134277344,301.6997985839844,300.8299865722656,300.9649963378906,214435,AAPL,Apple,Nasdaq,USD,20260703_115906
2026-07-02 09:47:00-04:00,301.69000244140625,301.75,300.6700134277344,300.9100036621094,212118,AAPL,Apple,Nasdaq,USD,20260703_115906
2026-07-02 09:48:00-04:00,302.0874938964844,302.1094970703125,301.55999755859375,301.67999267578125,274465,AAPL,Apple,Nasdaq,USD,20260703_115906
2026-07-02 09:49:00-04:00,302.1700134277344,302.3546142578125,301.8810119628906,302.07501220703125,266386,AAPL,Apple,Nasdaq,USD,20260703_115906
2026-07-02 09:50:00-04:00,302.3299865722656,302.67999267578125,302.1300048828125,302.1499938964844,250889,AAPL,Apple,Nasdaq,USD,20260703_115906
2026-07-02 09:51:00-04:00,301.5899963378906,302.3349914550781,301.4700012207031,302.3349914550781,220691,AAPL,Apple,Nasdaq,USD,20260703_115906
2026-07-02 09:52:00-04:00,302.3800048828125,302.3999938964844,301.57000732421875,301.5899963378906,132526,AAPL,Apple,Nasdaq,USD,20260703_115906
2026-07-02 09:53:00-04:00,302.1700134277344,302.4353942871094,302.04998779296875,302.3800048828125,121901,AAPL,Apple,Nasdaq,USD,20260703_115906
2026-07-02 09:54:00-04:00,301.7550048828125,302.1600036621094,301.6400146484375,302.1600036621094,1968854,AAPL,Apple,Nasdaq,USD,20260703_115906
2026-07-02 09:55:00-04:00,301.8843078613281,301.9898986816406,301.4700927734375,301.75,140025,AAPL,Apple,Nasdaq,USD,20260703_115906
2026-07-02 09:56:00-04:00,301.864990234375,301.947509765625,301.6400146484375,301.9100036621094,167523,AAPL,Apple,Nasdaq,USD,20260703_115906
2026-07-02 09:57:00-04:00,302.0899963378906,302.1199951171875,301.864990234375,301.9200134277344,169033,AAPL,Apple,Nasdaq,USD,20260703_115906
2026-07-02 09:58:00-04:00,302.260009765625,302.4200134277344,302.0199890136719,302.060791015625,198315,AAPL,Apple,Nasdaq,USD,20260703_115906
2026-07-02 09:59:00-04:00,302.80999755859375,302.80999755859375,302.19000244140625,302.2900085449219,203320,AAPL,Apple,Nasdaq,USD,20260703_115906
2026-07-02 10:00:00-04:00,302.6900939941406,303.17498779296875,302.69000244140625,302.8500061035156,407126,AAPL,Apple,Nasdaq,USD,20260703_115906
2026-07-02 10:01:00-04:00,302.8599853515625,303.1300048828125,302.6700134277344,302.69000244140625,194760,AAPL,Apple,Nasdaq,USD,20260703_115906
2026-07-02 10:02:00-04:00,302.760009765625,303.0299987792969,302.6188049316406,302.8609924316406,151528,AAPL,Apple,Nasdaq,USD,20260703_115906
2026-07-02 10:03:00-04:00,302.989990234375,303.1600036621094,302.66009521484375,302.79998779296875,149761,AAPL,Apple,Nasdaq,USD,20260703_115906
2026-07-02 10:04:00-04:00,303.01031494140625,303.3900146484375,302.8599853515625,302.94500732421875,145782,AAPL,Apple,Nasdaq,USD,20260703_115906
2026-07-02 10:05:00-04:00,302.97198486328125,303.2900085449219,302.9599914550781,303.07000732421875,144476,AAPL,Apple,Nasdaq,USD,20260703_115906
2026-07-02 10:06:00-04:00,302.80999755859375,303.1099853515625,302.7101135253906,302.9649963378906,151871,AAPL,Apple,Nasdaq,USD,20260703_115906
2026-07-02 10:07:00-04:00,302.9649963378906,302.9700012207031,302.7300109863281,302.8399963378906,126195,AAPL,Apple,Nasdaq,USD,20260703_115906
2026-07-02 10:08:00-04:00,303.2349853515625,303.5,302.8399963378906,302.94000244140625,158493,AAPL,Apple,Nasdaq,USD,20260703_115906
2026-07-02 10:09:00-04:00,303.5350036621094,303.57000732421875,303.0400085449219,303.239990234375,319520,AAPL,Apple,Nasdaq,USD,20260703_115906
2026-07-02 10:10:00-04:00,303.19500732421875,303.5799865722656,303.1199951171875,303.54998779296875,171241,AAPL,Apple,Nasdaq,USD,20260703_115906
2026-07-02 10:11:00-04:00,303.7300109863281,303.7698974609375,303.2300109863281,303.2300109863281,235075,AAPL,Apple,Nasdaq,USD,20260703_115906
2026-07-02 10:12:00-04:00,304.0350036621094,304.0599060058594,303.6000061035156,303.739990234375,278142,AAPL,Apple,Nasdaq,USD,20260703_115906
2026-07-02 10:13:00-04:00,304.260009765625,304.5199890136719,303.9599914550781,304.0299987792969,370643,AAPL,Apple,Nasdaq,USD,20260703_115906
2026-07-02 10:14:00-04:00,303.7300109863281,304.2699890136719,303.1099853515625,304.268310546875,250766,AAPL,Apple,Nasdaq,USD,20260703_115906
2026-07-02 10:15:00-04:00,303.94000244140625,304.1700134277344,303.5899963378906,303.7449951171875,163011,AAPL,Apple,Nasdaq,USD,20260703_115906
2026-07-02 10:16:00-04:00,303.82989501953125,304.1000061035156,303.6400146484375,303.9150085449219,156320,AAPL,Apple,Nasdaq,USD,20260703_115906
2026-07-02 10:17:00-04:00,304.0899963378906,304.29998779296875,303.60009765625,303.8299865722656,146615,AAPL,Apple,Nasdaq,USD,20260703_115906
2026-07-02 10:18:00-04:00,303.7200012207031,304.1300048828125,303.6499938964844,304.05999755859375,106390,AAPL,Apple,Nasdaq,USD,20260703_115906
2026-07-02 10:19:00-04:00,304.3699951171875,304.5090026855469,303.7179870605469,303.75311279296875,193185,AAPL,Apple,Nasdaq,USD,20260703_115906
2026-07-02 10:20:00-04:00,304.54998779296875,304.75,304.239990234375,304.3949890136719,225006,AAPL,Apple,Nasdaq,USD,20260703_115906
2026-07-02 10:21:00-04:00,304.7349853515625,304.7569885253906,304.5,304.5799865722656,230435,AAPL,Apple,Nasdaq,USD,20260703_115906
2026-07-02 10:22:00-04:00,304.82989501953125,304.8599853515625,304.55999755859375,304.7200012207031,204825,AAPL,Apple,Nasdaq,USD,20260703_115906
2026-07-02 10:23:00-04:00,304.69500732421875,305.1099853515625,304.55999755859375,304.8299865722656,400998,AAPL,Apple,Nasdaq,USD,20260703_115906
2026-07-02 10:24:00-04:00,304.5617980957031,304.95001220703125,304.4700012207031,304.7200012207031,213038,AAPL,Apple,Nasdaq,USD,20260703_115906
2026-07-02 10:25:00-04:00,304.7300109863281,304.84991455078125,304.1289978027344,304.6064147949219,162681,AAPL,Apple,Nasdaq,USD,20260703_115906
2026-07-02 10:26:00-04:00,304.5050048828125,304.82000732421875,304.3500061035156,304.739990234375,161291,AAPL,Apple,Nasdaq,USD,20260703_115906
2026-07-02 10:27:00-04:00,304.4949951171875,304.885009765625,304.360107421875,304.5299987792969,212205,AAPL,Apple,Nasdaq,USD,20260703_115906
2026-07-02 10:28:00-04:00,304.70001220703125,304.8500061035156,304.3450012207031,304.5299987792969,171249,AAPL,Apple,Nasdaq,USD,20260703_115906
2026-07-02 10:29:00-04:00,305.04998779296875,305.32000732421875,304.5,304.7099914550781,211238,AAPL,Apple,Nasdaq,USD,20260703_115906
2026-07-02 10:30:00-04:00,305.239990234375,305.3389892578125,304.8500061035156,305.04400634765625,209182,AAPL,Apple,Nasdaq,USD,20260703_115906
2026-07-02 10:31:00-04:00,305.739990234375,305.964599609375,305.2200012207031,305.25,288714,AAPL,Apple,Nasdaq,USD,20260703_115906
2026-07-02 10:32:00-04:00,306.3450012207031,306.6398010253906,305.71240234375,305.739990234375,313436,AAPL,Apple,Nasdaq,USD,20260703_115906
2026-07-02 10:33:00-04:00,305.8900146484375,306.3800048828125,305.8706970214844,306.3699951171875,260122,AAPL,Apple,Nasdaq,USD,20260703_115906
2026-07-02 10:34:00-04:00,305.7099914550781,305.9200134277344,305.32000732421875,305.8999938964844,228864,AAPL,Apple,Nasdaq,USD,20260703_115906
2026-07-02 10:35:00-04:00,305.1650085449219,305.8500061035156,305.05999755859375,305.7200012207031,237920,AAPL,Apple,Nasdaq,USD,20260703_115906
2026-07-02 10:36:00-04:00,305.4800109863281,305.5274963378906,305.07000732421875,305.1600036621094,233842,AAPL,Apple,Nasdaq,USD,20260703_115906
2026-07-02 10:37:00-04:00,305.25,305.69000244140625,305.1499938964844,305.4649963378906,246577,AAPL,Apple,Nasdaq,USD,20260703_115906
2026-07-02 10:38:00-04:00,305.54791259765625,305.5599060058594,304.8800048828125,305.2699890136719,154884,AAPL,Apple,Nasdaq,USD,20260703_115906
2026-07-02 10:39:00-04:00,305.3800048828125,305.739990234375,305.239990234375,305.5400085449219,163306,AAPL,Apple,Nasdaq,USD,20260703_115906
2026-07-02 10:40:00-04:00,305.69000244140625,305.9200134277344,305.35009765625,305.3900146484375,139998,AAPL,Apple,Nasdaq,USD,20260703_115906
2026-07-02 10:41:00-04:00,305.64300537109375,306.0899963378906,305.5899963378906,305.6700134277344,163726,AAPL,Apple,Nasdaq,USD,20260703_115906
2026-07-02 10:42:00-04:00,306.07501220703125,306.1000061035156,305.5199890136719,305.6600036621094,205352,AAPL,Apple,Nasdaq,USD,20260703_115906
2026-07-02 10:43:00-04:00,305.9599914550781,306.19940185546875,305.7200012207031,306.1000061035156,161406,AAPL,Apple,Nasdaq,USD,20260703_115906
2026-07-02 10:44:00-04:00,306.4200134277344,306.4200134277344,305.9200134277344,305.989990234375,211542,AAPL,Apple,Nasdaq,USD,20260703_115906
2026-07-02 10:45:00-04:00,306.2300109863281,306.7749938964844,306.1900939941406,306.4200134277344,294175,AAPL,Apple,Nasdaq,USD,20260703_115906
2026-07-02 10:46:00-04:00,306.1650085449219,306.3399963378906,305.75,306.2099914550781,208585,AAPL,Apple,Nasdaq,USD,20260703_115906
2026-07-02 10:47:00-04:00,306.2799987792969,306.5299987792969,306.1199951171875,306.1650085449219,210988,AAPL,Apple,Nasdaq,USD,20260703_115906
2026-07-02 10:48:00-04:00,305.56500244140625,306.2799987792969,305.5400085449219,306.2799987792969,211654,AAPL,Apple,Nasdaq,USD,20260703_115906
2026-07-02 10:49:00-04:00,305.5199890136719,305.89990234375,305.5199890136719,305.56500244140625,148071,AAPL,Apple,Nasdaq,USD,20260703_115906
2026-07-02 10:50:00-04:00,305.5,305.95001220703125,305.30010986328125,305.5199890136719,167438,AAPL,Apple,Nasdaq,USD,20260703_115906
2026-07-02 10:51:00-04:00,305.92498779296875,305.94000244140625,305.489990234375,305.5,119529,AAPL,Apple,Nasdaq,USD,20260703_115906
2026-07-02 10:52:00-04:00,306.1488037109375,306.2799987792969,305.8999938964844,305.8999938964844,176020,AAPL,Apple,Nasdaq,USD,20260703_115906
2026-07-02 10:53:00-04:00,306.489990234375,306.5,306.04998779296875,306.135009765625,137390,AAPL,Apple,Nasdaq,USD,20260703_115906
2026-07-02 10:54:00-04:00,306.30999755859375,306.4700012207031,306.1600036621094,306.4700012207031,144751,AAPL,Apple,Nasdaq,USD,20260703_115906
2026-07-02 10:55:00-04:00,306.3949890136719,306.5199890136719,306.30999755859375,306.30999755859375,130436,AAPL,Apple,Nasdaq,USD,20260703_115906
2026-07-02 10:56:00-04:00,306.6400146484375,306.69000244140625,306.3100891113281,306.4200134277344,152744,AAPL,Apple,Nasdaq,USD,20260703_115906
2026-07-02 10:57:00-04:00,306.75,306.8900146484375,306.4700012207031,306.6300048828125,150480,AAPL,Apple,Nasdaq,USD,20260703_115906
2026-07-02 10:58:00-04:00,306.75,307.0400085449219,306.7300109863281,306.7699890136719,324713,AAPL,Apple,Nasdaq,USD,20260703_115906
2026-07-02 10:59:00-04:00,306.87799072265625,306.8999938964844,306.54998779296875,306.7900085449219,208476,AAPL,Apple,Nasdaq,USD,20260703_115906
2026-07-02 11:00:00-04:00,307.4750061035156,307.5299987792969,306.7879943847656,306.8999938964844,277220,AAPL,Apple,Nasdaq,USD,20260703_115906
2026-07-02 11:01:00-04:00,307.6700134277344,307.760009765625,307.1099853515625,307.45001220703125,196838,AAPL,Apple,Nasdaq,USD,20260703_115906
2026-07-02 11:02:00-04:00,307.53948974609375,307.82000732421875,307.3293151855469,307.6499938964844,199075,AAPL,Apple,Nasdaq,USD,20260703_115906
2026-07-02 11:03:00-04:00,307.0893859863281,307.6199951171875,307.05499267578125,307.5400085449219,152923,AAPL,Apple,Nasdaq,USD,20260703_115906
2026-07-02 11:04:00-04:00,306.635009765625,307.239990234375,306.5899963378906,307.1000061035156,193961,AAPL,Apple,Nasdaq,USD,20260703_115906
2026-07-02 11:05:00-04:00,306.17999267578125,306.8900146484375,306.15301513671875,306.6300964355469,217717,AAPL,Apple,Nasdaq,USD,20260703_115906
2026-07-02 11:06:00-04:00,306.114990234375,306.30999755859375,305.8599853515625,306.1700134277344,202733,AAPL,Apple,Nasdaq,USD,20260703_115906
2026-07-02 11:07:00-04:00,305.7699890136719,306.1300048828125,305.4100036621094,306.1199951171875,273000,AAPL,Apple,Nasdaq,USD,20260703_115906
2026-07-02 11:08:00-04:00,306.2900085449219,306.4549865722656,305.68499755859375,305.739990234375,206110,AAPL,Apple,Nasdaq,USD,20260703_115906
2026-07-02 11:09:00-04:00,306.8999938964844,306.8999938964844,306.2261962890625,306.2850036621094,226462,AAPL,Apple,Nasdaq,USD,20260703_115906
2026-07-02 11:10:00-04:00,306.6400146484375,306.9800109863281,306.3949890136719,306.9200134277344,248889,AAPL,Apple,Nasdaq,USD,20260703_115906
2026-07-02 11:11:00-04:00,306.79998779296875,306.79998779296875,306.3500061035156,306.6400146484375,181782,AAPL,Apple,Nasdaq,USD,20260703_115906
2026-07-02 11:12:00-04:00,307.0899963378906,307.0899963378906,306.67999267578125,306.7799987792969,134583,AAPL,Apple,Nasdaq,USD,20260703_115906
2026-07-02 11:13:00-04:00,307.410400390625,307.6000061035156,306.8699951171875,307.06500244140625,204067,AAPL,Apple,Nasdaq,USD,20260703_115906
2026-07-02 11:14:00-04:00,307.41448974609375,307.7900085449219,307.3555908203125,307.4200134277344,202259,AAPL,Apple,Nasdaq,USD,20260703_115906
2026-07-02 11:15:00-04:00,306.92999267578125,307.44000244140625,306.92999267578125,307.44000244140625,185092,AAPL,Apple,Nasdaq,USD,20260703_115906
2026-07-02 11:16:00-04:00,306.3500061035156,307.0050048828125,306.2633972167969,306.94500732421875,98878,AAPL,Apple,Nasdaq,USD,20260703_115906
2026-07-02 11:17:00-04:00,306.8999938964844,306.8999938964844,306.0700988769531,306.3500061035156,177215,AAPL,Apple,Nasdaq,USD,20260703_115906
2026-07-02 11:18:00-04:00,307.19000244140625,307.3500061035156,306.80999755859375,306.8999938964844,184951,AAPL,Apple,Nasdaq,USD,20260703_115906
2026-07-02 11:19:00-04:00,307.0400085449219,307.239990234375,306.7950134277344,307.2099914550781,118786,AAPL,Apple,Nasdaq,USD,20260703_115906
2026-07-02 11:20:00-04:00,306.9599914550781,307.1499938964844,306.67999267578125,307.0849914550781,157607,AAPL,Apple,Nasdaq,USD,20260703_115906
2026-07-02 11:21:00-04:00,306.9649963378906,307.04998779296875,306.760009765625,306.9849853515625,157326,AAPL,Apple,Nasdaq,USD,20260703_115906
2026-07-02 11:22:00-04:00,306.92498779296875,307.010009765625,306.8299865722656,306.9599914550781,104098,AAPL,Apple,Nasdaq,USD,20260703_115906
2026-07-02 11:23:00-04:00,307.05999755859375,307.1099853515625,306.7349853515625,306.9100036621094,113328,AAPL,Apple,Nasdaq,USD,20260703_115906
2026-07-02 11:24:00-04:00,307.2550048828125,307.30999755859375,307.04998779296875,307.05999755859375,126431,AAPL,Apple,Nasdaq,USD,20260703_115906
2026-07-02 11:25:00-04:00,306.739990234375,307.2900085449219,306.6199951171875,307.2850036621094,151699,AAPL,Apple,Nasdaq,USD,20260703_115906
2026-07-02 11:26:00-04:00,306.2699890136719,306.79998779296875,306.20001220703125,306.7449951171875,143686,AAPL,Apple,Nasdaq,USD,20260703_115906
2026-07-02 11:27:00-04:00,305.6499938964844,306.4200134277344,305.6099853515625,306.2701110839844,160680,AAPL,Apple,Nasdaq,USD,20260703_115906
2026-07-02 11:28:00-04:00,305.6650085449219,305.7099914550781,305.3800048828125,305.6600036621094,154198,AAPL,Apple,Nasdaq,USD,20260703_115906
2026-07-02 11:29:00-04:00,305.4150085449219,305.75,305.2799987792969,305.69000244140625,165441,AAPL,Apple,Nasdaq,USD,20260703_115906
2026-07-02 11:30:00-04:00,305.8399963378906,305.9800109863281,305.4200134277344,305.4200134277344,114442,AAPL,Apple,Nasdaq,USD,20260703_115906
2026-07-02 11:31:00-04:00,306.3550109863281,306.5,305.8299865722656,305.84368896484375,148648,AAPL,Apple,Nasdaq,USD,20260703_115906
2026-07-02 11:32:00-04:00,306.6099853515625,306.67999267578125,306.3399963378906,306.3599853515625,97890,AAPL,Apple,Nasdaq,USD,20260703_115906
2026-07-02 11:33:00-04:00,306.619384765625,306.7900085449219,306.5199890136719,306.625,88709,AAPL,Apple,Nasdaq,USD,20260703_115906
2026-07-02 11:34:00-04:00,306.2349853515625,306.6499938964844,306.0400085449219,306.5950012207031,121979,AAPL,Apple,Nasdaq,USD,20260703_115906
2026-07-02 11:35:00-04:00,306.2699890136719,306.44989013671875,306.18011474609375,306.2699890136719,92920,AAPL,Apple,Nasdaq,USD,20260703_115906
2026-07-02 11:36:00-04:00,306.3351135253906,306.44000244140625,306.1199951171875,306.25,105923,AAPL,Apple,Nasdaq,USD,20260703_115906
2026-07-02 11:37:00-04:00,306.82000732421875,306.8299865722656,306.28009033203125,306.3349914550781,137812,AAPL,Apple,Nasdaq,USD,20260703_115906
2026-07-02 11:38:00-04:00,306.6400146484375,306.8999938964844,306.29010009765625,306.7900085449219,140797,AAPL,Apple,Nasdaq,USD,20260703_115906
2026-07-02 11:39:00-04:00,306.5299987792969,306.760009765625,306.4601135253906,306.6400146484375,99018,AAPL,Apple,Nasdaq,USD,20260703_115906
2026-07-02 11:40:00-04:00,306.29840087890625,306.6000061035156,306.1499938964844,306.54998779296875,85303,AAPL,Apple,Nasdaq,USD,20260703_115906
2026-07-02 11:41:00-04:00,306.4150085449219,306.5299987792969,306.239990234375,306.29998779296875,102798,AAPL,Apple,Nasdaq,USD,20260703_115906
2026-07-02 11:42:00-04:00,306.2449951171875,306.4599914550781,306.0450134277344,306.4150085449219,117275,AAPL,Apple,Nasdaq,USD,20260703_115906
2026-07-02 11:43:00-04:00,305.8299865722656,306.2449951171875,305.8299865722656,306.2300109863281,80932,AAPL,Apple,Nasdaq,USD,20260703_115906
2026-07-02 11:44:00-04:00,305.67498779296875,305.9599914550781,305.6499938964844,305.8450012207031,85521,AAPL,Apple,Nasdaq,USD,20260703_115906
2026-07-02 11:45:00-04:00,305.875,305.9599914550781,305.70001220703125,305.7300109863281,68149,AAPL,Apple,Nasdaq,USD,20260703_115906
2026-07-02 11:46:00-04:00,305.5159912109375,305.89990234375,305.4700012207031,305.8800048828125,80077,AAPL,Apple,Nasdaq,USD,20260703_115906
2026-07-02 11:47:00-04:00,305.7300109863281,305.7699890136719,305.3299865722656,305.5299987792969,121006,AAPL,Apple,Nasdaq,USD,20260703_115906
2026-07-02 11:48:00-04:00,305.8450012207031,306.1199951171875,305.6099853515625,305.7099914550781,87171,AAPL,Apple,Nasdaq,USD,20260703_115906
2026-07-02 11:49:00-04:00,305.80999755859375,305.92999267578125,305.6050109863281,305.8599853515625,73257,AAPL,Apple,Nasdaq,USD,20260703_115906
2026-07-02 11:50:00-04:00,305.42999267578125,305.7749938964844,305.3450012207031,305.7200927734375,86906,AAPL,Apple,Nasdaq,USD,20260703_115906
2026-07-02 11:51:00-04:00,305.5249938964844,305.6600036621094,305.2799987792969,305.4200134277344,97811,AAPL,Apple,Nasdaq,USD,20260703_115906
2026-07-02 11:52:00-04:00,305.7099914550781,305.739990234375,305.43499755859375,305.5400085449219,75418,AAPL,Apple,Nasdaq,USD,20260703_115906
2026-07-02 11:53:00-04:00,305.8699951171875,305.9750061035156,305.67999267578125,305.739990234375,83039,AAPL,Apple,Nasdaq,USD,20260703_115906
2026-07-02 11:54:00-04:00,305.95001220703125,306.0899963378906,305.8599853515625,305.875,69254,AAPL,Apple,Nasdaq,USD,20260703_115906
2026-07-02 11:55:00-04:00,305.739990234375,306.04998779296875,305.6400146484375,305.9501037597656,77235,AAPL,Apple,Nasdaq,USD,20260703_115906
2026-07-02 11:56:00-04:00,305.7699890136719,305.79998779296875,305.5150146484375,305.7200012207031,97561,AAPL,Apple,Nasdaq,USD,20260703_115906
2026-07-02 11:57:00-04:00,305.68499755859375,305.94000244140625,305.67401123046875,305.7900085449219,66547,AAPL,Apple,Nasdaq,USD,20260703_115906
2026-07-02 11:58:00-04:00,305.9750061035156,305.9750061035156,305.6199951171875,305.68499755859375,111155,AAPL,Apple,Nasdaq,USD,20260703_115906
2026-07-02 11:59:00-04:00,305.625,306.0,305.5899963378906,305.9649963378906,110523,AAPL,Apple,Nasdaq,USD,20260703_115906
2026-07-02 12:00:00-04:00,305.94000244140625,305.989990234375,305.6105041503906,305.6400146484375,90615,AAPL,Apple,Nasdaq,USD,20260703_115906
2026-07-02 12:01:00-04:00,306.2799987792969,306.364990234375,305.8999938964844,305.9649963378906,160024,AAPL,Apple,Nasdaq,USD,20260703_115906
2026-07-02 12:02:00-04:00,306.2650146484375,306.29998779296875,306.1099853515625,306.2900085449219,106660,AAPL,Apple,Nasdaq,USD,20260703_115906
2026-07-02 12:03:00-04:00,306.55999755859375,306.5780029296875,306.0899963378906,306.2898864746094,143493,AAPL,Apple,Nasdaq,USD,20260703_115906
2026-07-02 12:04:00-04:00,306.69500732421875,306.7101135253906,306.4324035644531,306.5400085449219,79645,AAPL,Apple,Nasdaq,USD,20260703_115906
2026-07-02 12:05:00-04:00,306.6849060058594,306.8551025390625,306.6200866699219,306.70989990234375,123749,AAPL,Apple,Nasdaq,USD,20260703_115906
2026-07-02 12:06:00-04:00,306.7300109863281,306.79998779296875,306.6000061035156,306.69500732421875,80544,AAPL,Apple,Nasdaq,USD,20260703_115906
2026-07-02 12:07:00-04:00,306.7049865722656,306.94989013671875,306.6499938964844,306.7349853515625,137760,AAPL,Apple,Nasdaq,USD,20260703_115906
2026-07-02 12:08:00-04:00,306.7250061035156,306.75,306.4800109863281,306.6925048828125,87188,AAPL,Apple,Nasdaq,USD,20260703_115906
2026-07-02 12:09:00-04:00,306.6400146484375,306.885009765625,306.4599914550781,306.7250061035156,87383,AAPL,Apple,Nasdaq,USD,20260703_115906
2026-07-02 12:10:00-04:00,306.8299865722656,306.8699035644531,306.55499267578125,306.6199951171875,83033,AAPL,Apple,Nasdaq,USD,20260703_115906
2026-07-02 12:11:00-04:00,306.8299865722656,307.0398864746094,306.79998779296875,306.8598937988281,167662,AAPL,Apple,Nasdaq,USD,20260703_115906
2026-07-02 12:12:00-04:00,306.7799072265625,306.8299865722656,306.54998779296875,306.8299865722656,67216,AAPL,Apple,Nasdaq,USD,20260703_115906
2026-07-02 12:13:00-04:00,306.75,307.0199890136719,306.6600036621094,306.7850036621094,117582,AAPL,Apple,Nasdaq,USD,20260703_115906
2026-07-02 12:14:00-04:00,307.0544128417969,307.0849914550781,306.5799865722656,306.7598876953125,112314,AAPL,Apple,Nasdaq,USD,20260703_115906
2026-07-02 12:15:00-04:00,307.6099853515625,307.82000732421875,306.95001220703125,307.0450134277344,357616,AAPL,Apple,Nasdaq,USD,20260703_115906
2026-07-02 12:16:00-04:00,307.7799987792969,307.8900146484375,307.5675048828125,307.5799865722656,303788,AAPL,Apple,Nasdaq,USD,20260703_115906
2026-07-02 12:17:00-04:00,307.3800048828125,307.8800048828125,307.19000244140625,307.7799987792969,318484,AAPL,Apple,Nasdaq,USD,20260703_115906
2026-07-02 12:18:00-04:00,307.80499267578125,307.8450012207031,307.1600036621094,307.385009765625,139149,AAPL,Apple,Nasdaq,USD,20260703_115906
2026-07-02 12:19:00-04:00,307.7301025390625,307.9200134277344,307.70001220703125,307.79998779296875,177406,AAPL,Apple,Nasdaq,USD,20260703_115906
2026-07-02 12:20:00-04:00,307.5299987792969,307.7799987792969,307.4200134277344,307.739990234375,135853,AAPL,Apple,Nasdaq,USD,20260703_115906
2026-07-02 12:21:00-04:00,307.3999938964844,307.69000244140625,307.3900146484375,307.4800109863281,90369,AAPL,Apple,Nasdaq,USD,20260703_115906
2026-07-02 12:22:00-04:00,307.5600891113281,307.70001220703125,307.3550109863281,307.4049987792969,105253,AAPL,Apple,Nasdaq,USD,20260703_115906
2026-07-02 12:23:00-04:00,307.69000244140625,307.7398986816406,307.4700012207031,307.6000061035156,104286,AAPL,Apple,Nasdaq,USD,20260703_115906
2026-07-02 12:24:00-04:00,307.79998779296875,307.9100036621094,307.6000061035156,307.68499755859375,136942,AAPL,Apple,Nasdaq,USD,20260703_115906
2026-07-02 12:25:00-04:00,308.4201965332031,308.45001220703125,307.80999755859375,307.80999755859375,253254,AAPL,Apple,Nasdaq,USD,20260703_115906
2026-07-02 12:26:00-04:00,308.0400085449219,308.44989013671875,308.0,308.42498779296875,168446,AAPL,Apple,Nasdaq,USD,20260703_115906
2026-07-02 12:27:00-04:00,307.9700012207031,308.093505859375,307.69000244140625,308.0400085449219,115816,AAPL,Apple,Nasdaq,USD,20260703_115906
2026-07-02 12:28:00-04:00,308.1453857421875,308.17999267578125,307.768310546875,307.9700012207031,105120,AAPL,Apple,Nasdaq,USD,20260703_115906
2026-07-02 12:29:00-04:00,308.0899963378906,308.1700134277344,307.9800109863281,308.135009765625,118920,AAPL,Apple,Nasdaq,USD,20260703_115906
2026-07-02 12:30:00-04:00,308.2250061035156,308.2799072265625,308.0350036621094,308.0899963378906,120956,AAPL,Apple,Nasdaq,USD,20260703_115906
2026-07-02 12:31:00-04:00,308.010009765625,308.2799987792969,307.760009765625,308.239990234375,117082,AAPL,Apple,Nasdaq,USD,20260703_115906
2026-07-02 12:32:00-04:00,307.9200134277344,308.0398864746094,307.739990234375,308.0199890136719,74004,AAPL,Apple,Nasdaq,USD,20260703_115906
2026-07-02 12:33:00-04:00,308.3599853515625,308.4800109863281,307.90179443359375,307.90179443359375,152175,AAPL,Apple,Nasdaq,USD,20260703_115906
2026-07-02 12:34:00-04:00,308.45001220703125,308.4599914550781,308.17999267578125,308.3500061035156,96875,AAPL,Apple,Nasdaq,USD,20260703_115906
2026-07-02 12:35:00-04:00,308.2749938964844,308.4200134277344,308.2200012207031,308.4200134277344,97549,AAPL,Apple,Nasdaq,USD,20260703_115906
2026-07-02 12:36:00-04:00,308.3799133300781,308.4100036621094,308.19000244140625,308.2749938964844,113403,AAPL,Apple,Nasdaq,USD,20260703_115906
2026-07-02 12:37:00-04:00,308.3399963378906,308.42999267578125,308.17999267578125,308.364990234375,126061,AAPL,Apple,Nasdaq,USD,20260703_115906
2026-07-02 12:38:00-04:00,308.21990966796875,308.3999938964844,308.06500244140625,308.3349914550781,164933,AAPL,Apple,Nasdaq,USD,20260703_115906
2026-07-02 12:39:00-04:00,308.1099853515625,308.2799987792969,307.9200134277344,308.2049865722656,159675,AAPL,Apple,Nasdaq,USD,20260703_115906
2026-07-02 12:40:00-04:00,307.7701110839844,308.1700134277344,307.75,308.1300048828125,136158,AAPL,Apple,Nasdaq,USD,20260703_115906
2026-07-02 12:41:00-04:00,307.4750061035156,307.8999938964844,307.3500061035156,307.75,168332,AAPL,Apple,Nasdaq,USD,20260703_115906
2026-07-02 12:42:00-04:00,307.4200134277344,307.5950012207031,307.2099914550781,307.4750061035156,167896,AAPL,Apple,Nasdaq,USD,20260703_115906
2026-07-02 12:43:00-04:00,307.2550048828125,307.44000244140625,307.04998779296875,307.3900146484375,80495,AAPL,Apple,Nasdaq,USD,20260703_115906
2026-07-02 12:44:00-04:00,307.45001220703125,307.55999755859375,307.2699890136719,307.2699890136719,78516,AAPL,Apple,Nasdaq,USD,20260703_115906
2026-07-02 12:45:00-04:00,307.260009765625,307.4549865722656,307.1152038574219,307.4501037597656,63701,AAPL,Apple,Nasdaq,USD,20260703_115906
2026-07-02 12:46:00-04:00,306.989990234375,307.3399963378906,306.92999267578125,307.25,102554,AAPL,Apple,Nasdaq,USD,20260703_115906
2026-07-02 12:47:00-04:00,307.625,307.6600036621094,306.6700134277344,306.989990234375,139199,AAPL,Apple,Nasdaq,USD,20260703_115906
2026-07-02 12:48:00-04:00,307.55499267578125,307.8699951171875,307.3599853515625,307.625,110817,AAPL,Apple,Nasdaq,USD,20260703_115906
2026-07-02 12:49:00-04:00,307.7799987792969,307.8299865722656,307.55999755859375,307.57000732421875,114235,AAPL,Apple,Nasdaq,USD,20260703_115906
2026-07-02 12:50:00-04:00,307.635009765625,307.8800048828125,307.5,307.80999755859375,150968,AAPL,Apple,Nasdaq,USD,20260703_115906
2026-07-02 12:51:00-04:00,307.7250061035156,307.96990966796875,307.6000061035156,307.6300048828125,149730,AAPL,Apple,Nasdaq,USD,20260703_115906
2026-07-02 12:52:00-04:00,308.2900085449219,308.29998779296875,307.7099914550781,307.7250061035156,119461,AAPL,Apple,Nasdaq,USD,20260703_115906
2026-07-02 12:53:00-04:00,308.2200012207031,308.36248779296875,308.085205078125,308.2900085449219,101305,AAPL,Apple,Nasdaq,USD,20260703_115906
2026-07-02 12:54:00-04:00,308.2650146484375,308.447998046875,308.2200012207031,308.2200012207031,130564,AAPL,Apple,Nasdaq,USD,20260703_115906
2026-07-02 12:55:00-04:00,308.3949890136719,308.5299072265625,308.2300109863281,308.260009765625,128115,AAPL,Apple,Nasdaq,USD,20260703_115906
2026-07-02 12:56:00-04:00,308.2799987792969,308.4800109863281,308.260009765625,308.3999938964844,93644,AAPL,Apple,Nasdaq,USD,20260703_115906
2026-07-02 12:57:00-04:00,308.260009765625,308.5150146484375,308.1400146484375,308.2950134277344,146555,AAPL,Apple,Nasdaq,USD,20260703_115906
2026-07-02 12:58:00-04:00,308.3598937988281,308.3800048828125,307.9599914550781,308.2650146484375,107150,AAPL,Apple,Nasdaq,USD,20260703_115906
2026-07-02 12:59:00-04:00,308.30999755859375,308.3949890136719,308.06500244140625,308.32000732421875,102511,AAPL,Apple,Nasdaq,USD,20260703_115906
2026-07-02 13:00:00-04:00,307.9649963378906,308.45001220703125,307.5899963378906,308.29998779296875,287919,AAPL,Apple,Nasdaq,USD,20260703_115906
2026-07-02 13:01:00-04:00,307.82989501953125,307.9750061035156,307.70001220703125,307.94000244140625,142607,AAPL,Apple,Nasdaq,USD,20260703_115906
2026-07-02 13:02:00-04:00,307.7301025390625,307.9599914550781,307.67010498046875,307.81500244140625,96128,AAPL,Apple,Nasdaq,USD,20260703_115906
2026-07-02 13:03:00-04:00,307.5400085449219,307.760009765625,307.4200134277344,307.739990234375,120424,AAPL,Apple,Nasdaq,USD,20260703_115906
2026-07-02 13:04:00-04:00,307.3699951171875,307.6199951171875,307.2049865722656,307.5299987792969,127124,AAPL,Apple,Nasdaq,USD,20260703_115906
2026-07-02 13:05:00-04:00,307.1499938964844,307.4700012207031,307.0899963378906,307.3500061035156,103794,AAPL,Apple,Nasdaq,USD,20260703_115906
2026-07-02 13:06:00-04:00,307.5299072265625,307.53759765625,307.1000061035156,307.1449890136719,60452,AAPL,Apple,Nasdaq,USD,20260703_115906
2026-07-02 13:07:00-04:00,307.8299865722656,307.9100036621094,307.2699890136719,307.54998779296875,75227,AAPL,Apple,Nasdaq,USD,20260703_115906
2026-07-02 13:08:00-04:00,307.9432067871094,308.0899963378906,307.7850036621094,307.8299865722656,99792,AAPL,Apple,Nasdaq,USD,20260703_115906
2026-07-02 13:09:00-04:00,308.2799987792969,308.30999755859375,307.9599914550781,307.9700012207031,80525,AAPL,Apple,Nasdaq,USD,20260703_115906
2026-07-02 13:10:00-04:00,307.92999267578125,308.32000732421875,307.8900146484375,308.29998779296875,156906,AAPL,Apple,Nasdaq,USD,20260703_115906
2026-07-02 13:11:00-04:00,308.18499755859375,308.29998779296875,307.8699951171875,307.9700012207031,149400,AAPL,Apple,Nasdaq,USD,20260703_115906
2026-07-02 13:12:00-04:00,308.0397033691406,308.19000244140625,307.8699951171875,308.1499938964844,106606,AAPL,Apple,Nasdaq,USD,20260703_115906
2026-07-02 13:13:00-04:00,307.989990234375,308.0299987792969,307.8699951171875,308.0150146484375,70969,AAPL,Apple,Nasdaq,USD,20260703_115906
2026-07-02 13:14:00-04:00,308.2099914550781,308.2099914550781,307.8800964355469,307.9800109863281,87134,AAPL,Apple,Nasdaq,USD,20260703_115906
2026-07-02 13:15:00-04:00,308.2799987792969,308.30999755859375,308.114990234375,308.2099914550781,141358,AAPL,Apple,Nasdaq,USD,20260703_115906
2026-07-02 13:16:00-04:00,308.1099853515625,308.31988525390625,308.0299987792969,308.2651062011719,122082,AAPL,Apple,Nasdaq,USD,20260703_115906
2026-07-02 13:17:00-04:00,307.8900146484375,308.1199951171875,307.8599853515625,308.1199951171875,102269,AAPL,Apple,Nasdaq,USD,20260703_115906
2026-07-02 13:18:00-04:00,308.0400085449219,308.1700134277344,307.82000732421875,307.9100036621094,96451,AAPL,Apple,Nasdaq,USD,20260703_115906
2026-07-02 13:19:00-04:00,307.75,308.0498962402344,307.6499938964844,308.0400085449219,123236,AAPL,Apple,Nasdaq,USD,20260703_115906
2026-07-02 13:20:00-04:00,307.75,307.9100036621094,307.6700134277344,307.7799987792969,85810,AAPL,Apple,Nasdaq,USD,20260703_115906
2026-07-02 13:21:00-04:00,307.7300109863281,307.92999267578125,307.6512145996094,307.760009765625,94126,AAPL,Apple,Nasdaq,USD,20260703_115906
2026-07-02 13:22:00-04:00,307.9100036621094,307.95001220703125,307.75,307.760009765625,80700,AAPL,Apple,Nasdaq,USD,20260703_115906
2026-07-02 13:23:00-04:00,307.9200134277344,307.9898986816406,307.80999755859375,307.8900146484375,63065,AAPL,Apple,Nasdaq,USD,20260703_115906
2026-07-02 13:24:00-04:00,307.8599853515625,307.9599914550781,307.7300109863281,307.92999267578125,64605,AAPL,Apple,Nasdaq,USD,20260703_115906
2026-07-02 13:25:00-04:00,307.7099914550781,307.8699951171875,307.70001220703125,307.8599853515625,56634,AAPL,Apple,Nasdaq,USD,20260703_115906
2026-07-02 13:26:00-04:00,307.2622985839844,307.7576904296875,307.260009765625,307.7099914550781,57120,AAPL,Apple,Nasdaq,USD,20260703_115906
2026-07-02 13:27:00-04:00,307.739990234375,307.7650146484375,307.260009765625,307.260009765625,68479,AAPL,Apple,Nasdaq,USD,20260703_115906
2026-07-02 13:28:00-04:00,307.8349914550781,307.8800048828125,307.760009765625,307.7799987792969,81235,AAPL,Apple,Nasdaq,USD,20260703_115906
2026-07-02 13:29:00-04:00,307.80499267578125,307.9100036621094,307.7099914550781,307.82000732421875,37903,AAPL,Apple,Nasdaq,USD,20260703_115906
2026-07-02 13:30:00-04:00,307.739990234375,307.8699951171875,307.67999267578125,307.80499267578125,68787,AAPL,Apple,Nasdaq,USD,20260703_115906
2026-07-02 13:31:00-04:00,307.93499755859375,308.07000732421875,307.739990234375,307.739990234375,95657,AAPL,Apple,Nasdaq,USD,20260703_115906
2026-07-02 13:32:00-04:00,307.96990966796875,308.04998779296875,307.840087890625,307.93499755859375,60393,AAPL,Apple,Nasdaq,USD,20260703_115906
2026-07-02 13:33:00-04:00,307.9800109863281,308.1000061035156,307.927001953125,307.95001220703125,82265,AAPL,Apple,Nasdaq,USD,20260703_115906
2026-07-02 13:34:00-04:00,307.5400085449219,308.06500244140625,307.4700012207031,307.9800109863281,128921,AAPL,Apple,Nasdaq,USD,20260703_115906
2026-07-02 13:35:00-04:00,307.4750061035156,307.875,307.4200134277344,307.5,97267,AAPL,Apple,Nasdaq,USD,20260703_115906
2026-07-02 13:36:00-04:00,307.7550048828125,307.8900146484375,307.43011474609375,307.4750061035156,80060,AAPL,Apple,Nasdaq,USD,20260703_115906
2026-07-02 13:37:00-04:00,307.6600036621094,307.8500061035156,307.54998779296875,307.7799987792969,87941,AAPL,Apple,Nasdaq,USD,20260703_115906
2026-07-02 13:38:00-04:00,307.9700012207031,307.9800109863281,307.6499938964844,307.6499938964844,81124,AAPL,Apple,Nasdaq,USD,20260703_115906
2026-07-02 13:39:00-04:00,307.8299865722656,308.0299987792969,307.7749938964844,307.9700012207031,90039,AAPL,Apple,Nasdaq,USD,20260703_115906
2026-07-02 13:40:00-04:00,307.8349914550781,307.8800048828125,307.6400146484375,307.8299865722656,115836,AAPL,Apple,Nasdaq,USD,20260703_115906
2026-07-02 13:41:00-04:00,308.0299987792969,308.0899963378906,307.7550048828125,307.8399963378906,71509,AAPL,Apple,Nasdaq,USD,20260703_115906
2026-07-02 13:42:00-04:00,307.92999267578125,308.05999755859375,307.8500061035156,308.0599060058594,70822,AAPL,Apple,Nasdaq,USD,20260703_115906
2026-07-02 13:43:00-04:00,308.0400085449219,308.04998779296875,307.79998779296875,307.94000244140625,95050,AAPL,Apple,Nasdaq,USD,20260703_115906
2026-07-02 13:44:00-04:00,308.17999267578125,308.17999267578125,307.875,308.0400085449219,80351,AAPL,Apple,Nasdaq,USD,20260703_115906
2026-07-02 13:45:00-04:00,308.2300109863281,308.29998779296875,308.0199890136719,308.1700134277344,137567,AAPL,Apple,Nasdaq,USD,20260703_115906
2026-07-02 13:46:00-04:00,308.0249938964844,308.2900085449219,308.0,308.2900085449219,115918,AAPL,Apple,Nasdaq,USD,20260703_115906
2026-07-02 13:47:00-04:00,307.67999267578125,308.0899963378906,307.6400146484375,308.0400085449219,101054,AAPL,Apple,Nasdaq,USD,20260703_115906
2026-07-02 13:48:00-04:00,308.0599060058594,308.0888977050781,307.4800109863281,307.67498779296875,102011,AAPL,Apple,Nasdaq,USD,20260703_115906
2026-07-02 13:49:00-04:00,307.9800109863281,308.17999267578125,307.739990234375,308.0367126464844,178011,AAPL,Apple,Nasdaq,USD,20260703_115906
2026-07-02 13:50:00-04:00,307.90289306640625,308.04071044921875,307.7900085449219,307.9800109863281,260684,AAPL,Apple,Nasdaq,USD,20260703_115906
2026-07-02 13:51:00-04:00,308.0,308.1000061035156,307.8949890136719,307.95001220703125,82459,AAPL,Apple,Nasdaq,USD,20260703_115906
2026-07-02 13:52:00-04:00,307.7900085449219,308.0299987792969,307.7200012207031,308.0,97424,AAPL,Apple,Nasdaq,USD,20260703_115906
2026-07-02 13:53:00-04:00,307.7300109863281,307.9739990234375,307.7250061035156,307.7900085449219,71262,AAPL,Apple,Nasdaq,USD,20260703_115906
2026-07-02 13:54:00-04:00,307.79998779296875,307.889892578125,307.67999267578125,307.7250061035156,55474,AAPL,Apple,Nasdaq,USD,20260703_115906
2026-07-02 13:55:00-04:00,307.4599914550781,307.82000732421875,307.38018798828125,307.7200012207031,75990,AAPL,Apple,Nasdaq,USD,20260703_115906
2026-07-02 13:56:00-04:00,307.489990234375,307.5050048828125,307.3599853515625,307.40008544921875,50944,AAPL,Apple,Nasdaq,USD,20260703_115906
2026-07-02 13:57:00-04:00,307.3999938964844,307.5899963378906,307.2699890136719,307.4599914550781,98036,AAPL,Apple,Nasdaq,USD,20260703_115906
2026-07-02 13:58:00-04:00,307.31500244140625,307.5199890136719,307.260009765625,307.3999938964844,55827,AAPL,Apple,Nasdaq,USD,20260703_115906
2026-07-02 13:59:00-04:00,307.32000732421875,307.3399963378906,307.10009765625,307.31500244140625,94000,AAPL,Apple,Nasdaq,USD,20260703_115906
2026-07-02 14:00:00-04:00,307.62188720703125,307.75,307.1449890136719,307.3500061035156,137314,AAPL,Apple,Nasdaq,USD,20260703_115906
2026-07-02 14:01:00-04:00,307.5849914550781,307.6400146484375,307.4599914550781,307.6400146484375,97881,AAPL,Apple,Nasdaq,USD,20260703_115906
2026-07-02 14:02:00-04:00,307.2699890136719,307.6549987792969,307.2650146484375,307.5899963378906,137455,AAPL,Apple,Nasdaq,USD,20260703_115906
2026-07-02 14:03:00-04:00,307.3699951171875,307.3699951171875,307.1600036621094,307.2650146484375,71674,AAPL,Apple,Nasdaq,USD,20260703_115906
2026-07-02 14:04:00-04:00,307.6449890136719,307.7998962402344,307.3999938964844,307.3999938964844,73854,AAPL,Apple,Nasdaq,USD,20260703_115906
2026-07-02 14:05:00-04:00,307.6050109863281,307.7699890136719,307.5364990234375,307.6449890136719,91012,AAPL,Apple,Nasdaq,USD,20260703_115906
2026-07-02 14:06:00-04:00,307.6474914550781,307.79998779296875,307.56500244140625,307.6050109863281,105806,AAPL,Apple,Nasdaq,USD,20260703_115906
2026-07-02 14:07:00-04:00,307.3900146484375,307.7300109863281,307.3550109863281,307.56500244140625,68060,AAPL,Apple,Nasdaq,USD,20260703_115906
2026-07-02 14:08:00-04:00,307.7749938964844,307.7799987792969,307.2200012207031,307.3900146484375,78666,AAPL,Apple,Nasdaq,USD,20260703_115906
2026-07-02 14:09:00-04:00,307.510009765625,307.82000732421875,307.4400939941406,307.7749938964844,86444,AAPL,Apple,Nasdaq,USD,20260703_115906
2026-07-02 14:10:00-04:00,307.4949951171875,307.6600036621094,307.4700012207031,307.5050048828125,77700,AAPL,Apple,Nasdaq,USD,20260703_115906
2026-07-02 14:11:00-04:00,307.5799865722656,307.6700134277344,307.4949951171875,307.5,68510,AAPL,Apple,Nasdaq,USD,20260703_115906
2026-07-02 14:12:00-04:00,307.6199951171875,307.67498779296875,307.47259521484375,307.589599609375,69061,AAPL,Apple,Nasdaq,USD,20260703_115906
2026-07-02 14:13:00-04:00,307.6300048828125,307.7099914550781,307.55999755859375,307.6499938964844,103261,AAPL,Apple,Nasdaq,USD,20260703_115906
2026-07-02 14:14:00-04:00,307.6400146484375,307.6700134277344,307.5,307.6199951171875,70357,AAPL,Apple,Nasdaq,USD,20260703_115906
2026-07-02 14:15:00-04:00,307.67999267578125,307.75,307.5201110839844,307.65008544921875,75460,AAPL,Apple,Nasdaq,USD,20260703_115906
2026-07-02 14:16:00-04:00,307.6700134277344,307.79998779296875,307.489990234375,307.67999267578125,74147,AAPL,Apple,Nasdaq,USD,20260703_115906
2026-07-02 14:17:00-04:00,307.4649963378906,307.79998779296875,307.4100036621094,307.67999267578125,94858,AAPL,Apple,Nasdaq,USD,20260703_115906
2026-07-02 14:18:00-04:00,307.5199890136719,307.6199951171875,307.3399963378906,307.4649963378906,67083,AAPL,Apple,Nasdaq,USD,20260703_115906
2026-07-02 14:19:00-04:00,307.1004943847656,307.5249938964844,306.8200988769531,307.5198974609375,244359,AAPL,Apple,Nasdaq,USD,20260703_115906
2026-07-02 14:20:00-04:00,307.3900146484375,307.4700012207031,307.1000061035156,307.1099853515625,80475,AAPL,Apple,Nasdaq,USD,20260703_115906
2026-07-02 14:21:00-04:00,307.4100036621094,307.5899963378906,307.3900146484375,307.3999938964844,64316,AAPL,Apple,Nasdaq,USD,20260703_115906
2026-07-02 14:22:00-04:00,307.1400146484375,307.3949890136719,307.1199951171875,307.3949890136719,82683,AAPL,Apple,Nasdaq,USD,20260703_115906
2026-07-02 14:23:00-04:00,307.30999755859375,307.30999755859375,307.110107421875,307.1400146484375,71491,AAPL,Apple,Nasdaq,USD,20260703_115906
2026-07-02 14:24:00-04:00,307.25,307.4700012207031,307.25,307.3092956542969,76309,AAPL,Apple,Nasdaq,USD,20260703_115906
2026-07-02 14:25:00-04:00,307.2749938964844,307.3500061035156,307.1700134277344,307.2449951171875,90488,AAPL,Apple,Nasdaq,USD,20260703_115906
2026-07-02 14:26:00-04:00,307.3800048828125,307.42999267578125,307.114990234375,307.2749938964844,106135,AAPL,Apple,Nasdaq,USD,20260703_115906
2026-07-02 14:27:00-04:00,307.2699890136719,307.364990234375,307.1300048828125,307.364990234375,78694,AAPL,Apple,Nasdaq,USD,20260703_115906
2026-07-02 14:28:00-04:00,307.4700012207031,307.5,307.2749938964844,307.29998779296875,74644,AAPL,Apple,Nasdaq,USD,20260703_115906
2026-07-02 14:29:00-04:00,307.3299865722656,307.5299987792969,307.2959899902344,307.48480224609375,49270,AAPL,Apple,Nasdaq,USD,20260703_115906
2026-07-02 14:30:00-04:00,307.6300048828125,307.7699890136719,307.2699890136719,307.3399963378906,115548,AAPL,Apple,Nasdaq,USD,20260703_115906
2026-07-02 14:31:00-04:00,307.8800048828125,307.8999938964844,307.6000061035156,307.614990234375,104110,AAPL,Apple,Nasdaq,USD,20260703_115906
2026-07-02 14:32:00-04:00,307.6199951171875,307.89990234375,307.6199951171875,307.8800048828125,86494,AAPL,Apple,Nasdaq,USD,20260703_115906
2026-07-02 14:33:00-04:00,307.54998779296875,307.639892578125,307.38629150390625,307.6299133300781,57555,AAPL,Apple,Nasdaq,USD,20260703_115906
2026-07-02 14:34:00-04:00,307.53009033203125,307.6099853515625,307.4800109863281,307.54998779296875,86697,AAPL,Apple,Nasdaq,USD,20260703_115906
2026-07-02 14:35:00-04:00,307.4773864746094,307.6000061035156,307.3500061035156,307.54998779296875,70178,AAPL,Apple,Nasdaq,USD,20260703_115906
2026-07-02 14:36:00-04:00,307.57501220703125,307.7799987792969,307.4700012207031,307.4800109863281,68516,AAPL,Apple,Nasdaq,USD,20260703_115906
2026-07-02 14:37:00-04:00,307.6600036621094,307.67999267578125,307.55999755859375,307.5799865722656,42489,AAPL,Apple,Nasdaq,USD,20260703_115906
2026-07-02 14:38:00-04:00,307.4501037597656,307.6695861816406,307.44000244140625,307.6600036621094,53785,AAPL,Apple,Nasdaq,USD,20260703_115906
2026-07-02 14:39:00-04:00,307.3599853515625,307.4800109863281,307.32000732421875,307.42999267578125,55194,AAPL,Apple,Nasdaq,USD,20260703_115906
2026-07-02 14:40:00-04:00,307.239990234375,307.489990234375,307.1600036621094,307.32000732421875,566896,AAPL,Apple,Nasdaq,USD,20260703_115906
2026-07-02 14:41:00-04:00,307.1400146484375,307.3999938964844,307.1300048828125,307.2200012207031,60820,AAPL,Apple,Nasdaq,USD,20260703_115906
2026-07-02 14:42:00-04:00,307.3699951171875,307.489990234375,307.1400146484375,307.1499938964844,67334,AAPL,Apple,Nasdaq,USD,20260703_115906
2026-07-02 14:43:00-04:00,307.42999267578125,307.4898986816406,307.25,307.3900146484375,65168,AAPL,Apple,Nasdaq,USD,20260703_115906
2026-07-02 14:44:00-04:00,307.54998779296875,307.69000244140625,307.4100036621094,307.43499755859375,71755,AAPL,Apple,Nasdaq,USD,20260703_115906
2026-07-02 14:45:00-04:00,307.54998779296875,307.6499938964844,307.3641052246094,307.54998779296875,54175,AAPL,Apple,Nasdaq,USD,20260703_115906
2026-07-02 14:46:00-04:00,307.489990234375,307.55999755859375,307.3800048828125,307.54998779296875,48434,AAPL,Apple,Nasdaq,USD,20260703_115906
2026-07-02 14:47:00-04:00,307.489990234375,307.5299987792969,307.3504943847656,307.5,46397,AAPL,Apple,Nasdaq,USD,20260703_115906
2026-07-02 14:48:00-04:00,307.5150146484375,307.5299987792969,307.3900146484375,307.5,35971,AAPL,Apple,Nasdaq,USD,20260703_115906
2026-07-02 14:49:00-04:00,307.4200134277344,307.5400085449219,307.3500061035156,307.5299987792969,50323,AAPL,Apple,Nasdaq,USD,20260703_115906
2026-07-02 14:50:00-04:00,307.7550048828125,307.7900085449219,307.3900146484375,307.4200134277344,93358,AAPL,Apple,Nasdaq,USD,20260703_115906
2026-07-02 14:51:00-04:00,307.7401123046875,307.79998779296875,307.6300048828125,307.75,85328,AAPL,Apple,Nasdaq,USD,20260703_115906
2026-07-02 14:52:00-04:00,307.7099914550781,307.80999755859375,307.5799865722656,307.75,84716,AAPL,Apple,Nasdaq,USD,20260703_115906
2026-07-02 14:53:00-04:00,307.79998779296875,307.79998779296875,307.69000244140625,307.7099914550781,47708,AAPL,Apple,Nasdaq,USD,20260703_115906
2026-07-02 14:54:00-04:00,307.57000732421875,307.80999755859375,307.5199890136719,307.80999755859375,100157,AAPL,Apple,Nasdaq,USD,20260703_115906
2026-07-02 14:55:00-04:00,307.7900085449219,307.8299865722656,307.55999755859375,307.57000732421875,88257,AAPL,Apple,Nasdaq,USD,20260703_115906
2026-07-02 14:56:00-04:00,307.8399963378906,307.8999938964844,307.760009765625,307.7799987792969,86688,AAPL,Apple,Nasdaq,USD,20260703_115906
2026-07-02 14:57:00-04:00,307.864990234375,307.8800048828125,307.5799865722656,307.8399963378906,94397,AAPL,Apple,Nasdaq,USD,20260703_115906
2026-07-02 14:58:00-04:00,307.81500244140625,308.1000061035156,307.75,307.864990234375,124210,AAPL,Apple,Nasdaq,USD,20260703_115906
2026-07-02 14:59:00-04:00,307.6449890136719,307.92498779296875,307.6199951171875,307.80999755859375,78336,AAPL,Apple,Nasdaq,USD,20260703_115906
2026-07-02 15:00:00-04:00,307.9501037597656,308.17999267578125,307.6000061035156,307.6449890136719,91369,AAPL,Apple,Nasdaq,USD,20260703_115906
2026-07-02 15:01:00-04:00,307.94000244140625,308.0899963378906,307.79998779296875,307.9580993652344,99263,AAPL,Apple,Nasdaq,USD,20260703_115906
2026-07-02 15:02:00-04:00,307.8349914550781,307.9849853515625,307.7699890136719,307.93499755859375,76490,AAPL,Apple,Nasdaq,USD,20260703_115906
2026-07-02 15:03:00-04:00,307.94000244140625,307.9599914550781,307.8299865722656,307.8349914550781,68184,AAPL,Apple,Nasdaq,USD,20260703_115906
2026-07-02 15:04:00-04:00,307.42999267578125,307.9599914550781,307.3800048828125,307.94000244140625,119712,AAPL,Apple,Nasdaq,USD,20260703_115906
2026-07-02 15:05:00-04:00,307.739990234375,307.739990234375,307.44000244140625,307.44000244140625,69905,AAPL,Apple,Nasdaq,USD,20260703_115906
2026-07-02 15:06:00-04:00,307.92498779296875,308.04998779296875,307.7300109863281,307.739990234375,114076,AAPL,Apple,Nasdaq,USD,20260703_115906
2026-07-02 15:07:00-04:00,308.19000244140625,308.2099914550781,307.9200134277344,307.95001220703125,112855,AAPL,Apple,Nasdaq,USD,20260703_115906
2026-07-02 15:08:00-04:00,308.1400146484375,308.2099914550781,308.07000732421875,308.19000244140625,78574,AAPL,Apple,Nasdaq,USD,20260703_115906
2026-07-02 15:09:00-04:00,308.0899963378906,308.2300109863281,308.07000732421875,308.1199951171875,90932,AAPL,Apple,Nasdaq,USD,20260703_115906
2026-07-02 15:10:00-04:00,308.2799987792969,308.2900085449219,308.0400085449219,308.0799865722656,104716,AAPL,Apple,Nasdaq,USD,20260703_115906
2026-07-02 15:11:00-04:00,308.1300048828125,308.30999755859375,308.1199951171875,308.2850036621094,89287,AAPL,Apple,Nasdaq,USD,20260703_115906
2026-07-02 15:12:00-04:00,307.9200134277344,308.177490234375,307.8699951171875,308.1200866699219,69809,AAPL,Apple,Nasdaq,USD,20260703_115906
2026-07-02 15:13:00-04:00,307.79998779296875,308.0201110839844,307.79998779296875,307.9200134277344,73382,AAPL,Apple,Nasdaq,USD,20260703_115906
2026-07-02 15:14:00-04:00,307.7900085449219,307.8800048828125,307.6499938964844,307.8099060058594,73672,AAPL,Apple,Nasdaq,USD,20260703_115906
2026-07-02 15:15:00-04:00,307.510009765625,307.7799987792969,307.45001220703125,307.7799987792969,83812,AAPL,Apple,Nasdaq,USD,20260703_115906
2026-07-02 15:16:00-04:00,307.7799987792969,307.8399963378906,307.510009765625,307.510009765625,101204,AAPL,Apple,Nasdaq,USD,20260703_115906
2026-07-02 15:17:00-04:00,307.8999938964844,307.9700012207031,307.7629089355469,307.7650146484375,84409,AAPL,Apple,Nasdaq,USD,20260703_115906
2026-07-02 15:18:00-04:00,307.8299865722656,307.95001220703125,307.7699890136719,307.8999938964844,84826,AAPL,Apple,Nasdaq,USD,20260703_115906
2026-07-02 15:19:00-04:00,307.92999267578125,308.04998779296875,307.82000732421875,307.8299865722656,99728,AAPL,Apple,Nasdaq,USD,20260703_115906
2026-07-02 15:20:00-04:00,307.8349914550781,307.9700012207031,307.77978515625,307.92999267578125,66403,AAPL,Apple,Nasdaq,USD,20260703_115906
2026-07-02 15:21:00-04:00,307.760009765625,307.8800048828125,307.67999267578125,307.8349914550781,90971,AAPL,Apple,Nasdaq,USD,20260703_115906
2026-07-02 15:22:00-04:00,307.625,307.7699890136719,307.5,307.7699890136719,110024,AAPL,Apple,Nasdaq,USD,20260703_115906
2026-07-02 15:23:00-04:00,307.5299987792969,307.6549987792969,307.4700012207031,307.625,127051,AAPL,Apple,Nasdaq,USD,20260703_115906
2026-07-02 15:24:00-04:00,307.625,307.6700134277344,307.5,307.5400085449219,91415,AAPL,Apple,Nasdaq,USD,20260703_115906
2026-07-02 15:25:00-04:00,307.590087890625,307.6400146484375,307.53009033203125,307.6300048828125,102101,AAPL,Apple,Nasdaq,USD,20260703_115906
2026-07-02 15:26:00-04:00,307.42498779296875,307.6099853515625,307.4100036621094,307.6098937988281,92383,AAPL,Apple,Nasdaq,USD,20260703_115906
2026-07-02 15:27:00-04:00,307.510009765625,307.510009765625,307.30010986328125,307.4216003417969,92672,AAPL,Apple,Nasdaq,USD,20260703_115906
2026-07-02 15:28:00-04:00,307.3599853515625,307.5450134277344,307.340087890625,307.510009765625,101577,AAPL,Apple,Nasdaq,USD,20260703_115906
2026-07-02 15:29:00-04:00,307.42498779296875,307.55999755859375,307.2601013183594,307.3599853515625,98779,AAPL,Apple,Nasdaq,USD,20260703_115906
2026-07-02 15:30:00-04:00,307.7300109863281,307.75,307.31500244140625,307.44000244140625,109261,AAPL,Apple,Nasdaq,USD,20260703_115906
2026-07-02 15:31:00-04:00,307.7900085449219,307.8299865722656,307.6700134277344,307.739990234375,144554,AAPL,Apple,Nasdaq,USD,20260703_115906
2026-07-02 15:32:00-04:00,307.9700012207031,307.9700012207031,307.7250061035156,307.7925109863281,124745,AAPL,Apple,Nasdaq,USD,20260703_115906
2026-07-02 15:33:00-04:00,308.07000732421875,308.1400146484375,307.9601135253906,307.9700012207031,130611,AAPL,Apple,Nasdaq,USD,20260703_115906
2026-07-02 15:34:00-04:00,308.0450134277344,308.1499938964844,308.010009765625,308.0899963378906,94593,AAPL,Apple,Nasdaq,USD,20260703_115906
2026-07-02 15:35:00-04:00,308.0899963378906,308.1449890136719,308.010009765625,308.04998779296875,118268,AAPL,Apple,Nasdaq,USD,20260703_115906
2026-07-02 15:36:00-04:00,308.20001220703125,308.20098876953125,307.9599914550781,308.0849914550781,157177,AAPL,Apple,Nasdaq,USD,20260703_115906
2026-07-02 15:37:00-04:00,308.3599853515625,308.3699951171875,308.1300048828125,308.20001220703125,127018,AAPL,Apple,Nasdaq,USD,20260703_115906
2026-07-02 15:38:00-04:00,308.1799011230469,308.510009765625,308.1600036621094,308.3699951171875,175604,AAPL,Apple,Nasdaq,USD,20260703_115906
2026-07-02 15:39:00-04:00,308.260009765625,308.30999755859375,308.07000732421875,308.1600036621094,134706,AAPL,Apple,Nasdaq,USD,20260703_115906
2026-07-02 15:40:00-04:00,308.2900085449219,308.4599914550781,308.2200012207031,308.260009765625,137751,AAPL,Apple,Nasdaq,USD,20260703_115906
2026-07-02 15:41:00-04:00,308.3599853515625,308.42999267578125,308.2099914550781,308.2900085449219,133164,AAPL,Apple,Nasdaq,USD,20260703_115906
2026-07-02 15:42:00-04:00,308.1700134277344,308.3599853515625,308.1199951171875,308.3399963378906,214768,AAPL,Apple,Nasdaq,USD,20260703_115906
2026-07-02 15:43:00-04:00,307.83099365234375,308.2900085449219,307.83099365234375,308.1871032714844,160750,AAPL,Apple,Nasdaq,USD,20260703_115906
2026-07-02 15:44:00-04:00,307.9800109863281,308.0299987792969,307.7799987792969,307.8299865722656,178037,AAPL,Apple,Nasdaq,USD,20260703_115906
2026-07-02 15:45:00-04:00,307.739990234375,308.0299987792969,307.7300109863281,307.9800109863281,158471,AAPL,Apple,Nasdaq,USD,20260703_115906
2026-07-02 15:46:00-04:00,307.7200012207031,307.760009765625,307.54998779296875,307.69000244140625,123484,AAPL,Apple,Nasdaq,USD,20260703_115906
2026-07-02 15:47:00-04:00,307.5450134277344,307.82000732421875,307.53009033203125,307.7300109863281,102845,AAPL,Apple,Nasdaq,USD,20260703_115906
2026-07-02 15:48:00-04:00,307.7099914550781,307.7300109863281,307.2099914550781,307.5450134277344,172208,AAPL,Apple,Nasdaq,USD,20260703_115906
2026-07-02 15:49:00-04:00,307.5299987792969,307.7650146484375,307.44000244140625,307.7200012207031,183802,AAPL,Apple,Nasdaq,USD,20260703_115906
2026-07-02 15:50:00-04:00,307.75,308.4700012207031,307.5400085449219,307.5400085449219,369519,AAPL,Apple,Nasdaq,USD,20260703_115906
2026-07-02 15:51:00-04:00,307.9800109863281,308.1300048828125,307.75,307.760009765625,272217,AAPL,Apple,Nasdaq,USD,20260703_115906
2026-07-02 15:52:00-04:00,308.1499938964844,308.2300109863281,307.92999267578125,307.9700012207031,222816,AAPL,Apple,Nasdaq,USD,20260703_115906
2026-07-02 15:53:00-04:00,308.30499267578125,308.32000732421875,308.0199890136719,308.1300048828125,332885,AAPL,Apple,Nasdaq,USD,20260703_115906
2026-07-02 15:54:00-04:00,308.0400085449219,308.54998779296875,307.95001220703125,308.30499267578125,318358,AAPL,Apple,Nasdaq,USD,20260703_115906
2026-07-02 15:55:00-04:00,309.1499938964844,309.25,308.0400085449219,308.0400085449219,556325,AAPL,Apple,Nasdaq,USD,20260703_115906
2026-07-02 15:56:00-04:00,309.1499938964844,309.2799987792969,308.9100036621094,309.17999267578125,477999,AAPL,Apple,Nasdaq,USD,20260703_115906
2026-07-02 15:57:00-04:00,309.0899963378906,309.4200134277344,308.95001220703125,309.1499938964844,768731,AAPL,Apple,Nasdaq,USD,20260703_115906
2026-07-02 15:58:00-04:00,308.7449951171875,309.2300109863281,308.7099914550781,309.1000061035156,805685,AAPL,Apple,Nasdaq,USD,20260703_115906
2026-07-02 15:59:00-04:00,308.2200012207031,308.9599914550781,308.1000061035156,308.75,1654260,AAPL,Apple,Nasdaq,USD,20260703_115906
2026-07-02 09:30:00-04:00,297.09991455078125,297.1000061035156,293.67999267578125,294.0849914550781,1161939,AAPL,Apple,Nasdaq,USD,20260703_140048
2026-07-02 09:31:00-04:00,298.94000244140625,299.0400085449219,296.92999267578125,297.1000061035156,387097,AAPL,Apple,Nasdaq,USD,20260703_140048
2026-07-02 09:32:00-04:00,299.2699890136719,299.82000732421875,298.6600036621094,298.9700012207031,333980,AAPL,Apple,Nasdaq,USD,20260703_140048
2026-07-02 09:33:00-04:00,298.0400085449219,299.5,297.8075866699219,299.30499267578125,244659,AAPL,Apple,Nasdaq,USD,20260703_140048
2026-07-02 09:34:00-04:00,298.20001220703125,298.510009765625,297.8900146484375,298.125,143692,AAPL,Apple,Nasdaq,USD,20260703_140048
2026-07-02 09:35:00-04:00,298.4179992675781,298.8599853515625,298.1252136230469,298.1813049316406,241851,AAPL,Apple,Nasdaq,USD,20260703_140048
2026-07-02 09:36:00-04:00,298.92999267578125,299.0799865722656,298.20001220703125,298.42498779296875,177706,AAPL,Apple,Nasdaq,USD,20260703_140048
2026-07-02 09:37:00-04:00,299.2900085449219,299.3500061035156,298.8299865722656,298.989990234375,166444,AAPL,Apple,Nasdaq,USD,20260703_140048
2026-07-02 09:38:00-04:00,299.55999755859375,299.7099914550781,299.1900939941406,299.2900085449219,204531,AAPL,Apple,Nasdaq,USD,20260703_140048
2026-07-02 09:39:00-04:00,300.1300048828125,300.1600036621094,299.42999267578125,299.6199951171875,384326,AAPL,Apple,Nasdaq,USD,20260703_140048
2026-07-02 09:40:00-04:00,299.9750061035156,300.3299865722656,299.7799987792969,300.1300048828125,184912,AAPL,Apple,Nasdaq,USD,20260703_140048
2026-07-02 09:41:00-04:00,300.864990234375,300.92999267578125,299.8550109863281,299.9700012207031,230313,AAPL,Apple,Nasdaq,USD,20260703_140048
2026-07-02 09:42:00-04:00,300.7799987792969,301.1400146484375,300.5101013183594,300.8800048828125,401939,AAPL,Apple,Nasdaq,USD,20260703_140048
2026-07-02 09:43:00-04:00,300.45001220703125,301.1199951171875,300.3399963378906,300.7799987792969,195235,AAPL,Apple,Nasdaq,USD,20260703_140048
2026-07-02 09:44:00-04:00,300.3500061035156,300.7099914550781,300.260009765625,300.44000244140625,177277,AAPL,Apple,Nasdaq,USD,20260703_140048
2026-07-02 09:45:00-04:00,300.9800109863281,301.17999267578125,300.3800048828125,300.3800048828125,198028,AAPL,Apple,Nasdaq,USD,20260703_140048
2026-07-02 09:46:00-04:00,300.9200134277344,301.6997985839844,300.8299865722656,300.9649963378906,214435,AAPL,Apple,Nasdaq,USD,20260703_140048
2026-07-02 09:47:00-04:00,301.69000244140625,301.75,300.6700134277344,300.9100036621094,212118,AAPL,Apple,Nasdaq,USD,20260703_140048
2026-07-02 09:48:00-04:00,302.0874938964844,302.1094970703125,301.55999755859375,301.67999267578125,274465,AAPL,Apple,Nasdaq,USD,20260703_140048
2026-07-02 09:49:00-04:00,302.1700134277344,302.3546142578125,301.8810119628906,302.07501220703125,266386,AAPL,Apple,Nasdaq,USD,20260703_140048
2026-07-02 09:50:00-04:00,302.3299865722656,302.67999267578125,302.1300048828125,302.1499938964844,250889,AAPL,Apple,Nasdaq,USD,20260703_140048
2026-07-02 09:51:00-04:00,301.5899963378906,302.3349914550781,301.4700012207031,302.3349914550781,220691,AAPL,Apple,Nasdaq,USD,20260703_140048
2026-07-02 09:52:00-04:00,302.3800048828125,302.3999938964844,301.57000732421875,301.5899963378906,132526,AAPL,Apple,Nasdaq,USD,20260703_140048
2026-07-02 09:53:00-04:00,302.1700134277344,302.4353942871094,302.04998779296875,302.3800048828125,121901,AAPL,Apple,Nasdaq,USD,20260703_140048
2026-07-02 09:54:00-04:00,301.7550048828125,302.1600036621094,301.6400146484375,302.1600036621094,1968854,AAPL,Apple,Nasdaq,USD,20260703_140048
2026-07-02 09:55:00-04:00,301.8843078613281,301.9898986816406,301.4700927734375,301.75,140025,AAPL,Apple,Nasdaq,USD,20260703_140048
2026-07-02 09:56:00-04:00,301.864990234375,301.947509765625,301.6400146484375,301.9100036621094,167523,AAPL,Apple,Nasdaq,USD,20260703_140048
2026-07-02 09:57:00-04:00,302.0899963378906,302.1199951171875,301.864990234375,301.9200134277344,169033,AAPL,Apple,Nasdaq,USD,20260703_140048
2026-07-02 09:58:00-04:00,302.260009765625,302.4200134277344,302.0199890136719,302.060791015625,198315,AAPL,Apple,Nasdaq,USD,20260703_140048
2026-07-02 09:59:00-04:00,302.80999755859375,302.80999755859375,302.19000244140625,302.2900085449219,203320,AAPL,Apple,Nasdaq,USD,20260703_140048
2026-07-02 10:00:00-04:00,302.6900939941406,303.17498779296875,302.69000244140625,302.8500061035156,407126,AAPL,Apple,Nasdaq,USD,20260703_140048
2026-07-02 10:01:00-04:00,302.8599853515625,303.1300048828125,302.6700134277344,302.69000244140625,194760,AAPL,Apple,Nasdaq,USD,20260703_140048
2026-07-02 10:02:00-04:00,302.760009765625,303.0299987792969,302.6188049316406,302.8609924316406,151528,AAPL,Apple,Nasdaq,USD,20260703_140048
2026-07-02 10:03:00-04:00,302.989990234375,303.1600036621094,302.66009521484375,302.79998779296875,149761,AAPL,Apple,Nasdaq,USD,20260703_140048
2026-07-02 10:04:00-04:00,303.01031494140625,303.3900146484375,302.8599853515625,302.94500732421875,145782,AAPL,Apple,Nasdaq,USD,20260703_140048
2026-07-02 10:05:00-04:00,302.97198486328125,303.2900085449219,302.9599914550781,303.07000732421875,144476,AAPL,Apple,Nasdaq,USD,20260703_140048
2026-07-02 10:06:00-04:00,302.80999755859375,303.1099853515625,302.7101135253906,302.9649963378906,151871,AAPL,Apple,Nasdaq,USD,20260703_140048
2026-07-02 10:07:00-04:00,302.9649963378906,302.9700012207031,302.7300109863281,302.8399963378906,126195,AAPL,Apple,Nasdaq,USD,20260703_140048
2026-07-02 10:08:00-04:00,303.2349853515625,303.5,302.8399963378906,302.94000244140625,158493,AAPL,Apple,Nasdaq,USD,20260703_140048
2026-07-02 10:09:00-04:00,303.5350036621094,303.57000732421875,303.0400085449219,303.239990234375,319520,AAPL,Apple,Nasdaq,USD,20260703_140048
2026-07-02 10:10:00-04:00,303.19500732421875,303.5799865722656,303.1199951171875,303.54998779296875,171241,AAPL,Apple,Nasdaq,USD,20260703_140048
2026-07-02 10:11:00-04:00,303.7300109863281,303.7698974609375,303.2300109863281,303.2300109863281,235075,AAPL,Apple,Nasdaq,USD,20260703_140048
2026-07-02 10:12:00-04:00,304.0350036621094,304.0599060058594,303.6000061035156,303.739990234375,278142,AAPL,Apple,Nasdaq,USD,20260703_140048
2026-07-02 10:13:00-04:00,304.260009765625,304.5199890136719,303.9599914550781,304.0299987792969,370643,AAPL,Apple,Nasdaq,USD,20260703_140048
2026-07-02 10:14:00-04:00,303.7300109863281,304.2699890136719,303.1099853515625,304.268310546875,250766,AAPL,Apple,Nasdaq,USD,20260703_140048
2026-07-02 10:15:00-04:00,303.94000244140625,304.1700134277344,303.5899963378906,303.7449951171875,163011,AAPL,Apple,Nasdaq,USD,20260703_140048
2026-07-02 10:16:00-04:00,303.82989501953125,304.1000061035156,303.6400146484375,303.9150085449219,156320,AAPL,Apple,Nasdaq,USD,20260703_140048
2026-07-02 10:17:00-04:00,304.0899963378906,304.29998779296875,303.60009765625,303.8299865722656,146615,AAPL,Apple,Nasdaq,USD,20260703_140048
2026-07-02 10:18:00-04:00,303.7200012207031,304.1300048828125,303.6499938964844,304.05999755859375,106390,AAPL,Apple,Nasdaq,USD,20260703_140048
2026-07-02 10:19:00-04:00,304.3699951171875,304.5090026855469,303.7179870605469,303.75311279296875,193185,AAPL,Apple,Nasdaq,USD,20260703_140048
2026-07-02 10:20:00-04:00,304.54998779296875,304.75,304.239990234375,304.3949890136719,225006,AAPL,Apple,Nasdaq,USD,20260703_140048
2026-07-02 10:21:00-04:00,304.7349853515625,304.7569885253906,304.5,304.5799865722656,230435,AAPL,Apple,Nasdaq,USD,20260703_140048
2026-07-02 10:22:00-04:00,304.82989501953125,304.8599853515625,304.55999755859375,304.7200012207031,204825,AAPL,Apple,Nasdaq,USD,20260703_140048
2026-07-02 10:23:00-04:00,304.69500732421875,305.1099853515625,304.55999755859375,304.8299865722656,400998,AAPL,Apple,Nasdaq,USD,20260703_140048
2026-07-02 10:24:00-04:00,304.5617980957031,304.95001220703125,304.4700012207031,304.7200012207031,213038,AAPL,Apple,Nasdaq,USD,20260703_140048
2026-07-02 10:25:00-04:00,304.7300109863281,304.84991455078125,304.1289978027344,304.6064147949219,162681,AAPL,Apple,Nasdaq,USD,20260703_140048
2026-07-02 10:26:00-04:00,304.5050048828125,304.82000732421875,304.3500061035156,304.739990234375,161291,AAPL,Apple,Nasdaq,USD,20260703_140048
2026-07-02 10:27:00-04:00,304.4949951171875,304.885009765625,304.360107421875,304.5299987792969,212205,AAPL,Apple,Nasdaq,USD,20260703_140048
2026-07-02 10:28:00-04:00,304.70001220703125,304.8500061035156,304.3450012207031,304.5299987792969,171249,AAPL,Apple,Nasdaq,USD,20260703_140048
2026-07-02 10:29:00-04:00,305.04998779296875,305.32000732421875,304.5,304.7099914550781,211238,AAPL,Apple,Nasdaq,USD,20260703_140048
2026-07-02 10:30:00-04:00,305.239990234375,305.3389892578125,304.8500061035156,305.04400634765625,209182,AAPL,Apple,Nasdaq,USD,20260703_140048
2026-07-02 10:31:00-04:00,305.739990234375,305.964599609375,305.2200012207031,305.25,288714,AAPL,Apple,Nasdaq,USD,20260703_140048
2026-07-02 10:32:00-04:00,306.3450012207031,306.6398010253906,305.71240234375,305.739990234375,313436,AAPL,Apple,Nasdaq,USD,20260703_140048
2026-07-02 10:33:00-04:00,305.8900146484375,306.3800048828125,305.8706970214844,306.3699951171875,260122,AAPL,Apple,Nasdaq,USD,20260703_140048
2026-07-02 10:34:00-04:00,305.7099914550781,305.9200134277344,305.32000732421875,305.8999938964844,228864,AAPL,Apple,Nasdaq,USD,20260703_140048
2026-07-02 10:35:00-04:00,305.1650085449219,305.8500061035156,305.05999755859375,305.7200012207031,237920,AAPL,Apple,Nasdaq,USD,20260703_140048
2026-07-02 10:36:00-04:00,305.4800109863281,305.5274963378906,305.07000732421875,305.1600036621094,233842,AAPL,Apple,Nasdaq,USD,20260703_140048
2026-07-02 10:37:00-04:00,305.25,305.69000244140625,305.1499938964844,305.4649963378906,246577,AAPL,Apple,Nasdaq,USD,20260703_140048
2026-07-02 10:38:00-04:00,305.54791259765625,305.5599060058594,304.8800048828125,305.2699890136719,154884,AAPL,Apple,Nasdaq,USD,20260703_140048
2026-07-02 10:39:00-04:00,305.3800048828125,305.739990234375,305.239990234375,305.5400085449219,163306,AAPL,Apple,Nasdaq,USD,20260703_140048
2026-07-02 10:40:00-04:00,305.69000244140625,305.9200134277344,305.35009765625,305.3900146484375,139998,AAPL,Apple,Nasdaq,USD,20260703_140048
2026-07-02 10:41:00-04:00,305.64300537109375,306.0899963378906,305.5899963378906,305.6700134277344,163726,AAPL,Apple,Nasdaq,USD,20260703_140048
2026-07-02 10:42:00-04:00,306.07501220703125,306.1000061035156,305.5199890136719,305.6600036621094,205352,AAPL,Apple,Nasdaq,USD,20260703_140048
2026-07-02 10:43:00-04:00,305.9599914550781,306.19940185546875,305.7200012207031,306.1000061035156,161406,AAPL,Apple,Nasdaq,USD,20260703_140048
2026-07-02 10:44:00-04:00,306.4200134277344,306.4200134277344,305.9200134277344,305.989990234375,211542,AAPL,Apple,Nasdaq,USD,20260703_140048
2026-07-02 10:45:00-04:00,306.2300109863281,306.7749938964844,306.1900939941406,306.4200134277344,294175,AAPL,Apple,Nasdaq,USD,20260703_140048
2026-07-02 10:46:00-04:00,306.1650085449219,306.3399963378906,305.75,306.2099914550781,208585,AAPL,Apple,Nasdaq,USD,20260703_140048
2026-07-02 10:47:00-04:00,306.2799987792969,306.5299987792969,306.1199951171875,306.1650085449219,210988,AAPL,Apple,Nasdaq,USD,20260703_140048
2026-07-02 10:48:00-04:00,305.56500244140625,306.2799987792969,305.5400085449219,306.2799987792969,211654,AAPL,Apple,Nasdaq,USD,20260703_140048
2026-07-02 10:49:00-04:00,305.5199890136719,305.89990234375,305.5199890136719,305.56500244140625,148071,AAPL,Apple,Nasdaq,USD,20260703_140048
2026-07-02 10:50:00-04:00,305.5,305.95001220703125,305.30010986328125,305.5199890136719,167438,AAPL,Apple,Nasdaq,USD,20260703_140048
2026-07-02 10:51:00-04:00,305.92498779296875,305.94000244140625,305.489990234375,305.5,119529,AAPL,Apple,Nasdaq,USD,20260703_140048
2026-07-02 10:52:00-04:00,306.1488037109375,306.2799987792969,305.8999938964844,305.8999938964844,176020,AAPL,Apple,Nasdaq,USD,20260703_140048
2026-07-02 10:53:00-04:00,306.489990234375,306.5,306.04998779296875,306.135009765625,137390,AAPL,Apple,Nasdaq,USD,20260703_140048
2026-07-02 10:54:00-04:00,306.30999755859375,306.4700012207031,306.1600036621094,306.4700012207031,144751,AAPL,Apple,Nasdaq,USD,20260703_140048
2026-07-02 10:55:00-04:00,306.3949890136719,306.5199890136719,306.30999755859375,306.30999755859375,130436,AAPL,Apple,Nasdaq,USD,20260703_140048
2026-07-02 10:56:00-04:00,306.6400146484375,306.69000244140625,306.3100891113281,306.4200134277344,152744,AAPL,Apple,Nasdaq,USD,20260703_140048
2026-07-02 10:57:00-04:00,306.75,306.8900146484375,306.4700012207031,306.6300048828125,150480,AAPL,Apple,Nasdaq,USD,20260703_140048
2026-07-02 10:58:00-04:00,306.75,307.0400085449219,306.7300109863281,306.7699890136719,324713,AAPL,Apple,Nasdaq,USD,20260703_140048
2026-07-02 10:59:00-04:00,306.87799072265625,306.8999938964844,306.54998779296875,306.7900085449219,208476,AAPL,Apple,Nasdaq,USD,20260703_140048
2026-07-02 11:00:00-04:00,307.4750061035156,307.5299987792969,306.7879943847656,306.8999938964844,277220,AAPL,Apple,Nasdaq,USD,20260703_140048
2026-07-02 11:01:00-04:00,307.6700134277344,307.760009765625,307.1099853515625,307.45001220703125,196838,AAPL,Apple,Nasdaq,USD,20260703_140048
2026-07-02 11:02:00-04:00,307.53948974609375,307.82000732421875,307.3293151855469,307.6499938964844,199075,AAPL,Apple,Nasdaq,USD,20260703_140048
2026-07-02 11:03:00-04:00,307.0893859863281,307.6199951171875,307.05499267578125,307.5400085449219,152923,AAPL,Apple,Nasdaq,USD,20260703_140048
2026-07-02 11:04:00-04:00,306.635009765625,307.239990234375,306.5899963378906,307.1000061035156,193961,AAPL,Apple,Nasdaq,USD,20260703_140048
2026-07-02 11:05:00-04:00,306.17999267578125,306.8900146484375,306.15301513671875,306.6300964355469,217717,AAPL,Apple,Nasdaq,USD,20260703_140048
2026-07-02 11:06:00-04:00,306.114990234375,306.30999755859375,305.8599853515625,306.1700134277344,202733,AAPL,Apple,Nasdaq,USD,20260703_140048
2026-07-02 11:07:00-04:00,305.7699890136719,306.1300048828125,305.4100036621094,306.1199951171875,273000,AAPL,Apple,Nasdaq,USD,20260703_140048
2026-07-02 11:08:00-04:00,306.2900085449219,306.4549865722656,305.68499755859375,305.739990234375,206110,AAPL,Apple,Nasdaq,USD,20260703_140048
2026-07-02 11:09:00-04:00,306.8999938964844,306.8999938964844,306.2261962890625,306.2850036621094,226462,AAPL,Apple,Nasdaq,USD,20260703_140048
2026-07-02 11:10:00-04:00,306.6400146484375,306.9800109863281,306.3949890136719,306.9200134277344,248889,AAPL,Apple,Nasdaq,USD,20260703_140048
2026-07-02 11:11:00-04:00,306.79998779296875,306.79998779296875,306.3500061035156,306.6400146484375,181782,AAPL,Apple,Nasdaq,USD,20260703_140048
2026-07-02 11:12:00-04:00,307.0899963378906,307.0899963378906,306.67999267578125,306.7799987792969,134583,AAPL,Apple,Nasdaq,USD,20260703_140048
2026-07-02 11:13:00-04:00,307.410400390625,307.6000061035156,306.8699951171875,307.06500244140625,204067,AAPL,Apple,Nasdaq,USD,20260703_140048
2026-07-02 11:14:00-04:00,307.41448974609375,307.7900085449219,307.3555908203125,307.4200134277344,202259,AAPL,Apple,Nasdaq,USD,20260703_140048
2026-07-02 11:15:00-04:00,306.92999267578125,307.44000244140625,306.92999267578125,307.44000244140625,185092,AAPL,Apple,Nasdaq,USD,20260703_140048
2026-07-02 11:16:00-04:00,306.3500061035156,307.0050048828125,306.2633972167969,306.94500732421875,98878,AAPL,Apple,Nasdaq,USD,20260703_140048
2026-07-02 11:17:00-04:00,306.8999938964844,306.8999938964844,306.0700988769531,306.3500061035156,177215,AAPL,Apple,Nasdaq,USD,20260703_140048
2026-07-02 11:18:00-04:00,307.19000244140625,307.3500061035156,306.80999755859375,306.8999938964844,184951,AAPL,Apple,Nasdaq,USD,20260703_140048
2026-07-02 11:19:00-04:00,307.0400085449219,307.239990234375,306.7950134277344,307.2099914550781,118786,AAPL,Apple,Nasdaq,USD,20260703_140048
2026-07-02 11:20:00-04:00,306.9599914550781,307.1499938964844,306.67999267578125,307.0849914550781,157607,AAPL,Apple,Nasdaq,USD,20260703_140048
2026-07-02 11:21:00-04:00,306.9649963378906,307.04998779296875,306.760009765625,306.9849853515625,157326,AAPL,Apple,Nasdaq,USD,20260703_140048
2026-07-02 11:22:00-04:00,306.92498779296875,307.010009765625,306.8299865722656,306.9599914550781,104098,AAPL,Apple,Nasdaq,USD,20260703_140048
2026-07-02 11:23:00-04:00,307.05999755859375,307.1099853515625,306.7349853515625,306.9100036621094,113328,AAPL,Apple,Nasdaq,USD,20260703_140048
2026-07-02 11:24:00-04:00,307.2550048828125,307.30999755859375,307.04998779296875,307.05999755859375,126431,AAPL,Apple,Nasdaq,USD,20260703_140048
2026-07-02 11:25:00-04:00,306.739990234375,307.2900085449219,306.6199951171875,307.2850036621094,151699,AAPL,Apple,Nasdaq,USD,20260703_140048
2026-07-02 11:26:00-04:00,306.2699890136719,306.79998779296875,306.20001220703125,306.7449951171875,143686,AAPL,Apple,Nasdaq,USD,20260703_140048
2026-07-02 11:27:00-04:00,305.6499938964844,306.4200134277344,305.6099853515625,306.2701110839844,160680,AAPL,Apple,Nasdaq,USD,20260703_140048
2026-07-02 11:28:00-04:00,305.6650085449219,305.7099914550781,305.3800048828125,305.6600036621094,154198,AAPL,Apple,Nasdaq,USD,20260703_140048
2026-07-02 11:29:00-04:00,305.4150085449219,305.75,305.2799987792969,305.69000244140625,165441,AAPL,Apple,Nasdaq,USD,20260703_140048
2026-07-02 11:30:00-04:00,305.8399963378906,305.9800109863281,305.4200134277344,305.4200134277344,114442,AAPL,Apple,Nasdaq,USD,20260703_140048
2026-07-02 11:31:00-04:00,306.3550109863281,306.5,305.8299865722656,305.84368896484375,148648,AAPL,Apple,Nasdaq,USD,20260703_140048
2026-07-02 11:32:00-04:00,306.6099853515625,306.67999267578125,306.3399963378906,306.3599853515625,97890,AAPL,Apple,Nasdaq,USD,20260703_140048
2026-07-02 11:33:00-04:00,306.619384765625,306.7900085449219,306.5199890136719,306.625,88709,AAPL,Apple,Nasdaq,USD,20260703_140048
2026-07-02 11:34:00-04:00,306.2349853515625,306.6499938964844,306.0400085449219,306.5950012207031,121979,AAPL,Apple,Nasdaq,USD,20260703_140048
2026-07-02 11:35:00-04:00,306.2699890136719,306.44989013671875,306.18011474609375,306.2699890136719,92920,AAPL,Apple,Nasdaq,USD,20260703_140048
2026-07-02 11:36:00-04:00,306.3351135253906,306.44000244140625,306.1199951171875,306.25,105923,AAPL,Apple,Nasdaq,USD,20260703_140048
2026-07-02 11:37:00-04:00,306.82000732421875,306.8299865722656,306.28009033203125,306.3349914550781,137812,AAPL,Apple,Nasdaq,USD,20260703_140048
2026-07-02 11:38:00-04:00,306.6400146484375,306.8999938964844,306.29010009765625,306.7900085449219,140797,AAPL,Apple,Nasdaq,USD,20260703_140048
2026-07-02 11:39:00-04:00,306.5299987792969,306.760009765625,306.4601135253906,306.6400146484375,99018,AAPL,Apple,Nasdaq,USD,20260703_140048
2026-07-02 11:40:00-04:00,306.29840087890625,306.6000061035156,306.1499938964844,306.54998779296875,85303,AAPL,Apple,Nasdaq,USD,20260703_140048
2026-07-02 11:41:00-04:00,306.4150085449219,306.5299987792969,306.239990234375,306.29998779296875,102798,AAPL,Apple,Nasdaq,USD,20260703_140048
2026-07-02 11:42:00-04:00,306.2449951171875,306.4599914550781,306.0450134277344,306.4150085449219,117275,AAPL,Apple,Nasdaq,USD,20260703_140048
2026-07-02 11:43:00-04:00,305.8299865722656,306.2449951171875,305.8299865722656,306.2300109863281,80932,AAPL,Apple,Nasdaq,USD,20260703_140048
2026-07-02 11:44:00-04:00,305.67498779296875,305.9599914550781,305.6499938964844,305.8450012207031,85521,AAPL,Apple,Nasdaq,USD,20260703_140048
2026-07-02 11:45:00-04:00,305.875,305.9599914550781,305.70001220703125,305.7300109863281,68149,AAPL,Apple,Nasdaq,USD,20260703_140048
2026-07-02 11:46:00-04:00,305.5159912109375,305.89990234375,305.4700012207031,305.8800048828125,80077,AAPL,Apple,Nasdaq,USD,20260703_140048
2026-07-02 11:47:00-04:00,305.7300109863281,305.7699890136719,305.3299865722656,305.5299987792969,121006,AAPL,Apple,Nasdaq,USD,20260703_140048
2026-07-02 11:48:00-04:00,305.8450012207031,306.1199951171875,305.6099853515625,305.7099914550781,87171,AAPL,Apple,Nasdaq,USD,20260703_140048
2026-07-02 11:49:00-04:00,305.80999755859375,305.92999267578125,305.6050109863281,305.8599853515625,73257,AAPL,Apple,Nasdaq,USD,20260703_140048
2026-07-02 11:50:00-04:00,305.42999267578125,305.7749938964844,305.3450012207031,305.7200927734375,86906,AAPL,Apple,Nasdaq,USD,20260703_140048
2026-07-02 11:51:00-04:00,305.5249938964844,305.6600036621094,305.2799987792969,305.4200134277344,97811,AAPL,Apple,Nasdaq,USD,20260703_140048
2026-07-02 11:52:00-04:00,305.7099914550781,305.739990234375,305.43499755859375,305.5400085449219,75418,AAPL,Apple,Nasdaq,USD,20260703_140048
2026-07-02 11:53:00-04:00,305.8699951171875,305.9750061035156,305.67999267578125,305.739990234375,83039,AAPL,Apple,Nasdaq,USD,20260703_140048
2026-07-02 11:54:00-04:00,305.95001220703125,306.0899963378906,305.8599853515625,305.875,69254,AAPL,Apple,Nasdaq,USD,20260703_140048
2026-07-02 11:55:00-04:00,305.739990234375,306.04998779296875,305.6400146484375,305.9501037597656,77235,AAPL,Apple,Nasdaq,USD,20260703_140048
2026-07-02 11:56:00-04:00,305.7699890136719,305.79998779296875,305.5150146484375,305.7200012207031,97561,AAPL,Apple,Nasdaq,USD,20260703_140048
2026-07-02 11:57:00-04:00,305.68499755859375,305.94000244140625,305.67401123046875,305.7900085449219,66547,AAPL,Apple,Nasdaq,USD,20260703_140048
2026-07-02 11:58:00-04:00,305.9750061035156,305.9750061035156,305.6199951171875,305.68499755859375,111155,AAPL,Apple,Nasdaq,USD,20260703_140048
2026-07-02 11:59:00-04:00,305.625,306.0,305.5899963378906,305.9649963378906,110523,AAPL,Apple,Nasdaq,USD,20260703_140048
2026-07-02 12:00:00-04:00,305.94000244140625,305.989990234375,305.6105041503906,305.6400146484375,90615,AAPL,Apple,Nasdaq,USD,20260703_140048
2026-07-02 12:01:00-04:00,306.2799987792969,306.364990234375,305.8999938964844,305.9649963378906,160024,AAPL,Apple,Nasdaq,USD,20260703_140048
2026-07-02 12:02:00-04:00,306.2650146484375,306.29998779296875,306.1099853515625,306.2900085449219,106660,AAPL,Apple,Nasdaq,USD,20260703_140048
2026-07-02 12:03:00-04:00,306.55999755859375,306.5780029296875,306.0899963378906,306.2898864746094,143493,AAPL,Apple,Nasdaq,USD,20260703_140048
2026-07-02 12:04:00-04:00,306.69500732421875,306.7101135253906,306.4324035644531,306.5400085449219,79645,AAPL,Apple,Nasdaq,USD,20260703_140048
2026-07-02 12:05:00-04:00,306.6849060058594,306.8551025390625,306.6200866699219,306.70989990234375,123749,AAPL,Apple,Nasdaq,USD,20260703_140048
2026-07-02 12:06:00-04:00,306.7300109863281,306.79998779296875,306.6000061035156,306.69500732421875,80544,AAPL,Apple,Nasdaq,USD,20260703_140048
2026-07-02 12:07:00-04:00,306.7049865722656,306.94989013671875,306.6499938964844,306.7349853515625,137760,AAPL,Apple,Nasdaq,USD,20260703_140048
2026-07-02 12:08:00-04:00,306.7250061035156,306.75,306.4800109863281,306.6925048828125,87188,AAPL,Apple,Nasdaq,USD,20260703_140048
2026-07-02 12:09:00-04:00,306.6400146484375,306.885009765625,306.4599914550781,306.7250061035156,87383,AAPL,Apple,Nasdaq,USD,20260703_140048
2026-07-02 12:10:00-04:00,306.8299865722656,306.8699035644531,306.55499267578125,306.6199951171875,83033,AAPL,Apple,Nasdaq,USD,20260703_140048
2026-07-02 12:11:00-04:00,306.8299865722656,307.0398864746094,306.79998779296875,306.8598937988281,167662,AAPL,Apple,Nasdaq,USD,20260703_140048
2026-07-02 12:12:00-04:00,306.7799072265625,306.8299865722656,306.54998779296875,306.8299865722656,67216,AAPL,Apple,Nasdaq,USD,20260703_140048
2026-07-02 12:13:00-04:00,306.75,307.0199890136719,306.6600036621094,306.7850036621094,117582,AAPL,Apple,Nasdaq,USD,20260703_140048
2026-07-02 12:14:00-04:00,307.0544128417969,307.0849914550781,306.5799865722656,306.7598876953125,112314,AAPL,Apple,Nasdaq,USD,20260703_140048
2026-07-02 12:15:00-04:00,307.6099853515625,307.82000732421875,306.95001220703125,307.0450134277344,357616,AAPL,Apple,Nasdaq,USD,20260703_140048
2026-07-02 12:16:00-04:00,307.7799987792969,307.8900146484375,307.5675048828125,307.5799865722656,303788,AAPL,Apple,Nasdaq,USD,20260703_140048
2026-07-02 12:17:00-04:00,307.3800048828125,307.8800048828125,307.19000244140625,307.7799987792969,318484,AAPL,Apple,Nasdaq,USD,20260703_140048
2026-07-02 12:18:00-04:00,307.80499267578125,307.8450012207031,307.1600036621094,307.385009765625,139149,AAPL,Apple,Nasdaq,USD,20260703_140048
2026-07-02 12:19:00-04:00,307.7301025390625,307.9200134277344,307.70001220703125,307.79998779296875,177406,AAPL,Apple,Nasdaq,USD,20260703_140048
2026-07-02 12:20:00-04:00,307.5299987792969,307.7799987792969,307.4200134277344,307.739990234375,135853,AAPL,Apple,Nasdaq,USD,20260703_140048
2026-07-02 12:21:00-04:00,307.3999938964844,307.69000244140625,307.3900146484375,307.4800109863281,90369,AAPL,Apple,Nasdaq,USD,20260703_140048
2026-07-02 12:22:00-04:00,307.5600891113281,307.70001220703125,307.3550109863281,307.4049987792969,105253,AAPL,Apple,Nasdaq,USD,20260703_140048
2026-07-02 12:23:00-04:00,307.69000244140625,307.7398986816406,307.4700012207031,307.6000061035156,104286,AAPL,Apple,Nasdaq,USD,20260703_140048
2026-07-02 12:24:00-04:00,307.79998779296875,307.9100036621094,307.6000061035156,307.68499755859375,136942,AAPL,Apple,Nasdaq,USD,20260703_140048
2026-07-02 12:25:00-04:00,308.4201965332031,308.45001220703125,307.80999755859375,307.80999755859375,253254,AAPL,Apple,Nasdaq,USD,20260703_140048
2026-07-02 12:26:00-04:00,308.0400085449219,308.44989013671875,308.0,308.42498779296875,168446,AAPL,Apple,Nasdaq,USD,20260703_140048
2026-07-02 12:27:00-04:00,307.9700012207031,308.093505859375,307.69000244140625,308.0400085449219,115816,AAPL,Apple,Nasdaq,USD,20260703_140048
2026-07-02 12:28:00-04:00,308.1453857421875,308.17999267578125,307.768310546875,307.9700012207031,105120,AAPL,Apple,Nasdaq,USD,20260703_140048
2026-07-02 12:29:00-04:00,308.0899963378906,308.1700134277344,307.9800109863281,308.135009765625,118920,AAPL,Apple,Nasdaq,USD,20260703_140048
2026-07-02 12:30:00-04:00,308.2250061035156,308.2799072265625,308.0350036621094,308.0899963378906,120956,AAPL,Apple,Nasdaq,USD,20260703_140048
2026-07-02 12:31:00-04:00,308.010009765625,308.2799987792969,307.760009765625,308.239990234375,117082,AAPL,Apple,Nasdaq,USD,20260703_140048
2026-07-02 12:32:00-04:00,307.9200134277344,308.0398864746094,307.739990234375,308.0199890136719,74004,AAPL,Apple,Nasdaq,USD,20260703_140048
2026-07-02 12:33:00-04:00,308.3599853515625,308.4800109863281,307.90179443359375,307.90179443359375,152175,AAPL,Apple,Nasdaq,USD,20260703_140048
2026-07-02 12:34:00-04:00,308.45001220703125,308.4599914550781,308.17999267578125,308.3500061035156,96875,AAPL,Apple,Nasdaq,USD,20260703_140048
2026-07-02 12:35:00-04:00,308.2749938964844,308.4200134277344,308.2200012207031,308.4200134277344,97549,AAPL,Apple,Nasdaq,USD,20260703_140048
2026-07-02 12:36:00-04:00,308.3799133300781,308.4100036621094,308.19000244140625,308.2749938964844,113403,AAPL,Apple,Nasdaq,USD,20260703_140048
2026-07-02 12:37:00-04:00,308.3399963378906,308.42999267578125,308.17999267578125,308.364990234375,126061,AAPL,Apple,Nasdaq,USD,20260703_140048
2026-07-02 12:38:00-04:00,308.21990966796875,308.3999938964844,308.06500244140625,308.3349914550781,164933,AAPL,Apple,Nasdaq,USD,20260703_140048
2026-07-02 12:39:00-04:00,308.1099853515625,308.2799987792969,307.9200134277344,308.2049865722656,159675,AAPL,Apple,Nasdaq,USD,20260703_140048
2026-07-02 12:40:00-04:00,307.7701110839844,308.1700134277344,307.75,308.1300048828125,136158,AAPL,Apple,Nasdaq,USD,20260703_140048
2026-07-02 12:41:00-04:00,307.4750061035156,307.8999938964844,307.3500061035156,307.75,168332,AAPL,Apple,Nasdaq,USD,20260703_140048
2026-07-02 12:42:00-04:00,307.4200134277344,307.5950012207031,307.2099914550781,307.4750061035156,167896,AAPL,Apple,Nasdaq,USD,20260703_140048
2026-07-02 12:43:00-04:00,307.2550048828125,307.44000244140625,307.04998779296875,307.3900146484375,80495,AAPL,Apple,Nasdaq,USD,20260703_140048
2026-07-02 12:44:00-04:00,307.45001220703125,307.55999755859375,307.2699890136719,307.2699890136719,78516,AAPL,Apple,Nasdaq,USD,20260703_140048
2026-07-02 12:45:00-04:00,307.260009765625,307.4549865722656,307.1152038574219,307.4501037597656,63701,AAPL,Apple,Nasdaq,USD,20260703_140048
2026-07-02 12:46:00-04:00,306.989990234375,307.3399963378906,306.92999267578125,307.25,102554,AAPL,Apple,Nasdaq,USD,20260703_140048
2026-07-02 12:47:00-04:00,307.625,307.6600036621094,306.6700134277344,306.989990234375,139199,AAPL,Apple,Nasdaq,USD,20260703_140048
2026-07-02 12:48:00-04:00,307.55499267578125,307.8699951171875,307.3599853515625,307.625,110817,AAPL,Apple,Nasdaq,USD,20260703_140048
2026-07-02 12:49:00-04:00,307.7799987792969,307.8299865722656,307.55999755859375,307.57000732421875,114235,AAPL,Apple,Nasdaq,USD,20260703_140048
2026-07-02 12:50:00-04:00,307.635009765625,307.8800048828125,307.5,307.80999755859375,150968,AAPL,Apple,Nasdaq,USD,20260703_140048
2026-07-02 12:51:00-04:00,307.7250061035156,307.96990966796875,307.6000061035156,307.6300048828125,149730,AAPL,Apple,Nasdaq,USD,20260703_140048
2026-07-02 12:52:00-04:00,308.2900085449219,308.29998779296875,307.7099914550781,307.7250061035156,119461,AAPL,Apple,Nasdaq,USD,20260703_140048
2026-07-02 12:53:00-04:00,308.2200012207031,308.36248779296875,308.085205078125,308.2900085449219,101305,AAPL,Apple,Nasdaq,USD,20260703_140048
2026-07-02 12:54:00-04:00,308.2650146484375,308.447998046875,308.2200012207031,308.2200012207031,130564,AAPL,Apple,Nasdaq,USD,20260703_140048
2026-07-02 12:55:00-04:00,308.3949890136719,308.5299072265625,308.2300109863281,308.260009765625,128115,AAPL,Apple,Nasdaq,USD,20260703_140048
2026-07-02 12:56:00-04:00,308.2799987792969,308.4800109863281,308.260009765625,308.3999938964844,93644,AAPL,Apple,Nasdaq,USD,20260703_140048
2026-07-02 12:57:00-04:00,308.260009765625,308.5150146484375,308.1400146484375,308.2950134277344,146555,AAPL,Apple,Nasdaq,USD,20260703_140048
2026-07-02 12:58:00-04:00,308.3598937988281,308.3800048828125,307.9599914550781,308.2650146484375,107150,AAPL,Apple,Nasdaq,USD,20260703_140048
2026-07-02 12:59:00-04:00,308.30999755859375,308.3949890136719,308.06500244140625,308.32000732421875,102511,AAPL,Apple,Nasdaq,USD,20260703_140048
2026-07-02 13:00:00-04:00,307.9649963378906,308.45001220703125,307.5899963378906,308.29998779296875,287919,AAPL,Apple,Nasdaq,USD,20260703_140048
2026-07-02 13:01:00-04:00,307.82989501953125,307.9750061035156,307.70001220703125,307.94000244140625,142607,AAPL,Apple,Nasdaq,USD,20260703_140048
2026-07-02 13:02:00-04:00,307.7301025390625,307.9599914550781,307.67010498046875,307.81500244140625,96128,AAPL,Apple,Nasdaq,USD,20260703_140048
2026-07-02 13:03:00-04:00,307.5400085449219,307.760009765625,307.4200134277344,307.739990234375,120424,AAPL,Apple,Nasdaq,USD,20260703_140048
2026-07-02 13:04:00-04:00,307.3699951171875,307.6199951171875,307.2049865722656,307.5299987792969,127124,AAPL,Apple,Nasdaq,USD,20260703_140048
2026-07-02 13:05:00-04:00,307.1499938964844,307.4700012207031,307.0899963378906,307.3500061035156,103794,AAPL,Apple,Nasdaq,USD,20260703_140048
2026-07-02 13:06:00-04:00,307.5299072265625,307.53759765625,307.1000061035156,307.1449890136719,60452,AAPL,Apple,Nasdaq,USD,20260703_140048
2026-07-02 13:07:00-04:00,307.8299865722656,307.9100036621094,307.2699890136719,307.54998779296875,75227,AAPL,Apple,Nasdaq,USD,20260703_140048
2026-07-02 13:08:00-04:00,307.9432067871094,308.0899963378906,307.7850036621094,307.8299865722656,99792,AAPL,Apple,Nasdaq,USD,20260703_140048
2026-07-02 13:09:00-04:00,308.2799987792969,308.30999755859375,307.9599914550781,307.9700012207031,80525,AAPL,Apple,Nasdaq,USD,20260703_140048
2026-07-02 13:10:00-04:00,307.92999267578125,308.32000732421875,307.8900146484375,308.29998779296875,156906,AAPL,Apple,Nasdaq,USD,20260703_140048
2026-07-02 13:11:00-04:00,308.18499755859375,308.29998779296875,307.8699951171875,307.9700012207031,149400,AAPL,Apple,Nasdaq,USD,20260703_140048
2026-07-02 13:12:00-04:00,308.0397033691406,308.19000244140625,307.8699951171875,308.1499938964844,106606,AAPL,Apple,Nasdaq,USD,20260703_140048
2026-07-02 13:13:00-04:00,307.989990234375,308.0299987792969,307.8699951171875,308.0150146484375,70969,AAPL,Apple,Nasdaq,USD,20260703_140048
2026-07-02 13:14:00-04:00,308.2099914550781,308.2099914550781,307.8800964355469,307.9800109863281,87134,AAPL,Apple,Nasdaq,USD,20260703_140048
2026-07-02 13:15:00-04:00,308.2799987792969,308.30999755859375,308.114990234375,308.2099914550781,141358,AAPL,Apple,Nasdaq,USD,20260703_140048
2026-07-02 13:16:00-04:00,308.1099853515625,308.31988525390625,308.0299987792969,308.2651062011719,122082,AAPL,Apple,Nasdaq,USD,20260703_140048
2026-07-02 13:17:00-04:00,307.8900146484375,308.1199951171875,307.8599853515625,308.1199951171875,102269,AAPL,Apple,Nasdaq,USD,20260703_140048
2026-07-02 13:18:00-04:00,308.0400085449219,308.1700134277344,307.82000732421875,307.9100036621094,96451,AAPL,Apple,Nasdaq,USD,20260703_140048
2026-07-02 13:19:00-04:00,307.75,308.0498962402344,307.6499938964844,308.0400085449219,123236,AAPL,Apple,Nasdaq,USD,20260703_140048
2026-07-02 13:20:00-04:00,307.75,307.9100036621094,307.6700134277344,307.7799987792969,85810,AAPL,Apple,Nasdaq,USD,20260703_140048
2026-07-02 13:21:00-04:00,307.7300109863281,307.92999267578125,307.6512145996094,307.760009765625,94126,AAPL,Apple,Nasdaq,USD,20260703_140048
2026-07-02 13:22:00-04:00,307.9100036621094,307.95001220703125,307.75,307.760009765625,80700,AAPL,Apple,Nasdaq,USD,20260703_140048
2026-07-02 13:23:00-04:00,307.9200134277344,307.9898986816406,307.80999755859375,307.8900146484375,63065,AAPL,Apple,Nasdaq,USD,20260703_140048
2026-07-02 13:24:00-04:00,307.8599853515625,307.9599914550781,307.7300109863281,307.92999267578125,64605,AAPL,Apple,Nasdaq,USD,20260703_140048
2026-07-02 13:25:00-04:00,307.7099914550781,307.8699951171875,307.70001220703125,307.8599853515625,56634,AAPL,Apple,Nasdaq,USD,20260703_140048
2026-07-02 13:26:00-04:00,307.2622985839844,307.7576904296875,307.260009765625,307.7099914550781,57120,AAPL,Apple,Nasdaq,USD,20260703_140048
2026-07-02 13:27:00-04:00,307.739990234375,307.7650146484375,307.260009765625,307.260009765625,68479,AAPL,Apple,Nasdaq,USD,20260703_140048
2026-07-02 13:28:00-04:00,307.8349914550781,307.8800048828125,307.760009765625,307.7799987792969,81235,AAPL,Apple,Nasdaq,USD,20260703_140048
2026-07-02 13:29:00-04:00,307.80499267578125,307.9100036621094,307.7099914550781,307.82000732421875,37903,AAPL,Apple,Nasdaq,USD,20260703_140048
2026-07-02 13:30:00-04:00,307.739990234375,307.8699951171875,307.67999267578125,307.80499267578125,68787,AAPL,Apple,Nasdaq,USD,20260703_140048
2026-07-02 13:31:00-04:00,307.93499755859375,308.07000732421875,307.739990234375,307.739990234375,95657,AAPL,Apple,Nasdaq,USD,20260703_140048
2026-07-02 13:32:00-04:00,307.96990966796875,308.04998779296875,307.840087890625,307.93499755859375,60393,AAPL,Apple,Nasdaq,USD,20260703_140048
2026-07-02 13:33:00-04:00,307.9800109863281,308.1000061035156,307.927001953125,307.95001220703125,82265,AAPL,Apple,Nasdaq,USD,20260703_140048
2026-07-02 13:34:00-04:00,307.5400085449219,308.06500244140625,307.4700012207031,307.9800109863281,128921,AAPL,Apple,Nasdaq,USD,20260703_140048
2026-07-02 13:35:00-04:00,307.4750061035156,307.875,307.4200134277344,307.5,97267,AAPL,Apple,Nasdaq,USD,20260703_140048
2026-07-02 13:36:00-04:00,307.7550048828125,307.8900146484375,307.43011474609375,307.4750061035156,80060,AAPL,Apple,Nasdaq,USD,20260703_140048
2026-07-02 13:37:00-04:00,307.6600036621094,307.8500061035156,307.54998779296875,307.7799987792969,87941,AAPL,Apple,Nasdaq,USD,20260703_140048
2026-07-02 13:38:00-04:00,307.9700012207031,307.9800109863281,307.6499938964844,307.6499938964844,81124,AAPL,Apple,Nasdaq,USD,20260703_140048
2026-07-02 13:39:00-04:00,307.8299865722656,308.0299987792969,307.7749938964844,307.9700012207031,90039,AAPL,Apple,Nasdaq,USD,20260703_140048
2026-07-02 13:40:00-04:00,307.8349914550781,307.8800048828125,307.6400146484375,307.8299865722656,115836,AAPL,Apple,Nasdaq,USD,20260703_140048
2026-07-02 13:41:00-04:00,308.0299987792969,308.0899963378906,307.7550048828125,307.8399963378906,71509,AAPL,Apple,Nasdaq,USD,20260703_140048
2026-07-02 13:42:00-04:00,307.92999267578125,308.05999755859375,307.8500061035156,308.0599060058594,70822,AAPL,Apple,Nasdaq,USD,20260703_140048
2026-07-02 13:43:00-04:00,308.0400085449219,308.04998779296875,307.79998779296875,307.94000244140625,95050,AAPL,Apple,Nasdaq,USD,20260703_140048
2026-07-02 13:44:00-04:00,308.17999267578125,308.17999267578125,307.875,308.0400085449219,80351,AAPL,Apple,Nasdaq,USD,20260703_140048
2026-07-02 13:45:00-04:00,308.2300109863281,308.29998779296875,308.0199890136719,308.1700134277344,137567,AAPL,Apple,Nasdaq,USD,20260703_140048
2026-07-02 13:46:00-04:00,308.0249938964844,308.2900085449219,308.0,308.2900085449219,115918,AAPL,Apple,Nasdaq,USD,20260703_140048
2026-07-02 13:47:00-04:00,307.67999267578125,308.0899963378906,307.6400146484375,308.0400085449219,101054,AAPL,Apple,Nasdaq,USD,20260703_140048
2026-07-02 13:48:00-04:00,308.0599060058594,308.0888977050781,307.4800109863281,307.67498779296875,102011,AAPL,Apple,Nasdaq,USD,20260703_140048
2026-07-02 13:49:00-04:00,307.9800109863281,308.17999267578125,307.739990234375,308.0367126464844,178011,AAPL,Apple,Nasdaq,USD,20260703_140048
2026-07-02 13:50:00-04:00,307.90289306640625,308.04071044921875,307.7900085449219,307.9800109863281,260684,AAPL,Apple,Nasdaq,USD,20260703_140048
2026-07-02 13:51:00-04:00,308.0,308.1000061035156,307.8949890136719,307.95001220703125,82459,AAPL,Apple,Nasdaq,USD,20260703_140048
2026-07-02 13:52:00-04:00,307.7900085449219,308.0299987792969,307.7200012207031,308.0,97424,AAPL,Apple,Nasdaq,USD,20260703_140048
2026-07-02 13:53:00-04:00,307.7300109863281,307.9739990234375,307.7250061035156,307.7900085449219,71262,AAPL,Apple,Nasdaq,USD,20260703_140048
2026-07-02 13:54:00-04:00,307.79998779296875,307.889892578125,307.67999267578125,307.7250061035156,55474,AAPL,Apple,Nasdaq,USD,20260703_140048
2026-07-02 13:55:00-04:00,307.4599914550781,307.82000732421875,307.38018798828125,307.7200012207031,75990,AAPL,Apple,Nasdaq,USD,20260703_140048
2026-07-02 13:56:00-04:00,307.489990234375,307.5050048828125,307.3599853515625,307.40008544921875,50944,AAPL,Apple,Nasdaq,USD,20260703_140048
2026-07-02 13:57:00-04:00,307.3999938964844,307.5899963378906,307.2699890136719,307.4599914550781,98036,AAPL,Apple,Nasdaq,USD,20260703_140048
2026-07-02 13:58:00-04:00,307.31500244140625,307.5199890136719,307.260009765625,307.3999938964844,55827,AAPL,Apple,Nasdaq,USD,20260703_140048
2026-07-02 13:59:00-04:00,307.32000732421875,307.3399963378906,307.10009765625,307.31500244140625,94000,AAPL,Apple,Nasdaq,USD,20260703_140048
2026-07-02 14:00:00-04:00,307.62188720703125,307.75,307.1449890136719,307.3500061035156,137314,AAPL,Apple,Nasdaq,USD,20260703_140048
2026-07-02 14:01:00-04:00,307.5849914550781,307.6400146484375,307.4599914550781,307.6400146484375,97881,AAPL,Apple,Nasdaq,USD,20260703_140048
2026-07-02 14:02:00-04:00,307.2699890136719,307.6549987792969,307.2650146484375,307.5899963378906,137455,AAPL,Apple,Nasdaq,USD,20260703_140048
2026-07-02 14:03:00-04:00,307.3699951171875,307.3699951171875,307.1600036621094,307.2650146484375,71674,AAPL,Apple,Nasdaq,USD,20260703_140048
2026-07-02 14:04:00-04:00,307.6449890136719,307.7998962402344,307.3999938964844,307.3999938964844,73854,AAPL,Apple,Nasdaq,USD,20260703_140048
2026-07-02 14:05:00-04:00,307.6050109863281,307.7699890136719,307.5364990234375,307.6449890136719,91012,AAPL,Apple,Nasdaq,USD,20260703_140048
2026-07-02 14:06:00-04:00,307.6474914550781,307.79998779296875,307.56500244140625,307.6050109863281,105806,AAPL,Apple,Nasdaq,USD,20260703_140048
2026-07-02 14:07:00-04:00,307.3900146484375,307.7300109863281,307.3550109863281,307.56500244140625,68060,AAPL,Apple,Nasdaq,USD,20260703_140048
2026-07-02 14:08:00-04:00,307.7749938964844,307.7799987792969,307.2200012207031,307.3900146484375,78666,AAPL,Apple,Nasdaq,USD,20260703_140048
2026-07-02 14:09:00-04:00,307.510009765625,307.82000732421875,307.4400939941406,307.7749938964844,86444,AAPL,Apple,Nasdaq,USD,20260703_140048
2026-07-02 14:10:00-04:00,307.4949951171875,307.6600036621094,307.4700012207031,307.5050048828125,77700,AAPL,Apple,Nasdaq,USD,20260703_140048
2026-07-02 14:11:00-04:00,307.5799865722656,307.6700134277344,307.4949951171875,307.5,68510,AAPL,Apple,Nasdaq,USD,20260703_140048
2026-07-02 14:12:00-04:00,307.6199951171875,307.67498779296875,307.47259521484375,307.589599609375,69061,AAPL,Apple,Nasdaq,USD,20260703_140048
2026-07-02 14:13:00-04:00,307.6300048828125,307.7099914550781,307.55999755859375,307.6499938964844,103261,AAPL,Apple,Nasdaq,USD,20260703_140048
2026-07-02 14:14:00-04:00,307.6400146484375,307.6700134277344,307.5,307.6199951171875,70357,AAPL,Apple,Nasdaq,USD,20260703_140048
2026-07-02 14:15:00-04:00,307.67999267578125,307.75,307.5201110839844,307.65008544921875,75460,AAPL,Apple,Nasdaq,USD,20260703_140048
2026-07-02 14:16:00-04:00,307.6700134277344,307.79998779296875,307.489990234375,307.67999267578125,74147,AAPL,Apple,Nasdaq,USD,20260703_140048
2026-07-02 14:17:00-04:00,307.4649963378906,307.79998779296875,307.4100036621094,307.67999267578125,94858,AAPL,Apple,Nasdaq,USD,20260703_140048
2026-07-02 14:18:00-04:00,307.5199890136719,307.6199951171875,307.3399963378906,307.4649963378906,67083,AAPL,Apple,Nasdaq,USD,20260703_140048
2026-07-02 14:19:00-04:00,307.1004943847656,307.5249938964844,306.8200988769531,307.5198974609375,244359,AAPL,Apple,Nasdaq,USD,20260703_140048
2026-07-02 14:20:00-04:00,307.3900146484375,307.4700012207031,307.1000061035156,307.1099853515625,80475,AAPL,Apple,Nasdaq,USD,20260703_140048
2026-07-02 14:21:00-04:00,307.4100036621094,307.5899963378906,307.3900146484375,307.3999938964844,64316,AAPL,Apple,Nasdaq,USD,20260703_140048
2026-07-02 14:22:00-04:00,307.1400146484375,307.3949890136719,307.1199951171875,307.3949890136719,82683,AAPL,Apple,Nasdaq,USD,20260703_140048
2026-07-02 14:23:00-04:00,307.30999755859375,307.30999755859375,307.110107421875,307.1400146484375,71491,AAPL,Apple,Nasdaq,USD,20260703_140048
2026-07-02 14:24:00-04:00,307.25,307.4700012207031,307.25,307.3092956542969,76309,AAPL,Apple,Nasdaq,USD,20260703_140048
2026-07-02 14:25:00-04:00,307.2749938964844,307.3500061035156,307.1700134277344,307.2449951171875,90488,AAPL,Apple,Nasdaq,USD,20260703_140048
2026-07-02 14:26:00-04:00,307.3800048828125,307.42999267578125,307.114990234375,307.2749938964844,106135,AAPL,Apple,Nasdaq,USD,20260703_140048
2026-07-02 14:27:00-04:00,307.2699890136719,307.364990234375,307.1300048828125,307.364990234375,78694,AAPL,Apple,Nasdaq,USD,20260703_140048
2026-07-02 14:28:00-04:00,307.4700012207031,307.5,307.2749938964844,307.29998779296875,74644,AAPL,Apple,Nasdaq,USD,20260703_140048
2026-07-02 14:29:00-04:00,307.3299865722656,307.5299987792969,307.2959899902344,307.48480224609375,49270,AAPL,Apple,Nasdaq,USD,20260703_140048
2026-07-02 14:30:00-04:00,307.6300048828125,307.7699890136719,307.2699890136719,307.3399963378906,115548,AAPL,Apple,Nasdaq,USD,20260703_140048
2026-07-02 14:31:00-04:00,307.8800048828125,307.8999938964844,307.6000061035156,307.614990234375,104110,AAPL,Apple,Nasdaq,USD,20260703_140048
2026-07-02 14:32:00-04:00,307.6199951171875,307.89990234375,307.6199951171875,307.8800048828125,86494,AAPL,Apple,Nasdaq,USD,20260703_140048
2026-07-02 14:33:00-04:00,307.54998779296875,307.639892578125,307.38629150390625,307.6299133300781,57555,AAPL,Apple,Nasdaq,USD,20260703_140048
2026-07-02 14:34:00-04:00,307.53009033203125,307.6099853515625,307.4800109863281,307.54998779296875,86697,AAPL,Apple,Nasdaq,USD,20260703_140048
2026-07-02 14:35:00-04:00,307.4773864746094,307.6000061035156,307.3500061035156,307.54998779296875,70178,AAPL,Apple,Nasdaq,USD,20260703_140048
2026-07-02 14:36:00-04:00,307.57501220703125,307.7799987792969,307.4700012207031,307.4800109863281,68516,AAPL,Apple,Nasdaq,USD,20260703_140048
2026-07-02 14:37:00-04:00,307.6600036621094,307.67999267578125,307.55999755859375,307.5799865722656,42489,AAPL,Apple,Nasdaq,USD,20260703_140048
2026-07-02 14:38:00-04:00,307.4501037597656,307.6695861816406,307.44000244140625,307.6600036621094,53785,AAPL,Apple,Nasdaq,USD,20260703_140048
2026-07-02 14:39:00-04:00,307.3599853515625,307.4800109863281,307.32000732421875,307.42999267578125,55194,AAPL,Apple,Nasdaq,USD,20260703_140048
2026-07-02 14:40:00-04:00,307.239990234375,307.489990234375,307.1600036621094,307.32000732421875,566896,AAPL,Apple,Nasdaq,USD,20260703_140048
2026-07-02 14:41:00-04:00,307.1400146484375,307.3999938964844,307.1300048828125,307.2200012207031,60820,AAPL,Apple,Nasdaq,USD,20260703_140048
2026-07-02 14:42:00-04:00,307.3699951171875,307.489990234375,307.1400146484375,307.1499938964844,67334,AAPL,Apple,Nasdaq,USD,20260703_140048
2026-07-02 14:43:00-04:00,307.42999267578125,307.4898986816406,307.25,307.3900146484375,65168,AAPL,Apple,Nasdaq,USD,20260703_140048
2026-07-02 14:44:00-04:00,307.54998779296875,307.69000244140625,307.4100036621094,307.43499755859375,71755,AAPL,Apple,Nasdaq,USD,20260703_140048
2026-07-02 14:45:00-04:00,307.54998779296875,307.6499938964844,307.3641052246094,307.54998779296875,54175,AAPL,Apple,Nasdaq,USD,20260703_140048
2026-07-02 14:46:00-04:00,307.489990234375,307.55999755859375,307.3800048828125,307.54998779296875,48434,AAPL,Apple,Nasdaq,USD,20260703_140048
2026-07-02 14:47:00-04:00,307.489990234375,307.5299987792969,307.3504943847656,307.5,46397,AAPL,Apple,Nasdaq,USD,20260703_140048
2026-07-02 14:48:00-04:00,307.5150146484375,307.5299987792969,307.3900146484375,307.5,35971,AAPL,Apple,Nasdaq,USD,20260703_140048
2026-07-02 14:49:00-04:00,307.4200134277344,307.5400085449219,307.3500061035156,307.5299987792969,50323,AAPL,Apple,Nasdaq,USD,20260703_140048
2026-07-02 14:50:00-04:00,307.7550048828125,307.7900085449219,307.3900146484375,307.4200134277344,93358,AAPL,Apple,Nasdaq,USD,20260703_140048
2026-07-02 14:51:00-04:00,307.7401123046875,307.79998779296875,307.6300048828125,307.75,85328,AAPL,Apple,Nasdaq,USD,20260703_140048
2026-07-02 14:52:00-04:00,307.7099914550781,307.80999755859375,307.5799865722656,307.75,84716,AAPL,Apple,Nasdaq,USD,20260703_140048
2026-07-02 14:53:00-04:00,307.79998779296875,307.79998779296875,307.69000244140625,307.7099914550781,47708,AAPL,Apple,Nasdaq,USD,20260703_140048
2026-07-02 14:54:00-04:00,307.57000732421875,307.80999755859375,307.5199890136719,307.80999755859375,100157,AAPL,Apple,Nasdaq,USD,20260703_140048
2026-07-02 14:55:00-04:00,307.7900085449219,307.8299865722656,307.55999755859375,307.57000732421875,88257,AAPL,Apple,Nasdaq,USD,20260703_140048
2026-07-02 14:56:00-04:00,307.8399963378906,307.8999938964844,307.760009765625,307.7799987792969,86688,AAPL,Apple,Nasdaq,USD,20260703_140048
2026-07-02 14:57:00-04:00,307.864990234375,307.8800048828125,307.5799865722656,307.8399963378906,94397,AAPL,Apple,Nasdaq,USD,20260703_140048
2026-07-02 14:58:00-04:00,307.81500244140625,308.1000061035156,307.75,307.864990234375,124210,AAPL,Apple,Nasdaq,USD,20260703_140048
2026-07-02 14:59:00-04:00,307.6449890136719,307.92498779296875,307.6199951171875,307.80999755859375,78336,AAPL,Apple,Nasdaq,USD,20260703_140048
2026-07-02 15:00:00-04:00,307.9501037597656,308.17999267578125,307.6000061035156,307.6449890136719,91369,AAPL,Apple,Nasdaq,USD,20260703_140048
2026-07-02 15:01:00-04:00,307.94000244140625,308.0899963378906,307.79998779296875,307.9580993652344,99263,AAPL,Apple,Nasdaq,USD,20260703_140048
2026-07-02 15:02:00-04:00,307.8349914550781,307.9849853515625,307.7699890136719,307.93499755859375,76490,AAPL,Apple,Nasdaq,USD,20260703_140048
2026-07-02 15:03:00-04:00,307.94000244140625,307.9599914550781,307.8299865722656,307.8349914550781,68184,AAPL,Apple,Nasdaq,USD,20260703_140048
2026-07-02 15:04:00-04:00,307.42999267578125,307.9599914550781,307.3800048828125,307.94000244140625,119712,AAPL,Apple,Nasdaq,USD,20260703_140048
2026-07-02 15:05:00-04:00,307.739990234375,307.739990234375,307.44000244140625,307.44000244140625,69905,AAPL,Apple,Nasdaq,USD,20260703_140048
2026-07-02 15:06:00-04:00,307.92498779296875,308.04998779296875,307.7300109863281,307.739990234375,114076,AAPL,Apple,Nasdaq,USD,20260703_140048
2026-07-02 15:07:00-04:00,308.19000244140625,308.2099914550781,307.9200134277344,307.95001220703125,112855,AAPL,Apple,Nasdaq,USD,20260703_140048
2026-07-02 15:08:00-04:00,308.1400146484375,308.2099914550781,308.07000732421875,308.19000244140625,78574,AAPL,Apple,Nasdaq,USD,20260703_140048
2026-07-02 15:09:00-04:00,308.0899963378906,308.2300109863281,308.07000732421875,308.1199951171875,90932,AAPL,Apple,Nasdaq,USD,20260703_140048
2026-07-02 15:10:00-04:00,308.2799987792969,308.2900085449219,308.0400085449219,308.0799865722656,104716,AAPL,Apple,Nasdaq,USD,20260703_140048
2026-07-02 15:11:00-04:00,308.1300048828125,308.30999755859375,308.1199951171875,308.2850036621094,89287,AAPL,Apple,Nasdaq,USD,20260703_140048
2026-07-02 15:12:00-04:00,307.9200134277344,308.177490234375,307.8699951171875,308.1200866699219,69809,AAPL,Apple,Nasdaq,USD,20260703_140048
2026-07-02 15:13:00-04:00,307.79998779296875,308.0201110839844,307.79998779296875,307.9200134277344,73382,AAPL,Apple,Nasdaq,USD,20260703_140048
2026-07-02 15:14:00-04:00,307.7900085449219,307.8800048828125,307.6499938964844,307.8099060058594,73672,AAPL,Apple,Nasdaq,USD,20260703_140048
2026-07-02 15:15:00-04:00,307.510009765625,307.7799987792969,307.45001220703125,307.7799987792969,83812,AAPL,Apple,Nasdaq,USD,20260703_140048
2026-07-02 15:16:00-04:00,307.7799987792969,307.8399963378906,307.510009765625,307.510009765625,101204,AAPL,Apple,Nasdaq,USD,20260703_140048
2026-07-02 15:17:00-04:00,307.8999938964844,307.9700012207031,307.7629089355469,307.7650146484375,84409,AAPL,Apple,Nasdaq,USD,20260703_140048
2026-07-02 15:18:00-04:00,307.8299865722656,307.95001220703125,307.7699890136719,307.8999938964844,84826,AAPL,Apple,Nasdaq,USD,20260703_140048
2026-07-02 15:19:00-04:00,307.92999267578125,308.04998779296875,307.82000732421875,307.8299865722656,99728,AAPL,Apple,Nasdaq,USD,20260703_140048
2026-07-02 15:20:00-04:00,307.8349914550781,307.9700012207031,307.77978515625,307.92999267578125,66403,AAPL,Apple,Nasdaq,USD,20260703_140048
2026-07-02 15:21:00-04:00,307.760009765625,307.8800048828125,307.67999267578125,307.8349914550781,90971,AAPL,Apple,Nasdaq,USD,20260703_140048
2026-07-02 15:22:00-04:00,307.625,307.7699890136719,307.5,307.7699890136719,110024,AAPL,Apple,Nasdaq,USD,20260703_140048
2026-07-02 15:23:00-04:00,307.5299987792969,307.6549987792969,307.4700012207031,307.625,127051,AAPL,Apple,Nasdaq,USD,20260703_140048
2026-07-02 15:24:00-04:00,307.625,307.6700134277344,307.5,307.5400085449219,91415,AAPL,Apple,Nasdaq,USD,20260703_140048
2026-07-02 15:25:00-04:00,307.590087890625,307.6400146484375,307.53009033203125,307.6300048828125,102101,AAPL,Apple,Nasdaq,USD,20260703_140048
2026-07-02 15:26:00-04:00,307.42498779296875,307.6099853515625,307.4100036621094,307.6098937988281,92383,AAPL,Apple,Nasdaq,USD,20260703_140048
2026-07-02 15:27:00-04:00,307.510009765625,307.510009765625,307.30010986328125,307.4216003417969,92672,AAPL,Apple,Nasdaq,USD,20260703_140048
2026-07-02 15:28:00-04:00,307.3599853515625,307.5450134277344,307.340087890625,307.510009765625,101577,AAPL,Apple,Nasdaq,USD,20260703_140048
2026-07-02 15:29:00-04:00,307.42498779296875,307.55999755859375,307.2601013183594,307.3599853515625,98779,AAPL,Apple,Nasdaq,USD,20260703_140048
2026-07-02 15:30:00-04:00,307.7300109863281,307.75,307.31500244140625,307.44000244140625,109261,AAPL,Apple,Nasdaq,USD,20260703_140048
2026-07-02 15:31:00-04:00,307.7900085449219,307.8299865722656,307.6700134277344,307.739990234375,144554,AAPL,Apple,Nasdaq,USD,20260703_140048
2026-07-02 15:32:00-04:00,307.9700012207031,307.9700012207031,307.7250061035156,307.7925109863281,124745,AAPL,Apple,Nasdaq,USD,20260703_140048
2026-07-02 15:33:00-04:00,308.07000732421875,308.1400146484375,307.9601135253906,307.9700012207031,130611,AAPL,Apple,Nasdaq,USD,20260703_140048
2026-07-02 15:34:00-04:00,308.0450134277344,308.1499938964844,308.010009765625,308.0899963378906,94593,AAPL,Apple,Nasdaq,USD,20260703_140048
2026-07-02 15:35:00-04:00,308.0899963378906,308.1449890136719,308.010009765625,308.04998779296875,118268,AAPL,Apple,Nasdaq,USD,20260703_140048
2026-07-02 15:36:00-04:00,308.20001220703125,308.20098876953125,307.9599914550781,308.0849914550781,157177,AAPL,Apple,Nasdaq,USD,20260703_140048
2026-07-02 15:37:00-04:00,308.3599853515625,308.3699951171875,308.1300048828125,308.20001220703125,127018,AAPL,Apple,Nasdaq,USD,20260703_140048
2026-07-02 15:38:00-04:00,308.1799011230469,308.510009765625,308.1600036621094,308.3699951171875,175604,AAPL,Apple,Nasdaq,USD,20260703_140048
2026-07-02 15:39:00-04:00,308.260009765625,308.30999755859375,308.07000732421875,308.1600036621094,134706,AAPL,Apple,Nasdaq,USD,20260703_140048
2026-07-02 15:40:00-04:00,308.2900085449219,308.4599914550781,308.2200012207031,308.260009765625,137751,AAPL,Apple,Nasdaq,USD,20260703_140048
2026-07-02 15:41:00-04:00,308.3599853515625,308.42999267578125,308.2099914550781,308.2900085449219,133164,AAPL,Apple,Nasdaq,USD,20260703_140048
2026-07-02 15:42:00-04:00,308.1700134277344,308.3599853515625,308.1199951171875,308.3399963378906,214768,AAPL,Apple,Nasdaq,USD,20260703_140048
2026-07-02 15:43:00-04:00,307.83099365234375,308.2900085449219,307.83099365234375,308.1871032714844,160750,AAPL,Apple,Nasdaq,USD,20260703_140048
2026-07-02 15:44:00-04:00,307.9800109863281,308.0299987792969,307.7799987792969,307.8299865722656,178037,AAPL,Apple,Nasdaq,USD,20260703_140048
2026-07-02 15:45:00-04:00,307.739990234375,308.0299987792969,307.7300109863281,307.9800109863281,158471,AAPL,Apple,Nasdaq,USD,20260703_140048
2026-07-02 15:46:00-04:00,307.7200012207031,307.760009765625,307.54998779296875,307.69000244140625,123484,AAPL,Apple,Nasdaq,USD,20260703_140048
2026-07-02 15:47:00-04:00,307.5450134277344,307.82000732421875,307.53009033203125,307.7300109863281,102845,AAPL,Apple,Nasdaq,USD,20260703_140048
2026-07-02 15:48:00-04:00,307.7099914550781,307.7300109863281,307.2099914550781,307.5450134277344,172208,AAPL,Apple,Nasdaq,USD,20260703_140048
2026-07-02 15:49:00-04:00,307.5299987792969,307.7650146484375,307.44000244140625,307.7200012207031,183802,AAPL,Apple,Nasdaq,USD,20260703_140048
2026-07-02 15:50:00-04:00,307.75,308.4700012207031,307.5400085449219,307.5400085449219,369519,AAPL,Apple,Nasdaq,USD,20260703_140048
2026-07-02 15:51:00-04:00,307.9800109863281,308.1300048828125,307.75,307.760009765625,272217,AAPL,Apple,Nasdaq,USD,20260703_140048
2026-07-02 15:52:00-04:00,308.1499938964844,308.2300109863281,307.92999267578125,307.9700012207031,222816,AAPL,Apple,Nasdaq,USD,20260703_140048
2026-07-02 15:53:00-04:00,308.30499267578125,308.32000732421875,308.0199890136719,308.1300048828125,332885,AAPL,Apple,Nasdaq,USD,20260703_140048
2026-07-02 15:54:00-04:00,308.0400085449219,308.54998779296875,307.95001220703125,308.30499267578125,318358,AAPL,Apple,Nasdaq,USD,20260703_140048
2026-07-02 15:55:00-04:00,309.1499938964844,309.25,308.0400085449219,308.0400085449219,556325,AAPL,Apple,Nasdaq,USD,20260703_140048
2026-07-02 15:56:00-04:00,309.1499938964844,309.2799987792969,308.9100036621094,309.17999267578125,477999,AAPL,Apple,Nasdaq,USD,20260703_140048
2026-07-02 15:57:00-04:00,309.0899963378906,309.4200134277344,308.95001220703125,309.1499938964844,768731,AAPL,Apple,Nasdaq,USD,20260703_140048
2026-07-02 15:58:00-04:00,308.7449951171875,309.2300109863281,308.7099914550781,309.1000061035156,805685,AAPL,Apple,Nasdaq,USD,20260703_140048
2026-07-02 15:59:00-04:00,308.2200012207031,308.9599914550781,308.1000061035156,308.75,1654260,AAPL,Apple,Nasdaq,USD,20260703_140048
2026-07-02 09:30:00-04:00,297.09991455078125,297.1000061035156,293.67999267578125,294.0849914550781,1161939,AAPL,Apple,Nasdaq,USD,20260703_160316
2026-07-02 09:31:00-04:00,298.94000244140625,299.0400085449219,296.92999267578125,297.1000061035156,387097,AAPL,Apple,Nasdaq,USD,20260703_160316
2026-07-02 09:32:00-04:00,299.2699890136719,299.82000732421875,298.6600036621094,298.9700012207031,333980,AAPL,Apple,Nasdaq,USD,20260703_160316
2026-07-02 09:33:00-04:00,298.0400085449219,299.5,297.8075866699219,299.30499267578125,244659,AAPL,Apple,Nasdaq,USD,20260703_160316
2026-07-02 09:34:00-04:00,298.20001220703125,298.510009765625,297.8900146484375,298.125,143692,AAPL,Apple,Nasdaq,USD,20260703_160316
2026-07-02 09:35:00-04:00,298.4179992675781,298.8599853515625,298.1252136230469,298.1813049316406,241851,AAPL,Apple,Nasdaq,USD,20260703_160316
2026-07-02 09:36:00-04:00,298.92999267578125,299.0799865722656,298.20001220703125,298.42498779296875,177706,AAPL,Apple,Nasdaq,USD,20260703_160316
2026-07-02 09:37:00-04:00,299.2900085449219,299.3500061035156,298.8299865722656,298.989990234375,166444,AAPL,Apple,Nasdaq,USD,20260703_160316
2026-07-02 09:38:00-04:00,299.55999755859375,299.7099914550781,299.1900939941406,299.2900085449219,204531,AAPL,Apple,Nasdaq,USD,20260703_160316
2026-07-02 09:39:00-04:00,300.1300048828125,300.1600036621094,299.42999267578125,299.6199951171875,384326,AAPL,Apple,Nasdaq,USD,20260703_160316
2026-07-02 09:40:00-04:00,299.9750061035156,300.3299865722656,299.7799987792969,300.1300048828125,184912,AAPL,Apple,Nasdaq,USD,20260703_160316
2026-07-02 09:41:00-04:00,300.864990234375,300.92999267578125,299.8550109863281,299.9700012207031,230313,AAPL,Apple,Nasdaq,USD,20260703_160316
2026-07-02 09:42:00-04:00,300.7799987792969,301.1400146484375,300.5101013183594,300.8800048828125,401939,AAPL,Apple,Nasdaq,USD,20260703_160316
2026-07-02 09:43:00-04:00,300.45001220703125,301.1199951171875,300.3399963378906,300.7799987792969,195235,AAPL,Apple,Nasdaq,USD,20260703_160316
2026-07-02 09:44:00-04:00,300.3500061035156,300.7099914550781,300.260009765625,300.44000244140625,177277,AAPL,Apple,Nasdaq,USD,20260703_160316
2026-07-02 09:45:00-04:00,300.9800109863281,301.17999267578125,300.3800048828125,300.3800048828125,198028,AAPL,Apple,Nasdaq,USD,20260703_160316
2026-07-02 09:46:00-04:00,300.9200134277344,301.6997985839844,300.8299865722656,300.9649963378906,214435,AAPL,Apple,Nasdaq,USD,20260703_160316
2026-07-02 09:47:00-04:00,301.69000244140625,301.75,300.6700134277344,300.9100036621094,212118,AAPL,Apple,Nasdaq,USD,20260703_160316
2026-07-02 09:48:00-04:00,302.0874938964844,302.1094970703125,301.55999755859375,301.67999267578125,274465,AAPL,Apple,Nasdaq,USD,20260703_160316
2026-07-02 09:49:00-04:00,302.1700134277344,302.3546142578125,301.8810119628906,302.07501220703125,266386,AAPL,Apple,Nasdaq,USD,20260703_160316
2026-07-02 09:50:00-04:00,302.3299865722656,302.67999267578125,302.1300048828125,302.1499938964844,250889,AAPL,Apple,Nasdaq,USD,20260703_160316
2026-07-02 09:51:00-04:00,301.5899963378906,302.3349914550781,301.4700012207031,302.3349914550781,220691,AAPL,Apple,Nasdaq,USD,20260703_160316
2026-07-02 09:52:00-04:00,302.3800048828125,302.3999938964844,301.57000732421875,301.5899963378906,132526,AAPL,Apple,Nasdaq,USD,20260703_160316
2026-07-02 09:53:00-04:00,302.1700134277344,302.4353942871094,302.04998779296875,302.3800048828125,121901,AAPL,Apple,Nasdaq,USD,20260703_160316
2026-07-02 09:54:00-04:00,301.7550048828125,302.1600036621094,301.6400146484375,302.1600036621094,1968854,AAPL,Apple,Nasdaq,USD,20260703_160316
2026-07-02 09:55:00-04:00,301.8843078613281,301.9898986816406,301.4700927734375,301.75,140025,AAPL,Apple,Nasdaq,USD,20260703_160316
2026-07-02 09:56:00-04:00,301.864990234375,301.947509765625,301.6400146484375,301.9100036621094,167523,AAPL,Apple,Nasdaq,USD,20260703_160316
2026-07-02 09:57:00-04:00,302.0899963378906,302.1199951171875,301.864990234375,301.9200134277344,169033,AAPL,Apple,Nasdaq,USD,20260703_160316
2026-07-02 09:58:00-04:00,302.260009765625,302.4200134277344,302.0199890136719,302.060791015625,198315,AAPL,Apple,Nasdaq,USD,20260703_160316
2026-07-02 09:59:00-04:00,302.80999755859375,302.80999755859375,302.19000244140625,302.2900085449219,203320,AAPL,Apple,Nasdaq,USD,20260703_160316
2026-07-02 10:00:00-04:00,302.6900939941406,303.17498779296875,302.69000244140625,302.8500061035156,407126,AAPL,Apple,Nasdaq,USD,20260703_160316
2026-07-02 10:01:00-04:00,302.8599853515625,303.1300048828125,302.6700134277344,302.69000244140625,194760,AAPL,Apple,Nasdaq,USD,20260703_160316
2026-07-02 10:02:00-04:00,302.760009765625,303.0299987792969,302.6188049316406,302.8609924316406,151528,AAPL,Apple,Nasdaq,USD,20260703_160316
2026-07-02 10:03:00-04:00,302.989990234375,303.1600036621094,302.66009521484375,302.79998779296875,149761,AAPL,Apple,Nasdaq,USD,20260703_160316
2026-07-02 10:04:00-04:00,303.01031494140625,303.3900146484375,302.8599853515625,302.94500732421875,145782,AAPL,Apple,Nasdaq,USD,20260703_160316
2026-07-02 10:05:00-04:00,302.97198486328125,303.2900085449219,302.9599914550781,303.07000732421875,144476,AAPL,Apple,Nasdaq,USD,20260703_160316
2026-07-02 10:06:00-04:00,302.80999755859375,303.1099853515625,302.7101135253906,302.9649963378906,151871,AAPL,Apple,Nasdaq,USD,20260703_160316
2026-07-02 10:07:00-04:00,302.9649963378906,302.9700012207031,302.7300109863281,302.8399963378906,126195,AAPL,Apple,Nasdaq,USD,20260703_160316
2026-07-02 10:08:00-04:00,303.2349853515625,303.5,302.8399963378906,302.94000244140625,158493,AAPL,Apple,Nasdaq,USD,20260703_160316
2026-07-02 10:09:00-04:00,303.5350036621094,303.57000732421875,303.0400085449219,303.239990234375,319520,AAPL,Apple,Nasdaq,USD,20260703_160316
2026-07-02 10:10:00-04:00,303.19500732421875,303.5799865722656,303.1199951171875,303.54998779296875,171241,AAPL,Apple,Nasdaq,USD,20260703_160316
2026-07-02 10:11:00-04:00,303.7300109863281,303.7698974609375,303.2300109863281,303.2300109863281,235075,AAPL,Apple,Nasdaq,USD,20260703_160316
2026-07-02 10:12:00-04:00,304.0350036621094,304.0599060058594,303.6000061035156,303.739990234375,278142,AAPL,Apple,Nasdaq,USD,20260703_160316
2026-07-02 10:13:00-04:00,304.260009765625,304.5199890136719,303.9599914550781,304.0299987792969,370643,AAPL,Apple,Nasdaq,USD,20260703_160316
2026-07-02 10:14:00-04:00,303.7300109863281,304.2699890136719,303.1099853515625,304.268310546875,250766,AAPL,Apple,Nasdaq,USD,20260703_160316
2026-07-02 10:15:00-04:00,303.94000244140625,304.1700134277344,303.5899963378906,303.7449951171875,163011,AAPL,Apple,Nasdaq,USD,20260703_160316
2026-07-02 10:16:00-04:00,303.82989501953125,304.1000061035156,303.6400146484375,303.9150085449219,156320,AAPL,Apple,Nasdaq,USD,20260703_160316
2026-07-02 10:17:00-04:00,304.0899963378906,304.29998779296875,303.60009765625,303.8299865722656,146615,AAPL,Apple,Nasdaq,USD,20260703_160316
2026-07-02 10:18:00-04:00,303.7200012207031,304.1300048828125,303.6499938964844,304.05999755859375,106390,AAPL,Apple,Nasdaq,USD,20260703_160316
2026-07-02 10:19:00-04:00,304.3699951171875,304.5090026855469,303.7179870605469,303.75311279296875,193185,AAPL,Apple,Nasdaq,USD,20260703_160316
2026-07-02 10:20:00-04:00,304.54998779296875,304.75,304.239990234375,304.3949890136719,225006,AAPL,Apple,Nasdaq,USD,20260703_160316
2026-07-02 10:21:00-04:00,304.7349853515625,304.7569885253906,304.5,304.5799865722656,230435,AAPL,Apple,Nasdaq,USD,20260703_160316
2026-07-02 10:22:00-04:00,304.82989501953125,304.8599853515625,304.55999755859375,304.7200012207031,204825,AAPL,Apple,Nasdaq,USD,20260703_160316
2026-07-02 10:23:00-04:00,304.69500732421875,305.1099853515625,304.55999755859375,304.8299865722656,400998,AAPL,Apple,Nasdaq,USD,20260703_160316
2026-07-02 10:24:00-04:00,304.5617980957031,304.95001220703125,304.4700012207031,304.7200012207031,213038,AAPL,Apple,Nasdaq,USD,20260703_160316
2026-07-02 10:25:00-04:00,304.7300109863281,304.84991455078125,304.1289978027344,304.6064147949219,162681,AAPL,Apple,Nasdaq,USD,20260703_160316
2026-07-02 10:26:00-04:00,304.5050048828125,304.82000732421875,304.3500061035156,304.739990234375,161291,AAPL,Apple,Nasdaq,USD,20260703_160316
2026-07-02 10:27:00-04:00,304.4949951171875,304.885009765625,304.360107421875,304.5299987792969,212205,AAPL,Apple,Nasdaq,USD,20260703_160316
2026-07-02 10:28:00-04:00,304.70001220703125,304.8500061035156,304.3450012207031,304.5299987792969,171249,AAPL,Apple,Nasdaq,USD,20260703_160316
2026-07-02 10:29:00-04:00,305.04998779296875,305.32000732421875,304.5,304.7099914550781,211238,AAPL,Apple,Nasdaq,USD,20260703_160316
2026-07-02 10:30:00-04:00,305.239990234375,305.3389892578125,304.8500061035156,305.04400634765625,209182,AAPL,Apple,Nasdaq,USD,20260703_160316
2026-07-02 10:31:00-04:00,305.739990234375,305.964599609375,305.2200012207031,305.25,288714,AAPL,Apple,Nasdaq,USD,20260703_160316
2026-07-02 10:32:00-04:00,306.3450012207031,306.6398010253906,305.71240234375,305.739990234375,313436,AAPL,Apple,Nasdaq,USD,20260703_160316
2026-07-02 10:33:00-04:00,305.8900146484375,306.3800048828125,305.8706970214844,306.3699951171875,260122,AAPL,Apple,Nasdaq,USD,20260703_160316
2026-07-02 10:34:00-04:00,305.7099914550781,305.9200134277344,305.32000732421875,305.8999938964844,228864,AAPL,Apple,Nasdaq,USD,20260703_160316
2026-07-02 10:35:00-04:00,305.1650085449219,305.8500061035156,305.05999755859375,305.7200012207031,237920,AAPL,Apple,Nasdaq,USD,20260703_160316
2026-07-02 10:36:00-04:00,305.4800109863281,305.5274963378906,305.07000732421875,305.1600036621094,233842,AAPL,Apple,Nasdaq,USD,20260703_160316
2026-07-02 10:37:00-04:00,305.25,305.69000244140625,305.1499938964844,305.4649963378906,246577,AAPL,Apple,Nasdaq,USD,20260703_160316
2026-07-02 10:38:00-04:00,305.54791259765625,305.5599060058594,304.8800048828125,305.2699890136719,154884,AAPL,Apple,Nasdaq,USD,20260703_160316
2026-07-02 10:39:00-04:00,305.3800048828125,305.739990234375,305.239990234375,305.5400085449219,163306,AAPL,Apple,Nasdaq,USD,20260703_160316
2026-07-02 10:40:00-04:00,305.69000244140625,305.9200134277344,305.35009765625,305.3900146484375,139998,AAPL,Apple,Nasdaq,USD,20260703_160316
2026-07-02 10:41:00-04:00,305.64300537109375,306.0899963378906,305.5899963378906,305.6700134277344,163726,AAPL,Apple,Nasdaq,USD,20260703_160316
2026-07-02 10:42:00-04:00,306.07501220703125,306.1000061035156,305.5199890136719,305.6600036621094,205352,AAPL,Apple,Nasdaq,USD,20260703_160316
2026-07-02 10:43:00-04:00,305.9599914550781,306.19940185546875,305.7200012207031,306.1000061035156,161406,AAPL,Apple,Nasdaq,USD,20260703_160316
2026-07-02 10:44:00-04:00,306.4200134277344,306.4200134277344,305.9200134277344,305.989990234375,211542,AAPL,Apple,Nasdaq,USD,20260703_160316
2026-07-02 10:45:00-04:00,306.2300109863281,306.7749938964844,306.1900939941406,306.4200134277344,294175,AAPL,Apple,Nasdaq,USD,20260703_160316
2026-07-02 10:46:00-04:00,306.1650085449219,306.3399963378906,305.75,306.2099914550781,208585,AAPL,Apple,Nasdaq,USD,20260703_160316
2026-07-02 10:47:00-04:00,306.2799987792969,306.5299987792969,306.1199951171875,306.1650085449219,210988,AAPL,Apple,Nasdaq,USD,20260703_160316
2026-07-02 10:48:00-04:00,305.56500244140625,306.2799987792969,305.5400085449219,306.2799987792969,211654,AAPL,Apple,Nasdaq,USD,20260703_160316
2026-07-02 10:49:00-04:00,305.5199890136719,305.89990234375,305.5199890136719,305.56500244140625,148071,AAPL,Apple,Nasdaq,USD,20260703_160316
2026-07-02 10:50:00-04:00,305.5,305.95001220703125,305.30010986328125,305.5199890136719,167438,AAPL,Apple,Nasdaq,USD,20260703_160316
2026-07-02 10:51:00-04:00,305.92498779296875,305.94000244140625,305.489990234375,305.5,119529,AAPL,Apple,Nasdaq,USD,20260703_160316
2026-07-02 10:52:00-04:00,306.1488037109375,306.2799987792969,305.8999938964844,305.8999938964844,176020,AAPL,Apple,Nasdaq,USD,20260703_160316
2026-07-02 10:53:00-04:00,306.489990234375,306.5,306.04998779296875,306.135009765625,137390,AAPL,Apple,Nasdaq,USD,20260703_160316
2026-07-02 10:54:00-04:00,306.30999755859375,306.4700012207031,306.1600036621094,306.4700012207031,144751,AAPL,Apple,Nasdaq,USD,20260703_160316
2026-07-02 10:55:00-04:00,306.3949890136719,306.5199890136719,306.30999755859375,306.30999755859375,130436,AAPL,Apple,Nasdaq,USD,20260703_160316
2026-07-02 10:56:00-04:00,306.6400146484375,306.69000244140625,306.3100891113281,306.4200134277344,152744,AAPL,Apple,Nasdaq,USD,20260703_160316
2026-07-02 10:57:00-04:00,306.75,306.8900146484375,306.4700012207031,306.6300048828125,150480,AAPL,Apple,Nasdaq,USD,20260703_160316
2026-07-02 10:58:00-04:00,306.75,307.0400085449219,306.7300109863281,306.7699890136719,324713,AAPL,Apple,Nasdaq,USD,20260703_160316
2026-07-02 10:59:00-04:00,306.87799072265625,306.8999938964844,306.54998779296875,306.7900085449219,208476,AAPL,Apple,Nasdaq,USD,20260703_160316
2026-07-02 11:00:00-04:00,307.4750061035156,307.5299987792969,306.7879943847656,306.8999938964844,277220,AAPL,Apple,Nasdaq,USD,20260703_160316
2026-07-02 11:01:00-04:00,307.6700134277344,307.760009765625,307.1099853515625,307.45001220703125,196838,AAPL,Apple,Nasdaq,USD,20260703_160316
2026-07-02 11:02:00-04:00,307.53948974609375,307.82000732421875,307.3293151855469,307.6499938964844,199075,AAPL,Apple,Nasdaq,USD,20260703_160316
2026-07-02 11:03:00-04:00,307.0893859863281,307.6199951171875,307.05499267578125,307.5400085449219,152923,AAPL,Apple,Nasdaq,USD,20260703_160316
2026-07-02 11:04:00-04:00,306.635009765625,307.239990234375,306.5899963378906,307.1000061035156,193961,AAPL,Apple,Nasdaq,USD,20260703_160316
2026-07-02 11:05:00-04:00,306.17999267578125,306.8900146484375,306.15301513671875,306.6300964355469,217717,AAPL,Apple,Nasdaq,USD,20260703_160316
2026-07-02 11:06:00-04:00,306.114990234375,306.30999755859375,305.8599853515625,306.1700134277344,202733,AAPL,Apple,Nasdaq,USD,20260703_160316
2026-07-02 11:07:00-04:00,305.7699890136719,306.1300048828125,305.4100036621094,306.1199951171875,273000,AAPL,Apple,Nasdaq,USD,20260703_160316
2026-07-02 11:08:00-04:00,306.2900085449219,306.4549865722656,305.68499755859375,305.739990234375,206110,AAPL,Apple,Nasdaq,USD,20260703_160316
2026-07-02 11:09:00-04:00,306.8999938964844,306.8999938964844,306.2261962890625,306.2850036621094,226462,AAPL,Apple,Nasdaq,USD,20260703_160316
2026-07-02 11:10:00-04:00,306.6400146484375,306.9800109863281,306.3949890136719,306.9200134277344,248889,AAPL,Apple,Nasdaq,USD,20260703_160316
2026-07-02 11:11:00-04:00,306.79998779296875,306.79998779296875,306.3500061035156,306.6400146484375,181782,AAPL,Apple,Nasdaq,USD,20260703_160316
2026-07-02 11:12:00-04:00,307.0899963378906,307.0899963378906,306.67999267578125,306.7799987792969,134583,AAPL,Apple,Nasdaq,USD,20260703_160316
2026-07-02 11:13:00-04:00,307.410400390625,307.6000061035156,306.8699951171875,307.06500244140625,204067,AAPL,Apple,Nasdaq,USD,20260703_160316
2026-07-02 11:14:00-04:00,307.41448974609375,307.7900085449219,307.3555908203125,307.4200134277344,202259,AAPL,Apple,Nasdaq,USD,20260703_160316
2026-07-02 11:15:00-04:00,306.92999267578125,307.44000244140625,306.92999267578125,307.44000244140625,185092,AAPL,Apple,Nasdaq,USD,20260703_160316
2026-07-02 11:16:00-04:00,306.3500061035156,307.0050048828125,306.2633972167969,306.94500732421875,98878,AAPL,Apple,Nasdaq,USD,20260703_160316
2026-07-02 11:17:00-04:00,306.8999938964844,306.8999938964844,306.0700988769531,306.3500061035156,177215,AAPL,Apple,Nasdaq,USD,20260703_160316
2026-07-02 11:18:00-04:00,307.19000244140625,307.3500061035156,306.80999755859375,306.8999938964844,184951,AAPL,Apple,Nasdaq,USD,20260703_160316
2026-07-02 11:19:00-04:00,307.0400085449219,307.239990234375,306.7950134277344,307.2099914550781,118786,AAPL,Apple,Nasdaq,USD,20260703_160316
2026-07-02 11:20:00-04:00,306.9599914550781,307.1499938964844,306.67999267578125,307.0849914550781,157607,AAPL,Apple,Nasdaq,USD,20260703_160316
2026-07-02 11:21:00-04:00,306.9649963378906,307.04998779296875,306.760009765625,306.9849853515625,157326,AAPL,Apple,Nasdaq,USD,20260703_160316
2026-07-02 11:22:00-04:00,306.92498779296875,307.010009765625,306.8299865722656,306.9599914550781,104098,AAPL,Apple,Nasdaq,USD,20260703_160316
2026-07-02 11:23:00-04:00,307.05999755859375,307.1099853515625,306.7349853515625,306.9100036621094,113328,AAPL,Apple,Nasdaq,USD,20260703_160316
2026-07-02 11:24:00-04:00,307.2550048828125,307.30999755859375,307.04998779296875,307.05999755859375,126431,AAPL,Apple,Nasdaq,USD,20260703_160316
2026-07-02 11:25:00-04:00,306.739990234375,307.2900085449219,306.6199951171875,307.2850036621094,151699,AAPL,Apple,Nasdaq,USD,20260703_160316
2026-07-02 11:26:00-04:00,306.2699890136719,306.79998779296875,306.20001220703125,306.7449951171875,143686,AAPL,Apple,Nasdaq,USD,20260703_160316
2026-07-02 11:27:00-04:00,305.6499938964844,306.4200134277344,305.6099853515625,306.2701110839844,160680,AAPL,Apple,Nasdaq,USD,20260703_160316
2026-07-02 11:28:00-04:00,305.6650085449219,305.7099914550781,305.3800048828125,305.6600036621094,154198,AAPL,Apple,Nasdaq,USD,20260703_160316
2026-07-02 11:29:00-04:00,305.4150085449219,305.75,305.2799987792969,305.69000244140625,165441,AAPL,Apple,Nasdaq,USD,20260703_160316
2026-07-02 11:30:00-04:00,305.8399963378906,305.9800109863281,305.4200134277344,305.4200134277344,114442,AAPL,Apple,Nasdaq,USD,20260703_160316
2026-07-02 11:31:00-04:00,306.3550109863281,306.5,305.8299865722656,305.84368896484375,148648,AAPL,Apple,Nasdaq,USD,20260703_160316
2026-07-02 11:32:00-04:00,306.6099853515625,306.67999267578125,306.3399963378906,306.3599853515625,97890,AAPL,Apple,Nasdaq,USD,20260703_160316
2026-07-02 11:33:00-04:00,306.619384765625,306.7900085449219,306.5199890136719,306.625,88709,AAPL,Apple,Nasdaq,USD,20260703_160316
2026-07-02 11:34:00-04:00,306.2349853515625,306.6499938964844,306.0400085449219,306.5950012207031,121979,AAPL,Apple,Nasdaq,USD,20260703_160316
2026-07-02 11:35:00-04:00,306.2699890136719,306.44989013671875,306.18011474609375,306.2699890136719,92920,AAPL,Apple,Nasdaq,USD,20260703_160316
2026-07-02 11:36:00-04:00,306.3351135253906,306.44000244140625,306.1199951171875,306.25,105923,AAPL,Apple,Nasdaq,USD,20260703_160316
2026-07-02 11:37:00-04:00,306.82000732421875,306.8299865722656,306.28009033203125,306.3349914550781,137812,AAPL,Apple,Nasdaq,USD,20260703_160316
2026-07-02 11:38:00-04:00,306.6400146484375,306.8999938964844,306.29010009765625,306.7900085449219,140797,AAPL,Apple,Nasdaq,USD,20260703_160316
2026-07-02 11:39:00-04:00,306.5299987792969,306.760009765625,306.4601135253906,306.6400146484375,99018,AAPL,Apple,Nasdaq,USD,20260703_160316
2026-07-02 11:40:00-04:00,306.29840087890625,306.6000061035156,306.1499938964844,306.54998779296875,85303,AAPL,Apple,Nasdaq,USD,20260703_160316
2026-07-02 11:41:00-04:00,306.4150085449219,306.5299987792969,306.239990234375,306.29998779296875,102798,AAPL,Apple,Nasdaq,USD,20260703_160316
2026-07-02 11:42:00-04:00,306.2449951171875,306.4599914550781,306.0450134277344,306.4150085449219,117275,AAPL,Apple,Nasdaq,USD,20260703_160316
2026-07-02 11:43:00-04:00,305.8299865722656,306.2449951171875,305.8299865722656,306.2300109863281,80932,AAPL,Apple,Nasdaq,USD,20260703_160316
2026-07-02 11:44:00-04:00,305.67498779296875,305.9599914550781,305.6499938964844,305.8450012207031,85521,AAPL,Apple,Nasdaq,USD,20260703_160316
2026-07-02 11:45:00-04:00,305.875,305.9599914550781,305.70001220703125,305.7300109863281,68149,AAPL,Apple,Nasdaq,USD,20260703_160316
2026-07-02 11:46:00-04:00,305.5159912109375,305.89990234375,305.4700012207031,305.8800048828125,80077,AAPL,Apple,Nasdaq,USD,20260703_160316
2026-07-02 11:47:00-04:00,305.7300109863281,305.7699890136719,305.3299865722656,305.5299987792969,121006,AAPL,Apple,Nasdaq,USD,20260703_160316
2026-07-02 11:48:00-04:00,305.8450012207031,306.1199951171875,305.6099853515625,305.7099914550781,87171,AAPL,Apple,Nasdaq,USD,20260703_160316
2026-07-02 11:49:00-04:00,305.80999755859375,305.92999267578125,305.6050109863281,305.8599853515625,73257,AAPL,Apple,Nasdaq,USD,20260703_160316
2026-07-02 11:50:00-04:00,305.42999267578125,305.7749938964844,305.3450012207031,305.7200927734375,86906,AAPL,Apple,Nasdaq,USD,20260703_160316
2026-07-02 11:51:00-04:00,305.5249938964844,305.6600036621094,305.2799987792969,305.4200134277344,97811,AAPL,Apple,Nasdaq,USD,20260703_160316
2026-07-02 11:52:00-04:00,305.7099914550781,305.739990234375,305.43499755859375,305.5400085449219,75418,AAPL,Apple,Nasdaq,USD,20260703_160316
2026-07-02 11:53:00-04:00,305.8699951171875,305.9750061035156,305.67999267578125,305.739990234375,83039,AAPL,Apple,Nasdaq,USD,20260703_160316
2026-07-02 11:54:00-04:00,305.95001220703125,306.0899963378906,305.8599853515625,305.875,69254,AAPL,Apple,Nasdaq,USD,20260703_160316
2026-07-02 11:55:00-04:00,305.739990234375,306.04998779296875,305.6400146484375,305.9501037597656,77235,AAPL,Apple,Nasdaq,USD,20260703_160316
2026-07-02 11:56:00-04:00,305.7699890136719,305.79998779296875,305.5150146484375,305.7200012207031,97561,AAPL,Apple,Nasdaq,USD,20260703_160316
2026-07-02 11:57:00-04:00,305.68499755859375,305.94000244140625,305.67401123046875,305.7900085449219,66547,AAPL,Apple,Nasdaq,USD,20260703_160316
2026-07-02 11:58:00-04:00,305.9750061035156,305.9750061035156,305.6199951171875,305.68499755859375,111155,AAPL,Apple,Nasdaq,USD,20260703_160316
2026-07-02 11:59:00-04:00,305.625,306.0,305.5899963378906,305.9649963378906,110523,AAPL,Apple,Nasdaq,USD,20260703_160316
2026-07-02 12:00:00-04:00,305.94000244140625,305.989990234375,305.6105041503906,305.6400146484375,90615,AAPL,Apple,Nasdaq,USD,20260703_160316
2026-07-02 12:01:00-04:00,306.2799987792969,306.364990234375,305.8999938964844,305.9649963378906,160024,AAPL,Apple,Nasdaq,USD,20260703_160316
2026-07-02 12:02:00-04:00,306.2650146484375,306.29998779296875,306.1099853515625,306.2900085449219,106660,AAPL,Apple,Nasdaq,USD,20260703_160316
2026-07-02 12:03:00-04:00,306.55999755859375,306.5780029296875,306.0899963378906,306.2898864746094,143493,AAPL,Apple,Nasdaq,USD,20260703_160316
2026-07-02 12:04:00-04:00,306.69500732421875,306.7101135253906,306.4324035644531,306.5400085449219,79645,AAPL,Apple,Nasdaq,USD,20260703_160316
2026-07-02 12:05:00-04:00,306.6849060058594,306.8551025390625,306.6200866699219,306.70989990234375,123749,AAPL,Apple,Nasdaq,USD,20260703_160316
2026-07-02 12:06:00-04:00,306.7300109863281,306.79998779296875,306.6000061035156,306.69500732421875,80544,AAPL,Apple,Nasdaq,USD,20260703_160316
2026-07-02 12:07:00-04:00,306.7049865722656,306.94989013671875,306.6499938964844,306.7349853515625,137760,AAPL,Apple,Nasdaq,USD,20260703_160316
2026-07-02 12:08:00-04:00,306.7250061035156,306.75,306.4800109863281,306.6925048828125,87188,AAPL,Apple,Nasdaq,USD,20260703_160316
2026-07-02 12:09:00-04:00,306.6400146484375,306.885009765625,306.4599914550781,306.7250061035156,87383,AAPL,Apple,Nasdaq,USD,20260703_160316
2026-07-02 12:10:00-04:00,306.8299865722656,306.8699035644531,306.55499267578125,306.6199951171875,83033,AAPL,Apple,Nasdaq,USD,20260703_160316
2026-07-02 12:11:00-04:00,306.8299865722656,307.0398864746094,306.79998779296875,306.8598937988281,167662,AAPL,Apple,Nasdaq,USD,20260703_160316
2026-07-02 12:12:00-04:00,306.7799072265625,306.8299865722656,306.54998779296875,306.8299865722656,67216,AAPL,Apple,Nasdaq,USD,20260703_160316
2026-07-02 12:13:00-04:00,306.75,307.0199890136719,306.6600036621094,306.7850036621094,117582,AAPL,Apple,Nasdaq,USD,20260703_160316
2026-07-02 12:14:00-04:00,307.0544128417969,307.0849914550781,306.5799865722656,306.7598876953125,112314,AAPL,Apple,Nasdaq,USD,20260703_160316
2026-07-02 12:15:00-04:00,307.6099853515625,307.82000732421875,306.95001220703125,307.0450134277344,357616,AAPL,Apple,Nasdaq,USD,20260703_160316
2026-07-02 12:16:00-04:00,307.7799987792969,307.8900146484375,307.5675048828125,307.5799865722656,303788,AAPL,Apple,Nasdaq,USD,20260703_160316
2026-07-02 12:17:00-04:00,307.3800048828125,307.8800048828125,307.19000244140625,307.7799987792969,318484,AAPL,Apple,Nasdaq,USD,20260703_160316
2026-07-02 12:18:00-04:00,307.80499267578125,307.8450012207031,307.1600036621094,307.385009765625,139149,AAPL,Apple,Nasdaq,USD,20260703_160316
2026-07-02 12:19:00-04:00,307.7301025390625,307.9200134277344,307.70001220703125,307.79998779296875,177406,AAPL,Apple,Nasdaq,USD,20260703_160316
2026-07-02 12:20:00-04:00,307.5299987792969,307.7799987792969,307.4200134277344,307.739990234375,135853,AAPL,Apple,Nasdaq,USD,20260703_160316
2026-07-02 12:21:00-04:00,307.3999938964844,307.69000244140625,307.3900146484375,307.4800109863281,90369,AAPL,Apple,Nasdaq,USD,20260703_160316
2026-07-02 12:22:00-04:00,307.5600891113281,307.70001220703125,307.3550109863281,307.4049987792969,105253,AAPL,Apple,Nasdaq,USD,20260703_160316
2026-07-02 12:23:00-04:00,307.69000244140625,307.7398986816406,307.4700012207031,307.6000061035156,104286,AAPL,Apple,Nasdaq,USD,20260703_160316
2026-07-02 12:24:00-04:00,307.79998779296875,307.9100036621094,307.6000061035156,307.68499755859375,136942,AAPL,Apple,Nasdaq,USD,20260703_160316
2026-07-02 12:25:00-04:00,308.4201965332031,308.45001220703125,307.80999755859375,307.80999755859375,253254,AAPL,Apple,Nasdaq,USD,20260703_160316
2026-07-02 12:26:00-04:00,308.0400085449219,308.44989013671875,308.0,308.42498779296875,168446,AAPL,Apple,Nasdaq,USD,20260703_160316
2026-07-02 12:27:00-04:00,307.9700012207031,308.093505859375,307.69000244140625,308.0400085449219,115816,AAPL,Apple,Nasdaq,USD,20260703_160316
2026-07-02 12:28:00-04:00,308.1453857421875,308.17999267578125,307.768310546875,307.9700012207031,105120,AAPL,Apple,Nasdaq,USD,20260703_160316
2026-07-02 12:29:00-04:00,308.0899963378906,308.1700134277344,307.9800109863281,308.135009765625,118920,AAPL,Apple,Nasdaq,USD,20260703_160316
2026-07-02 12:30:00-04:00,308.2250061035156,308.2799072265625,308.0350036621094,308.0899963378906,120956,AAPL,Apple,Nasdaq,USD,20260703_160316
2026-07-02 12:31:00-04:00,308.010009765625,308.2799987792969,307.760009765625,308.239990234375,117082,AAPL,Apple,Nasdaq,USD,20260703_160316
2026-07-02 12:32:00-04:00,307.9200134277344,308.0398864746094,307.739990234375,308.0199890136719,74004,AAPL,Apple,Nasdaq,USD,20260703_160316
2026-07-02 12:33:00-04:00,308.3599853515625,308.4800109863281,307.90179443359375,307.90179443359375,152175,AAPL,Apple,Nasdaq,USD,20260703_160316
2026-07-02 12:34:00-04:00,308.45001220703125,308.4599914550781,308.17999267578125,308.3500061035156,96875,AAPL,Apple,Nasdaq,USD,20260703_160316
2026-07-02 12:35:00-04:00,308.2749938964844,308.4200134277344,308.2200012207031,308.4200134277344,97549,AAPL,Apple,Nasdaq,USD,20260703_160316
2026-07-02 12:36:00-04:00,308.3799133300781,308.4100036621094,308.19000244140625,308.2749938964844,113403,AAPL,Apple,Nasdaq,USD,20260703_160316
2026-07-02 12:37:00-04:00,308.3399963378906,308.42999267578125,308.17999267578125,308.364990234375,126061,AAPL,Apple,Nasdaq,USD,20260703_160316
2026-07-02 12:38:00-04:00,308.21990966796875,308.3999938964844,308.06500244140625,308.3349914550781,164933,AAPL,Apple,Nasdaq,USD,20260703_160316
2026-07-02 12:39:00-04:00,308.1099853515625,308.2799987792969,307.9200134277344,308.2049865722656,159675,AAPL,Apple,Nasdaq,USD,20260703_160316
2026-07-02 12:40:00-04:00,307.7701110839844,308.1700134277344,307.75,308.1300048828125,136158,AAPL,Apple,Nasdaq,USD,20260703_160316
2026-07-02 12:41:00-04:00,307.4750061035156,307.8999938964844,307.3500061035156,307.75,168332,AAPL,Apple,Nasdaq,USD,20260703_160316
2026-07-02 12:42:00-04:00,307.4200134277344,307.5950012207031,307.2099914550781,307.4750061035156,167896,AAPL,Apple,Nasdaq,USD,20260703_160316
2026-07-02 12:43:00-04:00,307.2550048828125,307.44000244140625,307.04998779296875,307.3900146484375,80495,AAPL,Apple,Nasdaq,USD,20260703_160316
2026-07-02 12:44:00-04:00,307.45001220703125,307.55999755859375,307.2699890136719,307.2699890136719,78516,AAPL,Apple,Nasdaq,USD,20260703_160316
2026-07-02 12:45:00-04:00,307.260009765625,307.4549865722656,307.1152038574219,307.4501037597656,63701,AAPL,Apple,Nasdaq,USD,20260703_160316
2026-07-02 12:46:00-04:00,306.989990234375,307.3399963378906,306.92999267578125,307.25,102554,AAPL,Apple,Nasdaq,USD,20260703_160316
2026-07-02 12:47:00-04:00,307.625,307.6600036621094,306.6700134277344,306.989990234375,139199,AAPL,Apple,Nasdaq,USD,20260703_160316
2026-07-02 12:48:00-04:00,307.55499267578125,307.8699951171875,307.3599853515625,307.625,110817,AAPL,Apple,Nasdaq,USD,20260703_160316
2026-07-02 12:49:00-04:00,307.7799987792969,307.8299865722656,307.55999755859375,307.57000732421875,114235,AAPL,Apple,Nasdaq,USD,20260703_160316
2026-07-02 12:50:00-04:00,307.635009765625,307.8800048828125,307.5,307.80999755859375,150968,AAPL,Apple,Nasdaq,USD,20260703_160316
2026-07-02 12:51:00-04:00,307.7250061035156,307.96990966796875,307.6000061035156,307.6300048828125,149730,AAPL,Apple,Nasdaq,USD,20260703_160316
2026-07-02 12:52:00-04:00,308.2900085449219,308.29998779296875,307.7099914550781,307.7250061035156,119461,AAPL,Apple,Nasdaq,USD,20260703_160316
2026-07-02 12:53:00-04:00,308.2200012207031,308.36248779296875,308.085205078125,308.2900085449219,101305,AAPL,Apple,Nasdaq,USD,20260703_160316
2026-07-02 12:54:00-04:00,308.2650146484375,308.447998046875,308.2200012207031,308.2200012207031,130564,AAPL,Apple,Nasdaq,USD,20260703_160316
2026-07-02 12:55:00-04:00,308.3949890136719,308.5299072265625,308.2300109863281,308.260009765625,128115,AAPL,Apple,Nasdaq,USD,20260703_160316
2026-07-02 12:56:00-04:00,308.2799987792969,308.4800109863281,308.260009765625,308.3999938964844,93644,AAPL,Apple,Nasdaq,USD,20260703_160316
2026-07-02 12:57:00-04:00,308.260009765625,308.5150146484375,308.1400146484375,308.2950134277344,146555,AAPL,Apple,Nasdaq,USD,20260703_160316
2026-07-02 12:58:00-04:00,308.3598937988281,308.3800048828125,307.9599914550781,308.2650146484375,107150,AAPL,Apple,Nasdaq,USD,20260703_160316
2026-07-02 12:59:00-04:00,308.30999755859375,308.3949890136719,308.06500244140625,308.32000732421875,102511,AAPL,Apple,Nasdaq,USD,20260703_160316
2026-07-02 13:00:00-04:00,307.9649963378906,308.45001220703125,307.5899963378906,308.29998779296875,287919,AAPL,Apple,Nasdaq,USD,20260703_160316
2026-07-02 13:01:00-04:00,307.82989501953125,307.9750061035156,307.70001220703125,307.94000244140625,142607,AAPL,Apple,Nasdaq,USD,20260703_160316
2026-07-02 13:02:00-04:00,307.7301025390625,307.9599914550781,307.67010498046875,307.81500244140625,96128,AAPL,Apple,Nasdaq,USD,20260703_160316
2026-07-02 13:03:00-04:00,307.5400085449219,307.760009765625,307.4200134277344,307.739990234375,120424,AAPL,Apple,Nasdaq,USD,20260703_160316
2026-07-02 13:04:00-04:00,307.3699951171875,307.6199951171875,307.2049865722656,307.5299987792969,127124,AAPL,Apple,Nasdaq,USD,20260703_160316
2026-07-02 13:05:00-04:00,307.1499938964844,307.4700012207031,307.0899963378906,307.3500061035156,103794,AAPL,Apple,Nasdaq,USD,20260703_160316
2026-07-02 13:06:00-04:00,307.5299072265625,307.53759765625,307.1000061035156,307.1449890136719,60452,AAPL,Apple,Nasdaq,USD,20260703_160316
2026-07-02 13:07:00-04:00,307.8299865722656,307.9100036621094,307.2699890136719,307.54998779296875,75227,AAPL,Apple,Nasdaq,USD,20260703_160316
2026-07-02 13:08:00-04:00,307.9432067871094,308.0899963378906,307.7850036621094,307.8299865722656,99792,AAPL,Apple,Nasdaq,USD,20260703_160316
2026-07-02 13:09:00-04:00,308.2799987792969,308.30999755859375,307.9599914550781,307.9700012207031,80525,AAPL,Apple,Nasdaq,USD,20260703_160316
2026-07-02 13:10:00-04:00,307.92999267578125,308.32000732421875,307.8900146484375,308.29998779296875,156906,AAPL,Apple,Nasdaq,USD,20260703_160316
2026-07-02 13:11:00-04:00,308.18499755859375,308.29998779296875,307.8699951171875,307.9700012207031,149400,AAPL,Apple,Nasdaq,USD,20260703_160316
2026-07-02 13:12:00-04:00,308.0397033691406,308.19000244140625,307.8699951171875,308.1499938964844,106606,AAPL,Apple,Nasdaq,USD,20260703_160316
2026-07-02 13:13:00-04:00,307.989990234375,308.0299987792969,307.8699951171875,308.0150146484375,70969,AAPL,Apple,Nasdaq,USD,20260703_160316
2026-07-02 13:14:00-04:00,308.2099914550781,308.2099914550781,307.8800964355469,307.9800109863281,87134,AAPL,Apple,Nasdaq,USD,20260703_160316
2026-07-02 13:15:00-04:00,308.2799987792969,308.30999755859375,308.114990234375,308.2099914550781,141358,AAPL,Apple,Nasdaq,USD,20260703_160316
2026-07-02 13:16:00-04:00,308.1099853515625,308.31988525390625,308.0299987792969,308.2651062011719,122082,AAPL,Apple,Nasdaq,USD,20260703_160316
2026-07-02 13:17:00-04:00,307.8900146484375,308.1199951171875,307.8599853515625,308.1199951171875,102269,AAPL,Apple,Nasdaq,USD,20260703_160316
2026-07-02 13:18:00-04:00,308.0400085449219,308.1700134277344,307.82000732421875,307.9100036621094,96451,AAPL,Apple,Nasdaq,USD,20260703_160316
2026-07-02 13:19:00-04:00,307.75,308.0498962402344,307.6499938964844,308.0400085449219,123236,AAPL,Apple,Nasdaq,USD,20260703_160316
2026-07-02 13:20:00-04:00,307.75,307.9100036621094,307.6700134277344,307.7799987792969,85810,AAPL,Apple,Nasdaq,USD,20260703_160316
2026-07-02 13:21:00-04:00,307.7300109863281,307.92999267578125,307.6512145996094,307.760009765625,94126,AAPL,Apple,Nasdaq,USD,20260703_160316
2026-07-02 13:22:00-04:00,307.9100036621094,307.95001220703125,307.75,307.760009765625,80700,AAPL,Apple,Nasdaq,USD,20260703_160316
2026-07-02 13:23:00-04:00,307.9200134277344,307.9898986816406,307.80999755859375,307.8900146484375,63065,AAPL,Apple,Nasdaq,USD,20260703_160316
2026-07-02 13:24:00-04:00,307.8599853515625,307.9599914550781,307.7300109863281,307.92999267578125,64605,AAPL,Apple,Nasdaq,USD,20260703_160316
2026-07-02 13:25:00-04:00,307.7099914550781,307.8699951171875,307.70001220703125,307.8599853515625,56634,AAPL,Apple,Nasdaq,USD,20260703_160316
2026-07-02 13:26:00-04:00,307.2622985839844,307.7576904296875,307.260009765625,307.7099914550781,57120,AAPL,Apple,Nasdaq,USD,20260703_160316
2026-07-02 13:27:00-04:00,307.739990234375,307.7650146484375,307.260009765625,307.260009765625,68479,AAPL,Apple,Nasdaq,USD,20260703_160316
2026-07-02 13:28:00-04:00,307.8349914550781,307.8800048828125,307.760009765625,307.7799987792969,81235,AAPL,Apple,Nasdaq,USD,20260703_160316
2026-07-02 13:29:00-04:00,307.80499267578125,307.9100036621094,307.7099914550781,307.82000732421875,37903,AAPL,Apple,Nasdaq,USD,20260703_160316
2026-07-02 13:30:00-04:00,307.739990234375,307.8699951171875,307.67999267578125,307.80499267578125,68787,AAPL,Apple,Nasdaq,USD,20260703_160316
2026-07-02 13:31:00-04:00,307.93499755859375,308.07000732421875,307.739990234375,307.739990234375,95657,AAPL,Apple,Nasdaq,USD,20260703_160316
2026-07-02 13:32:00-04:00,307.96990966796875,308.04998779296875,307.840087890625,307.93499755859375,60393,AAPL,Apple,Nasdaq,USD,20260703_160316
2026-07-02 13:33:00-04:00,307.9800109863281,308.1000061035156,307.927001953125,307.95001220703125,82265,AAPL,Apple,Nasdaq,USD,20260703_160316
2026-07-02 13:34:00-04:00,307.5400085449219,308.06500244140625,307.4700012207031,307.9800109863281,128921,AAPL,Apple,Nasdaq,USD,20260703_160316
2026-07-02 13:35:00-04:00,307.4750061035156,307.875,307.4200134277344,307.5,97267,AAPL,Apple,Nasdaq,USD,20260703_160316
2026-07-02 13:36:00-04:00,307.7550048828125,307.8900146484375,307.43011474609375,307.4750061035156,80060,AAPL,Apple,Nasdaq,USD,20260703_160316
2026-07-02 13:37:00-04:00,307.6600036621094,307.8500061035156,307.54998779296875,307.7799987792969,87941,AAPL,Apple,Nasdaq,USD,20260703_160316
2026-07-02 13:38:00-04:00,307.9700012207031,307.9800109863281,307.6499938964844,307.6499938964844,81124,AAPL,Apple,Nasdaq,USD,20260703_160316
2026-07-02 13:39:00-04:00,307.8299865722656,308.0299987792969,307.7749938964844,307.9700012207031,90039,AAPL,Apple,Nasdaq,USD,20260703_160316
2026-07-02 13:40:00-04:00,307.8349914550781,307.8800048828125,307.6400146484375,307.8299865722656,115836,AAPL,Apple,Nasdaq,USD,20260703_160316
2026-07-02 13:41:00-04:00,308.0299987792969,308.0899963378906,307.7550048828125,307.8399963378906,71509,AAPL,Apple,Nasdaq,USD,20260703_160316
2026-07-02 13:42:00-04:00,307.92999267578125,308.05999755859375,307.8500061035156,308.0599060058594,70822,AAPL,Apple,Nasdaq,USD,20260703_160316
2026-07-02 13:43:00-04:00,308.0400085449219,308.04998779296875,307.79998779296875,307.94000244140625,95050,AAPL,Apple,Nasdaq,USD,20260703_160316
2026-07-02 13:44:00-04:00,308.17999267578125,308.17999267578125,307.875,308.0400085449219,80351,AAPL,Apple,Nasdaq,USD,20260703_160316
2026-07-02 13:45:00-04:00,308.2300109863281,308.29998779296875,308.0199890136719,308.1700134277344,137567,AAPL,Apple,Nasdaq,USD,20260703_160316
2026-07-02 13:46:00-04:00,308.0249938964844,308.2900085449219,308.0,308.2900085449219,115918,AAPL,Apple,Nasdaq,USD,20260703_160316
2026-07-02 13:47:00-04:00,307.67999267578125,308.0899963378906,307.6400146484375,308.0400085449219,101054,AAPL,Apple,Nasdaq,USD,20260703_160316
2026-07-02 13:48:00-04:00,308.0599060058594,308.0888977050781,307.4800109863281,307.67498779296875,102011,AAPL,Apple,Nasdaq,USD,20260703_160316
2026-07-02 13:49:00-04:00,307.9800109863281,308.17999267578125,307.739990234375,308.0367126464844,178011,AAPL,Apple,Nasdaq,USD,20260703_160316
2026-07-02 13:50:00-04:00,307.90289306640625,308.04071044921875,307.7900085449219,307.9800109863281,260684,AAPL,Apple,Nasdaq,USD,20260703_160316
2026-07-02 13:51:00-04:00,308.0,308.1000061035156,307.8949890136719,307.95001220703125,82459,AAPL,Apple,Nasdaq,USD,20260703_160316
2026-07-02 13:52:00-04:00,307.7900085449219,308.0299987792969,307.7200012207031,308.0,97424,AAPL,Apple,Nasdaq,USD,20260703_160316
2026-07-02 13:53:00-04:00,307.7300109863281,307.9739990234375,307.7250061035156,307.7900085449219,71262,AAPL,Apple,Nasdaq,USD,20260703_160316
2026-07-02 13:54:00-04:00,307.79998779296875,307.889892578125,307.67999267578125,307.7250061035156,55474,AAPL,Apple,Nasdaq,USD,20260703_160316
2026-07-02 13:55:00-04:00,307.4599914550781,307.82000732421875,307.38018798828125,307.7200012207031,75990,AAPL,Apple,Nasdaq,USD,20260703_160316
2026-07-02 13:56:00-04:00,307.489990234375,307.5050048828125,307.3599853515625,307.40008544921875,50944,AAPL,Apple,Nasdaq,USD,20260703_160316
2026-07-02 13:57:00-04:00,307.3999938964844,307.5899963378906,307.2699890136719,307.4599914550781,98036,AAPL,Apple,Nasdaq,USD,20260703_160316
2026-07-02 13:58:00-04:00,307.31500244140625,307.5199890136719,307.260009765625,307.3999938964844,55827,AAPL,Apple,Nasdaq,USD,20260703_160316
2026-07-02 13:59:00-04:00,307.32000732421875,307.3399963378906,307.10009765625,307.31500244140625,94000,AAPL,Apple,Nasdaq,USD,20260703_160316
2026-07-02 14:00:00-04:00,307.62188720703125,307.75,307.1449890136719,307.3500061035156,137314,AAPL,Apple,Nasdaq,USD,20260703_160316
2026-07-02 14:01:00-04:00,307.5849914550781,307.6400146484375,307.4599914550781,307.6400146484375,97881,AAPL,Apple,Nasdaq,USD,20260703_160316
2026-07-02 14:02:00-04:00,307.2699890136719,307.6549987792969,307.2650146484375,307.5899963378906,137455,AAPL,Apple,Nasdaq,USD,20260703_160316
2026-07-02 14:03:00-04:00,307.3699951171875,307.3699951171875,307.1600036621094,307.2650146484375,71674,AAPL,Apple,Nasdaq,USD,20260703_160316
2026-07-02 14:04:00-04:00,307.6449890136719,307.7998962402344,307.3999938964844,307.3999938964844,73854,AAPL,Apple,Nasdaq,USD,20260703_160316
2026-07-02 14:05:00-04:00,307.6050109863281,307.7699890136719,307.5364990234375,307.6449890136719,91012,AAPL,Apple,Nasdaq,USD,20260703_160316
2026-07-02 14:06:00-04:00,307.6474914550781,307.79998779296875,307.56500244140625,307.6050109863281,105806,AAPL,Apple,Nasdaq,USD,20260703_160316
2026-07-02 14:07:00-04:00,307.3900146484375,307.7300109863281,307.3550109863281,307.56500244140625,68060,AAPL,Apple,Nasdaq,USD,20260703_160316
2026-07-02 14:08:00-04:00,307.7749938964844,307.7799987792969,307.2200012207031,307.3900146484375,78666,AAPL,Apple,Nasdaq,USD,20260703_160316
2026-07-02 14:09:00-04:00,307.510009765625,307.82000732421875,307.4400939941406,307.7749938964844,86444,AAPL,Apple,Nasdaq,USD,20260703_160316
2026-07-02 14:10:00-04:00,307.4949951171875,307.6600036621094,307.4700012207031,307.5050048828125,77700,AAPL,Apple,Nasdaq,USD,20260703_160316
2026-07-02 14:11:00-04:00,307.5799865722656,307.6700134277344,307.4949951171875,307.5,68510,AAPL,Apple,Nasdaq,USD,20260703_160316
2026-07-02 14:12:00-04:00,307.6199951171875,307.67498779296875,307.47259521484375,307.589599609375,69061,AAPL,Apple,Nasdaq,USD,20260703_160316
2026-07-02 14:13:00-04:00,307.6300048828125,307.7099914550781,307.55999755859375,307.6499938964844,103261,AAPL,Apple,Nasdaq,USD,20260703_160316
2026-07-02 14:14:00-04:00,307.6400146484375,307.6700134277344,307.5,307.6199951171875,70357,AAPL,Apple,Nasdaq,USD,20260703_160316
2026-07-02 14:15:00-04:00,307.67999267578125,307.75,307.5201110839844,307.65008544921875,75460,AAPL,Apple,Nasdaq,USD,20260703_160316
2026-07-02 14:16:00-04:00,307.6700134277344,307.79998779296875,307.489990234375,307.67999267578125,74147,AAPL,Apple,Nasdaq,USD,20260703_160316
2026-07-02 14:17:00-04:00,307.4649963378906,307.79998779296875,307.4100036621094,307.67999267578125,94858,AAPL,Apple,Nasdaq,USD,20260703_160316
2026-07-02 14:18:00-04:00,307.5199890136719,307.6199951171875,307.3399963378906,307.4649963378906,67083,AAPL,Apple,Nasdaq,USD,20260703_160316
2026-07-02 14:19:00-04:00,307.1004943847656,307.5249938964844,306.8200988769531,307.5198974609375,244359,AAPL,Apple,Nasdaq,USD,20260703_160316
2026-07-02 14:20:00-04:00,307.3900146484375,307.4700012207031,307.1000061035156,307.1099853515625,80475,AAPL,Apple,Nasdaq,USD,20260703_160316
2026-07-02 14:21:00-04:00,307.4100036621094,307.5899963378906,307.3900146484375,307.3999938964844,64316,AAPL,Apple,Nasdaq,USD,20260703_160316
2026-07-02 14:22:00-04:00,307.1400146484375,307.3949890136719,307.1199951171875,307.3949890136719,82683,AAPL,Apple,Nasdaq,USD,20260703_160316
2026-07-02 14:23:00-04:00,307.30999755859375,307.30999755859375,307.110107421875,307.1400146484375,71491,AAPL,Apple,Nasdaq,USD,20260703_160316
2026-07-02 14:24:00-04:00,307.25,307.4700012207031,307.25,307.3092956542969,76309,AAPL,Apple,Nasdaq,USD,20260703_160316
2026-07-02 14:25:00-04:00,307.2749938964844,307.3500061035156,307.1700134277344,307.2449951171875,90488,AAPL,Apple,Nasdaq,USD,20260703_160316
2026-07-02 14:26:00-04:00,307.3800048828125,307.42999267578125,307.114990234375,307.2749938964844,106135,AAPL,Apple,Nasdaq,USD,20260703_160316
2026-07-02 14:27:00-04:00,307.2699890136719,307.364990234375,307.1300048828125,307.364990234375,78694,AAPL,Apple,Nasdaq,USD,20260703_160316
2026-07-02 14:28:00-04:00,307.4700012207031,307.5,307.2749938964844,307.29998779296875,74644,AAPL,Apple,Nasdaq,USD,20260703_160316
2026-07-02 14:29:00-04:00,307.3299865722656,307.5299987792969,307.2959899902344,307.48480224609375,49270,AAPL,Apple,Nasdaq,USD,20260703_160316
2026-07-02 14:30:00-04:00,307.6300048828125,307.7699890136719,307.2699890136719,307.3399963378906,115548,AAPL,Apple,Nasdaq,USD,20260703_160316
2026-07-02 14:31:00-04:00,307.8800048828125,307.8999938964844,307.6000061035156,307.614990234375,104110,AAPL,Apple,Nasdaq,USD,20260703_160316
2026-07-02 14:32:00-04:00,307.6199951171875,307.89990234375,307.6199951171875,307.8800048828125,86494,AAPL,Apple,Nasdaq,USD,20260703_160316
2026-07-02 14:33:00-04:00,307.54998779296875,307.639892578125,307.38629150390625,307.6299133300781,57555,AAPL,Apple,Nasdaq,USD,20260703_160316
2026-07-02 14:34:00-04:00,307.53009033203125,307.6099853515625,307.4800109863281,307.54998779296875,86697,AAPL,Apple,Nasdaq,USD,20260703_160316
2026-07-02 14:35:00-04:00,307.4773864746094,307.6000061035156,307.3500061035156,307.54998779296875,70178,AAPL,Apple,Nasdaq,USD,20260703_160316
2026-07-02 14:36:00-04:00,307.57501220703125,307.7799987792969,307.4700012207031,307.4800109863281,68516,AAPL,Apple,Nasdaq,USD,20260703_160316
2026-07-02 14:37:00-04:00,307.6600036621094,307.67999267578125,307.55999755859375,307.5799865722656,42489,AAPL,Apple,Nasdaq,USD,20260703_160316
2026-07-02 14:38:00-04:00,307.4501037597656,307.6695861816406,307.44000244140625,307.6600036621094,53785,AAPL,Apple,Nasdaq,USD,20260703_160316
2026-07-02 14:39:00-04:00,307.3599853515625,307.4800109863281,307.32000732421875,307.42999267578125,55194,AAPL,Apple,Nasdaq,USD,20260703_160316
2026-07-02 14:40:00-04:00,307.239990234375,307.489990234375,307.1600036621094,307.32000732421875,566896,AAPL,Apple,Nasdaq,USD,20260703_160316
2026-07-02 14:41:00-04:00,307.1400146484375,307.3999938964844,307.1300048828125,307.2200012207031,60820,AAPL,Apple,Nasdaq,USD,20260703_160316
2026-07-02 14:42:00-04:00,307.3699951171875,307.489990234375,307.1400146484375,307.1499938964844,67334,AAPL,Apple,Nasdaq,USD,20260703_160316
2026-07-02 14:43:00-04:00,307.42999267578125,307.4898986816406,307.25,307.3900146484375,65168,AAPL,Apple,Nasdaq,USD,20260703_160316
2026-07-02 14:44:00-04:00,307.54998779296875,307.69000244140625,307.4100036621094,307.43499755859375,71755,AAPL,Apple,Nasdaq,USD,20260703_160316
2026-07-02 14:45:00-04:00,307.54998779296875,307.6499938964844,307.3641052246094,307.54998779296875,54175,AAPL,Apple,Nasdaq,USD,20260703_160316
2026-07-02 14:46:00-04:00,307.489990234375,307.55999755859375,307.3800048828125,307.54998779296875,48434,AAPL,Apple,Nasdaq,USD,20260703_160316
2026-07-02 14:47:00-04:00,307.489990234375,307.5299987792969,307.3504943847656,307.5,46397,AAPL,Apple,Nasdaq,USD,20260703_160316
2026-07-02 14:48:00-04:00,307.5150146484375,307.5299987792969,307.3900146484375,307.5,35971,AAPL,Apple,Nasdaq,USD,20260703_160316
2026-07-02 14:49:00-04:00,307.4200134277344,307.5400085449219,307.3500061035156,307.5299987792969,50323,AAPL,Apple,Nasdaq,USD,20260703_160316
2026-07-02 14:50:00-04:00,307.7550048828125,307.7900085449219,307.3900146484375,307.4200134277344,93358,AAPL,Apple,Nasdaq,USD,20260703_160316
2026-07-02 14:51:00-04:00,307.7401123046875,307.79998779296875,307.6300048828125,307.75,85328,AAPL,Apple,Nasdaq,USD,20260703_160316
2026-07-02 14:52:00-04:00,307.7099914550781,307.80999755859375,307.5799865722656,307.75,84716,AAPL,Apple,Nasdaq,USD,20260703_160316
2026-07-02 14:53:00-04:00,307.79998779296875,307.79998779296875,307.69000244140625,307.7099914550781,47708,AAPL,Apple,Nasdaq,USD,20260703_160316
2026-07-02 14:54:00-04:00,307.57000732421875,307.80999755859375,307.5199890136719,307.80999755859375,100157,AAPL,Apple,Nasdaq,USD,20260703_160316
2026-07-02 14:55:00-04:00,307.7900085449219,307.8299865722656,307.55999755859375,307.57000732421875,88257,AAPL,Apple,Nasdaq,USD,20260703_160316
2026-07-02 14:56:00-04:00,307.8399963378906,307.8999938964844,307.760009765625,307.7799987792969,86688,AAPL,Apple,Nasdaq,USD,20260703_160316
2026-07-02 14:57:00-04:00,307.864990234375,307.8800048828125,307.5799865722656,307.8399963378906,94397,AAPL,Apple,Nasdaq,USD,20260703_160316
2026-07-02 14:58:00-04:00,307.81500244140625,308.1000061035156,307.75,307.864990234375,124210,AAPL,Apple,Nasdaq,USD,20260703_160316
2026-07-02 14:59:00-04:00,307.6449890136719,307.92498779296875,307.6199951171875,307.80999755859375,78336,AAPL,Apple,Nasdaq,USD,20260703_160316
2026-07-02 15:00:00-04:00,307.9501037597656,308.17999267578125,307.6000061035156,307.6449890136719,91369,AAPL,Apple,Nasdaq,USD,20260703_160316
2026-07-02 15:01:00-04:00,307.94000244140625,308.0899963378906,307.79998779296875,307.9580993652344,99263,AAPL,Apple,Nasdaq,USD,20260703_160316
2026-07-02 15:02:00-04:00,307.8349914550781,307.9849853515625,307.7699890136719,307.93499755859375,76490,AAPL,Apple,Nasdaq,USD,20260703_160316
2026-07-02 15:03:00-04:00,307.94000244140625,307.9599914550781,307.8299865722656,307.8349914550781,68184,AAPL,Apple,Nasdaq,USD,20260703_160316
2026-07-02 15:04:00-04:00,307.42999267578125,307.9599914550781,307.3800048828125,307.94000244140625,119712,AAPL,Apple,Nasdaq,USD,20260703_160316
2026-07-02 15:05:00-04:00,307.739990234375,307.739990234375,307.44000244140625,307.44000244140625,69905,AAPL,Apple,Nasdaq,USD,20260703_160316
2026-07-02 15:06:00-04:00,307.92498779296875,308.04998779296875,307.7300109863281,307.739990234375,114076,AAPL,Apple,Nasdaq,USD,20260703_160316
2026-07-02 15:07:00-04:00,308.19000244140625,308.2099914550781,307.9200134277344,307.95001220703125,112855,AAPL,Apple,Nasdaq,USD,20260703_160316
2026-07-02 15:08:00-04:00,308.1400146484375,308.2099914550781,308.07000732421875,308.19000244140625,78574,AAPL,Apple,Nasdaq,USD,20260703_160316
2026-07-02 15:09:00-04:00,308.0899963378906,308.2300109863281,308.07000732421875,308.1199951171875,90932,AAPL,Apple,Nasdaq,USD,20260703_160316
2026-07-02 15:10:00-04:00,308.2799987792969,308.2900085449219,308.0400085449219,308.0799865722656,104716,AAPL,Apple,Nasdaq,USD,20260703_160316
2026-07-02 15:11:00-04:00,308.1300048828125,308.30999755859375,308.1199951171875,308.2850036621094,89287,AAPL,Apple,Nasdaq,USD,20260703_160316
2026-07-02 15:12:00-04:00,307.9200134277344,308.177490234375,307.8699951171875,308.1200866699219,69809,AAPL,Apple,Nasdaq,USD,20260703_160316
2026-07-02 15:13:00-04:00,307.79998779296875,308.0201110839844,307.79998779296875,307.9200134277344,73382,AAPL,Apple,Nasdaq,USD,20260703_160316
2026-07-02 15:14:00-04:00,307.7900085449219,307.8800048828125,307.6499938964844,307.8099060058594,73672,AAPL,Apple,Nasdaq,USD,20260703_160316
2026-07-02 15:15:00-04:00,307.510009765625,307.7799987792969,307.45001220703125,307.7799987792969,83812,AAPL,Apple,Nasdaq,USD,20260703_160316
2026-07-02 15:16:00-04:00,307.7799987792969,307.8399963378906,307.510009765625,307.510009765625,101204,AAPL,Apple,Nasdaq,USD,20260703_160316
2026-07-02 15:17:00-04:00,307.8999938964844,307.9700012207031,307.7629089355469,307.7650146484375,84409,AAPL,Apple,Nasdaq,USD,20260703_160316
2026-07-02 15:18:00-04:00,307.8299865722656,307.95001220703125,307.7699890136719,307.8999938964844,84826,AAPL,Apple,Nasdaq,USD,20260703_160316
2026-07-02 15:19:00-04:00,307.92999267578125,308.04998779296875,307.82000732421875,307.8299865722656,99728,AAPL,Apple,Nasdaq,USD,20260703_160316
2026-07-02 15:20:00-04:00,307.8349914550781,307.9700012207031,307.77978515625,307.92999267578125,66403,AAPL,Apple,Nasdaq,USD,20260703_160316
2026-07-02 15:21:00-04:00,307.760009765625,307.8800048828125,307.67999267578125,307.8349914550781,90971,AAPL,Apple,Nasdaq,USD,20260703_160316
2026-07-02 15:22:00-04:00,307.625,307.7699890136719,307.5,307.7699890136719,110024,AAPL,Apple,Nasdaq,USD,20260703_160316
2026-07-02 15:23:00-04:00,307.5299987792969,307.6549987792969,307.4700012207031,307.625,127051,AAPL,Apple,Nasdaq,USD,20260703_160316
2026-07-02 15:24:00-04:00,307.625,307.6700134277344,307.5,307.5400085449219,91415,AAPL,Apple,Nasdaq,USD,20260703_160316
2026-07-02 15:25:00-04:00,307.590087890625,307.6400146484375,307.53009033203125,307.6300048828125,102101,AAPL,Apple,Nasdaq,USD,20260703_160316
2026-07-02 15:26:00-04:00,307.42498779296875,307.6099853515625,307.4100036621094,307.6098937988281,92383,AAPL,Apple,Nasdaq,USD,20260703_160316
2026-07-02 15:27:00-04:00,307.510009765625,307.510009765625,307.30010986328125,307.4216003417969,92672,AAPL,Apple,Nasdaq,USD,20260703_160316
2026-07-02 15:28:00-04:00,307.3599853515625,307.5450134277344,307.340087890625,307.510009765625,101577,AAPL,Apple,Nasdaq,USD,20260703_160316
2026-07-02 15:29:00-04:00,307.42498779296875,307.55999755859375,307.2601013183594,307.3599853515625,98779,AAPL,Apple,Nasdaq,USD,20260703_160316
2026-07-02 15:30:00-04:00,307.7300109863281,307.75,307.31500244140625,307.44000244140625,109261,AAPL,Apple,Nasdaq,USD,20260703_160316
2026-07-02 15:31:00-04:00,307.7900085449219,307.8299865722656,307.6700134277344,307.739990234375,144554,AAPL,Apple,Nasdaq,USD,20260703_160316
2026-07-02 15:32:00-04:00,307.9700012207031,307.9700012207031,307.7250061035156,307.7925109863281,124745,AAPL,Apple,Nasdaq,USD,20260703_160316
2026-07-02 15:33:00-04:00,308.07000732421875,308.1400146484375,307.9601135253906,307.9700012207031,130611,AAPL,Apple,Nasdaq,USD,20260703_160316
2026-07-02 15:34:00-04:00,308.0450134277344,308.1499938964844,308.010009765625,308.0899963378906,94593,AAPL,Apple,Nasdaq,USD,20260703_160316
2026-07-02 15:35:00-04:00,308.0899963378906,308.1449890136719,308.010009765625,308.04998779296875,118268,AAPL,Apple,Nasdaq,USD,20260703_160316
2026-07-02 15:36:00-04:00,308.20001220703125,308.20098876953125,307.9599914550781,308.0849914550781,157177,AAPL,Apple,Nasdaq,USD,20260703_160316
2026-07-02 15:37:00-04:00,308.3599853515625,308.3699951171875,308.1300048828125,308.20001220703125,127018,AAPL,Apple,Nasdaq,USD,20260703_160316
2026-07-02 15:38:00-04:00,308.1799011230469,308.510009765625,308.1600036621094,308.3699951171875,175604,AAPL,Apple,Nasdaq,USD,20260703_160316
2026-07-02 15:39:00-04:00,308.260009765625,308.30999755859375,308.07000732421875,308.1600036621094,134706,AAPL,Apple,Nasdaq,USD,20260703_160316
2026-07-02 15:40:00-04:00,308.2900085449219,308.4599914550781,308.2200012207031,308.260009765625,137751,AAPL,Apple,Nasdaq,USD,20260703_160316
2026-07-02 15:41:00-04:00,308.3599853515625,308.42999267578125,308.2099914550781,308.2900085449219,133164,AAPL,Apple,Nasdaq,USD,20260703_160316
2026-07-02 15:42:00-04:00,308.1700134277344,308.3599853515625,308.1199951171875,308.3399963378906,214768,AAPL,Apple,Nasdaq,USD,20260703_160316
2026-07-02 15:43:00-04:00,307.83099365234375,308.2900085449219,307.83099365234375,308.1871032714844,160750,AAPL,Apple,Nasdaq,USD,20260703_160316
2026-07-02 15:44:00-04:00,307.9800109863281,308.0299987792969,307.7799987792969,307.8299865722656,178037,AAPL,Apple,Nasdaq,USD,20260703_160316
2026-07-02 15:45:00-04:00,307.739990234375,308.0299987792969,307.7300109863281,307.9800109863281,158471,AAPL,Apple,Nasdaq,USD,20260703_160316
2026-07-02 15:46:00-04:00,307.7200012207031,307.760009765625,307.54998779296875,307.69000244140625,123484,AAPL,Apple,Nasdaq,USD,20260703_160316
2026-07-02 15:47:00-04:00,307.5450134277344,307.82000732421875,307.53009033203125,307.7300109863281,102845,AAPL,Apple,Nasdaq,USD,20260703_160316
2026-07-02 15:48:00-04:00,307.7099914550781,307.7300109863281,307.2099914550781,307.5450134277344,172208,AAPL,Apple,Nasdaq,USD,20260703_160316
2026-07-02 15:49:00-04:00,307.5299987792969,307.7650146484375,307.44000244140625,307.7200012207031,183802,AAPL,Apple,Nasdaq,USD,20260703_160316
2026-07-02 15:50:00-04:00,307.75,308.4700012207031,307.5400085449219,307.5400085449219,369519,AAPL,Apple,Nasdaq,USD,20260703_160316
2026-07-02 15:51:00-04:00,307.9800109863281,308.1300048828125,307.75,307.760009765625,272217,AAPL,Apple,Nasdaq,USD,20260703_160316
2026-07-02 15:52:00-04:00,308.1499938964844,308.2300109863281,307.92999267578125,307.9700012207031,222816,AAPL,Apple,Nasdaq,USD,20260703_160316
2026-07-02 15:53:00-04:00,308.30499267578125,308.32000732421875,308.0199890136719,308.1300048828125,332885,AAPL,Apple,Nasdaq,USD,20260703_160316
2026-07-02 15:54:00-04:00,308.0400085449219,308.54998779296875,307.95001220703125,308.30499267578125,318358,AAPL,Apple,Nasdaq,USD,20260703_160316
2026-07-02 15:55:00-04:00,309.1499938964844,309.25,308.0400085449219,308.0400085449219,556325,AAPL,Apple,Nasdaq,USD,20260703_160316
2026-07-02 15:56:00-04:00,309.1499938964844,309.2799987792969,308.9100036621094,309.17999267578125,477999,AAPL,Apple,Nasdaq,USD,20260703_160316
2026-07-02 15:57:00-04:00,309.0899963378906,309.4200134277344,308.95001220703125,309.1499938964844,768731,AAPL,Apple,Nasdaq,USD,20260703_160316
2026-07-02 15:58:00-04:00,308.7449951171875,309.2300109863281,308.7099914550781,309.1000061035156,805685,AAPL,Apple,Nasdaq,USD,20260703_160316
2026-07-02 15:59:00-04:00,308.2200012207031,308.9599914550781,308.1000061035156,308.75,1654260,AAPL,Apple,Nasdaq,USD,20260703_160316
2026-07-02 09:30:00-04:00,297.09991455078125,297.1000061035156,293.67999267578125,294.0849914550781,1161939,AAPL,Apple,Nasdaq,USD,20260703_175410
2026-07-02 09:31:00-04:00,298.94000244140625,299.0400085449219,296.92999267578125,297.1000061035156,387097,AAPL,Apple,Nasdaq,USD,20260703_175410
2026-07-02 09:32:00-04:00,299.2699890136719,299.82000732421875,298.6600036621094,298.9700012207031,333980,AAPL,Apple,Nasdaq,USD,20260703_175410
2026-07-02 09:33:00-04:00,298.0400085449219,299.5,297.8075866699219,299.30499267578125,244659,AAPL,Apple,Nasdaq,USD,20260703_175410
2026-07-02 09:34:00-04:00,298.20001220703125,298.510009765625,297.8900146484375,298.125,143692,AAPL,Apple,Nasdaq,USD,20260703_175410
2026-07-02 09:35:00-04:00,298.4179992675781,298.8599853515625,298.1252136230469,298.1813049316406,241851,AAPL,Apple,Nasdaq,USD,20260703_175410
2026-07-02 09:36:00-04:00,298.92999267578125,299.0799865722656,298.20001220703125,298.42498779296875,177706,AAPL,Apple,Nasdaq,USD,20260703_175410
2026-07-02 09:37:00-04:00,299.2900085449219,299.3500061035156,298.8299865722656,298.989990234375,166444,AAPL,Apple,Nasdaq,USD,20260703_175410
2026-07-02 09:38:00-04:00,299.55999755859375,299.7099914550781,299.1900939941406,299.2900085449219,204531,AAPL,Apple,Nasdaq,USD,20260703_175410
2026-07-02 09:39:00-04:00,300.1300048828125,300.1600036621094,299.42999267578125,299.6199951171875,384326,AAPL,Apple,Nasdaq,USD,20260703_175410
2026-07-02 09:40:00-04:00,299.9750061035156,300.3299865722656,299.7799987792969,300.1300048828125,184912,AAPL,Apple,Nasdaq,USD,20260703_175410
2026-07-02 09:41:00-04:00,300.864990234375,300.92999267578125,299.8550109863281,299.9700012207031,230313,AAPL,Apple,Nasdaq,USD,20260703_175410
2026-07-02 09:42:00-04:00,300.7799987792969,301.1400146484375,300.5101013183594,300.8800048828125,401939,AAPL,Apple,Nasdaq,USD,20260703_175410
2026-07-02 09:43:00-04:00,300.45001220703125,301.1199951171875,300.3399963378906,300.7799987792969,195235,AAPL,Apple,Nasdaq,USD,20260703_175410
2026-07-02 09:44:00-04:00,300.3500061035156,300.7099914550781,300.260009765625,300.44000244140625,177277,AAPL,Apple,Nasdaq,USD,20260703_175410
2026-07-02 09:45:00-04:00,300.9800109863281,301.17999267578125,300.3800048828125,300.3800048828125,198028,AAPL,Apple,Nasdaq,USD,20260703_175410
2026-07-02 09:46:00-04:00,300.9200134277344,301.6997985839844,300.8299865722656,300.9649963378906,214435,AAPL,Apple,Nasdaq,USD,20260703_175410
2026-07-02 09:47:00-04:00,301.69000244140625,301.75,300.6700134277344,300.9100036621094,212118,AAPL,Apple,Nasdaq,USD,20260703_175410
2026-07-02 09:48:00-04:00,302.0874938964844,302.1094970703125,301.55999755859375,301.67999267578125,274465,AAPL,Apple,Nasdaq,USD,20260703_175410
2026-07-02 09:49:00-04:00,302.1700134277344,302.3546142578125,301.8810119628906,302.07501220703125,266386,AAPL,Apple,Nasdaq,USD,20260703_175410
2026-07-02 09:50:00-04:00,302.3299865722656,302.67999267578125,302.1300048828125,302.1499938964844,250889,AAPL,Apple,Nasdaq,USD,20260703_175410
2026-07-02 09:51:00-04:00,301.5899963378906,302.3349914550781,301.4700012207031,302.3349914550781,220691,AAPL,Apple,Nasdaq,USD,20260703_175410
2026-07-02 09:52:00-04:00,302.3800048828125,302.3999938964844,301.57000732421875,301.5899963378906,132526,AAPL,Apple,Nasdaq,USD,20260703_175410
2026-07-02 09:53:00-04:00,302.1700134277344,302.4353942871094,302.04998779296875,302.3800048828125,121901,AAPL,Apple,Nasdaq,USD,20260703_175410
2026-07-02 09:54:00-04:00,301.7550048828125,302.1600036621094,301.6400146484375,302.1600036621094,1968854,AAPL,Apple,Nasdaq,USD,20260703_175410
2026-07-02 09:55:00-04:00,301.8843078613281,301.9898986816406,301.4700927734375,301.75,140025,AAPL,Apple,Nasdaq,USD,20260703_175410
2026-07-02 09:56:00-04:00,301.864990234375,301.947509765625,301.6400146484375,301.9100036621094,167523,AAPL,Apple,Nasdaq,USD,20260703_175410
2026-07-02 09:57:00-04:00,302.0899963378906,302.1199951171875,301.864990234375,301.9200134277344,169033,AAPL,Apple,Nasdaq,USD,20260703_175410
2026-07-02 09:58:00-04:00,302.260009765625,302.4200134277344,302.0199890136719,302.060791015625,198315,AAPL,Apple,Nasdaq,USD,20260703_175410
2026-07-02 09:59:00-04:00,302.80999755859375,302.80999755859375,302.19000244140625,302.2900085449219,203320,AAPL,Apple,Nasdaq,USD,20260703_175410
2026-07-02 10:00:00-04:00,302.6900939941406,303.17498779296875,302.69000244140625,302.8500061035156,407126,AAPL,Apple,Nasdaq,USD,20260703_175410
2026-07-02 10:01:00-04:00,302.8599853515625,303.1300048828125,302.6700134277344,302.69000244140625,194760,AAPL,Apple,Nasdaq,USD,20260703_175410
2026-07-02 10:02:00-04:00,302.760009765625,303.0299987792969,302.6188049316406,302.8609924316406,151528,AAPL,Apple,Nasdaq,USD,20260703_175410
2026-07-02 10:03:00-04:00,302.989990234375,303.1600036621094,302.66009521484375,302.79998779296875,149761,AAPL,Apple,Nasdaq,USD,20260703_175410
2026-07-02 10:04:00-04:00,303.01031494140625,303.3900146484375,302.8599853515625,302.94500732421875,145782,AAPL,Apple,Nasdaq,USD,20260703_175410
2026-07-02 10:05:00-04:00,302.97198486328125,303.2900085449219,302.9599914550781,303.07000732421875,144476,AAPL,Apple,Nasdaq,USD,20260703_175410
2026-07-02 10:06:00-04:00,302.80999755859375,303.1099853515625,302.7101135253906,302.9649963378906,151871,AAPL,Apple,Nasdaq,USD,20260703_175410
2026-07-02 10:07:00-04:00,302.9649963378906,302.9700012207031,302.7300109863281,302.8399963378906,126195,AAPL,Apple,Nasdaq,USD,20260703_175410
2026-07-02 10:08:00-04:00,303.2349853515625,303.5,302.8399963378906,302.94000244140625,158493,AAPL,Apple,Nasdaq,USD,20260703_175410
2026-07-02 10:09:00-04:00,303.5350036621094,303.57000732421875,303.0400085449219,303.239990234375,319520,AAPL,Apple,Nasdaq,USD,20260703_175410
2026-07-02 10:10:00-04:00,303.19500732421875,303.5799865722656,303.1199951171875,303.54998779296875,171241,AAPL,Apple,Nasdaq,USD,20260703_175410
2026-07-02 10:11:00-04:00,303.7300109863281,303.7698974609375,303.2300109863281,303.2300109863281,235075,AAPL,Apple,Nasdaq,USD,20260703_175410
2026-07-02 10:12:00-04:00,304.0350036621094,304.0599060058594,303.6000061035156,303.739990234375,278142,AAPL,Apple,Nasdaq,USD,20260703_175410
2026-07-02 10:13:00-04:00,304.260009765625,304.5199890136719,303.9599914550781,304.0299987792969,370643,AAPL,Apple,Nasdaq,USD,20260703_175410
2026-07-02 10:14:00-04:00,303.7300109863281,304.2699890136719,303.1099853515625,304.268310546875,250766,AAPL,Apple,Nasdaq,USD,20260703_175410
2026-07-02 10:15:00-04:00,303.94000244140625,304.1700134277344,303.5899963378906,303.7449951171875,163011,AAPL,Apple,Nasdaq,USD,20260703_175410
2026-07-02 10:16:00-04:00,303.82989501953125,304.1000061035156,303.6400146484375,303.9150085449219,156320,AAPL,Apple,Nasdaq,USD,20260703_175410
2026-07-02 10:17:00-04:00,304.0899963378906,304.29998779296875,303.60009765625,303.8299865722656,146615,AAPL,Apple,Nasdaq,USD,20260703_175410
2026-07-02 10:18:00-04:00,303.7200012207031,304.1300048828125,303.6499938964844,304.05999755859375,106390,AAPL,Apple,Nasdaq,USD,20260703_175410
2026-07-02 10:19:00-04:00,304.3699951171875,304.5090026855469,303.7179870605469,303.75311279296875,193185,AAPL,Apple,Nasdaq,USD,20260703_175410
2026-07-02 10:20:00-04:00,304.54998779296875,304.75,304.239990234375,304.3949890136719,225006,AAPL,Apple,Nasdaq,USD,20260703_175410
2026-07-02 10:21:00-04:00,304.7349853515625,304.7569885253906,304.5,304.5799865722656,230435,AAPL,Apple,Nasdaq,USD,20260703_175410
2026-07-02 10:22:00-04:00,304.82989501953125,304.8599853515625,304.55999755859375,304.7200012207031,204825,AAPL,Apple,Nasdaq,USD,20260703_175410
2026-07-02 10:23:00-04:00,304.69500732421875,305.1099853515625,304.55999755859375,304.8299865722656,400998,AAPL,Apple,Nasdaq,USD,20260703_175410
2026-07-02 10:24:00-04:00,304.5617980957031,304.95001220703125,304.4700012207031,304.7200012207031,213038,AAPL,Apple,Nasdaq,USD,20260703_175410
2026-07-02 10:25:00-04:00,304.7300109863281,304.84991455078125,304.1289978027344,304.6064147949219,162681,AAPL,Apple,Nasdaq,USD,20260703_175410
2026-07-02 10:26:00-04:00,304.5050048828125,304.82000732421875,304.3500061035156,304.739990234375,161291,AAPL,Apple,Nasdaq,USD,20260703_175410
2026-07-02 10:27:00-04:00,304.4949951171875,304.885009765625,304.360107421875,304.5299987792969,212205,AAPL,Apple,Nasdaq,USD,20260703_175410
2026-07-02 10:28:00-04:00,304.70001220703125,304.8500061035156,304.3450012207031,304.5299987792969,171249,AAPL,Apple,Nasdaq,USD,20260703_175410
2026-07-02 10:29:00-04:00,305.04998779296875,305.32000732421875,304.5,304.7099914550781,211238,AAPL,Apple,Nasdaq,USD,20260703_175410
2026-07-02 10:30:00-04:00,305.239990234375,305.3389892578125,304.8500061035156,305.04400634765625,209182,AAPL,Apple,Nasdaq,USD,20260703_175410
2026-07-02 10:31:00-04:00,305.739990234375,305.964599609375,305.2200012207031,305.25,288714,AAPL,Apple,Nasdaq,USD,20260703_175410
2026-07-02 10:32:00-04:00,306.3450012207031,306.6398010253906,305.71240234375,305.739990234375,313436,AAPL,Apple,Nasdaq,USD,20260703_175410
2026-07-02 10:33:00-04:00,305.8900146484375,306.3800048828125,305.8706970214844,306.3699951171875,260122,AAPL,Apple,Nasdaq,USD,20260703_175410
2026-07-02 10:34:00-04:00,305.7099914550781,305.9200134277344,305.32000732421875,305.8999938964844,228864,AAPL,Apple,Nasdaq,USD,20260703_175410
2026-07-02 10:35:00-04:00,305.1650085449219,305.8500061035156,305.05999755859375,305.7200012207031,237920,AAPL,Apple,Nasdaq,USD,20260703_175410
2026-07-02 10:36:00-04:00,305.4800109863281,305.5274963378906,305.07000732421875,305.1600036621094,233842,AAPL,Apple,Nasdaq,USD,20260703_175410
2026-07-02 10:37:00-04:00,305.25,305.69000244140625,305.1499938964844,305.4649963378906,246577,AAPL,Apple,Nasdaq,USD,20260703_175410
2026-07-02 10:38:00-04:00,305.54791259765625,305.5599060058594,304.8800048828125,305.2699890136719,154884,AAPL,Apple,Nasdaq,USD,20260703_175410
2026-07-02 10:39:00-04:00,305.3800048828125,305.739990234375,305.239990234375,305.5400085449219,163306,AAPL,Apple,Nasdaq,USD,20260703_175410
2026-07-02 10:40:00-04:00,305.69000244140625,305.9200134277344,305.35009765625,305.3900146484375,139998,AAPL,Apple,Nasdaq,USD,20260703_175410
2026-07-02 10:41:00-04:00,305.64300537109375,306.0899963378906,305.5899963378906,305.6700134277344,163726,AAPL,Apple,Nasdaq,USD,20260703_175410
2026-07-02 10:42:00-04:00,306.07501220703125,306.1000061035156,305.5199890136719,305.6600036621094,205352,AAPL,Apple,Nasdaq,USD,20260703_175410
2026-07-02 10:43:00-04:00,305.9599914550781,306.19940185546875,305.7200012207031,306.1000061035156,161406,AAPL,Apple,Nasdaq,USD,20260703_175410
2026-07-02 10:44:00-04:00,306.4200134277344,306.4200134277344,305.9200134277344,305.989990234375,211542,AAPL,Apple,Nasdaq,USD,20260703_175410
2026-07-02 10:45:00-04:00,306.2300109863281,306.7749938964844,306.1900939941406,306.4200134277344,294175,AAPL,Apple,Nasdaq,USD,20260703_175410
2026-07-02 10:46:00-04:00,306.1650085449219,306.3399963378906,305.75,306.2099914550781,208585,AAPL,Apple,Nasdaq,USD,20260703_175410
2026-07-02 10:47:00-04:00,306.2799987792969,306.5299987792969,306.1199951171875,306.1650085449219,210988,AAPL,Apple,Nasdaq,USD,20260703_175410
2026-07-02 10:48:00-04:00,305.56500244140625,306.2799987792969,305.5400085449219,306.2799987792969,211654,AAPL,Apple,Nasdaq,USD,20260703_175410
2026-07-02 10:49:00-04:00,305.5199890136719,305.89990234375,305.5199890136719,305.56500244140625,148071,AAPL,Apple,Nasdaq,USD,20260703_175410
2026-07-02 10:50:00-04:00,305.5,305.95001220703125,305.30010986328125,305.5199890136719,167438,AAPL,Apple,Nasdaq,USD,20260703_175410
2026-07-02 10:51:00-04:00,305.92498779296875,305.94000244140625,305.489990234375,305.5,119529,AAPL,Apple,Nasdaq,USD,20260703_175410
2026-07-02 10:52:00-04:00,306.1488037109375,306.2799987792969,305.8999938964844,305.8999938964844,176020,AAPL,Apple,Nasdaq,USD,20260703_175410
2026-07-02 10:53:00-04:00,306.489990234375,306.5,306.04998779296875,306.135009765625,137390,AAPL,Apple,Nasdaq,USD,20260703_175410
2026-07-02 10:54:00-04:00,306.30999755859375,306.4700012207031,306.1600036621094,306.4700012207031,144751,AAPL,Apple,Nasdaq,USD,20260703_175410
2026-07-02 10:55:00-04:00,306.3949890136719,306.5199890136719,306.30999755859375,306.30999755859375,130436,AAPL,Apple,Nasdaq,USD,20260703_175410
2026-07-02 10:56:00-04:00,306.6400146484375,306.69000244140625,306.3100891113281,306.4200134277344,152744,AAPL,Apple,Nasdaq,USD,20260703_175410
2026-07-02 10:57:00-04:00,306.75,306.8900146484375,306.4700012207031,306.6300048828125,150480,AAPL,Apple,Nasdaq,USD,20260703_175410
2026-07-02 10:58:00-04:00,306.75,307.0400085449219,306.7300109863281,306.7699890136719,324713,AAPL,Apple,Nasdaq,USD,20260703_175410
2026-07-02 10:59:00-04:00,306.87799072265625,306.8999938964844,306.54998779296875,306.7900085449219,208476,AAPL,Apple,Nasdaq,USD,20260703_175410
2026-07-02 11:00:00-04:00,307.4750061035156,307.5299987792969,306.7879943847656,306.8999938964844,277220,AAPL,Apple,Nasdaq,USD,20260703_175410
2026-07-02 11:01:00-04:00,307.6700134277344,307.760009765625,307.1099853515625,307.45001220703125,196838,AAPL,Apple,Nasdaq,USD,20260703_175410
2026-07-02 11:02:00-04:00,307.53948974609375,307.82000732421875,307.3293151855469,307.6499938964844,199075,AAPL,Apple,Nasdaq,USD,20260703_175410
2026-07-02 11:03:00-04:00,307.0893859863281,307.6199951171875,307.05499267578125,307.5400085449219,152923,AAPL,Apple,Nasdaq,USD,20260703_175410
2026-07-02 11:04:00-04:00,306.635009765625,307.239990234375,306.5899963378906,307.1000061035156,193961,AAPL,Apple,Nasdaq,USD,20260703_175410
2026-07-02 11:05:00-04:00,306.17999267578125,306.8900146484375,306.15301513671875,306.6300964355469,217717,AAPL,Apple,Nasdaq,USD,20260703_175410
2026-07-02 11:06:00-04:00,306.114990234375,306.30999755859375,305.8599853515625,306.1700134277344,202733,AAPL,Apple,Nasdaq,USD,20260703_175410
2026-07-02 11:07:00-04:00,305.7699890136719,306.1300048828125,305.4100036621094,306.1199951171875,273000,AAPL,Apple,Nasdaq,USD,20260703_175410
2026-07-02 11:08:00-04:00,306.2900085449219,306.4549865722656,305.68499755859375,305.739990234375,206110,AAPL,Apple,Nasdaq,USD,20260703_175410
2026-07-02 11:09:00-04:00,306.8999938964844,306.8999938964844,306.2261962890625,306.2850036621094,226462,AAPL,Apple,Nasdaq,USD,20260703_175410
2026-07-02 11:10:00-04:00,306.6400146484375,306.9800109863281,306.3949890136719,306.9200134277344,248889,AAPL,Apple,Nasdaq,USD,20260703_175410
2026-07-02 11:11:00-04:00,306.79998779296875,306.79998779296875,306.3500061035156,306.6400146484375,181782,AAPL,Apple,Nasdaq,USD,20260703_175410
2026-07-02 11:12:00-04:00,307.0899963378906,307.0899963378906,306.67999267578125,306.7799987792969,134583,AAPL,Apple,Nasdaq,USD,20260703_175410
2026-07-02 11:13:00-04:00,307.410400390625,307.6000061035156,306.8699951171875,307.06500244140625,204067,AAPL,Apple,Nasdaq,USD,20260703_175410
2026-07-02 11:14:00-04:00,307.41448974609375,307.7900085449219,307.3555908203125,307.4200134277344,202259,AAPL,Apple,Nasdaq,USD,20260703_175410
2026-07-02 11:15:00-04:00,306.92999267578125,307.44000244140625,306.92999267578125,307.44000244140625,185092,AAPL,Apple,Nasdaq,USD,20260703_175410
2026-07-02 11:16:00-04:00,306.3500061035156,307.0050048828125,306.2633972167969,306.94500732421875,98878,AAPL,Apple,Nasdaq,USD,20260703_175410
2026-07-02 11:17:00-04:00,306.8999938964844,306.8999938964844,306.0700988769531,306.3500061035156,177215,AAPL,Apple,Nasdaq,USD,20260703_175410
2026-07-02 11:18:00-04:00,307.19000244140625,307.3500061035156,306.80999755859375,306.8999938964844,184951,AAPL,Apple,Nasdaq,USD,20260703_175410
2026-07-02 11:19:00-04:00,307.0400085449219,307.239990234375,306.7950134277344,307.2099914550781,118786,AAPL,Apple,Nasdaq,USD,20260703_175410
2026-07-02 11:20:00-04:00,306.9599914550781,307.1499938964844,306.67999267578125,307.0849914550781,157607,AAPL,Apple,Nasdaq,USD,20260703_175410
2026-07-02 11:21:00-04:00,306.9649963378906,307.04998779296875,306.760009765625,306.9849853515625,157326,AAPL,Apple,Nasdaq,USD,20260703_175410
2026-07-02 11:22:00-04:00,306.92498779296875,307.010009765625,306.8299865722656,306.9599914550781,104098,AAPL,Apple,Nasdaq,USD,20260703_175410
2026-07-02 11:23:00-04:00,307.05999755859375,307.1099853515625,306.7349853515625,306.9100036621094,113328,AAPL,Apple,Nasdaq,USD,20260703_175410
2026-07-02 11:24:00-04:00,307.2550048828125,307.30999755859375,307.04998779296875,307.05999755859375,126431,AAPL,Apple,Nasdaq,USD,20260703_175410
2026-07-02 11:25:00-04:00,306.739990234375,307.2900085449219,306.6199951171875,307.2850036621094,151699,AAPL,Apple,Nasdaq,USD,20260703_175410
2026-07-02 11:26:00-04:00,306.2699890136719,306.79998779296875,306.20001220703125,306.7449951171875,143686,AAPL,Apple,Nasdaq,USD,20260703_175410
2026-07-02 11:27:00-04:00,305.6499938964844,306.4200134277344,305.6099853515625,306.2701110839844,160680,AAPL,Apple,Nasdaq,USD,20260703_175410
2026-07-02 11:28:00-04:00,305.6650085449219,305.7099914550781,305.3800048828125,305.6600036621094,154198,AAPL,Apple,Nasdaq,USD,20260703_175410
2026-07-02 11:29:00-04:00,305.4150085449219,305.75,305.2799987792969,305.69000244140625,165441,AAPL,Apple,Nasdaq,USD,20260703_175410
2026-07-02 11:30:00-04:00,305.8399963378906,305.9800109863281,305.4200134277344,305.4200134277344,114442,AAPL,Apple,Nasdaq,USD,20260703_175410
2026-07-02 11:31:00-04:00,306.3550109863281,306.5,305.8299865722656,305.84368896484375,148648,AAPL,Apple,Nasdaq,USD,20260703_175410
2026-07-02 11:32:00-04:00,306.6099853515625,306.67999267578125,306.3399963378906,306.3599853515625,97890,AAPL,Apple,Nasdaq,USD,20260703_175410
2026-07-02 11:33:00-04:00,306.619384765625,306.7900085449219,306.5199890136719,306.625,88709,AAPL,Apple,Nasdaq,USD,20260703_175410
2026-07-02 11:34:00-04:00,306.2349853515625,306.6499938964844,306.0400085449219,306.5950012207031,121979,AAPL,Apple,Nasdaq,USD,20260703_175410
2026-07-02 11:35:00-04:00,306.2699890136719,306.44989013671875,306.18011474609375,306.2699890136719,92920,AAPL,Apple,Nasdaq,USD,20260703_175410
2026-07-02 11:36:00-04:00,306.3351135253906,306.44000244140625,306.1199951171875,306.25,105923,AAPL,Apple,Nasdaq,USD,20260703_175410
2026-07-02 11:37:00-04:00,306.82000732421875,306.8299865722656,306.28009033203125,306.3349914550781,137812,AAPL,Apple,Nasdaq,USD,20260703_175410
2026-07-02 11:38:00-04:00,306.6400146484375,306.8999938964844,306.29010009765625,306.7900085449219,140797,AAPL,Apple,Nasdaq,USD,20260703_175410
2026-07-02 11:39:00-04:00,306.5299987792969,306.760009765625,306.4601135253906,306.6400146484375,99018,AAPL,Apple,Nasdaq,USD,20260703_175410
2026-07-02 11:40:00-04:00,306.29840087890625,306.6000061035156,306.1499938964844,306.54998779296875,85303,AAPL,Apple,Nasdaq,USD,20260703_175410
2026-07-02 11:41:00-04:00,306.4150085449219,306.5299987792969,306.239990234375,306.29998779296875,102798,AAPL,Apple,Nasdaq,USD,20260703_175410
2026-07-02 11:42:00-04:00,306.2449951171875,306.4599914550781,306.0450134277344,306.4150085449219,117275,AAPL,Apple,Nasdaq,USD,20260703_175410
2026-07-02 11:43:00-04:00,305.8299865722656,306.2449951171875,305.8299865722656,306.2300109863281,80932,AAPL,Apple,Nasdaq,USD,20260703_175410
2026-07-02 11:44:00-04:00,305.67498779296875,305.9599914550781,305.6499938964844,305.8450012207031,85521,AAPL,Apple,Nasdaq,USD,20260703_175410
2026-07-02 11:45:00-04:00,305.875,305.9599914550781,305.70001220703125,305.7300109863281,68149,AAPL,Apple,Nasdaq,USD,20260703_175410
2026-07-02 11:46:00-04:00,305.5159912109375,305.89990234375,305.4700012207031,305.8800048828125,80077,AAPL,Apple,Nasdaq,USD,20260703_175410
2026-07-02 11:47:00-04:00,305.7300109863281,305.7699890136719,305.3299865722656,305.5299987792969,121006,AAPL,Apple,Nasdaq,USD,20260703_175410
2026-07-02 11:48:00-04:00,305.8450012207031,306.1199951171875,305.6099853515625,305.7099914550781,87171,AAPL,Apple,Nasdaq,USD,20260703_175410
2026-07-02 11:49:00-04:00,305.80999755859375,305.92999267578125,305.6050109863281,305.8599853515625,73257,AAPL,Apple,Nasdaq,USD,20260703_175410
2026-07-02 11:50:00-04:00,305.42999267578125,305.7749938964844,305.3450012207031,305.7200927734375,86906,AAPL,Apple,Nasdaq,USD,20260703_175410
2026-07-02 11:51:00-04:00,305.5249938964844,305.6600036621094,305.2799987792969,305.4200134277344,97811,AAPL,Apple,Nasdaq,USD,20260703_175410
2026-07-02 11:52:00-04:00,305.7099914550781,305.739990234375,305.43499755859375,305.5400085449219,75418,AAPL,Apple,Nasdaq,USD,20260703_175410
2026-07-02 11:53:00-04:00,305.8699951171875,305.9750061035156,305.67999267578125,305.739990234375,83039,AAPL,Apple,Nasdaq,USD,20260703_175410
2026-07-02 11:54:00-04:00,305.95001220703125,306.0899963378906,305.8599853515625,305.875,69254,AAPL,Apple,Nasdaq,USD,20260703_175410
2026-07-02 11:55:00-04:00,305.739990234375,306.04998779296875,305.6400146484375,305.9501037597656,77235,AAPL,Apple,Nasdaq,USD,20260703_175410
2026-07-02 11:56:00-04:00,305.7699890136719,305.79998779296875,305.5150146484375,305.7200012207031,97561,AAPL,Apple,Nasdaq,USD,20260703_175410
2026-07-02 11:57:00-04:00,305.68499755859375,305.94000244140625,305.67401123046875,305.7900085449219,66547,AAPL,Apple,Nasdaq,USD,20260703_175410
2026-07-02 11:58:00-04:00,305.9750061035156,305.9750061035156,305.6199951171875,305.68499755859375,111155,AAPL,Apple,Nasdaq,USD,20260703_175410
2026-07-02 11:59:00-04:00,305.625,306.0,305.5899963378906,305.9649963378906,110523,AAPL,Apple,Nasdaq,USD,20260703_175410
2026-07-02 12:00:00-04:00,305.94000244140625,305.989990234375,305.6105041503906,305.6400146484375,90615,AAPL,Apple,Nasdaq,USD,20260703_175410
2026-07-02 12:01:00-04:00,306.2799987792969,306.364990234375,305.8999938964844,305.9649963378906,160024,AAPL,Apple,Nasdaq,USD,20260703_175410
2026-07-02 12:02:00-04:00,306.2650146484375,306.29998779296875,306.1099853515625,306.2900085449219,106660,AAPL,Apple,Nasdaq,USD,20260703_175410
2026-07-02 12:03:00-04:00,306.55999755859375,306.5780029296875,306.0899963378906,306.2898864746094,143493,AAPL,Apple,Nasdaq,USD,20260703_175410
2026-07-02 12:04:00-04:00,306.69500732421875,306.7101135253906,306.4324035644531,306.5400085449219,79645,AAPL,Apple,Nasdaq,USD,20260703_175410
2026-07-02 12:05:00-04:00,306.6849060058594,306.8551025390625,306.6200866699219,306.70989990234375,123749,AAPL,Apple,Nasdaq,USD,20260703_175410
2026-07-02 12:06:00-04:00,306.7300109863281,306.79998779296875,306.6000061035156,306.69500732421875,80544,AAPL,Apple,Nasdaq,USD,20260703_175410
2026-07-02 12:07:00-04:00,306.7049865722656,306.94989013671875,306.6499938964844,306.7349853515625,137760,AAPL,Apple,Nasdaq,USD,20260703_175410
2026-07-02 12:08:00-04:00,306.7250061035156,306.75,306.4800109863281,306.6925048828125,87188,AAPL,Apple,Nasdaq,USD,20260703_175410
2026-07-02 12:09:00-04:00,306.6400146484375,306.885009765625,306.4599914550781,306.7250061035156,87383,AAPL,Apple,Nasdaq,USD,20260703_175410
2026-07-02 12:10:00-04:00,306.8299865722656,306.8699035644531,306.55499267578125,306.6199951171875,83033,AAPL,Apple,Nasdaq,USD,20260703_175410
2026-07-02 12:11:00-04:00,306.8299865722656,307.0398864746094,306.79998779296875,306.8598937988281,167662,AAPL,Apple,Nasdaq,USD,20260703_175410
2026-07-02 12:12:00-04:00,306.7799072265625,306.8299865722656,306.54998779296875,306.8299865722656,67216,AAPL,Apple,Nasdaq,USD,20260703_175410
2026-07-02 12:13:00-04:00,306.75,307.0199890136719,306.6600036621094,306.7850036621094,117582,AAPL,Apple,Nasdaq,USD,20260703_175410
2026-07-02 12:14:00-04:00,307.0544128417969,307.0849914550781,306.5799865722656,306.7598876953125,112314,AAPL,Apple,Nasdaq,USD,20260703_175410
2026-07-02 12:15:00-04:00,307.6099853515625,307.82000732421875,306.95001220703125,307.0450134277344,357616,AAPL,Apple,Nasdaq,USD,20260703_175410
2026-07-02 12:16:00-04:00,307.7799987792969,307.8900146484375,307.5675048828125,307.5799865722656,303788,AAPL,Apple,Nasdaq,USD,20260703_175410
2026-07-02 12:17:00-04:00,307.3800048828125,307.8800048828125,307.19000244140625,307.7799987792969,318484,AAPL,Apple,Nasdaq,USD,20260703_175410
2026-07-02 12:18:00-04:00,307.80499267578125,307.8450012207031,307.1600036621094,307.385009765625,139149,AAPL,Apple,Nasdaq,USD,20260703_175410
2026-07-02 12:19:00-04:00,307.7301025390625,307.9200134277344,307.70001220703125,307.79998779296875,177406,AAPL,Apple,Nasdaq,USD,20260703_175410
2026-07-02 12:20:00-04:00,307.5299987792969,307.7799987792969,307.4200134277344,307.739990234375,135853,AAPL,Apple,Nasdaq,USD,20260703_175410
2026-07-02 12:21:00-04:00,307.3999938964844,307.69000244140625,307.3900146484375,307.4800109863281,90369,AAPL,Apple,Nasdaq,USD,20260703_175410
2026-07-02 12:22:00-04:00,307.5600891113281,307.70001220703125,307.3550109863281,307.4049987792969,105253,AAPL,Apple,Nasdaq,USD,20260703_175410
2026-07-02 12:23:00-04:00,307.69000244140625,307.7398986816406,307.4700012207031,307.6000061035156,104286,AAPL,Apple,Nasdaq,USD,20260703_175410
2026-07-02 12:24:00-04:00,307.79998779296875,307.9100036621094,307.6000061035156,307.68499755859375,136942,AAPL,Apple,Nasdaq,USD,20260703_175410
2026-07-02 12:25:00-04:00,308.4201965332031,308.45001220703125,307.80999755859375,307.80999755859375,253254,AAPL,Apple,Nasdaq,USD,20260703_175410
2026-07-02 12:26:00-04:00,308.0400085449219,308.44989013671875,308.0,308.42498779296875,168446,AAPL,Apple,Nasdaq,USD,20260703_175410
2026-07-02 12:27:00-04:00,307.9700012207031,308.093505859375,307.69000244140625,308.0400085449219,115816,AAPL,Apple,Nasdaq,USD,20260703_175410
2026-07-02 12:28:00-04:00,308.1453857421875,308.17999267578125,307.768310546875,307.9700012207031,105120,AAPL,Apple,Nasdaq,USD,20260703_175410
2026-07-02 12:29:00-04:00,308.0899963378906,308.1700134277344,307.9800109863281,308.135009765625,118920,AAPL,Apple,Nasdaq,USD,20260703_175410
2026-07-02 12:30:00-04:00,308.2250061035156,308.2799072265625,308.0350036621094,308.0899963378906,120956,AAPL,Apple,Nasdaq,USD,20260703_175410
2026-07-02 12:31:00-04:00,308.010009765625,308.2799987792969,307.760009765625,308.239990234375,117082,AAPL,Apple,Nasdaq,USD,20260703_175410
2026-07-02 12:32:00-04:00,307.9200134277344,308.0398864746094,307.739990234375,308.0199890136719,74004,AAPL,Apple,Nasdaq,USD,20260703_175410
2026-07-02 12:33:00-04:00,308.3599853515625,308.4800109863281,307.90179443359375,307.90179443359375,152175,AAPL,Apple,Nasdaq,USD,20260703_175410
2026-07-02 12:34:00-04:00,308.45001220703125,308.4599914550781,308.17999267578125,308.3500061035156,96875,AAPL,Apple,Nasdaq,USD,20260703_175410
2026-07-02 12:35:00-04:00,308.2749938964844,308.4200134277344,308.2200012207031,308.4200134277344,97549,AAPL,Apple,Nasdaq,USD,20260703_175410
2026-07-02 12:36:00-04:00,308.3799133300781,308.4100036621094,308.19000244140625,308.2749938964844,113403,AAPL,Apple,Nasdaq,USD,20260703_175410
2026-07-02 12:37:00-04:00,308.3399963378906,308.42999267578125,308.17999267578125,308.364990234375,126061,AAPL,Apple,Nasdaq,USD,20260703_175410
2026-07-02 12:38:00-04:00,308.21990966796875,308.3999938964844,308.06500244140625,308.3349914550781,164933,AAPL,Apple,Nasdaq,USD,20260703_175410
2026-07-02 12:39:00-04:00,308.1099853515625,308.2799987792969,307.9200134277344,308.2049865722656,159675,AAPL,Apple,Nasdaq,USD,20260703_175410
2026-07-02 12:40:00-04:00,307.7701110839844,308.1700134277344,307.75,308.1300048828125,136158,AAPL,Apple,Nasdaq,USD,20260703_175410
2026-07-02 12:41:00-04:00,307.4750061035156,307.8999938964844,307.3500061035156,307.75,168332,AAPL,Apple,Nasdaq,USD,20260703_175410
2026-07-02 12:42:00-04:00,307.4200134277344,307.5950012207031,307.2099914550781,307.4750061035156,167896,AAPL,Apple,Nasdaq,USD,20260703_175410
2026-07-02 12:43:00-04:00,307.2550048828125,307.44000244140625,307.04998779296875,307.3900146484375,80495,AAPL,Apple,Nasdaq,USD,20260703_175410
2026-07-02 12:44:00-04:00,307.45001220703125,307.55999755859375,307.2699890136719,307.2699890136719,78516,AAPL,Apple,Nasdaq,USD,20260703_175410
2026-07-02 12:45:00-04:00,307.260009765625,307.4549865722656,307.1152038574219,307.4501037597656,63701,AAPL,Apple,Nasdaq,USD,20260703_175410
2026-07-02 12:46:00-04:00,306.989990234375,307.3399963378906,306.92999267578125,307.25,102554,AAPL,Apple,Nasdaq,USD,20260703_175410
2026-07-02 12:47:00-04:00,307.625,307.6600036621094,306.6700134277344,306.989990234375,139199,AAPL,Apple,Nasdaq,USD,20260703_175410
2026-07-02 12:48:00-04:00,307.55499267578125,307.8699951171875,307.3599853515625,307.625,110817,AAPL,Apple,Nasdaq,USD,20260703_175410
2026-07-02 12:49:00-04:00,307.7799987792969,307.8299865722656,307.55999755859375,307.57000732421875,114235,AAPL,Apple,Nasdaq,USD,20260703_175410
2026-07-02 12:50:00-04:00,307.635009765625,307.8800048828125,307.5,307.80999755859375,150968,AAPL,Apple,Nasdaq,USD,20260703_175410
2026-07-02 12:51:00-04:00,307.7250061035156,307.96990966796875,307.6000061035156,307.6300048828125,149730,AAPL,Apple,Nasdaq,USD,20260703_175410
2026-07-02 12:52:00-04:00,308.2900085449219,308.29998779296875,307.7099914550781,307.7250061035156,119461,AAPL,Apple,Nasdaq,USD,20260703_175410
2026-07-02 12:53:00-04:00,308.2200012207031,308.36248779296875,308.085205078125,308.2900085449219,101305,AAPL,Apple,Nasdaq,USD,20260703_175410
2026-07-02 12:54:00-04:00,308.2650146484375,308.447998046875,308.2200012207031,308.2200012207031,130564,AAPL,Apple,Nasdaq,USD,20260703_175410
2026-07-02 12:55:00-04:00,308.3949890136719,308.5299072265625,308.2300109863281,308.260009765625,128115,AAPL,Apple,Nasdaq,USD,20260703_175410
2026-07-02 12:56:00-04:00,308.2799987792969,308.4800109863281,308.260009765625,308.3999938964844,93644,AAPL,Apple,Nasdaq,USD,20260703_175410
2026-07-02 12:57:00-04:00,308.260009765625,308.5150146484375,308.1400146484375,308.2950134277344,146555,AAPL,Apple,Nasdaq,USD,20260703_175410
2026-07-02 12:58:00-04:00,308.3598937988281,308.3800048828125,307.9599914550781,308.2650146484375,107150,AAPL,Apple,Nasdaq,USD,20260703_175410
2026-07-02 12:59:00-04:00,308.30999755859375,308.3949890136719,308.06500244140625,308.32000732421875,102511,AAPL,Apple,Nasdaq,USD,20260703_175410
2026-07-02 13:00:00-04:00,307.9649963378906,308.45001220703125,307.5899963378906,308.29998779296875,287919,AAPL,Apple,Nasdaq,USD,20260703_175410
2026-07-02 13:01:00-04:00,307.82989501953125,307.9750061035156,307.70001220703125,307.94000244140625,142607,AAPL,Apple,Nasdaq,USD,20260703_175410
2026-07-02 13:02:00-04:00,307.7301025390625,307.9599914550781,307.67010498046875,307.81500244140625,96128,AAPL,Apple,Nasdaq,USD,20260703_175410
2026-07-02 13:03:00-04:00,307.5400085449219,307.760009765625,307.4200134277344,307.739990234375,120424,AAPL,Apple,Nasdaq,USD,20260703_175410
2026-07-02 13:04:00-04:00,307.3699951171875,307.6199951171875,307.2049865722656,307.5299987792969,127124,AAPL,Apple,Nasdaq,USD,20260703_175410
2026-07-02 13:05:00-04:00,307.1499938964844,307.4700012207031,307.0899963378906,307.3500061035156,103794,AAPL,Apple,Nasdaq,USD,20260703_175410
2026-07-02 13:06:00-04:00,307.5299072265625,307.53759765625,307.1000061035156,307.1449890136719,60452,AAPL,Apple,Nasdaq,USD,20260703_175410
2026-07-02 13:07:00-04:00,307.8299865722656,307.9100036621094,307.2699890136719,307.54998779296875,75227,AAPL,Apple,Nasdaq,USD,20260703_175410
2026-07-02 13:08:00-04:00,307.9432067871094,308.0899963378906,307.7850036621094,307.8299865722656,99792,AAPL,Apple,Nasdaq,USD,20260703_175410
2026-07-02 13:09:00-04:00,308.2799987792969,308.30999755859375,307.9599914550781,307.9700012207031,80525,AAPL,Apple,Nasdaq,USD,20260703_175410
2026-07-02 13:10:00-04:00,307.92999267578125,308.32000732421875,307.8900146484375,308.29998779296875,156906,AAPL,Apple,Nasdaq,USD,20260703_175410
2026-07-02 13:11:00-04:00,308.18499755859375,308.29998779296875,307.8699951171875,307.9700012207031,149400,AAPL,Apple,Nasdaq,USD,20260703_175410
2026-07-02 13:12:00-04:00,308.0397033691406,308.19000244140625,307.8699951171875,308.1499938964844,106606,AAPL,Apple,Nasdaq,USD,20260703_175410
2026-07-02 13:13:00-04:00,307.989990234375,308.0299987792969,307.8699951171875,308.0150146484375,70969,AAPL,Apple,Nasdaq,USD,20260703_175410
2026-07-02 13:14:00-04:00,308.2099914550781,308.2099914550781,307.8800964355469,307.9800109863281,87134,AAPL,Apple,Nasdaq,USD,20260703_175410
2026-07-02 13:15:00-04:00,308.2799987792969,308.30999755859375,308.114990234375,308.2099914550781,141358,AAPL,Apple,Nasdaq,USD,20260703_175410
2026-07-02 13:16:00-04:00,308.1099853515625,308.31988525390625,308.0299987792969,308.2651062011719,122082,AAPL,Apple,Nasdaq,USD,20260703_175410
2026-07-02 13:17:00-04:00,307.8900146484375,308.1199951171875,307.8599853515625,308.1199951171875,102269,AAPL,Apple,Nasdaq,USD,20260703_175410
2026-07-02 13:18:00-04:00,308.0400085449219,308.1700134277344,307.82000732421875,307.9100036621094,96451,AAPL,Apple,Nasdaq,USD,20260703_175410
2026-07-02 13:19:00-04:00,307.75,308.0498962402344,307.6499938964844,308.0400085449219,123236,AAPL,Apple,Nasdaq,USD,20260703_175410
2026-07-02 13:20:00-04:00,307.75,307.9100036621094,307.6700134277344,307.7799987792969,85810,AAPL,Apple,Nasdaq,USD,20260703_175410
2026-07-02 13:21:00-04:00,307.7300109863281,307.92999267578125,307.6512145996094,307.760009765625,94126,AAPL,Apple,Nasdaq,USD,20260703_175410
2026-07-02 13:22:00-04:00,307.9100036621094,307.95001220703125,307.75,307.760009765625,80700,AAPL,Apple,Nasdaq,USD,20260703_175410
2026-07-02 13:23:00-04:00,307.9200134277344,307.9898986816406,307.80999755859375,307.8900146484375,63065,AAPL,Apple,Nasdaq,USD,20260703_175410
2026-07-02 13:24:00-04:00,307.8599853515625,307.9599914550781,307.7300109863281,307.92999267578125,64605,AAPL,Apple,Nasdaq,USD,20260703_175410
2026-07-02 13:25:00-04:00,307.7099914550781,307.8699951171875,307.70001220703125,307.8599853515625,56634,AAPL,Apple,Nasdaq,USD,20260703_175410
2026-07-02 13:26:00-04:00,307.2622985839844,307.7576904296875,307.260009765625,307.7099914550781,57120,AAPL,Apple,Nasdaq,USD,20260703_175410
2026-07-02 13:27:00-04:00,307.739990234375,307.7650146484375,307.260009765625,307.260009765625,68479,AAPL,Apple,Nasdaq,USD,20260703_175410
2026-07-02 13:28:00-04:00,307.8349914550781,307.8800048828125,307.760009765625,307.7799987792969,81235,AAPL,Apple,Nasdaq,USD,20260703_175410
2026-07-02 13:29:00-04:00,307.80499267578125,307.9100036621094,307.7099914550781,307.82000732421875,37903,AAPL,Apple,Nasdaq,USD,20260703_175410
2026-07-02 13:30:00-04:00,307.739990234375,307.8699951171875,307.67999267578125,307.80499267578125,68787,AAPL,Apple,Nasdaq,USD,20260703_175410
2026-07-02 13:31:00-04:00,307.93499755859375,308.07000732421875,307.739990234375,307.739990234375,95657,AAPL,Apple,Nasdaq,USD,20260703_175410
2026-07-02 13:32:00-04:00,307.96990966796875,308.04998779296875,307.840087890625,307.93499755859375,60393,AAPL,Apple,Nasdaq,USD,20260703_175410
2026-07-02 13:33:00-04:00,307.9800109863281,308.1000061035156,307.927001953125,307.95001220703125,82265,AAPL,Apple,Nasdaq,USD,20260703_175410
2026-07-02 13:34:00-04:00,307.5400085449219,308.06500244140625,307.4700012207031,307.9800109863281,128921,AAPL,Apple,Nasdaq,USD,20260703_175410
2026-07-02 13:35:00-04:00,307.4750061035156,307.875,307.4200134277344,307.5,97267,AAPL,Apple,Nasdaq,USD,20260703_175410
2026-07-02 13:36:00-04:00,307.7550048828125,307.8900146484375,307.43011474609375,307.4750061035156,80060,AAPL,Apple,Nasdaq,USD,20260703_175410
2026-07-02 13:37:00-04:00,307.6600036621094,307.8500061035156,307.54998779296875,307.7799987792969,87941,AAPL,Apple,Nasdaq,USD,20260703_175410
2026-07-02 13:38:00-04:00,307.9700012207031,307.9800109863281,307.6499938964844,307.6499938964844,81124,AAPL,Apple,Nasdaq,USD,20260703_175410
2026-07-02 13:39:00-04:00,307.8299865722656,308.0299987792969,307.7749938964844,307.9700012207031,90039,AAPL,Apple,Nasdaq,USD,20260703_175410
2026-07-02 13:40:00-04:00,307.8349914550781,307.8800048828125,307.6400146484375,307.8299865722656,115836,AAPL,Apple,Nasdaq,USD,20260703_175410
2026-07-02 13:41:00-04:00,308.0299987792969,308.0899963378906,307.7550048828125,307.8399963378906,71509,AAPL,Apple,Nasdaq,USD,20260703_175410
2026-07-02 13:42:00-04:00,307.92999267578125,308.05999755859375,307.8500061035156,308.0599060058594,70822,AAPL,Apple,Nasdaq,USD,20260703_175410
2026-07-02 13:43:00-04:00,308.0400085449219,308.04998779296875,307.79998779296875,307.94000244140625,95050,AAPL,Apple,Nasdaq,USD,20260703_175410
2026-07-02 13:44:00-04:00,308.17999267578125,308.17999267578125,307.875,308.0400085449219,80351,AAPL,Apple,Nasdaq,USD,20260703_175410
2026-07-02 13:45:00-04:00,308.2300109863281,308.29998779296875,308.0199890136719,308.1700134277344,137567,AAPL,Apple,Nasdaq,USD,20260703_175410
2026-07-02 13:46:00-04:00,308.0249938964844,308.2900085449219,308.0,308.2900085449219,115918,AAPL,Apple,Nasdaq,USD,20260703_175410
2026-07-02 13:47:00-04:00,307.67999267578125,308.0899963378906,307.6400146484375,308.0400085449219,101054,AAPL,Apple,Nasdaq,USD,20260703_175410
2026-07-02 13:48:00-04:00,308.0599060058594,308.0888977050781,307.4800109863281,307.67498779296875,102011,AAPL,Apple,Nasdaq,USD,20260703_175410
2026-07-02 13:49:00-04:00,307.9800109863281,308.17999267578125,307.739990234375,308.0367126464844,178011,AAPL,Apple,Nasdaq,USD,20260703_175410
2026-07-02 13:50:00-04:00,307.90289306640625,308.04071044921875,307.7900085449219,307.9800109863281,260684,AAPL,Apple,Nasdaq,USD,20260703_175410
2026-07-02 13:51:00-04:00,308.0,308.1000061035156,307.8949890136719,307.95001220703125,82459,AAPL,Apple,Nasdaq,USD,20260703_175410
2026-07-02 13:52:00-04:00,307.7900085449219,308.0299987792969,307.7200012207031,308.0,97424,AAPL,Apple,Nasdaq,USD,20260703_175410
2026-07-02 13:53:00-04:00,307.7300109863281,307.9739990234375,307.7250061035156,307.7900085449219,71262,AAPL,Apple,Nasdaq,USD,20260703_175410
2026-07-02 13:54:00-04:00,307.79998779296875,307.889892578125,307.67999267578125,307.7250061035156,55474,AAPL,Apple,Nasdaq,USD,20260703_175410
2026-07-02 13:55:00-04:00,307.4599914550781,307.82000732421875,307.38018798828125,307.7200012207031,75990,AAPL,Apple,Nasdaq,USD,20260703_175410
2026-07-02 13:56:00-04:00,307.489990234375,307.5050048828125,307.3599853515625,307.40008544921875,50944,AAPL,Apple,Nasdaq,USD,20260703_175410
2026-07-02 13:57:00-04:00,307.3999938964844,307.5899963378906,307.2699890136719,307.4599914550781,98036,AAPL,Apple,Nasdaq,USD,20260703_175410
2026-07-02 13:58:00-04:00,307.31500244140625,307.5199890136719,307.260009765625,307.3999938964844,55827,AAPL,Apple,Nasdaq,USD,20260703_175410
2026-07-02 13:59:00-04:00,307.32000732421875,307.3399963378906,307.10009765625,307.31500244140625,94000,AAPL,Apple,Nasdaq,USD,20260703_175410
2026-07-02 14:00:00-04:00,307.62188720703125,307.75,307.1449890136719,307.3500061035156,137314,AAPL,Apple,Nasdaq,USD,20260703_175410
2026-07-02 14:01:00-04:00,307.5849914550781,307.6400146484375,307.4599914550781,307.6400146484375,97881,AAPL,Apple,Nasdaq,USD,20260703_175410
2026-07-02 14:02:00-04:00,307.2699890136719,307.6549987792969,307.2650146484375,307.5899963378906,137455,AAPL,Apple,Nasdaq,USD,20260703_175410
2026-07-02 14:03:00-04:00,307.3699951171875,307.3699951171875,307.1600036621094,307.2650146484375,71674,AAPL,Apple,Nasdaq,USD,20260703_175410
2026-07-02 14:04:00-04:00,307.6449890136719,307.7998962402344,307.3999938964844,307.3999938964844,73854,AAPL,Apple,Nasdaq,USD,20260703_175410
2026-07-02 14:05:00-04:00,307.6050109863281,307.7699890136719,307.5364990234375,307.6449890136719,91012,AAPL,Apple,Nasdaq,USD,20260703_175410
2026-07-02 14:06:00-04:00,307.6474914550781,307.79998779296875,307.56500244140625,307.6050109863281,105806,AAPL,Apple,Nasdaq,USD,20260703_175410
2026-07-02 14:07:00-04:00,307.3900146484375,307.7300109863281,307.3550109863281,307.56500244140625,68060,AAPL,Apple,Nasdaq,USD,20260703_175410
2026-07-02 14:08:00-04:00,307.7749938964844,307.7799987792969,307.2200012207031,307.3900146484375,78666,AAPL,Apple,Nasdaq,USD,20260703_175410
2026-07-02 14:09:00-04:00,307.510009765625,307.82000732421875,307.4400939941406,307.7749938964844,86444,AAPL,Apple,Nasdaq,USD,20260703_175410
2026-07-02 14:10:00-04:00,307.4949951171875,307.6600036621094,307.4700012207031,307.5050048828125,77700,AAPL,Apple,Nasdaq,USD,20260703_175410
2026-07-02 14:11:00-04:00,307.5799865722656,307.6700134277344,307.4949951171875,307.5,68510,AAPL,Apple,Nasdaq,USD,20260703_175410
2026-07-02 14:12:00-04:00,307.6199951171875,307.67498779296875,307.47259521484375,307.589599609375,69061,AAPL,Apple,Nasdaq,USD,20260703_175410
2026-07-02 14:13:00-04:00,307.6300048828125,307.7099914550781,307.55999755859375,307.6499938964844,103261,AAPL,Apple,Nasdaq,USD,20260703_175410
2026-07-02 14:14:00-04:00,307.6400146484375,307.6700134277344,307.5,307.6199951171875,70357,AAPL,Apple,Nasdaq,USD,20260703_175410
2026-07-02 14:15:00-04:00,307.67999267578125,307.75,307.5201110839844,307.65008544921875,75460,AAPL,Apple,Nasdaq,USD,20260703_175410
2026-07-02 14:16:00-04:00,307.6700134277344,307.79998779296875,307.489990234375,307.67999267578125,74147,AAPL,Apple,Nasdaq,USD,20260703_175410
2026-07-02 14:17:00-04:00,307.4649963378906,307.79998779296875,307.4100036621094,307.67999267578125,94858,AAPL,Apple,Nasdaq,USD,20260703_175410
2026-07-02 14:18:00-04:00,307.5199890136719,307.6199951171875,307.3399963378906,307.4649963378906,67083,AAPL,Apple,Nasdaq,USD,20260703_175410
2026-07-02 14:19:00-04:00,307.1004943847656,307.5249938964844,306.8200988769531,307.5198974609375,244359,AAPL,Apple,Nasdaq,USD,20260703_175410
2026-07-02 14:20:00-04:00,307.3900146484375,307.4700012207031,307.1000061035156,307.1099853515625,80475,AAPL,Apple,Nasdaq,USD,20260703_175410
2026-07-02 14:21:00-04:00,307.4100036621094,307.5899963378906,307.3900146484375,307.3999938964844,64316,AAPL,Apple,Nasdaq,USD,20260703_175410
2026-07-02 14:22:00-04:00,307.1400146484375,307.3949890136719,307.1199951171875,307.3949890136719,82683,AAPL,Apple,Nasdaq,USD,20260703_175410
2026-07-02 14:23:00-04:00,307.30999755859375,307.30999755859375,307.110107421875,307.1400146484375,71491,AAPL,Apple,Nasdaq,USD,20260703_175410
2026-07-02 14:24:00-04:00,307.25,307.4700012207031,307.25,307.3092956542969,76309,AAPL,Apple,Nasdaq,USD,20260703_175410
2026-07-02 14:25:00-04:00,307.2749938964844,307.3500061035156,307.1700134277344,307.2449951171875,90488,AAPL,Apple,Nasdaq,USD,20260703_175410
2026-07-02 14:26:00-04:00,307.3800048828125,307.42999267578125,307.114990234375,307.2749938964844,106135,AAPL,Apple,Nasdaq,USD,20260703_175410
2026-07-02 14:27:00-04:00,307.2699890136719,307.364990234375,307.1300048828125,307.364990234375,78694,AAPL,Apple,Nasdaq,USD,20260703_175410
2026-07-02 14:28:00-04:00,307.4700012207031,307.5,307.2749938964844,307.29998779296875,74644,AAPL,Apple,Nasdaq,USD,20260703_175410
2026-07-02 14:29:00-04:00,307.3299865722656,307.5299987792969,307.2959899902344,307.48480224609375,49270,AAPL,Apple,Nasdaq,USD,20260703_175410
2026-07-02 14:30:00-04:00,307.6300048828125,307.7699890136719,307.2699890136719,307.3399963378906,115548,AAPL,Apple,Nasdaq,USD,20260703_175410
2026-07-02 14:31:00-04:00,307.8800048828125,307.8999938964844,307.6000061035156,307.614990234375,104110,AAPL,Apple,Nasdaq,USD,20260703_175410
2026-07-02 14:32:00-04:00,307.6199951171875,307.89990234375,307.6199951171875,307.8800048828125,86494,AAPL,Apple,Nasdaq,USD,20260703_175410
2026-07-02 14:33:00-04:00,307.54998779296875,307.639892578125,307.38629150390625,307.6299133300781,57555,AAPL,Apple,Nasdaq,USD,20260703_175410
2026-07-02 14:34:00-04:00,307.53009033203125,307.6099853515625,307.4800109863281,307.54998779296875,86697,AAPL,Apple,Nasdaq,USD,20260703_175410
2026-07-02 14:35:00-04:00,307.4773864746094,307.6000061035156,307.3500061035156,307.54998779296875,70178,AAPL,Apple,Nasdaq,USD,20260703_175410
2026-07-02 14:36:00-04:00,307.57501220703125,307.7799987792969,307.4700012207031,307.4800109863281,68516,AAPL,Apple,Nasdaq,USD,20260703_175410
2026-07-02 14:37:00-04:00,307.6600036621094,307.67999267578125,307.55999755859375,307.5799865722656,42489,AAPL,Apple,Nasdaq,USD,20260703_175410
2026-07-02 14:38:00-04:00,307.4501037597656,307.6695861816406,307.44000244140625,307.6600036621094,53785,AAPL,Apple,Nasdaq,USD,20260703_175410
2026-07-02 14:39:00-04:00,307.3599853515625,307.4800109863281,307.32000732421875,307.42999267578125,55194,AAPL,Apple,Nasdaq,USD,20260703_175410
2026-07-02 14:40:00-04:00,307.239990234375,307.489990234375,307.1600036621094,307.32000732421875,566896,AAPL,Apple,Nasdaq,USD,20260703_175410
2026-07-02 14:41:00-04:00,307.1400146484375,307.3999938964844,307.1300048828125,307.2200012207031,60820,AAPL,Apple,Nasdaq,USD,20260703_175410
2026-07-02 14:42:00-04:00,307.3699951171875,307.489990234375,307.1400146484375,307.1499938964844,67334,AAPL,Apple,Nasdaq,USD,20260703_175410
2026-07-02 14:43:00-04:00,307.42999267578125,307.4898986816406,307.25,307.3900146484375,65168,AAPL,Apple,Nasdaq,USD,20260703_175410
2026-07-02 14:44:00-04:00,307.54998779296875,307.69000244140625,307.4100036621094,307.43499755859375,71755,AAPL,Apple,Nasdaq,USD,20260703_175410
2026-07-02 14:45:00-04:00,307.54998779296875,307.6499938964844,307.3641052246094,307.54998779296875,54175,AAPL,Apple,Nasdaq,USD,20260703_175410
2026-07-02 14:46:00-04:00,307.489990234375,307.55999755859375,307.3800048828125,307.54998779296875,48434,AAPL,Apple,Nasdaq,USD,20260703_175410
2026-07-02 14:47:00-04:00,307.489990234375,307.5299987792969,307.3504943847656,307.5,46397,AAPL,Apple,Nasdaq,USD,20260703_175410
2026-07-02 14:48:00-04:00,307.5150146484375,307.5299987792969,307.3900146484375,307.5,35971,AAPL,Apple,Nasdaq,USD,20260703_175410
2026-07-02 14:49:00-04:00,307.4200134277344,307.5400085449219,307.3500061035156,307.5299987792969,50323,AAPL,Apple,Nasdaq,USD,20260703_175410
2026-07-02 14:50:00-04:00,307.7550048828125,307.7900085449219,307.3900146484375,307.4200134277344,93358,AAPL,Apple,Nasdaq,USD,20260703_175410
2026-07-02 14:51:00-04:00,307.7401123046875,307.79998779296875,307.6300048828125,307.75,85328,AAPL,Apple,Nasdaq,USD,20260703_175410
2026-07-02 14:52:00-04:00,307.7099914550781,307.80999755859375,307.5799865722656,307.75,84716,AAPL,Apple,Nasdaq,USD,20260703_175410
2026-07-02 14:53:00-04:00,307.79998779296875,307.79998779296875,307.69000244140625,307.7099914550781,47708,AAPL,Apple,Nasdaq,USD,20260703_175410
2026-07-02 14:54:00-04:00,307.57000732421875,307.80999755859375,307.5199890136719,307.80999755859375,100157,AAPL,Apple,Nasdaq,USD,20260703_175410
2026-07-02 14:55:00-04:00,307.7900085449219,307.8299865722656,307.55999755859375,307.57000732421875,88257,AAPL,Apple,Nasdaq,USD,20260703_175410
2026-07-02 14:56:00-04:00,307.8399963378906,307.8999938964844,307.760009765625,307.7799987792969,86688,AAPL,Apple,Nasdaq,USD,20260703_175410
2026-07-02 14:57:00-04:00,307.864990234375,307.8800048828125,307.5799865722656,307.8399963378906,94397,AAPL,Apple,Nasdaq,USD,20260703_175410
2026-07-02 14:58:00-04:00,307.81500244140625,308.1000061035156,307.75,307.864990234375,124210,AAPL,Apple,Nasdaq,USD,20260703_175410
2026-07-02 14:59:00-04:00,307.6449890136719,307.92498779296875,307.6199951171875,307.80999755859375,78336,AAPL,Apple,Nasdaq,USD,20260703_175410
2026-07-02 15:00:00-04:00,307.9501037597656,308.17999267578125,307.6000061035156,307.6449890136719,91369,AAPL,Apple,Nasdaq,USD,20260703_175410
2026-07-02 15:01:00-04:00,307.94000244140625,308.0899963378906,307.79998779296875,307.9580993652344,99263,AAPL,Apple,Nasdaq,USD,20260703_175410
2026-07-02 15:02:00-04:00,307.8349914550781,307.9849853515625,307.7699890136719,307.93499755859375,76490,AAPL,Apple,Nasdaq,USD,20260703_175410
2026-07-02 15:03:00-04:00,307.94000244140625,307.9599914550781,307.8299865722656,307.8349914550781,68184,AAPL,Apple,Nasdaq,USD,20260703_175410
2026-07-02 15:04:00-04:00,307.42999267578125,307.9599914550781,307.3800048828125,307.94000244140625,119712,AAPL,Apple,Nasdaq,USD,20260703_175410
2026-07-02 15:05:00-04:00,307.739990234375,307.739990234375,307.44000244140625,307.44000244140625,69905,AAPL,Apple,Nasdaq,USD,20260703_175410
2026-07-02 15:06:00-04:00,307.92498779296875,308.04998779296875,307.7300109863281,307.739990234375,114076,AAPL,Apple,Nasdaq,USD,20260703_175410
2026-07-02 15:07:00-04:00,308.19000244140625,308.2099914550781,307.9200134277344,307.95001220703125,112855,AAPL,Apple,Nasdaq,USD,20260703_175410
2026-07-02 15:08:00-04:00,308.1400146484375,308.2099914550781,308.07000732421875,308.19000244140625,78574,AAPL,Apple,Nasdaq,USD,20260703_175410
2026-07-02 15:09:00-04:00,308.0899963378906,308.2300109863281,308.07000732421875,308.1199951171875,90932,AAPL,Apple,Nasdaq,USD,20260703_175410
2026-07-02 15:10:00-04:00,308.2799987792969,308.2900085449219,308.0400085449219,308.0799865722656,104716,AAPL,Apple,Nasdaq,USD,20260703_175410
2026-07-02 15:11:00-04:00,308.1300048828125,308.30999755859375,308.1199951171875,308.2850036621094,89287,AAPL,Apple,Nasdaq,USD,20260703_175410
2026-07-02 15:12:00-04:00,307.9200134277344,308.177490234375,307.8699951171875,308.1200866699219,69809,AAPL,Apple,Nasdaq,USD,20260703_175410
2026-07-02 15:13:00-04:00,307.79998779296875,308.0201110839844,307.79998779296875,307.9200134277344,73382,AAPL,Apple,Nasdaq,USD,20260703_175410
2026-07-02 15:14:00-04:00,307.7900085449219,307.8800048828125,307.6499938964844,307.8099060058594,73672,AAPL,Apple,Nasdaq,USD,20260703_175410
2026-07-02 15:15:00-04:00,307.510009765625,307.7799987792969,307.45001220703125,307.7799987792969,83812,AAPL,Apple,Nasdaq,USD,20260703_175410
2026-07-02 15:16:00-04:00,307.7799987792969,307.8399963378906,307.510009765625,307.510009765625,101204,AAPL,Apple,Nasdaq,USD,20260703_175410
2026-07-02 15:17:00-04:00,307.8999938964844,307.9700012207031,307.7629089355469,307.7650146484375,84409,AAPL,Apple,Nasdaq,USD,20260703_175410
2026-07-02 15:18:00-04:00,307.8299865722656,307.95001220703125,307.7699890136719,307.8999938964844,84826,AAPL,Apple,Nasdaq,USD,20260703_175410
2026-07-02 15:19:00-04:00,307.92999267578125,308.04998779296875,307.82000732421875,307.8299865722656,99728,AAPL,Apple,Nasdaq,USD,20260703_175410
2026-07-02 15:20:00-04:00,307.8349914550781,307.9700012207031,307.77978515625,307.92999267578125,66403,AAPL,Apple,Nasdaq,USD,20260703_175410
2026-07-02 15:21:00-04:00,307.760009765625,307.8800048828125,307.67999267578125,307.8349914550781,90971,AAPL,Apple,Nasdaq,USD,20260703_175410
2026-07-02 15:22:00-04:00,307.625,307.7699890136719,307.5,307.7699890136719,110024,AAPL,Apple,Nasdaq,USD,20260703_175410
2026-07-02 15:23:00-04:00,307.5299987792969,307.6549987792969,307.4700012207031,307.625,127051,AAPL,Apple,Nasdaq,USD,20260703_175410
2026-07-02 15:24:00-04:00,307.625,307.6700134277344,307.5,307.5400085449219,91415,AAPL,Apple,Nasdaq,USD,20260703_175410
2026-07-02 15:25:00-04:00,307.590087890625,307.6400146484375,307.53009033203125,307.6300048828125,102101,AAPL,Apple,Nasdaq,USD,20260703_175410
2026-07-02 15:26:00-04:00,307.42498779296875,307.6099853515625,307.4100036621094,307.6098937988281,92383,AAPL,Apple,Nasdaq,USD,20260703_175410
2026-07-02 15:27:00-04:00,307.510009765625,307.510009765625,307.30010986328125,307.4216003417969,92672,AAPL,Apple,Nasdaq,USD,20260703_175410
2026-07-02 15:28:00-04:00,307.3599853515625,307.5450134277344,307.340087890625,307.510009765625,101577,AAPL,Apple,Nasdaq,USD,20260703_175410
2026-07-02 15:29:00-04:00,307.42498779296875,307.55999755859375,307.2601013183594,307.3599853515625,98779,AAPL,Apple,Nasdaq,USD,20260703_175410
2026-07-02 15:30:00-04:00,307.7300109863281,307.75,307.31500244140625,307.44000244140625,109261,AAPL,Apple,Nasdaq,USD,20260703_175410
2026-07-02 15:31:00-04:00,307.7900085449219,307.8299865722656,307.6700134277344,307.739990234375,144554,AAPL,Apple,Nasdaq,USD,20260703_175410
2026-07-02 15:32:00-04:00,307.9700012207031,307.9700012207031,307.7250061035156,307.7925109863281,124745,AAPL,Apple,Nasdaq,USD,20260703_175410
2026-07-02 15:33:00-04:00,308.07000732421875,308.1400146484375,307.9601135253906,307.9700012207031,130611,AAPL,Apple,Nasdaq,USD,20260703_175410
2026-07-02 15:34:00-04:00,308.0450134277344,308.1499938964844,308.010009765625,308.0899963378906,94593,AAPL,Apple,Nasdaq,USD,20260703_175410
2026-07-02 15:35:00-04:00,308.0899963378906,308.1449890136719,308.010009765625,308.04998779296875,118268,AAPL,Apple,Nasdaq,USD,20260703_175410
2026-07-02 15:36:00-04:00,308.20001220703125,308.20098876953125,307.9599914550781,308.0849914550781,157177,AAPL,Apple,Nasdaq,USD,20260703_175410
2026-07-02 15:37:00-04:00,308.3599853515625,308.3699951171875,308.1300048828125,308.20001220703125,127018,AAPL,Apple,Nasdaq,USD,20260703_175410
2026-07-02 15:38:00-04:00,308.1799011230469,308.510009765625,308.1600036621094,308.3699951171875,175604,AAPL,Apple,Nasdaq,USD,20260703_175410
2026-07-02 15:39:00-04:00,308.260009765625,308.30999755859375,308.07000732421875,308.1600036621094,134706,AAPL,Apple,Nasdaq,USD,20260703_175410
2026-07-02 15:40:00-04:00,308.2900085449219,308.4599914550781,308.2200012207031,308.260009765625,137751,AAPL,Apple,Nasdaq,USD,20260703_175410
2026-07-02 15:41:00-04:00,308.3599853515625,308.42999267578125,308.2099914550781,308.2900085449219,133164,AAPL,Apple,Nasdaq,USD,20260703_175410
2026-07-02 15:42:00-04:00,308.1700134277344,308.3599853515625,308.1199951171875,308.3399963378906,214768,AAPL,Apple,Nasdaq,USD,20260703_175410
2026-07-02 15:43:00-04:00,307.83099365234375,308.2900085449219,307.83099365234375,308.1871032714844,160750,AAPL,Apple,Nasdaq,USD,20260703_175410
2026-07-02 15:44:00-04:00,307.9800109863281,308.0299987792969,307.7799987792969,307.8299865722656,178037,AAPL,Apple,Nasdaq,USD,20260703_175410
2026-07-02 15:45:00-04:00,307.739990234375,308.0299987792969,307.7300109863281,307.9800109863281,158471,AAPL,Apple,Nasdaq,USD,20260703_175410
2026-07-02 15:46:00-04:00,307.7200012207031,307.760009765625,307.54998779296875,307.69000244140625,123484,AAPL,Apple,Nasdaq,USD,20260703_175410
2026-07-02 15:47:00-04:00,307.5450134277344,307.82000732421875,307.53009033203125,307.7300109863281,102845,AAPL,Apple,Nasdaq,USD,20260703_175410
2026-07-02 15:48:00-04:00,307.7099914550781,307.7300109863281,307.2099914550781,307.5450134277344,172208,AAPL,Apple,Nasdaq,USD,20260703_175410
2026-07-02 15:49:00-04:00,307.5299987792969,307.7650146484375,307.44000244140625,307.7200012207031,183802,AAPL,Apple,Nasdaq,USD,20260703_175410
2026-07-02 15:50:00-04:00,307.75,308.4700012207031,307.5400085449219,307.5400085449219,369519,AAPL,Apple,Nasdaq,USD,20260703_175410
2026-07-02 15:51:00-04:00,307.9800109863281,308.1300048828125,307.75,307.760009765625,272217,AAPL,Apple,Nasdaq,USD,20260703_175410
2026-07-02 15:52:00-04:00,308.1499938964844,308.2300109863281,307.92999267578125,307.9700012207031,222816,AAPL,Apple,Nasdaq,USD,20260703_175410
2026-07-02 15:53:00-04:00,308.30499267578125,308.32000732421875,308.0199890136719,308.1300048828125,332885,AAPL,Apple,Nasdaq,USD,20260703_175410
2026-07-02 15:54:00-04:00,308.0400085449219,308.54998779296875,307.95001220703125,308.30499267578125,318358,AAPL,Apple,Nasdaq,USD,20260703_175410
2026-07-02 15:55:00-04:00,309.1499938964844,309.25,308.0400085449219,308.0400085449219,556325,AAPL,Apple,Nasdaq,USD,20260703_175410
2026-07-02 15:56:00-04:00,309.1499938964844,309.2799987792969,308.9100036621094,309.17999267578125,477999,AAPL,Apple,Nasdaq,USD,20260703_175410
2026-07-02 15:57:00-04:00,309.0899963378906,309.4200134277344,308.95001220703125,309.1499938964844,768731,AAPL,Apple,Nasdaq,USD,20260703_175410
2026-07-02 15:58:00-04:00,308.7449951171875,309.2300109863281,308.7099914550781,309.1000061035156,805685,AAPL,Apple,Nasdaq,USD,20260703_175410
2026-07-02 15:59:00-04:00,308.2200012207031,308.9599914550781,308.1000061035156,308.75,1654260,AAPL,Apple,Nasdaq,USD,20260703_175410
2026-07-02 09:30:00-04:00,297.09991455078125,297.1000061035156,293.67999267578125,294.0849914550781,1161939,AAPL,Apple,Nasdaq,USD,20260703_185835
2026-07-02 09:31:00-04:00,298.94000244140625,299.0400085449219,296.92999267578125,297.1000061035156,387097,AAPL,Apple,Nasdaq,USD,20260703_185835
2026-07-02 09:32:00-04:00,299.2699890136719,299.82000732421875,298.6600036621094,298.9700012207031,333980,AAPL,Apple,Nasdaq,USD,20260703_185835
2026-07-02 09:33:00-04:00,298.0400085449219,299.5,297.8075866699219,299.30499267578125,244659,AAPL,Apple,Nasdaq,USD,20260703_185835
2026-07-02 09:34:00-04:00,298.20001220703125,298.510009765625,297.8900146484375,298.125,143692,AAPL,Apple,Nasdaq,USD,20260703_185835
2026-07-02 09:35:00-04:00,298.4179992675781,298.8599853515625,298.1252136230469,298.1813049316406,241851,AAPL,Apple,Nasdaq,USD,20260703_185835
2026-07-02 09:36:00-04:00,298.92999267578125,299.0799865722656,298.20001220703125,298.42498779296875,177706,AAPL,Apple,Nasdaq,USD,20260703_185835
2026-07-02 09:37:00-04:00,299.2900085449219,299.3500061035156,298.8299865722656,298.989990234375,166444,AAPL,Apple,Nasdaq,USD,20260703_185835
2026-07-02 09:38:00-04:00,299.55999755859375,299.7099914550781,299.1900939941406,299.2900085449219,204531,AAPL,Apple,Nasdaq,USD,20260703_185835
2026-07-02 09:39:00-04:00,300.1300048828125,300.1600036621094,299.42999267578125,299.6199951171875,384326,AAPL,Apple,Nasdaq,USD,20260703_185835
2026-07-02 09:40:00-04:00,299.9750061035156,300.3299865722656,299.7799987792969,300.1300048828125,184912,AAPL,Apple,Nasdaq,USD,20260703_185835
2026-07-02 09:41:00-04:00,300.864990234375,300.92999267578125,299.8550109863281,299.9700012207031,230313,AAPL,Apple,Nasdaq,USD,20260703_185835
2026-07-02 09:42:00-04:00,300.7799987792969,301.1400146484375,300.5101013183594,300.8800048828125,401939,AAPL,Apple,Nasdaq,USD,20260703_185835
2026-07-02 09:43:00-04:00,300.45001220703125,301.1199951171875,300.3399963378906,300.7799987792969,195235,AAPL,Apple,Nasdaq,USD,20260703_185835
2026-07-02 09:44:00-04:00,300.3500061035156,300.7099914550781,300.260009765625,300.44000244140625,177277,AAPL,Apple,Nasdaq,USD,20260703_185835
2026-07-02 09:45:00-04:00,300.9800109863281,301.17999267578125,300.3800048828125,300.3800048828125,198028,AAPL,Apple,Nasdaq,USD,20260703_185835
2026-07-02 09:46:00-04:00,300.9200134277344,301.6997985839844,300.8299865722656,300.9649963378906,214435,AAPL,Apple,Nasdaq,USD,20260703_185835
2026-07-02 09:47:00-04:00,301.69000244140625,301.75,300.6700134277344,300.9100036621094,212118,AAPL,Apple,Nasdaq,USD,20260703_185835
2026-07-02 09:48:00-04:00,302.0874938964844,302.1094970703125,301.55999755859375,301.67999267578125,274465,AAPL,Apple,Nasdaq,USD,20260703_185835
2026-07-02 09:49:00-04:00,302.1700134277344,302.3546142578125,301.8810119628906,302.07501220703125,266386,AAPL,Apple,Nasdaq,USD,20260703_185835
2026-07-02 09:50:00-04:00,302.3299865722656,302.67999267578125,302.1300048828125,302.1499938964844,250889,AAPL,Apple,Nasdaq,USD,20260703_185835
2026-07-02 09:51:00-04:00,301.5899963378906,302.3349914550781,301.4700012207031,302.3349914550781,220691,AAPL,Apple,Nasdaq,USD,20260703_185835
2026-07-02 09:52:00-04:00,302.3800048828125,302.3999938964844,301.57000732421875,301.5899963378906,132526,AAPL,Apple,Nasdaq,USD,20260703_185835
2026-07-02 09:53:00-04:00,302.1700134277344,302.4353942871094,302.04998779296875,302.3800048828125,121901,AAPL,Apple,Nasdaq,USD,20260703_185835
2026-07-02 09:54:00-04:00,301.7550048828125,302.1600036621094,301.6400146484375,302.1600036621094,1968854,AAPL,Apple,Nasdaq,USD,20260703_185835
2026-07-02 09:55:00-04:00,301.8843078613281,301.9898986816406,301.4700927734375,301.75,140025,AAPL,Apple,Nasdaq,USD,20260703_185835
2026-07-02 09:56:00-04:00,301.864990234375,301.947509765625,301.6400146484375,301.9100036621094,167523,AAPL,Apple,Nasdaq,USD,20260703_185835
2026-07-02 09:57:00-04:00,302.0899963378906,302.1199951171875,301.864990234375,301.9200134277344,169033,AAPL,Apple,Nasdaq,USD,20260703_185835
2026-07-02 09:58:00-04:00,302.260009765625,302.4200134277344,302.0199890136719,302.060791015625,198315,AAPL,Apple,Nasdaq,USD,20260703_185835
2026-07-02 09:59:00-04:00,302.80999755859375,302.80999755859375,302.19000244140625,302.2900085449219,203320,AAPL,Apple,Nasdaq,USD,20260703_185835
2026-07-02 10:00:00-04:00,302.6900939941406,303.17498779296875,302.69000244140625,302.8500061035156,407126,AAPL,Apple,Nasdaq,USD,20260703_185835
2026-07-02 10:01:00-04:00,302.8599853515625,303.1300048828125,302.6700134277344,302.69000244140625,194760,AAPL,Apple,Nasdaq,USD,20260703_185835
2026-07-02 10:02:00-04:00,302.760009765625,303.0299987792969,302.6188049316406,302.8609924316406,151528,AAPL,Apple,Nasdaq,USD,20260703_185835
2026-07-02 10:03:00-04:00,302.989990234375,303.1600036621094,302.66009521484375,302.79998779296875,149761,AAPL,Apple,Nasdaq,USD,20260703_185835
2026-07-02 10:04:00-04:00,303.01031494140625,303.3900146484375,302.8599853515625,302.94500732421875,145782,AAPL,Apple,Nasdaq,USD,20260703_185835
2026-07-02 10:05:00-04:00,302.97198486328125,303.2900085449219,302.9599914550781,303.07000732421875,144476,AAPL,Apple,Nasdaq,USD,20260703_185835
2026-07-02 10:06:00-04:00,302.80999755859375,303.1099853515625,302.7101135253906,302.9649963378906,151871,AAPL,Apple,Nasdaq,USD,20260703_185835
2026-07-02 10:07:00-04:00,302.9649963378906,302.9700012207031,302.7300109863281,302.8399963378906,126195,AAPL,Apple,Nasdaq,USD,20260703_185835
2026-07-02 10:08:00-04:00,303.2349853515625,303.5,302.8399963378906,302.94000244140625,158493,AAPL,Apple,Nasdaq,USD,20260703_185835
2026-07-02 10:09:00-04:00,303.5350036621094,303.57000732421875,303.0400085449219,303.239990234375,319520,AAPL,Apple,Nasdaq,USD,20260703_185835
2026-07-02 10:10:00-04:00,303.19500732421875,303.5799865722656,303.1199951171875,303.54998779296875,171241,AAPL,Apple,Nasdaq,USD,20260703_185835
2026-07-02 10:11:00-04:00,303.7300109863281,303.7698974609375,303.2300109863281,303.2300109863281,235075,AAPL,Apple,Nasdaq,USD,20260703_185835
2026-07-02 10:12:00-04:00,304.0350036621094,304.0599060058594,303.6000061035156,303.739990234375,278142,AAPL,Apple,Nasdaq,USD,20260703_185835
2026-07-02 10:13:00-04:00,304.260009765625,304.5199890136719,303.9599914550781,304.0299987792969,370643,AAPL,Apple,Nasdaq,USD,20260703_185835
2026-07-02 10:14:00-04:00,303.7300109863281,304.2699890136719,303.1099853515625,304.268310546875,250766,AAPL,Apple,Nasdaq,USD,20260703_185835
2026-07-02 10:15:00-04:00,303.94000244140625,304.1700134277344,303.5899963378906,303.7449951171875,163011,AAPL,Apple,Nasdaq,USD,20260703_185835
2026-07-02 10:16:00-04:00,303.82989501953125,304.1000061035156,303.6400146484375,303.9150085449219,156320,AAPL,Apple,Nasdaq,USD,20260703_185835
2026-07-02 10:17:00-04:00,304.0899963378906,304.29998779296875,303.60009765625,303.8299865722656,146615,AAPL,Apple,Nasdaq,USD,20260703_185835
2026-07-02 10:18:00-04:00,303.7200012207031,304.1300048828125,303.6499938964844,304.05999755859375,106390,AAPL,Apple,Nasdaq,USD,20260703_185835
2026-07-02 10:19:00-04:00,304.3699951171875,304.5090026855469,303.7179870605469,303.75311279296875,193185,AAPL,Apple,Nasdaq,USD,20260703_185835
2026-07-02 10:20:00-04:00,304.54998779296875,304.75,304.239990234375,304.3949890136719,225006,AAPL,Apple,Nasdaq,USD,20260703_185835
2026-07-02 10:21:00-04:00,304.7349853515625,304.7569885253906,304.5,304.5799865722656,230435,AAPL,Apple,Nasdaq,USD,20260703_185835
2026-07-02 10:22:00-04:00,304.82989501953125,304.8599853515625,304.55999755859375,304.7200012207031,204825,AAPL,Apple,Nasdaq,USD,20260703_185835
2026-07-02 10:23:00-04:00,304.69500732421875,305.1099853515625,304.55999755859375,304.8299865722656,400998,AAPL,Apple,Nasdaq,USD,20260703_185835
2026-07-02 10:24:00-04:00,304.5617980957031,304.95001220703125,304.4700012207031,304.7200012207031,213038,AAPL,Apple,Nasdaq,USD,20260703_185835
2026-07-02 10:25:00-04:00,304.7300109863281,304.84991455078125,304.1289978027344,304.6064147949219,162681,AAPL,Apple,Nasdaq,USD,20260703_185835
2026-07-02 10:26:00-04:00,304.5050048828125,304.82000732421875,304.3500061035156,304.739990234375,161291,AAPL,Apple,Nasdaq,USD,20260703_185835
2026-07-02 10:27:00-04:00,304.4949951171875,304.885009765625,304.360107421875,304.5299987792969,212205,AAPL,Apple,Nasdaq,USD,20260703_185835
2026-07-02 10:28:00-04:00,304.70001220703125,304.8500061035156,304.3450012207031,304.5299987792969,171249,AAPL,Apple,Nasdaq,USD,20260703_185835
2026-07-02 10:29:00-04:00,305.04998779296875,305.32000732421875,304.5,304.7099914550781,211238,AAPL,Apple,Nasdaq,USD,20260703_185835
2026-07-02 10:30:00-04:00,305.239990234375,305.3389892578125,304.8500061035156,305.04400634765625,209182,AAPL,Apple,Nasdaq,USD,20260703_185835
2026-07-02 10:31:00-04:00,305.739990234375,305.964599609375,305.2200012207031,305.25,288714,AAPL,Apple,Nasdaq,USD,20260703_185835
2026-07-02 10:32:00-04:00,306.3450012207031,306.6398010253906,305.71240234375,305.739990234375,313436,AAPL,Apple,Nasdaq,USD,20260703_185835
2026-07-02 10:33:00-04:00,305.8900146484375,306.3800048828125,305.8706970214844,306.3699951171875,260122,AAPL,Apple,Nasdaq,USD,20260703_185835
2026-07-02 10:34:00-04:00,305.7099914550781,305.9200134277344,305.32000732421875,305.8999938964844,228864,AAPL,Apple,Nasdaq,USD,20260703_185835
2026-07-02 10:35:00-04:00,305.1650085449219,305.8500061035156,305.05999755859375,305.7200012207031,237920,AAPL,Apple,Nasdaq,USD,20260703_185835
2026-07-02 10:36:00-04:00,305.4800109863281,305.5274963378906,305.07000732421875,305.1600036621094,233842,AAPL,Apple,Nasdaq,USD,20260703_185835
2026-07-02 10:37:00-04:00,305.25,305.69000244140625,305.1499938964844,305.4649963378906,246577,AAPL,Apple,Nasdaq,USD,20260703_185835
2026-07-02 10:38:00-04:00,305.54791259765625,305.5599060058594,304.8800048828125,305.2699890136719,154884,AAPL,Apple,Nasdaq,USD,20260703_185835
2026-07-02 10:39:00-04:00,305.3800048828125,305.739990234375,305.239990234375,305.5400085449219,163306,AAPL,Apple,Nasdaq,USD,20260703_185835
2026-07-02 10:40:00-04:00,305.69000244140625,305.9200134277344,305.35009765625,305.3900146484375,139998,AAPL,Apple,Nasdaq,USD,20260703_185835
2026-07-02 10:41:00-04:00,305.64300537109375,306.0899963378906,305.5899963378906,305.6700134277344,163726,AAPL,Apple,Nasdaq,USD,20260703_185835
2026-07-02 10:42:00-04:00,306.07501220703125,306.1000061035156,305.5199890136719,305.6600036621094,205352,AAPL,Apple,Nasdaq,USD,20260703_185835
2026-07-02 10:43:00-04:00,305.9599914550781,306.19940185546875,305.7200012207031,306.1000061035156,161406,AAPL,Apple,Nasdaq,USD,20260703_185835
2026-07-02 10:44:00-04:00,306.4200134277344,306.4200134277344,305.9200134277344,305.989990234375,211542,AAPL,Apple,Nasdaq,USD,20260703_185835
2026-07-02 10:45:00-04:00,306.2300109863281,306.7749938964844,306.1900939941406,306.4200134277344,294175,AAPL,Apple,Nasdaq,USD,20260703_185835
2026-07-02 10:46:00-04:00,306.1650085449219,306.3399963378906,305.75,306.2099914550781,208585,AAPL,Apple,Nasdaq,USD,20260703_185835
2026-07-02 10:47:00-04:00,306.2799987792969,306.5299987792969,306.1199951171875,306.1650085449219,210988,AAPL,Apple,Nasdaq,USD,20260703_185835
2026-07-02 10:48:00-04:00,305.56500244140625,306.2799987792969,305.5400085449219,306.2799987792969,211654,AAPL,Apple,Nasdaq,USD,20260703_185835
2026-07-02 10:49:00-04:00,305.5199890136719,305.89990234375,305.5199890136719,305.56500244140625,148071,AAPL,Apple,Nasdaq,USD,20260703_185835
2026-07-02 10:50:00-04:00,305.5,305.95001220703125,305.30010986328125,305.5199890136719,167438,AAPL,Apple,Nasdaq,USD,20260703_185835
2026-07-02 10:51:00-04:00,305.92498779296875,305.94000244140625,305.489990234375,305.5,119529,AAPL,Apple,Nasdaq,USD,20260703_185835
2026-07-02 10:52:00-04:00,306.1488037109375,306.2799987792969,305.8999938964844,305.8999938964844,176020,AAPL,Apple,Nasdaq,USD,20260703_185835
2026-07-02 10:53:00-04:00,306.489990234375,306.5,306.04998779296875,306.135009765625,137390,AAPL,Apple,Nasdaq,USD,20260703_185835
2026-07-02 10:54:00-04:00,306.30999755859375,306.4700012207031,306.1600036621094,306.4700012207031,144751,AAPL,Apple,Nasdaq,USD,20260703_185835
2026-07-02 10:55:00-04:00,306.3949890136719,306.5199890136719,306.30999755859375,306.30999755859375,130436,AAPL,Apple,Nasdaq,USD,20260703_185835
2026-07-02 10:56:00-04:00,306.6400146484375,306.69000244140625,306.3100891113281,306.4200134277344,152744,AAPL,Apple,Nasdaq,USD,20260703_185835
2026-07-02 10:57:00-04:00,306.75,306.8900146484375,306.4700012207031,306.6300048828125,150480,AAPL,Apple,Nasdaq,USD,20260703_185835
2026-07-02 10:58:00-04:00,306.75,307.0400085449219,306.7300109863281,306.7699890136719,324713,AAPL,Apple,Nasdaq,USD,20260703_185835
2026-07-02 10:59:00-04:00,306.87799072265625,306.8999938964844,306.54998779296875,306.7900085449219,208476,AAPL,Apple,Nasdaq,USD,20260703_185835
2026-07-02 11:00:00-04:00,307.4750061035156,307.5299987792969,306.7879943847656,306.8999938964844,277220,AAPL,Apple,Nasdaq,USD,20260703_185835
2026-07-02 11:01:00-04:00,307.6700134277344,307.760009765625,307.1099853515625,307.45001220703125,196838,AAPL,Apple,Nasdaq,USD,20260703_185835
2026-07-02 11:02:00-04:00,307.53948974609375,307.82000732421875,307.3293151855469,307.6499938964844,199075,AAPL,Apple,Nasdaq,USD,20260703_185835
2026-07-02 11:03:00-04:00,307.0893859863281,307.6199951171875,307.05499267578125,307.5400085449219,152923,AAPL,Apple,Nasdaq,USD,20260703_185835
2026-07-02 11:04:00-04:00,306.635009765625,307.239990234375,306.5899963378906,307.1000061035156,193961,AAPL,Apple,Nasdaq,USD,20260703_185835
2026-07-02 11:05:00-04:00,306.17999267578125,306.8900146484375,306.15301513671875,306.6300964355469,217717,AAPL,Apple,Nasdaq,USD,20260703_185835
2026-07-02 11:06:00-04:00,306.114990234375,306.30999755859375,305.8599853515625,306.1700134277344,202733,AAPL,Apple,Nasdaq,USD,20260703_185835
2026-07-02 11:07:00-04:00,305.7699890136719,306.1300048828125,305.4100036621094,306.1199951171875,273000,AAPL,Apple,Nasdaq,USD,20260703_185835
2026-07-02 11:08:00-04:00,306.2900085449219,306.4549865722656,305.68499755859375,305.739990234375,206110,AAPL,Apple,Nasdaq,USD,20260703_185835
2026-07-02 11:09:00-04:00,306.8999938964844,306.8999938964844,306.2261962890625,306.2850036621094,226462,AAPL,Apple,Nasdaq,USD,20260703_185835
2026-07-02 11:10:00-04:00,306.6400146484375,306.9800109863281,306.3949890136719,306.9200134277344,248889,AAPL,Apple,Nasdaq,USD,20260703_185835
2026-07-02 11:11:00-04:00,306.79998779296875,306.79998779296875,306.3500061035156,306.6400146484375,181782,AAPL,Apple,Nasdaq,USD,20260703_185835
2026-07-02 11:12:00-04:00,307.0899963378906,307.0899963378906,306.67999267578125,306.7799987792969,134583,AAPL,Apple,Nasdaq,USD,20260703_185835
2026-07-02 11:13:00-04:00,307.410400390625,307.6000061035156,306.8699951171875,307.06500244140625,204067,AAPL,Apple,Nasdaq,USD,20260703_185835
2026-07-02 11:14:00-04:00,307.41448974609375,307.7900085449219,307.3555908203125,307.4200134277344,202259,AAPL,Apple,Nasdaq,USD,20260703_185835
2026-07-02 11:15:00-04:00,306.92999267578125,307.44000244140625,306.92999267578125,307.44000244140625,185092,AAPL,Apple,Nasdaq,USD,20260703_185835
2026-07-02 11:16:00-04:00,306.3500061035156,307.0050048828125,306.2633972167969,306.94500732421875,98878,AAPL,Apple,Nasdaq,USD,20260703_185835
2026-07-02 11:17:00-04:00,306.8999938964844,306.8999938964844,306.0700988769531,306.3500061035156,177215,AAPL,Apple,Nasdaq,USD,20260703_185835
2026-07-02 11:18:00-04:00,307.19000244140625,307.3500061035156,306.80999755859375,306.8999938964844,184951,AAPL,Apple,Nasdaq,USD,20260703_185835
2026-07-02 11:19:00-04:00,307.0400085449219,307.239990234375,306.7950134277344,307.2099914550781,118786,AAPL,Apple,Nasdaq,USD,20260703_185835
2026-07-02 11:20:00-04:00,306.9599914550781,307.1499938964844,306.67999267578125,307.0849914550781,157607,AAPL,Apple,Nasdaq,USD,20260703_185835
2026-07-02 11:21:00-04:00,306.9649963378906,307.04998779296875,306.760009765625,306.9849853515625,157326,AAPL,Apple,Nasdaq,USD,20260703_185835
2026-07-02 11:22:00-04:00,306.92498779296875,307.010009765625,306.8299865722656,306.9599914550781,104098,AAPL,Apple,Nasdaq,USD,20260703_185835
2026-07-02 11:23:00-04:00,307.05999755859375,307.1099853515625,306.7349853515625,306.9100036621094,113328,AAPL,Apple,Nasdaq,USD,20260703_185835
2026-07-02 11:24:00-04:00,307.2550048828125,307.30999755859375,307.04998779296875,307.05999755859375,126431,AAPL,Apple,Nasdaq,USD,20260703_185835
2026-07-02 11:25:00-04:00,306.739990234375,307.2900085449219,306.6199951171875,307.2850036621094,151699,AAPL,Apple,Nasdaq,USD,20260703_185835
2026-07-02 11:26:00-04:00,306.2699890136719,306.79998779296875,306.20001220703125,306.7449951171875,143686,AAPL,Apple,Nasdaq,USD,20260703_185835
2026-07-02 11:27:00-04:00,305.6499938964844,306.4200134277344,305.6099853515625,306.2701110839844,160680,AAPL,Apple,Nasdaq,USD,20260703_185835
2026-07-02 11:28:00-04:00,305.6650085449219,305.7099914550781,305.3800048828125,305.6600036621094,154198,AAPL,Apple,Nasdaq,USD,20260703_185835
2026-07-02 11:29:00-04:00,305.4150085449219,305.75,305.2799987792969,305.69000244140625,165441,AAPL,Apple,Nasdaq,USD,20260703_185835
2026-07-02 11:30:00-04:00,305.8399963378906,305.9800109863281,305.4200134277344,305.4200134277344,114442,AAPL,Apple,Nasdaq,USD,20260703_185835
2026-07-02 11:31:00-04:00,306.3550109863281,306.5,305.8299865722656,305.84368896484375,148648,AAPL,Apple,Nasdaq,USD,20260703_185835
2026-07-02 11:32:00-04:00,306.6099853515625,306.67999267578125,306.3399963378906,306.3599853515625,97890,AAPL,Apple,Nasdaq,USD,20260703_185835
2026-07-02 11:33:00-04:00,306.619384765625,306.7900085449219,306.5199890136719,306.625,88709,AAPL,Apple,Nasdaq,USD,20260703_185835
2026-07-02 11:34:00-04:00,306.2349853515625,306.6499938964844,306.0400085449219,306.5950012207031,121979,AAPL,Apple,Nasdaq,USD,20260703_185835
2026-07-02 11:35:00-04:00,306.2699890136719,306.44989013671875,306.18011474609375,306.2699890136719,92920,AAPL,Apple,Nasdaq,USD,20260703_185835
2026-07-02 11:36:00-04:00,306.3351135253906,306.44000244140625,306.1199951171875,306.25,105923,AAPL,Apple,Nasdaq,USD,20260703_185835
2026-07-02 11:37:00-04:00,306.82000732421875,306.8299865722656,306.28009033203125,306.3349914550781,137812,AAPL,Apple,Nasdaq,USD,20260703_185835
2026-07-02 11:38:00-04:00,306.6400146484375,306.8999938964844,306.29010009765625,306.7900085449219,140797,AAPL,Apple,Nasdaq,USD,20260703_185835
2026-07-02 11:39:00-04:00,306.5299987792969,306.760009765625,306.4601135253906,306.6400146484375,99018,AAPL,Apple,Nasdaq,USD,20260703_185835
2026-07-02 11:40:00-04:00,306.29840087890625,306.6000061035156,306.1499938964844,306.54998779296875,85303,AAPL,Apple,Nasdaq,USD,20260703_185835
2026-07-02 11:41:00-04:00,306.4150085449219,306.5299987792969,306.239990234375,306.29998779296875,102798,AAPL,Apple,Nasdaq,USD,20260703_185835
2026-07-02 11:42:00-04:00,306.2449951171875,306.4599914550781,306.0450134277344,306.4150085449219,117275,AAPL,Apple,Nasdaq,USD,20260703_185835
2026-07-02 11:43:00-04:00,305.8299865722656,306.2449951171875,305.8299865722656,306.2300109863281,80932,AAPL,Apple,Nasdaq,USD,20260703_185835
2026-07-02 11:44:00-04:00,305.67498779296875,305.9599914550781,305.6499938964844,305.8450012207031,85521,AAPL,Apple,Nasdaq,USD,20260703_185835
2026-07-02 11:45:00-04:00,305.875,305.9599914550781,305.70001220703125,305.7300109863281,68149,AAPL,Apple,Nasdaq,USD,20260703_185835
2026-07-02 11:46:00-04:00,305.5159912109375,305.89990234375,305.4700012207031,305.8800048828125,80077,AAPL,Apple,Nasdaq,USD,20260703_185835
2026-07-02 11:47:00-04:00,305.7300109863281,305.7699890136719,305.3299865722656,305.5299987792969,121006,AAPL,Apple,Nasdaq,USD,20260703_185835
2026-07-02 11:48:00-04:00,305.8450012207031,306.1199951171875,305.6099853515625,305.7099914550781,87171,AAPL,Apple,Nasdaq,USD,20260703_185835
2026-07-02 11:49:00-04:00,305.80999755859375,305.92999267578125,305.6050109863281,305.8599853515625,73257,AAPL,Apple,Nasdaq,USD,20260703_185835
2026-07-02 11:50:00-04:00,305.42999267578125,305.7749938964844,305.3450012207031,305.7200927734375,86906,AAPL,Apple,Nasdaq,USD,20260703_185835
2026-07-02 11:51:00-04:00,305.5249938964844,305.6600036621094,305.2799987792969,305.4200134277344,97811,AAPL,Apple,Nasdaq,USD,20260703_185835
2026-07-02 11:52:00-04:00,305.7099914550781,305.739990234375,305.43499755859375,305.5400085449219,75418,AAPL,Apple,Nasdaq,USD,20260703_185835
2026-07-02 11:53:00-04:00,305.8699951171875,305.9750061035156,305.67999267578125,305.739990234375,83039,AAPL,Apple,Nasdaq,USD,20260703_185835
2026-07-02 11:54:00-04:00,305.95001220703125,306.0899963378906,305.8599853515625,305.875,69254,AAPL,Apple,Nasdaq,USD,20260703_185835
2026-07-02 11:55:00-04:00,305.739990234375,306.04998779296875,305.6400146484375,305.9501037597656,77235,AAPL,Apple,Nasdaq,USD,20260703_185835
2026-07-02 11:56:00-04:00,305.7699890136719,305.79998779296875,305.5150146484375,305.7200012207031,97561,AAPL,Apple,Nasdaq,USD,20260703_185835
2026-07-02 11:57:00-04:00,305.68499755859375,305.94000244140625,305.67401123046875,305.7900085449219,66547,AAPL,Apple,Nasdaq,USD,20260703_185835
2026-07-02 11:58:00-04:00,305.9750061035156,305.9750061035156,305.6199951171875,305.68499755859375,111155,AAPL,Apple,Nasdaq,USD,20260703_185835
2026-07-02 11:59:00-04:00,305.625,306.0,305.5899963378906,305.9649963378906,110523,AAPL,Apple,Nasdaq,USD,20260703_185835
2026-07-02 12:00:00-04:00,305.94000244140625,305.989990234375,305.6105041503906,305.6400146484375,90615,AAPL,Apple,Nasdaq,USD,20260703_185835
2026-07-02 12:01:00-04:00,306.2799987792969,306.364990234375,305.8999938964844,305.9649963378906,160024,AAPL,Apple,Nasdaq,USD,20260703_185835
2026-07-02 12:02:00-04:00,306.2650146484375,306.29998779296875,306.1099853515625,306.2900085449219,106660,AAPL,Apple,Nasdaq,USD,20260703_185835
2026-07-02 12:03:00-04:00,306.55999755859375,306.5780029296875,306.0899963378906,306.2898864746094,143493,AAPL,Apple,Nasdaq,USD,20260703_185835
2026-07-02 12:04:00-04:00,306.69500732421875,306.7101135253906,306.4324035644531,306.5400085449219,79645,AAPL,Apple,Nasdaq,USD,20260703_185835
2026-07-02 12:05:00-04:00,306.6849060058594,306.8551025390625,306.6200866699219,306.70989990234375,123749,AAPL,Apple,Nasdaq,USD,20260703_185835
2026-07-02 12:06:00-04:00,306.7300109863281,306.79998779296875,306.6000061035156,306.69500732421875,80544,AAPL,Apple,Nasdaq,USD,20260703_185835
2026-07-02 12:07:00-04:00,306.7049865722656,306.94989013671875,306.6499938964844,306.7349853515625,137760,AAPL,Apple,Nasdaq,USD,20260703_185835
2026-07-02 12:08:00-04:00,306.7250061035156,306.75,306.4800109863281,306.6925048828125,87188,AAPL,Apple,Nasdaq,USD,20260703_185835
2026-07-02 12:09:00-04:00,306.6400146484375,306.885009765625,306.4599914550781,306.7250061035156,87383,AAPL,Apple,Nasdaq,USD,20260703_185835
2026-07-02 12:10:00-04:00,306.8299865722656,306.8699035644531,306.55499267578125,306.6199951171875,83033,AAPL,Apple,Nasdaq,USD,20260703_185835
2026-07-02 12:11:00-04:00,306.8299865722656,307.0398864746094,306.79998779296875,306.8598937988281,167662,AAPL,Apple,Nasdaq,USD,20260703_185835
2026-07-02 12:12:00-04:00,306.7799072265625,306.8299865722656,306.54998779296875,306.8299865722656,67216,AAPL,Apple,Nasdaq,USD,20260703_185835
2026-07-02 12:13:00-04:00,306.75,307.0199890136719,306.6600036621094,306.7850036621094,117582,AAPL,Apple,Nasdaq,USD,20260703_185835
2026-07-02 12:14:00-04:00,307.0544128417969,307.0849914550781,306.5799865722656,306.7598876953125,112314,AAPL,Apple,Nasdaq,USD,20260703_185835
2026-07-02 12:15:00-04:00,307.6099853515625,307.82000732421875,306.95001220703125,307.0450134277344,357616,AAPL,Apple,Nasdaq,USD,20260703_185835
2026-07-02 12:16:00-04:00,307.7799987792969,307.8900146484375,307.5675048828125,307.5799865722656,303788,AAPL,Apple,Nasdaq,USD,20260703_185835
2026-07-02 12:17:00-04:00,307.3800048828125,307.8800048828125,307.19000244140625,307.7799987792969,318484,AAPL,Apple,Nasdaq,USD,20260703_185835
2026-07-02 12:18:00-04:00,307.80499267578125,307.8450012207031,307.1600036621094,307.385009765625,139149,AAPL,Apple,Nasdaq,USD,20260703_185835
2026-07-02 12:19:00-04:00,307.7301025390625,307.9200134277344,307.70001220703125,307.79998779296875,177406,AAPL,Apple,Nasdaq,USD,20260703_185835
2026-07-02 12:20:00-04:00,307.5299987792969,307.7799987792969,307.4200134277344,307.739990234375,135853,AAPL,Apple,Nasdaq,USD,20260703_185835
2026-07-02 12:21:00-04:00,307.3999938964844,307.69000244140625,307.3900146484375,307.4800109863281,90369,AAPL,Apple,Nasdaq,USD,20260703_185835
2026-07-02 12:22:00-04:00,307.5600891113281,307.70001220703125,307.3550109863281,307.4049987792969,105253,AAPL,Apple,Nasdaq,USD,20260703_185835
2026-07-02 12:23:00-04:00,307.69000244140625,307.7398986816406,307.4700012207031,307.6000061035156,104286,AAPL,Apple,Nasdaq,USD,20260703_185835
2026-07-02 12:24:00-04:00,307.79998779296875,307.9100036621094,307.6000061035156,307.68499755859375,136942,AAPL,Apple,Nasdaq,USD,20260703_185835
2026-07-02 12:25:00-04:00,308.4201965332031,308.45001220703125,307.80999755859375,307.80999755859375,253254,AAPL,Apple,Nasdaq,USD,20260703_185835
2026-07-02 12:26:00-04:00,308.0400085449219,308.44989013671875,308.0,308.42498779296875,168446,AAPL,Apple,Nasdaq,USD,20260703_185835
2026-07-02 12:27:00-04:00,307.9700012207031,308.093505859375,307.69000244140625,308.0400085449219,115816,AAPL,Apple,Nasdaq,USD,20260703_185835
2026-07-02 12:28:00-04:00,308.1453857421875,308.17999267578125,307.768310546875,307.9700012207031,105120,AAPL,Apple,Nasdaq,USD,20260703_185835
2026-07-02 12:29:00-04:00,308.0899963378906,308.1700134277344,307.9800109863281,308.135009765625,118920,AAPL,Apple,Nasdaq,USD,20260703_185835
2026-07-02 12:30:00-04:00,308.2250061035156,308.2799072265625,308.0350036621094,308.0899963378906,120956,AAPL,Apple,Nasdaq,USD,20260703_185835
2026-07-02 12:31:00-04:00,308.010009765625,308.2799987792969,307.760009765625,308.239990234375,117082,AAPL,Apple,Nasdaq,USD,20260703_185835
2026-07-02 12:32:00-04:00,307.9200134277344,308.0398864746094,307.739990234375,308.0199890136719,74004,AAPL,Apple,Nasdaq,USD,20260703_185835
2026-07-02 12:33:00-04:00,308.3599853515625,308.4800109863281,307.90179443359375,307.90179443359375,152175,AAPL,Apple,Nasdaq,USD,20260703_185835
2026-07-02 12:34:00-04:00,308.45001220703125,308.4599914550781,308.17999267578125,308.3500061035156,96875,AAPL,Apple,Nasdaq,USD,20260703_185835
2026-07-02 12:35:00-04:00,308.2749938964844,308.4200134277344,308.2200012207031,308.4200134277344,97549,AAPL,Apple,Nasdaq,USD,20260703_185835
2026-07-02 12:36:00-04:00,308.3799133300781,308.4100036621094,308.19000244140625,308.2749938964844,113403,AAPL,Apple,Nasdaq,USD,20260703_185835
2026-07-02 12:37:00-04:00,308.3399963378906,308.42999267578125,308.17999267578125,308.364990234375,126061,AAPL,Apple,Nasdaq,USD,20260703_185835
2026-07-02 12:38:00-04:00,308.21990966796875,308.3999938964844,308.06500244140625,308.3349914550781,164933,AAPL,Apple,Nasdaq,USD,20260703_185835
2026-07-02 12:39:00-04:00,308.1099853515625,308.2799987792969,307.9200134277344,308.2049865722656,159675,AAPL,Apple,Nasdaq,USD,20260703_185835
2026-07-02 12:40:00-04:00,307.7701110839844,308.1700134277344,307.75,308.1300048828125,136158,AAPL,Apple,Nasdaq,USD,20260703_185835
2026-07-02 12:41:00-04:00,307.4750061035156,307.8999938964844,307.3500061035156,307.75,168332,AAPL,Apple,Nasdaq,USD,20260703_185835
2026-07-02 12:42:00-04:00,307.4200134277344,307.5950012207031,307.2099914550781,307.4750061035156,167896,AAPL,Apple,Nasdaq,USD,20260703_185835
2026-07-02 12:43:00-04:00,307.2550048828125,307.44000244140625,307.04998779296875,307.3900146484375,80495,AAPL,Apple,Nasdaq,USD,20260703_185835
2026-07-02 12:44:00-04:00,307.45001220703125,307.55999755859375,307.2699890136719,307.2699890136719,78516,AAPL,Apple,Nasdaq,USD,20260703_185835
2026-07-02 12:45:00-04:00,307.260009765625,307.4549865722656,307.1152038574219,307.4501037597656,63701,AAPL,Apple,Nasdaq,USD,20260703_185835
2026-07-02 12:46:00-04:00,306.989990234375,307.3399963378906,306.92999267578125,307.25,102554,AAPL,Apple,Nasdaq,USD,20260703_185835
2026-07-02 12:47:00-04:00,307.625,307.6600036621094,306.6700134277344,306.989990234375,139199,AAPL,Apple,Nasdaq,USD,20260703_185835
2026-07-02 12:48:00-04:00,307.55499267578125,307.8699951171875,307.3599853515625,307.625,110817,AAPL,Apple,Nasdaq,USD,20260703_185835
2026-07-02 12:49:00-04:00,307.7799987792969,307.8299865722656,307.55999755859375,307.57000732421875,114235,AAPL,Apple,Nasdaq,USD,20260703_185835
2026-07-02 12:50:00-04:00,307.635009765625,307.8800048828125,307.5,307.80999755859375,150968,AAPL,Apple,Nasdaq,USD,20260703_185835
2026-07-02 12:51:00-04:00,307.7250061035156,307.96990966796875,307.6000061035156,307.6300048828125,149730,AAPL,Apple,Nasdaq,USD,20260703_185835
2026-07-02 12:52:00-04:00,308.2900085449219,308.29998779296875,307.7099914550781,307.7250061035156,119461,AAPL,Apple,Nasdaq,USD,20260703_185835
2026-07-02 12:53:00-04:00,308.2200012207031,308.36248779296875,308.085205078125,308.2900085449219,101305,AAPL,Apple,Nasdaq,USD,20260703_185835
2026-07-02 12:54:00-04:00,308.2650146484375,308.447998046875,308.2200012207031,308.2200012207031,130564,AAPL,Apple,Nasdaq,USD,20260703_185835
2026-07-02 12:55:00-04:00,308.3949890136719,308.5299072265625,308.2300109863281,308.260009765625,128115,AAPL,Apple,Nasdaq,USD,20260703_185835
2026-07-02 12:56:00-04:00,308.2799987792969,308.4800109863281,308.260009765625,308.3999938964844,93644,AAPL,Apple,Nasdaq,USD,20260703_185835
2026-07-02 12:57:00-04:00,308.260009765625,308.5150146484375,308.1400146484375,308.2950134277344,146555,AAPL,Apple,Nasdaq,USD,20260703_185835
2026-07-02 12:58:00-04:00,308.3598937988281,308.3800048828125,307.9599914550781,308.2650146484375,107150,AAPL,Apple,Nasdaq,USD,20260703_185835
2026-07-02 12:59:00-04:00,308.30999755859375,308.3949890136719,308.06500244140625,308.32000732421875,102511,AAPL,Apple,Nasdaq,USD,20260703_185835
2026-07-02 13:00:00-04:00,307.9649963378906,308.45001220703125,307.5899963378906,308.29998779296875,287919,AAPL,Apple,Nasdaq,USD,20260703_185835
2026-07-02 13:01:00-04:00,307.82989501953125,307.9750061035156,307.70001220703125,307.94000244140625,142607,AAPL,Apple,Nasdaq,USD,20260703_185835
2026-07-02 13:02:00-04:00,307.7301025390625,307.9599914550781,307.67010498046875,307.81500244140625,96128,AAPL,Apple,Nasdaq,USD,20260703_185835
2026-07-02 13:03:00-04:00,307.5400085449219,307.760009765625,307.4200134277344,307.739990234375,120424,AAPL,Apple,Nasdaq,USD,20260703_185835
2026-07-02 13:04:00-04:00,307.3699951171875,307.6199951171875,307.2049865722656,307.5299987792969,127124,AAPL,Apple,Nasdaq,USD,20260703_185835
2026-07-02 13:05:00-04:00,307.1499938964844,307.4700012207031,307.0899963378906,307.3500061035156,103794,AAPL,Apple,Nasdaq,USD,20260703_185835
2026-07-02 13:06:00-04:00,307.5299072265625,307.53759765625,307.1000061035156,307.1449890136719,60452,AAPL,Apple,Nasdaq,USD,20260703_185835
2026-07-02 13:07:00-04:00,307.8299865722656,307.9100036621094,307.2699890136719,307.54998779296875,75227,AAPL,Apple,Nasdaq,USD,20260703_185835
2026-07-02 13:08:00-04:00,307.9432067871094,308.0899963378906,307.7850036621094,307.8299865722656,99792,AAPL,Apple,Nasdaq,USD,20260703_185835
2026-07-02 13:09:00-04:00,308.2799987792969,308.30999755859375,307.9599914550781,307.9700012207031,80525,AAPL,Apple,Nasdaq,USD,20260703_185835
2026-07-02 13:10:00-04:00,307.92999267578125,308.32000732421875,307.8900146484375,308.29998779296875,156906,AAPL,Apple,Nasdaq,USD,20260703_185835
2026-07-02 13:11:00-04:00,308.18499755859375,308.29998779296875,307.8699951171875,307.9700012207031,149400,AAPL,Apple,Nasdaq,USD,20260703_185835
2026-07-02 13:12:00-04:00,308.0397033691406,308.19000244140625,307.8699951171875,308.1499938964844,106606,AAPL,Apple,Nasdaq,USD,20260703_185835
2026-07-02 13:13:00-04:00,307.989990234375,308.0299987792969,307.8699951171875,308.0150146484375,70969,AAPL,Apple,Nasdaq,USD,20260703_185835
2026-07-02 13:14:00-04:00,308.2099914550781,308.2099914550781,307.8800964355469,307.9800109863281,87134,AAPL,Apple,Nasdaq,USD,20260703_185835
2026-07-02 13:15:00-04:00,308.2799987792969,308.30999755859375,308.114990234375,308.2099914550781,141358,AAPL,Apple,Nasdaq,USD,20260703_185835
2026-07-02 13:16:00-04:00,308.1099853515625,308.31988525390625,308.0299987792969,308.2651062011719,122082,AAPL,Apple,Nasdaq,USD,20260703_185835
2026-07-02 13:17:00-04:00,307.8900146484375,308.1199951171875,307.8599853515625,308.1199951171875,102269,AAPL,Apple,Nasdaq,USD,20260703_185835
2026-07-02 13:18:00-04:00,308.0400085449219,308.1700134277344,307.82000732421875,307.9100036621094,96451,AAPL,Apple,Nasdaq,USD,20260703_185835
2026-07-02 13:19:00-04:00,307.75,308.0498962402344,307.6499938964844,308.0400085449219,123236,AAPL,Apple,Nasdaq,USD,20260703_185835
2026-07-02 13:20:00-04:00,307.75,307.9100036621094,307.6700134277344,307.7799987792969,85810,AAPL,Apple,Nasdaq,USD,20260703_185835
2026-07-02 13:21:00-04:00,307.7300109863281,307.92999267578125,307.6512145996094,307.760009765625,94126,AAPL,Apple,Nasdaq,USD,20260703_185835
2026-07-02 13:22:00-04:00,307.9100036621094,307.95001220703125,307.75,307.760009765625,80700,AAPL,Apple,Nasdaq,USD,20260703_185835
2026-07-02 13:23:00-04:00,307.9200134277344,307.9898986816406,307.80999755859375,307.8900146484375,63065,AAPL,Apple,Nasdaq,USD,20260703_185835
2026-07-02 13:24:00-04:00,307.8599853515625,307.9599914550781,307.7300109863281,307.92999267578125,64605,AAPL,Apple,Nasdaq,USD,20260703_185835
2026-07-02 13:25:00-04:00,307.7099914550781,307.8699951171875,307.70001220703125,307.8599853515625,56634,AAPL,Apple,Nasdaq,USD,20260703_185835
2026-07-02 13:26:00-04:00,307.2622985839844,307.7576904296875,307.260009765625,307.7099914550781,57120,AAPL,Apple,Nasdaq,USD,20260703_185835
2026-07-02 13:27:00-04:00,307.739990234375,307.7650146484375,307.260009765625,307.260009765625,68479,AAPL,Apple,Nasdaq,USD,20260703_185835
2026-07-02 13:28:00-04:00,307.8349914550781,307.8800048828125,307.760009765625,307.7799987792969,81235,AAPL,Apple,Nasdaq,USD,20260703_185835
2026-07-02 13:29:00-04:00,307.80499267578125,307.9100036621094,307.7099914550781,307.82000732421875,37903,AAPL,Apple,Nasdaq,USD,20260703_185835
2026-07-02 13:30:00-04:00,307.739990234375,307.8699951171875,307.67999267578125,307.80499267578125,68787,AAPL,Apple,Nasdaq,USD,20260703_185835
2026-07-02 13:31:00-04:00,307.93499755859375,308.07000732421875,307.739990234375,307.739990234375,95657,AAPL,Apple,Nasdaq,USD,20260703_185835
2026-07-02 13:32:00-04:00,307.96990966796875,308.04998779296875,307.840087890625,307.93499755859375,60393,AAPL,Apple,Nasdaq,USD,20260703_185835
2026-07-02 13:33:00-04:00,307.9800109863281,308.1000061035156,307.927001953125,307.95001220703125,82265,AAPL,Apple,Nasdaq,USD,20260703_185835
2026-07-02 13:34:00-04:00,307.5400085449219,308.06500244140625,307.4700012207031,307.9800109863281,128921,AAPL,Apple,Nasdaq,USD,20260703_185835
2026-07-02 13:35:00-04:00,307.4750061035156,307.875,307.4200134277344,307.5,97267,AAPL,Apple,Nasdaq,USD,20260703_185835
2026-07-02 13:36:00-04:00,307.7550048828125,307.8900146484375,307.43011474609375,307.4750061035156,80060,AAPL,Apple,Nasdaq,USD,20260703_185835
2026-07-02 13:37:00-04:00,307.6600036621094,307.8500061035156,307.54998779296875,307.7799987792969,87941,AAPL,Apple,Nasdaq,USD,20260703_185835
2026-07-02 13:38:00-04:00,307.9700012207031,307.9800109863281,307.6499938964844,307.6499938964844,81124,AAPL,Apple,Nasdaq,USD,20260703_185835
2026-07-02 13:39:00-04:00,307.8299865722656,308.0299987792969,307.7749938964844,307.9700012207031,90039,AAPL,Apple,Nasdaq,USD,20260703_185835
2026-07-02 13:40:00-04:00,307.8349914550781,307.8800048828125,307.6400146484375,307.8299865722656,115836,AAPL,Apple,Nasdaq,USD,20260703_185835
2026-07-02 13:41:00-04:00,308.0299987792969,308.0899963378906,307.7550048828125,307.8399963378906,71509,AAPL,Apple,Nasdaq,USD,20260703_185835
2026-07-02 13:42:00-04:00,307.92999267578125,308.05999755859375,307.8500061035156,308.0599060058594,70822,AAPL,Apple,Nasdaq,USD,20260703_185835
2026-07-02 13:43:00-04:00,308.0400085449219,308.04998779296875,307.79998779296875,307.94000244140625,95050,AAPL,Apple,Nasdaq,USD,20260703_185835
2026-07-02 13:44:00-04:00,308.17999267578125,308.17999267578125,307.875,308.0400085449219,80351,AAPL,Apple,Nasdaq,USD,20260703_185835
2026-07-02 13:45:00-04:00,308.2300109863281,308.29998779296875,308.0199890136719,308.1700134277344,137567,AAPL,Apple,Nasdaq,USD,20260703_185835
2026-07-02 13:46:00-04:00,308.0249938964844,308.2900085449219,308.0,308.2900085449219,115918,AAPL,Apple,Nasdaq,USD,20260703_185835
2026-07-02 13:47:00-04:00,307.67999267578125,308.0899963378906,307.6400146484375,308.0400085449219,101054,AAPL,Apple,Nasdaq,USD,20260703_185835
2026-07-02 13:48:00-04:00,308.0599060058594,308.0888977050781,307.4800109863281,307.67498779296875,102011,AAPL,Apple,Nasdaq,USD,20260703_185835
2026-07-02 13:49:00-04:00,307.9800109863281,308.17999267578125,307.739990234375,308.0367126464844,178011,AAPL,Apple,Nasdaq,USD,20260703_185835
2026-07-02 13:50:00-04:00,307.90289306640625,308.04071044921875,307.7900085449219,307.9800109863281,260684,AAPL,Apple,Nasdaq,USD,20260703_185835
2026-07-02 13:51:00-04:00,308.0,308.1000061035156,307.8949890136719,307.95001220703125,82459,AAPL,Apple,Nasdaq,USD,20260703_185835
2026-07-02 13:52:00-04:00,307.7900085449219,308.0299987792969,307.7200012207031,308.0,97424,AAPL,Apple,Nasdaq,USD,20260703_185835
2026-07-02 13:53:00-04:00,307.7300109863281,307.9739990234375,307.7250061035156,307.7900085449219,71262,AAPL,Apple,Nasdaq,USD,20260703_185835
2026-07-02 13:54:00-04:00,307.79998779296875,307.889892578125,307.67999267578125,307.7250061035156,55474,AAPL,Apple,Nasdaq,USD,20260703_185835
2026-07-02 13:55:00-04:00,307.4599914550781,307.82000732421875,307.38018798828125,307.7200012207031,75990,AAPL,Apple,Nasdaq,USD,20260703_185835
2026-07-02 13:56:00-04:00,307.489990234375,307.5050048828125,307.3599853515625,307.40008544921875,50944,AAPL,Apple,Nasdaq,USD,20260703_185835
2026-07-02 13:57:00-04:00,307.3999938964844,307.5899963378906,307.2699890136719,307.4599914550781,98036,AAPL,Apple,Nasdaq,USD,20260703_185835
2026-07-02 13:58:00-04:00,307.31500244140625,307.5199890136719,307.260009765625,307.3999938964844,55827,AAPL,Apple,Nasdaq,USD,20260703_185835
2026-07-02 13:59:00-04:00,307.32000732421875,307.3399963378906,307.10009765625,307.31500244140625,94000,AAPL,Apple,Nasdaq,USD,20260703_185835
2026-07-02 14:00:00-04:00,307.62188720703125,307.75,307.1449890136719,307.3500061035156,137314,AAPL,Apple,Nasdaq,USD,20260703_185835
2026-07-02 14:01:00-04:00,307.5849914550781,307.6400146484375,307.4599914550781,307.6400146484375,97881,AAPL,Apple,Nasdaq,USD,20260703_185835
2026-07-02 14:02:00-04:00,307.2699890136719,307.6549987792969,307.2650146484375,307.5899963378906,137455,AAPL,Apple,Nasdaq,USD,20260703_185835
2026-07-02 14:03:00-04:00,307.3699951171875,307.3699951171875,307.1600036621094,307.2650146484375,71674,AAPL,Apple,Nasdaq,USD,20260703_185835
2026-07-02 14:04:00-04:00,307.6449890136719,307.7998962402344,307.3999938964844,307.3999938964844,73854,AAPL,Apple,Nasdaq,USD,20260703_185835
2026-07-02 14:05:00-04:00,307.6050109863281,307.7699890136719,307.5364990234375,307.6449890136719,91012,AAPL,Apple,Nasdaq,USD,20260703_185835
2026-07-02 14:06:00-04:00,307.6474914550781,307.79998779296875,307.56500244140625,307.6050109863281,105806,AAPL,Apple,Nasdaq,USD,20260703_185835
2026-07-02 14:07:00-04:00,307.3900146484375,307.7300109863281,307.3550109863281,307.56500244140625,68060,AAPL,Apple,Nasdaq,USD,20260703_185835
2026-07-02 14:08:00-04:00,307.7749938964844,307.7799987792969,307.2200012207031,307.3900146484375,78666,AAPL,Apple,Nasdaq,USD,20260703_185835
2026-07-02 14:09:00-04:00,307.510009765625,307.82000732421875,307.4400939941406,307.7749938964844,86444,AAPL,Apple,Nasdaq,USD,20260703_185835
2026-07-02 14:10:00-04:00,307.4949951171875,307.6600036621094,307.4700012207031,307.5050048828125,77700,AAPL,Apple,Nasdaq,USD,20260703_185835
2026-07-02 14:11:00-04:00,307.5799865722656,307.6700134277344,307.4949951171875,307.5,68510,AAPL,Apple,Nasdaq,USD,20260703_185835
2026-07-02 14:12:00-04:00,307.6199951171875,307.67498779296875,307.47259521484375,307.589599609375,69061,AAPL,Apple,Nasdaq,USD,20260703_185835
2026-07-02 14:13:00-04:00,307.6300048828125,307.7099914550781,307.55999755859375,307.6499938964844,103261,AAPL,Apple,Nasdaq,USD,20260703_185835
2026-07-02 14:14:00-04:00,307.6400146484375,307.6700134277344,307.5,307.6199951171875,70357,AAPL,Apple,Nasdaq,USD,20260703_185835
2026-07-02 14:15:00-04:00,307.67999267578125,307.75,307.5201110839844,307.65008544921875,75460,AAPL,Apple,Nasdaq,USD,20260703_185835
2026-07-02 14:16:00-04:00,307.6700134277344,307.79998779296875,307.489990234375,307.67999267578125,74147,AAPL,Apple,Nasdaq,USD,20260703_185835
2026-07-02 14:17:00-04:00,307.4649963378906,307.79998779296875,307.4100036621094,307.67999267578125,94858,AAPL,Apple,Nasdaq,USD,20260703_185835
2026-07-02 14:18:00-04:00,307.5199890136719,307.6199951171875,307.3399963378906,307.4649963378906,67083,AAPL,Apple,Nasdaq,USD,20260703_185835
2026-07-02 14:19:00-04:00,307.1004943847656,307.5249938964844,306.8200988769531,307.5198974609375,244359,AAPL,Apple,Nasdaq,USD,20260703_185835
2026-07-02 14:20:00-04:00,307.3900146484375,307.4700012207031,307.1000061035156,307.1099853515625,80475,AAPL,Apple,Nasdaq,USD,20260703_185835
2026-07-02 14:21:00-04:00,307.4100036621094,307.5899963378906,307.3900146484375,307.3999938964844,64316,AAPL,Apple,Nasdaq,USD,20260703_185835
2026-07-02 14:22:00-04:00,307.1400146484375,307.3949890136719,307.1199951171875,307.3949890136719,82683,AAPL,Apple,Nasdaq,USD,20260703_185835
2026-07-02 14:23:00-04:00,307.30999755859375,307.30999755859375,307.110107421875,307.1400146484375,71491,AAPL,Apple,Nasdaq,USD,20260703_185835
2026-07-02 14:24:00-04:00,307.25,307.4700012207031,307.25,307.3092956542969,76309,AAPL,Apple,Nasdaq,USD,20260703_185835
2026-07-02 14:25:00-04:00,307.2749938964844,307.3500061035156,307.1700134277344,307.2449951171875,90488,AAPL,Apple,Nasdaq,USD,20260703_185835
2026-07-02 14:26:00-04:00,307.3800048828125,307.42999267578125,307.114990234375,307.2749938964844,106135,AAPL,Apple,Nasdaq,USD,20260703_185835
2026-07-02 14:27:00-04:00,307.2699890136719,307.364990234375,307.1300048828125,307.364990234375,78694,AAPL,Apple,Nasdaq,USD,20260703_185835
2026-07-02 14:28:00-04:00,307.4700012207031,307.5,307.2749938964844,307.29998779296875,74644,AAPL,Apple,Nasdaq,USD,20260703_185835
2026-07-02 14:29:00-04:00,307.3299865722656,307.5299987792969,307.2959899902344,307.48480224609375,49270,AAPL,Apple,Nasdaq,USD,20260703_185835
2026-07-02 14:30:00-04:00,307.6300048828125,307.7699890136719,307.2699890136719,307.3399963378906,115548,AAPL,Apple,Nasdaq,USD,20260703_185835
2026-07-02 14:31:00-04:00,307.8800048828125,307.8999938964844,307.6000061035156,307.614990234375,104110,AAPL,Apple,Nasdaq,USD,20260703_185835
2026-07-02 14:32:00-04:00,307.6199951171875,307.89990234375,307.6199951171875,307.8800048828125,86494,AAPL,Apple,Nasdaq,USD,20260703_185835
2026-07-02 14:33:00-04:00,307.54998779296875,307.639892578125,307.38629150390625,307.6299133300781,57555,AAPL,Apple,Nasdaq,USD,20260703_185835
2026-07-02 14:34:00-04:00,307.53009033203125,307.6099853515625,307.4800109863281,307.54998779296875,86697,AAPL,Apple,Nasdaq,USD,20260703_185835
2026-07-02 14:35:00-04:00,307.4773864746094,307.6000061035156,307.3500061035156,307.54998779296875,70178,AAPL,Apple,Nasdaq,USD,20260703_185835
2026-07-02 14:36:00-04:00,307.57501220703125,307.7799987792969,307.4700012207031,307.4800109863281,68516,AAPL,Apple,Nasdaq,USD,20260703_185835
2026-07-02 14:37:00-04:00,307.6600036621094,307.67999267578125,307.55999755859375,307.5799865722656,42489,AAPL,Apple,Nasdaq,USD,20260703_185835
2026-07-02 14:38:00-04:00,307.4501037597656,307.6695861816406,307.44000244140625,307.6600036621094,53785,AAPL,Apple,Nasdaq,USD,20260703_185835
2026-07-02 14:39:00-04:00,307.3599853515625,307.4800109863281,307.32000732421875,307.42999267578125,55194,AAPL,Apple,Nasdaq,USD,20260703_185835
2026-07-02 14:40:00-04:00,307.239990234375,307.489990234375,307.1600036621094,307.32000732421875,566896,AAPL,Apple,Nasdaq,USD,20260703_185835
2026-07-02 14:41:00-04:00,307.1400146484375,307.3999938964844,307.1300048828125,307.2200012207031,60820,AAPL,Apple,Nasdaq,USD,20260703_185835
2026-07-02 14:42:00-04:00,307.3699951171875,307.489990234375,307.1400146484375,307.1499938964844,67334,AAPL,Apple,Nasdaq,USD,20260703_185835
2026-07-02 14:43:00-04:00,307.42999267578125,307.4898986816406,307.25,307.3900146484375,65168,AAPL,Apple,Nasdaq,USD,20260703_185835
2026-07-02 14:44:00-04:00,307.54998779296875,307.69000244140625,307.4100036621094,307.43499755859375,71755,AAPL,Apple,Nasdaq,USD,20260703_185835
2026-07-02 14:45:00-04:00,307.54998779296875,307.6499938964844,307.3641052246094,307.54998779296875,54175,AAPL,Apple,Nasdaq,USD,20260703_185835
2026-07-02 14:46:00-04:00,307.489990234375,307.55999755859375,307.3800048828125,307.54998779296875,48434,AAPL,Apple,Nasdaq,USD,20260703_185835
2026-07-02 14:47:00-04:00,307.489990234375,307.5299987792969,307.3504943847656,307.5,46397,AAPL,Apple,Nasdaq,USD,20260703_185835
2026-07-02 14:48:00-04:00,307.5150146484375,307.5299987792969,307.3900146484375,307.5,35971,AAPL,Apple,Nasdaq,USD,20260703_185835
2026-07-02 14:49:00-04:00,307.4200134277344,307.5400085449219,307.3500061035156,307.5299987792969,50323,AAPL,Apple,Nasdaq,USD,20260703_185835
2026-07-02 14:50:00-04:00,307.7550048828125,307.7900085449219,307.3900146484375,307.4200134277344,93358,AAPL,Apple,Nasdaq,USD,20260703_185835
2026-07-02 14:51:00-04:00,307.7401123046875,307.79998779296875,307.6300048828125,307.75,85328,AAPL,Apple,Nasdaq,USD,20260703_185835
2026-07-02 14:52:00-04:00,307.7099914550781,307.80999755859375,307.5799865722656,307.75,84716,AAPL,Apple,Nasdaq,USD,20260703_185835
2026-07-02 14:53:00-04:00,307.79998779296875,307.79998779296875,307.69000244140625,307.7099914550781,47708,AAPL,Apple,Nasdaq,USD,20260703_185835
2026-07-02 14:54:00-04:00,307.57000732421875,307.80999755859375,307.5199890136719,307.80999755859375,100157,AAPL,Apple,Nasdaq,USD,20260703_185835
2026-07-02 14:55:00-04:00,307.7900085449219,307.8299865722656,307.55999755859375,307.57000732421875,88257,AAPL,Apple,Nasdaq,USD,20260703_185835
2026-07-02 14:56:00-04:00,307.8399963378906,307.8999938964844,307.760009765625,307.7799987792969,86688,AAPL,Apple,Nasdaq,USD,20260703_185835
2026-07-02 14:57:00-04:00,307.864990234375,307.8800048828125,307.5799865722656,307.8399963378906,94397,AAPL,Apple,Nasdaq,USD,20260703_185835
2026-07-02 14:58:00-04:00,307.81500244140625,308.1000061035156,307.75,307.864990234375,124210,AAPL,Apple,Nasdaq,USD,20260703_185835
2026-07-02 14:59:00-04:00,307.6449890136719,307.92498779296875,307.6199951171875,307.80999755859375,78336,AAPL,Apple,Nasdaq,USD,20260703_185835
2026-07-02 15:00:00-04:00,307.9501037597656,308.17999267578125,307.6000061035156,307.6449890136719,91369,AAPL,Apple,Nasdaq,USD,20260703_185835
2026-07-02 15:01:00-04:00,307.94000244140625,308.0899963378906,307.79998779296875,307.9580993652344,99263,AAPL,Apple,Nasdaq,USD,20260703_185835
2026-07-02 15:02:00-04:00,307.8349914550781,307.9849853515625,307.7699890136719,307.93499755859375,76490,AAPL,Apple,Nasdaq,USD,20260703_185835
2026-07-02 15:03:00-04:00,307.94000244140625,307.9599914550781,307.8299865722656,307.8349914550781,68184,AAPL,Apple,Nasdaq,USD,20260703_185835
2026-07-02 15:04:00-04:00,307.42999267578125,307.9599914550781,307.3800048828125,307.94000244140625,119712,AAPL,Apple,Nasdaq,USD,20260703_185835
2026-07-02 15:05:00-04:00,307.739990234375,307.739990234375,307.44000244140625,307.44000244140625,69905,AAPL,Apple,Nasdaq,USD,20260703_185835
2026-07-02 15:06:00-04:00,307.92498779296875,308.04998779296875,307.7300109863281,307.739990234375,114076,AAPL,Apple,Nasdaq,USD,20260703_185835
2026-07-02 15:07:00-04:00,308.19000244140625,308.2099914550781,307.9200134277344,307.95001220703125,112855,AAPL,Apple,Nasdaq,USD,20260703_185835
2026-07-02 15:08:00-04:00,308.1400146484375,308.2099914550781,308.07000732421875,308.19000244140625,78574,AAPL,Apple,Nasdaq,USD,20260703_185835
2026-07-02 15:09:00-04:00,308.0899963378906,308.2300109863281,308.07000732421875,308.1199951171875,90932,AAPL,Apple,Nasdaq,USD,20260703_185835
2026-07-02 15:10:00-04:00,308.2799987792969,308.2900085449219,308.0400085449219,308.0799865722656,104716,AAPL,Apple,Nasdaq,USD,20260703_185835
2026-07-02 15:11:00-04:00,308.1300048828125,308.30999755859375,308.1199951171875,308.2850036621094,89287,AAPL,Apple,Nasdaq,USD,20260703_185835
2026-07-02 15:12:00-04:00,307.9200134277344,308.177490234375,307.8699951171875,308.1200866699219,69809,AAPL,Apple,Nasdaq,USD,20260703_185835
2026-07-02 15:13:00-04:00,307.79998779296875,308.0201110839844,307.79998779296875,307.9200134277344,73382,AAPL,Apple,Nasdaq,USD,20260703_185835
2026-07-02 15:14:00-04:00,307.7900085449219,307.8800048828125,307.6499938964844,307.8099060058594,73672,AAPL,Apple,Nasdaq,USD,20260703_185835
2026-07-02 15:15:00-04:00,307.510009765625,307.7799987792969,307.45001220703125,307.7799987792969,83812,AAPL,Apple,Nasdaq,USD,20260703_185835
2026-07-02 15:16:00-04:00,307.7799987792969,307.8399963378906,307.510009765625,307.510009765625,101204,AAPL,Apple,Nasdaq,USD,20260703_185835
2026-07-02 15:17:00-04:00,307.8999938964844,307.9700012207031,307.7629089355469,307.7650146484375,84409,AAPL,Apple,Nasdaq,USD,20260703_185835
2026-07-02 15:18:00-04:00,307.8299865722656,307.95001220703125,307.7699890136719,307.8999938964844,84826,AAPL,Apple,Nasdaq,USD,20260703_185835
2026-07-02 15:19:00-04:00,307.92999267578125,308.04998779296875,307.82000732421875,307.8299865722656,99728,AAPL,Apple,Nasdaq,USD,20260703_185835
2026-07-02 15:20:00-04:00,307.8349914550781,307.9700012207031,307.77978515625,307.92999267578125,66403,AAPL,Apple,Nasdaq,USD,20260703_185835
2026-07-02 15:21:00-04:00,307.760009765625,307.8800048828125,307.67999267578125,307.8349914550781,90971,AAPL,Apple,Nasdaq,USD,20260703_185835
2026-07-02 15:22:00-04:00,307.625,307.7699890136719,307.5,307.7699890136719,110024,AAPL,Apple,Nasdaq,USD,20260703_185835
2026-07-02 15:23:00-04:00,307.5299987792969,307.6549987792969,307.4700012207031,307.625,127051,AAPL,Apple,Nasdaq,USD,20260703_185835
2026-07-02 15:24:00-04:00,307.625,307.6700134277344,307.5,307.5400085449219,91415,AAPL,Apple,Nasdaq,USD,20260703_185835
2026-07-02 15:25:00-04:00,307.590087890625,307.6400146484375,307.53009033203125,307.6300048828125,102101,AAPL,Apple,Nasdaq,USD,20260703_185835
2026-07-02 15:26:00-04:00,307.42498779296875,307.6099853515625,307.4100036621094,307.6098937988281,92383,AAPL,Apple,Nasdaq,USD,20260703_185835
2026-07-02 15:27:00-04:00,307.510009765625,307.510009765625,307.30010986328125,307.4216003417969,92672,AAPL,Apple,Nasdaq,USD,20260703_185835
2026-07-02 15:28:00-04:00,307.3599853515625,307.5450134277344,307.340087890625,307.510009765625,101577,AAPL,Apple,Nasdaq,USD,20260703_185835
2026-07-02 15:29:00-04:00,307.42498779296875,307.55999755859375,307.2601013183594,307.3599853515625,98779,AAPL,Apple,Nasdaq,USD,20260703_185835
2026-07-02 15:30:00-04:00,307.7300109863281,307.75,307.31500244140625,307.44000244140625,109261,AAPL,Apple,Nasdaq,USD,20260703_185835
2026-07-02 15:31:00-04:00,307.7900085449219,307.8299865722656,307.6700134277344,307.739990234375,144554,AAPL,Apple,Nasdaq,USD,20260703_185835
2026-07-02 15:32:00-04:00,307.9700012207031,307.9700012207031,307.7250061035156,307.7925109863281,124745,AAPL,Apple,Nasdaq,USD,20260703_185835
2026-07-02 15:33:00-04:00,308.07000732421875,308.1400146484375,307.9601135253906,307.9700012207031,130611,AAPL,Apple,Nasdaq,USD,20260703_185835
2026-07-02 15:34:00-04:00,308.0450134277344,308.1499938964844,308.010009765625,308.0899963378906,94593,AAPL,Apple,Nasdaq,USD,20260703_185835
2026-07-02 15:35:00-04:00,308.0899963378906,308.1449890136719,308.010009765625,308.04998779296875,118268,AAPL,Apple,Nasdaq,USD,20260703_185835
2026-07-02 15:36:00-04:00,308.20001220703125,308.20098876953125,307.9599914550781,308.0849914550781,157177,AAPL,Apple,Nasdaq,USD,20260703_185835
2026-07-02 15:37:00-04:00,308.3599853515625,308.3699951171875,308.1300048828125,308.20001220703125,127018,AAPL,Apple,Nasdaq,USD,20260703_185835
2026-07-02 15:38:00-04:00,308.1799011230469,308.510009765625,308.1600036621094,308.3699951171875,175604,AAPL,Apple,Nasdaq,USD,20260703_185835
2026-07-02 15:39:00-04:00,308.260009765625,308.30999755859375,308.07000732421875,308.1600036621094,134706,AAPL,Apple,Nasdaq,USD,20260703_185835
2026-07-02 15:40:00-04:00,308.2900085449219,308.4599914550781,308.2200012207031,308.260009765625,137751,AAPL,Apple,Nasdaq,USD,20260703_185835
2026-07-02 15:41:00-04:00,308.3599853515625,308.42999267578125,308.2099914550781,308.2900085449219,133164,AAPL,Apple,Nasdaq,USD,20260703_185835
2026-07-02 15:42:00-04:00,308.1700134277344,308.3599853515625,308.1199951171875,308.3399963378906,214768,AAPL,Apple,Nasdaq,USD,20260703_185835
2026-07-02 15:43:00-04:00,307.83099365234375,308.2900085449219,307.83099365234375,308.1871032714844,160750,AAPL,Apple,Nasdaq,USD,20260703_185835
2026-07-02 15:44:00-04:00,307.9800109863281,308.0299987792969,307.7799987792969,307.8299865722656,178037,AAPL,Apple,Nasdaq,USD,20260703_185835
2026-07-02 15:45:00-04:00,307.739990234375,308.0299987792969,307.7300109863281,307.9800109863281,158471,AAPL,Apple,Nasdaq,USD,20260703_185835
2026-07-02 15:46:00-04:00,307.7200012207031,307.760009765625,307.54998779296875,307.69000244140625,123484,AAPL,Apple,Nasdaq,USD,20260703_185835
2026-07-02 15:47:00-04:00,307.5450134277344,307.82000732421875,307.53009033203125,307.7300109863281,102845,AAPL,Apple,Nasdaq,USD,20260703_185835
2026-07-02 15:48:00-04:00,307.7099914550781,307.7300109863281,307.2099914550781,307.5450134277344,172208,AAPL,Apple,Nasdaq,USD,20260703_185835
2026-07-02 15:49:00-04:00,307.5299987792969,307.7650146484375,307.44000244140625,307.7200012207031,183802,AAPL,Apple,Nasdaq,USD,20260703_185835
2026-07-02 15:50:00-04:00,307.75,308.4700012207031,307.5400085449219,307.5400085449219,369519,AAPL,Apple,Nasdaq,USD,20260703_185835
2026-07-02 15:51:00-04:00,307.9800109863281,308.1300048828125,307.75,307.760009765625,272217,AAPL,Apple,Nasdaq,USD,20260703_185835
2026-07-02 15:52:00-04:00,308.1499938964844,308.2300109863281,307.92999267578125,307.9700012207031,222816,AAPL,Apple,Nasdaq,USD,20260703_185835
2026-07-02 15:53:00-04:00,308.30499267578125,308.32000732421875,308.0199890136719,308.1300048828125,332885,AAPL,Apple,Nasdaq,USD,20260703_185835
2026-07-02 15:54:00-04:00,308.0400085449219,308.54998779296875,307.95001220703125,308.30499267578125,318358,AAPL,Apple,Nasdaq,USD,20260703_185835
2026-07-02 15:55:00-04:00,309.1499938964844,309.25,308.0400085449219,308.0400085449219,556325,AAPL,Apple,Nasdaq,USD,20260703_185835
2026-07-02 15:56:00-04:00,309.1499938964844,309.2799987792969,308.9100036621094,309.17999267578125,477999,AAPL,Apple,Nasdaq,USD,20260703_185835
2026-07-02 15:57:00-04:00,309.0899963378906,309.4200134277344,308.95001220703125,309.1499938964844,768731,AAPL,Apple,Nasdaq,USD,20260703_185835
2026-07-02 15:58:00-04:00,308.7449951171875,309.2300109863281,308.7099914550781,309.1000061035156,805685,AAPL,Apple,Nasdaq,USD,20260703_185835
2026-07-02 15:59:00-04:00,308.2200012207031,308.9599914550781,308.1000061035156,308.75,1654260,AAPL,Apple,Nasdaq,USD,20260703_185835
2026-07-02 09:30:00-04:00,297.09991455078125,297.1000061035156,293.67999267578125,294.0849914550781,1161939,AAPL,Apple,Nasdaq,USD,20260703_201245
2026-07-02 09:31:00-04:00,298.94000244140625,299.0400085449219,296.92999267578125,297.1000061035156,387097,AAPL,Apple,Nasdaq,USD,20260703_201245
2026-07-02 09:32:00-04:00,299.2699890136719,299.82000732421875,298.6600036621094,298.9700012207031,333980,AAPL,Apple,Nasdaq,USD,20260703_201245
2026-07-02 09:33:00-04:00,298.0400085449219,299.5,297.8075866699219,299.30499267578125,244659,AAPL,Apple,Nasdaq,USD,20260703_201245
2026-07-02 09:34:00-04:00,298.20001220703125,298.510009765625,297.8900146484375,298.125,143692,AAPL,Apple,Nasdaq,USD,20260703_201245
2026-07-02 09:35:00-04:00,298.4179992675781,298.8599853515625,298.1252136230469,298.1813049316406,241851,AAPL,Apple,Nasdaq,USD,20260703_201245
2026-07-02 09:36:00-04:00,298.92999267578125,299.0799865722656,298.20001220703125,298.42498779296875,177706,AAPL,Apple,Nasdaq,USD,20260703_201245
2026-07-02 09:37:00-04:00,299.2900085449219,299.3500061035156,298.8299865722656,298.989990234375,166444,AAPL,Apple,Nasdaq,USD,20260703_201245
2026-07-02 09:38:00-04:00,299.55999755859375,299.7099914550781,299.1900939941406,299.2900085449219,204531,AAPL,Apple,Nasdaq,USD,20260703_201245
2026-07-02 09:39:00-04:00,300.1300048828125,300.1600036621094,299.42999267578125,299.6199951171875,384326,AAPL,Apple,Nasdaq,USD,20260703_201245
2026-07-02 09:40:00-04:00,299.9750061035156,300.3299865722656,299.7799987792969,300.1300048828125,184912,AAPL,Apple,Nasdaq,USD,20260703_201245
2026-07-02 09:41:00-04:00,300.864990234375,300.92999267578125,299.8550109863281,299.9700012207031,230313,AAPL,Apple,Nasdaq,USD,20260703_201245
2026-07-02 09:42:00-04:00,300.7799987792969,301.1400146484375,300.5101013183594,300.8800048828125,401939,AAPL,Apple,Nasdaq,USD,20260703_201245
2026-07-02 09:43:00-04:00,300.45001220703125,301.1199951171875,300.3399963378906,300.7799987792969,195235,AAPL,Apple,Nasdaq,USD,20260703_201245
2026-07-02 09:44:00-04:00,300.3500061035156,300.7099914550781,300.260009765625,300.44000244140625,177277,AAPL,Apple,Nasdaq,USD,20260703_201245
2026-07-02 09:45:00-04:00,300.9800109863281,301.17999267578125,300.3800048828125,300.3800048828125,198028,AAPL,Apple,Nasdaq,USD,20260703_201245
2026-07-02 09:46:00-04:00,300.9200134277344,301.6997985839844,300.8299865722656,300.9649963378906,214435,AAPL,Apple,Nasdaq,USD,20260703_201245
2026-07-02 09:47:00-04:00,301.69000244140625,301.75,300.6700134277344,300.9100036621094,212118,AAPL,Apple,Nasdaq,USD,20260703_201245
2026-07-02 09:48:00-04:00,302.0874938964844,302.1094970703125,301.55999755859375,301.67999267578125,274465,AAPL,Apple,Nasdaq,USD,20260703_201245
2026-07-02 09:49:00-04:00,302.1700134277344,302.3546142578125,301.8810119628906,302.07501220703125,266386,AAPL,Apple,Nasdaq,USD,20260703_201245
2026-07-02 09:50:00-04:00,302.3299865722656,302.67999267578125,302.1300048828125,302.1499938964844,250889,AAPL,Apple,Nasdaq,USD,20260703_201245
2026-07-02 09:51:00-04:00,301.5899963378906,302.3349914550781,301.4700012207031,302.3349914550781,220691,AAPL,Apple,Nasdaq,USD,20260703_201245
2026-07-02 09:52:00-04:00,302.3800048828125,302.3999938964844,301.57000732421875,301.5899963378906,132526,AAPL,Apple,Nasdaq,USD,20260703_201245
2026-07-02 09:53:00-04:00,302.1700134277344,302.4353942871094,302.04998779296875,302.3800048828125,121901,AAPL,Apple,Nasdaq,USD,20260703_201245
2026-07-02 09:54:00-04:00,301.7550048828125,302.1600036621094,301.6400146484375,302.1600036621094,1968854,AAPL,Apple,Nasdaq,USD,20260703_201245
2026-07-02 09:55:00-04:00,301.8843078613281,301.9898986816406,301.4700927734375,301.75,140025,AAPL,Apple,Nasdaq,USD,20260703_201245
2026-07-02 09:56:00-04:00,301.864990234375,301.947509765625,301.6400146484375,301.9100036621094,167523,AAPL,Apple,Nasdaq,USD,20260703_201245
2026-07-02 09:57:00-04:00,302.0899963378906,302.1199951171875,301.864990234375,301.9200134277344,169033,AAPL,Apple,Nasdaq,USD,20260703_201245
2026-07-02 09:58:00-04:00,302.260009765625,302.4200134277344,302.0199890136719,302.060791015625,198315,AAPL,Apple,Nasdaq,USD,20260703_201245
2026-07-02 09:59:00-04:00,302.80999755859375,302.80999755859375,302.19000244140625,302.2900085449219,203320,AAPL,Apple,Nasdaq,USD,20260703_201245
2026-07-02 10:00:00-04:00,302.6900939941406,303.17498779296875,302.69000244140625,302.8500061035156,407126,AAPL,Apple,Nasdaq,USD,20260703_201245
2026-07-02 10:01:00-04:00,302.8599853515625,303.1300048828125,302.6700134277344,302.69000244140625,194760,AAPL,Apple,Nasdaq,USD,20260703_201245
2026-07-02 10:02:00-04:00,302.760009765625,303.0299987792969,302.6188049316406,302.8609924316406,151528,AAPL,Apple,Nasdaq,USD,20260703_201245
2026-07-02 10:03:00-04:00,302.989990234375,303.1600036621094,302.66009521484375,302.79998779296875,149761,AAPL,Apple,Nasdaq,USD,20260703_201245
2026-07-02 10:04:00-04:00,303.01031494140625,303.3900146484375,302.8599853515625,302.94500732421875,145782,AAPL,Apple,Nasdaq,USD,20260703_201245
2026-07-02 10:05:00-04:00,302.97198486328125,303.2900085449219,302.9599914550781,303.07000732421875,144476,AAPL,Apple,Nasdaq,USD,20260703_201245
2026-07-02 10:06:00-04:00,302.80999755859375,303.1099853515625,302.7101135253906,302.9649963378906,151871,AAPL,Apple,Nasdaq,USD,20260703_201245
2026-07-02 10:07:00-04:00,302.9649963378906,302.9700012207031,302.7300109863281,302.8399963378906,126195,AAPL,Apple,Nasdaq,USD,20260703_201245
2026-07-02 10:08:00-04:00,303.2349853515625,303.5,302.8399963378906,302.94000244140625,158493,AAPL,Apple,Nasdaq,USD,20260703_201245
2026-07-02 10:09:00-04:00,303.5350036621094,303.57000732421875,303.0400085449219,303.239990234375,319520,AAPL,Apple,Nasdaq,USD,20260703_201245
2026-07-02 10:10:00-04:00,303.19500732421875,303.5799865722656,303.1199951171875,303.54998779296875,171241,AAPL,Apple,Nasdaq,USD,20260703_201245
2026-07-02 10:11:00-04:00,303.7300109863281,303.7698974609375,303.2300109863281,303.2300109863281,235075,AAPL,Apple,Nasdaq,USD,20260703_201245
2026-07-02 10:12:00-04:00,304.0350036621094,304.0599060058594,303.6000061035156,303.739990234375,278142,AAPL,Apple,Nasdaq,USD,20260703_201245
2026-07-02 10:13:00-04:00,304.260009765625,304.5199890136719,303.9599914550781,304.0299987792969,370643,AAPL,Apple,Nasdaq,USD,20260703_201245
2026-07-02 10:14:00-04:00,303.7300109863281,304.2699890136719,303.1099853515625,304.268310546875,250766,AAPL,Apple,Nasdaq,USD,20260703_201245
2026-07-02 10:15:00-04:00,303.94000244140625,304.1700134277344,303.5899963378906,303.7449951171875,163011,AAPL,Apple,Nasdaq,USD,20260703_201245
2026-07-02 10:16:00-04:00,303.82989501953125,304.1000061035156,303.6400146484375,303.9150085449219,156320,AAPL,Apple,Nasdaq,USD,20260703_201245
2026-07-02 10:17:00-04:00,304.0899963378906,304.29998779296875,303.60009765625,303.8299865722656,146615,AAPL,Apple,Nasdaq,USD,20260703_201245
2026-07-02 10:18:00-04:00,303.7200012207031,304.1300048828125,303.6499938964844,304.05999755859375,106390,AAPL,Apple,Nasdaq,USD,20260703_201245
2026-07-02 10:19:00-04:00,304.3699951171875,304.5090026855469,303.7179870605469,303.75311279296875,193185,AAPL,Apple,Nasdaq,USD,20260703_201245
2026-07-02 10:20:00-04:00,304.54998779296875,304.75,304.239990234375,304.3949890136719,225006,AAPL,Apple,Nasdaq,USD,20260703_201245
2026-07-02 10:21:00-04:00,304.7349853515625,304.7569885253906,304.5,304.5799865722656,230435,AAPL,Apple,Nasdaq,USD,20260703_201245
2026-07-02 10:22:00-04:00,304.82989501953125,304.8599853515625,304.55999755859375,304.7200012207031,204825,AAPL,Apple,Nasdaq,USD,20260703_201245
2026-07-02 10:23:00-04:00,304.69500732421875,305.1099853515625,304.55999755859375,304.8299865722656,400998,AAPL,Apple,Nasdaq,USD,20260703_201245
2026-07-02 10:24:00-04:00,304.5617980957031,304.95001220703125,304.4700012207031,304.7200012207031,213038,AAPL,Apple,Nasdaq,USD,20260703_201245
2026-07-02 10:25:00-04:00,304.7300109863281,304.84991455078125,304.1289978027344,304.6064147949219,162681,AAPL,Apple,Nasdaq,USD,20260703_201245
2026-07-02 10:26:00-04:00,304.5050048828125,304.82000732421875,304.3500061035156,304.739990234375,161291,AAPL,Apple,Nasdaq,USD,20260703_201245
2026-07-02 10:27:00-04:00,304.4949951171875,304.885009765625,304.360107421875,304.5299987792969,212205,AAPL,Apple,Nasdaq,USD,20260703_201245
2026-07-02 10:28:00-04:00,304.70001220703125,304.8500061035156,304.3450012207031,304.5299987792969,171249,AAPL,Apple,Nasdaq,USD,20260703_201245
2026-07-02 10:29:00-04:00,305.04998779296875,305.32000732421875,304.5,304.7099914550781,211238,AAPL,Apple,Nasdaq,USD,20260703_201245
2026-07-02 10:30:00-04:00,305.239990234375,305.3389892578125,304.8500061035156,305.04400634765625,209182,AAPL,Apple,Nasdaq,USD,20260703_201245
2026-07-02 10:31:00-04:00,305.739990234375,305.964599609375,305.2200012207031,305.25,288714,AAPL,Apple,Nasdaq,USD,20260703_201245
2026-07-02 10:32:00-04:00,306.3450012207031,306.6398010253906,305.71240234375,305.739990234375,313436,AAPL,Apple,Nasdaq,USD,20260703_201245
2026-07-02 10:33:00-04:00,305.8900146484375,306.3800048828125,305.8706970214844,306.3699951171875,260122,AAPL,Apple,Nasdaq,USD,20260703_201245
2026-07-02 10:34:00-04:00,305.7099914550781,305.9200134277344,305.32000732421875,305.8999938964844,228864,AAPL,Apple,Nasdaq,USD,20260703_201245
2026-07-02 10:35:00-04:00,305.1650085449219,305.8500061035156,305.05999755859375,305.7200012207031,237920,AAPL,Apple,Nasdaq,USD,20260703_201245
2026-07-02 10:36:00-04:00,305.4800109863281,305.5274963378906,305.07000732421875,305.1600036621094,233842,AAPL,Apple,Nasdaq,USD,20260703_201245
2026-07-02 10:37:00-04:00,305.25,305.69000244140625,305.1499938964844,305.4649963378906,246577,AAPL,Apple,Nasdaq,USD,20260703_201245
2026-07-02 10:38:00-04:00,305.54791259765625,305.5599060058594,304.8800048828125,305.2699890136719,154884,AAPL,Apple,Nasdaq,USD,20260703_201245
2026-07-02 10:39:00-04:00,305.3800048828125,305.739990234375,305.239990234375,305.5400085449219,163306,AAPL,Apple,Nasdaq,USD,20260703_201245
2026-07-02 10:40:00-04:00,305.69000244140625,305.9200134277344,305.35009765625,305.3900146484375,139998,AAPL,Apple,Nasdaq,USD,20260703_201245
2026-07-02 10:41:00-04:00,305.64300537109375,306.0899963378906,305.5899963378906,305.6700134277344,163726,AAPL,Apple,Nasdaq,USD,20260703_201245
2026-07-02 10:42:00-04:00,306.07501220703125,306.1000061035156,305.5199890136719,305.6600036621094,205352,AAPL,Apple,Nasdaq,USD,20260703_201245
2026-07-02 10:43:00-04:00,305.9599914550781,306.19940185546875,305.7200012207031,306.1000061035156,161406,AAPL,Apple,Nasdaq,USD,20260703_201245
2026-07-02 10:44:00-04:00,306.4200134277344,306.4200134277344,305.9200134277344,305.989990234375,211542,AAPL,Apple,Nasdaq,USD,20260703_201245
2026-07-02 10:45:00-04:00,306.2300109863281,306.7749938964844,306.1900939941406,306.4200134277344,294175,AAPL,Apple,Nasdaq,USD,20260703_201245
2026-07-02 10:46:00-04:00,306.1650085449219,306.3399963378906,305.75,306.2099914550781,208585,AAPL,Apple,Nasdaq,USD,20260703_201245
2026-07-02 10:47:00-04:00,306.2799987792969,306.5299987792969,306.1199951171875,306.1650085449219,210988,AAPL,Apple,Nasdaq,USD,20260703_201245
2026-07-02 10:48:00-04:00,305.56500244140625,306.2799987792969,305.5400085449219,306.2799987792969,211654,AAPL,Apple,Nasdaq,USD,20260703_201245
2026-07-02 10:49:00-04:00,305.5199890136719,305.89990234375,305.5199890136719,305.56500244140625,148071,AAPL,Apple,Nasdaq,USD,20260703_201245
2026-07-02 10:50:00-04:00,305.5,305.95001220703125,305.30010986328125,305.5199890136719,167438,AAPL,Apple,Nasdaq,USD,20260703_201245
2026-07-02 10:51:00-04:00,305.92498779296875,305.94000244140625,305.489990234375,305.5,119529,AAPL,Apple,Nasdaq,USD,20260703_201245
2026-07-02 10:52:00-04:00,306.1488037109375,306.2799987792969,305.8999938964844,305.8999938964844,176020,AAPL,Apple,Nasdaq,USD,20260703_201245
2026-07-02 10:53:00-04:00,306.489990234375,306.5,306.04998779296875,306.135009765625,137390,AAPL,Apple,Nasdaq,USD,20260703_201245
2026-07-02 10:54:00-04:00,306.30999755859375,306.4700012207031,306.1600036621094,306.4700012207031,144751,AAPL,Apple,Nasdaq,USD,20260703_201245
2026-07-02 10:55:00-04:00,306.3949890136719,306.5199890136719,306.30999755859375,306.30999755859375,130436,AAPL,Apple,Nasdaq,USD,20260703_201245
2026-07-02 10:56:00-04:00,306.6400146484375,306.69000244140625,306.3100891113281,306.4200134277344,152744,AAPL,Apple,Nasdaq,USD,20260703_201245
2026-07-02 10:57:00-04:00,306.75,306.8900146484375,306.4700012207031,306.6300048828125,150480,AAPL,Apple,Nasdaq,USD,20260703_201245
2026-07-02 10:58:00-04:00,306.75,307.0400085449219,306.7300109863281,306.7699890136719,324713,AAPL,Apple,Nasdaq,USD,20260703_201245
2026-07-02 10:59:00-04:00,306.87799072265625,306.8999938964844,306.54998779296875,306.7900085449219,208476,AAPL,Apple,Nasdaq,USD,20260703_201245
2026-07-02 11:00:00-04:00,307.4750061035156,307.5299987792969,306.7879943847656,306.8999938964844,277220,AAPL,Apple,Nasdaq,USD,20260703_201245
2026-07-02 11:01:00-04:00,307.6700134277344,307.760009765625,307.1099853515625,307.45001220703125,196838,AAPL,Apple,Nasdaq,USD,20260703_201245
2026-07-02 11:02:00-04:00,307.53948974609375,307.82000732421875,307.3293151855469,307.6499938964844,199075,AAPL,Apple,Nasdaq,USD,20260703_201245
2026-07-02 11:03:00-04:00,307.0893859863281,307.6199951171875,307.05499267578125,307.5400085449219,152923,AAPL,Apple,Nasdaq,USD,20260703_201245
2026-07-02 11:04:00-04:00,306.635009765625,307.239990234375,306.5899963378906,307.1000061035156,193961,AAPL,Apple,Nasdaq,USD,20260703_201245
2026-07-02 11:05:00-04:00,306.17999267578125,306.8900146484375,306.15301513671875,306.6300964355469,217717,AAPL,Apple,Nasdaq,USD,20260703_201245
2026-07-02 11:06:00-04:00,306.114990234375,306.30999755859375,305.8599853515625,306.1700134277344,202733,AAPL,Apple,Nasdaq,USD,20260703_201245
2026-07-02 11:07:00-04:00,305.7699890136719,306.1300048828125,305.4100036621094,306.1199951171875,273000,AAPL,Apple,Nasdaq,USD,20260703_201245
2026-07-02 11:08:00-04:00,306.2900085449219,306.4549865722656,305.68499755859375,305.739990234375,206110,AAPL,Apple,Nasdaq,USD,20260703_201245
2026-07-02 11:09:00-04:00,306.8999938964844,306.8999938964844,306.2261962890625,306.2850036621094,226462,AAPL,Apple,Nasdaq,USD,20260703_201245
2026-07-02 11:10:00-04:00,306.6400146484375,306.9800109863281,306.3949890136719,306.9200134277344,248889,AAPL,Apple,Nasdaq,USD,20260703_201245
2026-07-02 11:11:00-04:00,306.79998779296875,306.79998779296875,306.3500061035156,306.6400146484375,181782,AAPL,Apple,Nasdaq,USD,20260703_201245
2026-07-02 11:12:00-04:00,307.0899963378906,307.0899963378906,306.67999267578125,306.7799987792969,134583,AAPL,Apple,Nasdaq,USD,20260703_201245
2026-07-02 11:13:00-04:00,307.410400390625,307.6000061035156,306.8699951171875,307.06500244140625,204067,AAPL,Apple,Nasdaq,USD,20260703_201245
2026-07-02 11:14:00-04:00,307.41448974609375,307.7900085449219,307.3555908203125,307.4200134277344,202259,AAPL,Apple,Nasdaq,USD,20260703_201245
2026-07-02 11:15:00-04:00,306.92999267578125,307.44000244140625,306.92999267578125,307.44000244140625,185092,AAPL,Apple,Nasdaq,USD,20260703_201245
2026-07-02 11:16:00-04:00,306.3500061035156,307.0050048828125,306.2633972167969,306.94500732421875,98878,AAPL,Apple,Nasdaq,USD,20260703_201245
2026-07-02 11:17:00-04:00,306.8999938964844,306.8999938964844,306.0700988769531,306.3500061035156,177215,AAPL,Apple,Nasdaq,USD,20260703_201245
2026-07-02 11:18:00-04:00,307.19000244140625,307.3500061035156,306.80999755859375,306.8999938964844,184951,AAPL,Apple,Nasdaq,USD,20260703_201245
2026-07-02 11:19:00-04:00,307.0400085449219,307.239990234375,306.7950134277344,307.2099914550781,118786,AAPL,Apple,Nasdaq,USD,20260703_201245
2026-07-02 11:20:00-04:00,306.9599914550781,307.1499938964844,306.67999267578125,307.0849914550781,157607,AAPL,Apple,Nasdaq,USD,20260703_201245
2026-07-02 11:21:00-04:00,306.9649963378906,307.04998779296875,306.760009765625,306.9849853515625,157326,AAPL,Apple,Nasdaq,USD,20260703_201245
2026-07-02 11:22:00-04:00,306.92498779296875,307.010009765625,306.8299865722656,306.9599914550781,104098,AAPL,Apple,Nasdaq,USD,20260703_201245
2026-07-02 11:23:00-04:00,307.05999755859375,307.1099853515625,306.7349853515625,306.9100036621094,113328,AAPL,Apple,Nasdaq,USD,20260703_201245
2026-07-02 11:24:00-04:00,307.2550048828125,307.30999755859375,307.04998779296875,307.05999755859375,126431,AAPL,Apple,Nasdaq,USD,20260703_201245
2026-07-02 11:25:00-04:00,306.739990234375,307.2900085449219,306.6199951171875,307.2850036621094,151699,AAPL,Apple,Nasdaq,USD,20260703_201245
2026-07-02 11:26:00-04:00,306.2699890136719,306.79998779296875,306.20001220703125,306.7449951171875,143686,AAPL,Apple,Nasdaq,USD,20260703_201245
2026-07-02 11:27:00-04:00,305.6499938964844,306.4200134277344,305.6099853515625,306.2701110839844,160680,AAPL,Apple,Nasdaq,USD,20260703_201245
2026-07-02 11:28:00-04:00,305.6650085449219,305.7099914550781,305.3800048828125,305.6600036621094,154198,AAPL,Apple,Nasdaq,USD,20260703_201245
2026-07-02 11:29:00-04:00,305.4150085449219,305.75,305.2799987792969,305.69000244140625,165441,AAPL,Apple,Nasdaq,USD,20260703_201245
2026-07-02 11:30:00-04:00,305.8399963378906,305.9800109863281,305.4200134277344,305.4200134277344,114442,AAPL,Apple,Nasdaq,USD,20260703_201245
2026-07-02 11:31:00-04:00,306.3550109863281,306.5,305.8299865722656,305.84368896484375,148648,AAPL,Apple,Nasdaq,USD,20260703_201245
2026-07-02 11:32:00-04:00,306.6099853515625,306.67999267578125,306.3399963378906,306.3599853515625,97890,AAPL,Apple,Nasdaq,USD,20260703_201245
2026-07-02 11:33:00-04:00,306.619384765625,306.7900085449219,306.5199890136719,306.625,88709,AAPL,Apple,Nasdaq,USD,20260703_201245
2026-07-02 11:34:00-04:00,306.2349853515625,306.6499938964844,306.0400085449219,306.5950012207031,121979,AAPL,Apple,Nasdaq,USD,20260703_201245
2026-07-02 11:35:00-04:00,306.2699890136719,306.44989013671875,306.18011474609375,306.2699890136719,92920,AAPL,Apple,Nasdaq,USD,20260703_201245
2026-07-02 11:36:00-04:00,306.3351135253906,306.44000244140625,306.1199951171875,306.25,105923,AAPL,Apple,Nasdaq,USD,20260703_201245
2026-07-02 11:37:00-04:00,306.82000732421875,306.8299865722656,306.28009033203125,306.3349914550781,137812,AAPL,Apple,Nasdaq,USD,20260703_201245
2026-07-02 11:38:00-04:00,306.6400146484375,306.8999938964844,306.29010009765625,306.7900085449219,140797,AAPL,Apple,Nasdaq,USD,20260703_201245
2026-07-02 11:39:00-04:00,306.5299987792969,306.760009765625,306.4601135253906,306.6400146484375,99018,AAPL,Apple,Nasdaq,USD,20260703_201245
2026-07-02 11:40:00-04:00,306.29840087890625,306.6000061035156,306.1499938964844,306.54998779296875,85303,AAPL,Apple,Nasdaq,USD,20260703_201245
2026-07-02 11:41:00-04:00,306.4150085449219,306.5299987792969,306.239990234375,306.29998779296875,102798,AAPL,Apple,Nasdaq,USD,20260703_201245
2026-07-02 11:42:00-04:00,306.2449951171875,306.4599914550781,306.0450134277344,306.4150085449219,117275,AAPL,Apple,Nasdaq,USD,20260703_201245
2026-07-02 11:43:00-04:00,305.8299865722656,306.2449951171875,305.8299865722656,306.2300109863281,80932,AAPL,Apple,Nasdaq,USD,20260703_201245
2026-07-02 11:44:00-04:00,305.67498779296875,305.9599914550781,305.6499938964844,305.8450012207031,85521,AAPL,Apple,Nasdaq,USD,20260703_201245
2026-07-02 11:45:00-04:00,305.875,305.9599914550781,305.70001220703125,305.7300109863281,68149,AAPL,Apple,Nasdaq,USD,20260703_201245
2026-07-02 11:46:00-04:00,305.5159912109375,305.89990234375,305.4700012207031,305.8800048828125,80077,AAPL,Apple,Nasdaq,USD,20260703_201245
2026-07-02 11:47:00-04:00,305.7300109863281,305.7699890136719,305.3299865722656,305.5299987792969,121006,AAPL,Apple,Nasdaq,USD,20260703_201245
2026-07-02 11:48:00-04:00,305.8450012207031,306.1199951171875,305.6099853515625,305.7099914550781,87171,AAPL,Apple,Nasdaq,USD,20260703_201245
2026-07-02 11:49:00-04:00,305.80999755859375,305.92999267578125,305.6050109863281,305.8599853515625,73257,AAPL,Apple,Nasdaq,USD,20260703_201245
2026-07-02 11:50:00-04:00,305.42999267578125,305.7749938964844,305.3450012207031,305.7200927734375,86906,AAPL,Apple,Nasdaq,USD,20260703_201245
2026-07-02 11:51:00-04:00,305.5249938964844,305.6600036621094,305.2799987792969,305.4200134277344,97811,AAPL,Apple,Nasdaq,USD,20260703_201245
2026-07-02 11:52:00-04:00,305.7099914550781,305.739990234375,305.43499755859375,305.5400085449219,75418,AAPL,Apple,Nasdaq,USD,20260703_201245
2026-07-02 11:53:00-04:00,305.8699951171875,305.9750061035156,305.67999267578125,305.739990234375,83039,AAPL,Apple,Nasdaq,USD,20260703_201245
2026-07-02 11:54:00-04:00,305.95001220703125,306.0899963378906,305.8599853515625,305.875,69254,AAPL,Apple,Nasdaq,USD,20260703_201245
2026-07-02 11:55:00-04:00,305.739990234375,306.04998779296875,305.6400146484375,305.9501037597656,77235,AAPL,Apple,Nasdaq,USD,20260703_201245
2026-07-02 11:56:00-04:00,305.7699890136719,305.79998779296875,305.5150146484375,305.7200012207031,97561,AAPL,Apple,Nasdaq,USD,20260703_201245
2026-07-02 11:57:00-04:00,305.68499755859375,305.94000244140625,305.67401123046875,305.7900085449219,66547,AAPL,Apple,Nasdaq,USD,20260703_201245
2026-07-02 11:58:00-04:00,305.9750061035156,305.9750061035156,305.6199951171875,305.68499755859375,111155,AAPL,Apple,Nasdaq,USD,20260703_201245
2026-07-02 11:59:00-04:00,305.625,306.0,305.5899963378906,305.9649963378906,110523,AAPL,Apple,Nasdaq,USD,20260703_201245
2026-07-02 12:00:00-04:00,305.94000244140625,305.989990234375,305.6105041503906,305.6400146484375,90615,AAPL,Apple,Nasdaq,USD,20260703_201245
2026-07-02 12:01:00-04:00,306.2799987792969,306.364990234375,305.8999938964844,305.9649963378906,160024,AAPL,Apple,Nasdaq,USD,20260703_201245
2026-07-02 12:02:00-04:00,306.2650146484375,306.29998779296875,306.1099853515625,306.2900085449219,106660,AAPL,Apple,Nasdaq,USD,20260703_201245
2026-07-02 12:03:00-04:00,306.55999755859375,306.5780029296875,306.0899963378906,306.2898864746094,143493,AAPL,Apple,Nasdaq,USD,20260703_201245
2026-07-02 12:04:00-04:00,306.69500732421875,306.7101135253906,306.4324035644531,306.5400085449219,79645,AAPL,Apple,Nasdaq,USD,20260703_201245
2026-07-02 12:05:00-04:00,306.6849060058594,306.8551025390625,306.6200866699219,306.70989990234375,123749,AAPL,Apple,Nasdaq,USD,20260703_201245
2026-07-02 12:06:00-04:00,306.7300109863281,306.79998779296875,306.6000061035156,306.69500732421875,80544,AAPL,Apple,Nasdaq,USD,20260703_201245
2026-07-02 12:07:00-04:00,306.7049865722656,306.94989013671875,306.6499938964844,306.7349853515625,137760,AAPL,Apple,Nasdaq,USD,20260703_201245
2026-07-02 12:08:00-04:00,306.7250061035156,306.75,306.4800109863281,306.6925048828125,87188,AAPL,Apple,Nasdaq,USD,20260703_201245
2026-07-02 12:09:00-04:00,306.6400146484375,306.885009765625,306.4599914550781,306.7250061035156,87383,AAPL,Apple,Nasdaq,USD,20260703_201245
2026-07-02 12:10:00-04:00,306.8299865722656,306.8699035644531,306.55499267578125,306.6199951171875,83033,AAPL,Apple,Nasdaq,USD,20260703_201245
2026-07-02 12:11:00-04:00,306.8299865722656,307.0398864746094,306.79998779296875,306.8598937988281,167662,AAPL,Apple,Nasdaq,USD,20260703_201245
2026-07-02 12:12:00-04:00,306.7799072265625,306.8299865722656,306.54998779296875,306.8299865722656,67216,AAPL,Apple,Nasdaq,USD,20260703_201245
2026-07-02 12:13:00-04:00,306.75,307.0199890136719,306.6600036621094,306.7850036621094,117582,AAPL,Apple,Nasdaq,USD,20260703_201245
2026-07-02 12:14:00-04:00,307.0544128417969,307.0849914550781,306.5799865722656,306.7598876953125,112314,AAPL,Apple,Nasdaq,USD,20260703_201245
2026-07-02 12:15:00-04:00,307.6099853515625,307.82000732421875,306.95001220703125,307.0450134277344,357616,AAPL,Apple,Nasdaq,USD,20260703_201245
2026-07-02 12:16:00-04:00,307.7799987792969,307.8900146484375,307.5675048828125,307.5799865722656,303788,AAPL,Apple,Nasdaq,USD,20260703_201245
2026-07-02 12:17:00-04:00,307.3800048828125,307.8800048828125,307.19000244140625,307.7799987792969,318484,AAPL,Apple,Nasdaq,USD,20260703_201245
2026-07-02 12:18:00-04:00,307.80499267578125,307.8450012207031,307.1600036621094,307.385009765625,139149,AAPL,Apple,Nasdaq,USD,20260703_201245
2026-07-02 12:19:00-04:00,307.7301025390625,307.9200134277344,307.70001220703125,307.79998779296875,177406,AAPL,Apple,Nasdaq,USD,20260703_201245
2026-07-02 12:20:00-04:00,307.5299987792969,307.7799987792969,307.4200134277344,307.739990234375,135853,AAPL,Apple,Nasdaq,USD,20260703_201245
2026-07-02 12:21:00-04:00,307.3999938964844,307.69000244140625,307.3900146484375,307.4800109863281,90369,AAPL,Apple,Nasdaq,USD,20260703_201245
2026-07-02 12:22:00-04:00,307.5600891113281,307.70001220703125,307.3550109863281,307.4049987792969,105253,AAPL,Apple,Nasdaq,USD,20260703_201245
2026-07-02 12:23:00-04:00,307.69000244140625,307.7398986816406,307.4700012207031,307.6000061035156,104286,AAPL,Apple,Nasdaq,USD,20260703_201245
2026-07-02 12:24:00-04:00,307.79998779296875,307.9100036621094,307.6000061035156,307.68499755859375,136942,AAPL,Apple,Nasdaq,USD,20260703_201245
2026-07-02 12:25:00-04:00,308.4201965332031,308.45001220703125,307.80999755859375,307.80999755859375,253254,AAPL,Apple,Nasdaq,USD,20260703_201245
2026-07-02 12:26:00-04:00,308.0400085449219,308.44989013671875,308.0,308.42498779296875,168446,AAPL,Apple,Nasdaq,USD,20260703_201245
2026-07-02 12:27:00-04:00,307.9700012207031,308.093505859375,307.69000244140625,308.0400085449219,115816,AAPL,Apple,Nasdaq,USD,20260703_201245
2026-07-02 12:28:00-04:00,308.1453857421875,308.17999267578125,307.768310546875,307.9700012207031,105120,AAPL,Apple,Nasdaq,USD,20260703_201245
2026-07-02 12:29:00-04:00,308.0899963378906,308.1700134277344,307.9800109863281,308.135009765625,118920,AAPL,Apple,Nasdaq,USD,20260703_201245
2026-07-02 12:30:00-04:00,308.2250061035156,308.2799072265625,308.0350036621094,308.0899963378906,120956,AAPL,Apple,Nasdaq,USD,20260703_201245
2026-07-02 12:31:00-04:00,308.010009765625,308.2799987792969,307.760009765625,308.239990234375,117082,AAPL,Apple,Nasdaq,USD,20260703_201245
2026-07-02 12:32:00-04:00,307.9200134277344,308.0398864746094,307.739990234375,308.0199890136719,74004,AAPL,Apple,Nasdaq,USD,20260703_201245
2026-07-02 12:33:00-04:00,308.3599853515625,308.4800109863281,307.90179443359375,307.90179443359375,152175,AAPL,Apple,Nasdaq,USD,20260703_201245
2026-07-02 12:34:00-04:00,308.45001220703125,308.4599914550781,308.17999267578125,308.3500061035156,96875,AAPL,Apple,Nasdaq,USD,20260703_201245
2026-07-02 12:35:00-04:00,308.2749938964844,308.4200134277344,308.2200012207031,308.4200134277344,97549,AAPL,Apple,Nasdaq,USD,20260703_201245
2026-07-02 12:36:00-04:00,308.3799133300781,308.4100036621094,308.19000244140625,308.2749938964844,113403,AAPL,Apple,Nasdaq,USD,20260703_201245
2026-07-02 12:37:00-04:00,308.3399963378906,308.42999267578125,308.17999267578125,308.364990234375,126061,AAPL,Apple,Nasdaq,USD,20260703_201245
2026-07-02 12:38:00-04:00,308.21990966796875,308.3999938964844,308.06500244140625,308.3349914550781,164933,AAPL,Apple,Nasdaq,USD,20260703_201245
2026-07-02 12:39:00-04:00,308.1099853515625,308.2799987792969,307.9200134277344,308.2049865722656,159675,AAPL,Apple,Nasdaq,USD,20260703_201245
2026-07-02 12:40:00-04:00,307.7701110839844,308.1700134277344,307.75,308.1300048828125,136158,AAPL,Apple,Nasdaq,USD,20260703_201245
2026-07-02 12:41:00-04:00,307.4750061035156,307.8999938964844,307.3500061035156,307.75,168332,AAPL,Apple,Nasdaq,USD,20260703_201245
2026-07-02 12:42:00-04:00,307.4200134277344,307.5950012207031,307.2099914550781,307.4750061035156,167896,AAPL,Apple,Nasdaq,USD,20260703_201245
2026-07-02 12:43:00-04:00,307.2550048828125,307.44000244140625,307.04998779296875,307.3900146484375,80495,AAPL,Apple,Nasdaq,USD,20260703_201245
2026-07-02 12:44:00-04:00,307.45001220703125,307.55999755859375,307.2699890136719,307.2699890136719,78516,AAPL,Apple,Nasdaq,USD,20260703_201245
2026-07-02 12:45:00-04:00,307.260009765625,307.4549865722656,307.1152038574219,307.4501037597656,63701,AAPL,Apple,Nasdaq,USD,20260703_201245
2026-07-02 12:46:00-04:00,306.989990234375,307.3399963378906,306.92999267578125,307.25,102554,AAPL,Apple,Nasdaq,USD,20260703_201245
2026-07-02 12:47:00-04:00,307.625,307.6600036621094,306.6700134277344,306.989990234375,139199,AAPL,Apple,Nasdaq,USD,20260703_201245
2026-07-02 12:48:00-04:00,307.55499267578125,307.8699951171875,307.3599853515625,307.625,110817,AAPL,Apple,Nasdaq,USD,20260703_201245
2026-07-02 12:49:00-04:00,307.7799987792969,307.8299865722656,307.55999755859375,307.57000732421875,114235,AAPL,Apple,Nasdaq,USD,20260703_201245
2026-07-02 12:50:00-04:00,307.635009765625,307.8800048828125,307.5,307.80999755859375,150968,AAPL,Apple,Nasdaq,USD,20260703_201245
2026-07-02 12:51:00-04:00,307.7250061035156,307.96990966796875,307.6000061035156,307.6300048828125,149730,AAPL,Apple,Nasdaq,USD,20260703_201245
2026-07-02 12:52:00-04:00,308.2900085449219,308.29998779296875,307.7099914550781,307.7250061035156,119461,AAPL,Apple,Nasdaq,USD,20260703_201245
2026-07-02 12:53:00-04:00,308.2200012207031,308.36248779296875,308.085205078125,308.2900085449219,101305,AAPL,Apple,Nasdaq,USD,20260703_201245
2026-07-02 12:54:00-04:00,308.2650146484375,308.447998046875,308.2200012207031,308.2200012207031,130564,AAPL,Apple,Nasdaq,USD,20260703_201245
2026-07-02 12:55:00-04:00,308.3949890136719,308.5299072265625,308.2300109863281,308.260009765625,128115,AAPL,Apple,Nasdaq,USD,20260703_201245
2026-07-02 12:56:00-04:00,308.2799987792969,308.4800109863281,308.260009765625,308.3999938964844,93644,AAPL,Apple,Nasdaq,USD,20260703_201245
2026-07-02 12:57:00-04:00,308.260009765625,308.5150146484375,308.1400146484375,308.2950134277344,146555,AAPL,Apple,Nasdaq,USD,20260703_201245
2026-07-02 12:58:00-04:00,308.3598937988281,308.3800048828125,307.9599914550781,308.2650146484375,107150,AAPL,Apple,Nasdaq,USD,20260703_201245
2026-07-02 12:59:00-04:00,308.30999755859375,308.3949890136719,308.06500244140625,308.32000732421875,102511,AAPL,Apple,Nasdaq,USD,20260703_201245
2026-07-02 13:00:00-04:00,307.9649963378906,308.45001220703125,307.5899963378906,308.29998779296875,287919,AAPL,Apple,Nasdaq,USD,20260703_201245
2026-07-02 13:01:00-04:00,307.82989501953125,307.9750061035156,307.70001220703125,307.94000244140625,142607,AAPL,Apple,Nasdaq,USD,20260703_201245
2026-07-02 13:02:00-04:00,307.7301025390625,307.9599914550781,307.67010498046875,307.81500244140625,96128,AAPL,Apple,Nasdaq,USD,20260703_201245
2026-07-02 13:03:00-04:00,307.5400085449219,307.760009765625,307.4200134277344,307.739990234375,120424,AAPL,Apple,Nasdaq,USD,20260703_201245
2026-07-02 13:04:00-04:00,307.3699951171875,307.6199951171875,307.2049865722656,307.5299987792969,127124,AAPL,Apple,Nasdaq,USD,20260703_201245
2026-07-02 13:05:00-04:00,307.1499938964844,307.4700012207031,307.0899963378906,307.3500061035156,103794,AAPL,Apple,Nasdaq,USD,20260703_201245
2026-07-02 13:06:00-04:00,307.5299072265625,307.53759765625,307.1000061035156,307.1449890136719,60452,AAPL,Apple,Nasdaq,USD,20260703_201245
2026-07-02 13:07:00-04:00,307.8299865722656,307.9100036621094,307.2699890136719,307.54998779296875,75227,AAPL,Apple,Nasdaq,USD,20260703_201245
2026-07-02 13:08:00-04:00,307.9432067871094,308.0899963378906,307.7850036621094,307.8299865722656,99792,AAPL,Apple,Nasdaq,USD,20260703_201245
2026-07-02 13:09:00-04:00,308.2799987792969,308.30999755859375,307.9599914550781,307.9700012207031,80525,AAPL,Apple,Nasdaq,USD,20260703_201245
2026-07-02 13:10:00-04:00,307.92999267578125,308.32000732421875,307.8900146484375,308.29998779296875,156906,AAPL,Apple,Nasdaq,USD,20260703_201245
2026-07-02 13:11:00-04:00,308.18499755859375,308.29998779296875,307.8699951171875,307.9700012207031,149400,AAPL,Apple,Nasdaq,USD,20260703_201245
2026-07-02 13:12:00-04:00,308.0397033691406,308.19000244140625,307.8699951171875,308.1499938964844,106606,AAPL,Apple,Nasdaq,USD,20260703_201245
2026-07-02 13:13:00-04:00,307.989990234375,308.0299987792969,307.8699951171875,308.0150146484375,70969,AAPL,Apple,Nasdaq,USD,20260703_201245
2026-07-02 13:14:00-04:00,308.2099914550781,308.2099914550781,307.8800964355469,307.9800109863281,87134,AAPL,Apple,Nasdaq,USD,20260703_201245
2026-07-02 13:15:00-04:00,308.2799987792969,308.30999755859375,308.114990234375,308.2099914550781,141358,AAPL,Apple,Nasdaq,USD,20260703_201245
2026-07-02 13:16:00-04:00,308.1099853515625,308.31988525390625,308.0299987792969,308.2651062011719,122082,AAPL,Apple,Nasdaq,USD,20260703_201245
2026-07-02 13:17:00-04:00,307.8900146484375,308.1199951171875,307.8599853515625,308.1199951171875,102269,AAPL,Apple,Nasdaq,USD,20260703_201245
2026-07-02 13:18:00-04:00,308.0400085449219,308.1700134277344,307.82000732421875,307.9100036621094,96451,AAPL,Apple,Nasdaq,USD,20260703_201245
2026-07-02 13:19:00-04:00,307.75,308.0498962402344,307.6499938964844,308.0400085449219,123236,AAPL,Apple,Nasdaq,USD,20260703_201245
2026-07-02 13:20:00-04:00,307.75,307.9100036621094,307.6700134277344,307.7799987792969,85810,AAPL,Apple,Nasdaq,USD,20260703_201245
2026-07-02 13:21:00-04:00,307.7300109863281,307.92999267578125,307.6512145996094,307.760009765625,94126,AAPL,Apple,Nasdaq,USD,20260703_201245
2026-07-02 13:22:00-04:00,307.9100036621094,307.95001220703125,307.75,307.760009765625,80700,AAPL,Apple,Nasdaq,USD,20260703_201245
2026-07-02 13:23:00-04:00,307.9200134277344,307.9898986816406,307.80999755859375,307.8900146484375,63065,AAPL,Apple,Nasdaq,USD,20260703_201245
2026-07-02 13:24:00-04:00,307.8599853515625,307.9599914550781,307.7300109863281,307.92999267578125,64605,AAPL,Apple,Nasdaq,USD,20260703_201245
2026-07-02 13:25:00-04:00,307.7099914550781,307.8699951171875,307.70001220703125,307.8599853515625,56634,AAPL,Apple,Nasdaq,USD,20260703_201245
2026-07-02 13:26:00-04:00,307.2622985839844,307.7576904296875,307.260009765625,307.7099914550781,57120,AAPL,Apple,Nasdaq,USD,20260703_201245
2026-07-02 13:27:00-04:00,307.739990234375,307.7650146484375,307.260009765625,307.260009765625,68479,AAPL,Apple,Nasdaq,USD,20260703_201245
2026-07-02 13:28:00-04:00,307.8349914550781,307.8800048828125,307.760009765625,307.7799987792969,81235,AAPL,Apple,Nasdaq,USD,20260703_201245
2026-07-02 13:29:00-04:00,307.80499267578125,307.9100036621094,307.7099914550781,307.82000732421875,37903,AAPL,Apple,Nasdaq,USD,20260703_201245
2026-07-02 13:30:00-04:00,307.739990234375,307.8699951171875,307.67999267578125,307.80499267578125,68787,AAPL,Apple,Nasdaq,USD,20260703_201245
2026-07-02 13:31:00-04:00,307.93499755859375,308.07000732421875,307.739990234375,307.739990234375,95657,AAPL,Apple,Nasdaq,USD,20260703_201245
2026-07-02 13:32:00-04:00,307.96990966796875,308.04998779296875,307.840087890625,307.93499755859375,60393,AAPL,Apple,Nasdaq,USD,20260703_201245
2026-07-02 13:33:00-04:00,307.9800109863281,308.1000061035156,307.927001953125,307.95001220703125,82265,AAPL,Apple,Nasdaq,USD,20260703_201245
2026-07-02 13:34:00-04:00,307.5400085449219,308.06500244140625,307.4700012207031,307.9800109863281,128921,AAPL,Apple,Nasdaq,USD,20260703_201245
2026-07-02 13:35:00-04:00,307.4750061035156,307.875,307.4200134277344,307.5,97267,AAPL,Apple,Nasdaq,USD,20260703_201245
2026-07-02 13:36:00-04:00,307.7550048828125,307.8900146484375,307.43011474609375,307.4750061035156,80060,AAPL,Apple,Nasdaq,USD,20260703_201245
2026-07-02 13:37:00-04:00,307.6600036621094,307.8500061035156,307.54998779296875,307.7799987792969,87941,AAPL,Apple,Nasdaq,USD,20260703_201245
2026-07-02 13:38:00-04:00,307.9700012207031,307.9800109863281,307.6499938964844,307.6499938964844,81124,AAPL,Apple,Nasdaq,USD,20260703_201245
2026-07-02 13:39:00-04:00,307.8299865722656,308.0299987792969,307.7749938964844,307.9700012207031,90039,AAPL,Apple,Nasdaq,USD,20260703_201245
2026-07-02 13:40:00-04:00,307.8349914550781,307.8800048828125,307.6400146484375,307.8299865722656,115836,AAPL,Apple,Nasdaq,USD,20260703_201245
2026-07-02 13:41:00-04:00,308.0299987792969,308.0899963378906,307.7550048828125,307.8399963378906,71509,AAPL,Apple,Nasdaq,USD,20260703_201245
2026-07-02 13:42:00-04:00,307.92999267578125,308.05999755859375,307.8500061035156,308.0599060058594,70822,AAPL,Apple,Nasdaq,USD,20260703_201245
2026-07-02 13:43:00-04:00,308.0400085449219,308.04998779296875,307.79998779296875,307.94000244140625,95050,AAPL,Apple,Nasdaq,USD,20260703_201245
2026-07-02 13:44:00-04:00,308.17999267578125,308.17999267578125,307.875,308.0400085449219,80351,AAPL,Apple,Nasdaq,USD,20260703_201245
2026-07-02 13:45:00-04:00,308.2300109863281,308.29998779296875,308.0199890136719,308.1700134277344,137567,AAPL,Apple,Nasdaq,USD,20260703_201245
2026-07-02 13:46:00-04:00,308.0249938964844,308.2900085449219,308.0,308.2900085449219,115918,AAPL,Apple,Nasdaq,USD,20260703_201245
2026-07-02 13:47:00-04:00,307.67999267578125,308.0899963378906,307.6400146484375,308.0400085449219,101054,AAPL,Apple,Nasdaq,USD,20260703_201245
2026-07-02 13:48:00-04:00,308.0599060058594,308.0888977050781,307.4800109863281,307.67498779296875,102011,AAPL,Apple,Nasdaq,USD,20260703_201245
2026-07-02 13:49:00-04:00,307.9800109863281,308.17999267578125,307.739990234375,308.0367126464844,178011,AAPL,Apple,Nasdaq,USD,20260703_201245
2026-07-02 13:50:00-04:00,307.90289306640625,308.04071044921875,307.7900085449219,307.9800109863281,260684,AAPL,Apple,Nasdaq,USD,20260703_201245
2026-07-02 13:51:00-04:00,308.0,308.1000061035156,307.8949890136719,307.95001220703125,82459,AAPL,Apple,Nasdaq,USD,20260703_201245
2026-07-02 13:52:00-04:00,307.7900085449219,308.0299987792969,307.7200012207031,308.0,97424,AAPL,Apple,Nasdaq,USD,20260703_201245
2026-07-02 13:53:00-04:00,307.7300109863281,307.9739990234375,307.7250061035156,307.7900085449219,71262,AAPL,Apple,Nasdaq,USD,20260703_201245
2026-07-02 13:54:00-04:00,307.79998779296875,307.889892578125,307.67999267578125,307.7250061035156,55474,AAPL,Apple,Nasdaq,USD,20260703_201245
2026-07-02 13:55:00-04:00,307.4599914550781,307.82000732421875,307.38018798828125,307.7200012207031,75990,AAPL,Apple,Nasdaq,USD,20260703_201245
2026-07-02 13:56:00-04:00,307.489990234375,307.5050048828125,307.3599853515625,307.40008544921875,50944,AAPL,Apple,Nasdaq,USD,20260703_201245
2026-07-02 13:57:00-04:00,307.3999938964844,307.5899963378906,307.2699890136719,307.4599914550781,98036,AAPL,Apple,Nasdaq,USD,20260703_201245
2026-07-02 13:58:00-04:00,307.31500244140625,307.5199890136719,307.260009765625,307.3999938964844,55827,AAPL,Apple,Nasdaq,USD,20260703_201245
2026-07-02 13:59:00-04:00,307.32000732421875,307.3399963378906,307.10009765625,307.31500244140625,94000,AAPL,Apple,Nasdaq,USD,20260703_201245
2026-07-02 14:00:00-04:00,307.62188720703125,307.75,307.1449890136719,307.3500061035156,137314,AAPL,Apple,Nasdaq,USD,20260703_201245
2026-07-02 14:01:00-04:00,307.5849914550781,307.6400146484375,307.4599914550781,307.6400146484375,97881,AAPL,Apple,Nasdaq,USD,20260703_201245
2026-07-02 14:02:00-04:00,307.2699890136719,307.6549987792969,307.2650146484375,307.5899963378906,137455,AAPL,Apple,Nasdaq,USD,20260703_201245
2026-07-02 14:03:00-04:00,307.3699951171875,307.3699951171875,307.1600036621094,307.2650146484375,71674,AAPL,Apple,Nasdaq,USD,20260703_201245
2026-07-02 14:04:00-04:00,307.6449890136719,307.7998962402344,307.3999938964844,307.3999938964844,73854,AAPL,Apple,Nasdaq,USD,20260703_201245
2026-07-02 14:05:00-04:00,307.6050109863281,307.7699890136719,307.5364990234375,307.6449890136719,91012,AAPL,Apple,Nasdaq,USD,20260703_201245
2026-07-02 14:06:00-04:00,307.6474914550781,307.79998779296875,307.56500244140625,307.6050109863281,105806,AAPL,Apple,Nasdaq,USD,20260703_201245
2026-07-02 14:07:00-04:00,307.3900146484375,307.7300109863281,307.3550109863281,307.56500244140625,68060,AAPL,Apple,Nasdaq,USD,20260703_201245
2026-07-02 14:08:00-04:00,307.7749938964844,307.7799987792969,307.2200012207031,307.3900146484375,78666,AAPL,Apple,Nasdaq,USD,20260703_201245
2026-07-02 14:09:00-04:00,307.510009765625,307.82000732421875,307.4400939941406,307.7749938964844,86444,AAPL,Apple,Nasdaq,USD,20260703_201245
2026-07-02 14:10:00-04:00,307.4949951171875,307.6600036621094,307.4700012207031,307.5050048828125,77700,AAPL,Apple,Nasdaq,USD,20260703_201245
2026-07-02 14:11:00-04:00,307.5799865722656,307.6700134277344,307.4949951171875,307.5,68510,AAPL,Apple,Nasdaq,USD,20260703_201245
2026-07-02 14:12:00-04:00,307.6199951171875,307.67498779296875,307.47259521484375,307.589599609375,69061,AAPL,Apple,Nasdaq,USD,20260703_201245
2026-07-02 14:13:00-04:00,307.6300048828125,307.7099914550781,307.55999755859375,307.6499938964844,103261,AAPL,Apple,Nasdaq,USD,20260703_201245
2026-07-02 14:14:00-04:00,307.6400146484375,307.6700134277344,307.5,307.6199951171875,70357,AAPL,Apple,Nasdaq,USD,20260703_201245
2026-07-02 14:15:00-04:00,307.67999267578125,307.75,307.5201110839844,307.65008544921875,75460,AAPL,Apple,Nasdaq,USD,20260703_201245
2026-07-02 14:16:00-04:00,307.6700134277344,307.79998779296875,307.489990234375,307.67999267578125,74147,AAPL,Apple,Nasdaq,USD,20260703_201245
2026-07-02 14:17:00-04:00,307.4649963378906,307.79998779296875,307.4100036621094,307.67999267578125,94858,AAPL,Apple,Nasdaq,USD,20260703_201245
2026-07-02 14:18:00-04:00,307.5199890136719,307.6199951171875,307.3399963378906,307.4649963378906,67083,AAPL,Apple,Nasdaq,USD,20260703_201245
2026-07-02 14:19:00-04:00,307.1004943847656,307.5249938964844,306.8200988769531,307.5198974609375,244359,AAPL,Apple,Nasdaq,USD,20260703_201245
2026-07-02 14:20:00-04:00,307.3900146484375,307.4700012207031,307.1000061035156,307.1099853515625,80475,AAPL,Apple,Nasdaq,USD,20260703_201245
2026-07-02 14:21:00-04:00,307.4100036621094,307.5899963378906,307.3900146484375,307.3999938964844,64316,AAPL,Apple,Nasdaq,USD,20260703_201245
2026-07-02 14:22:00-04:00,307.1400146484375,307.3949890136719,307.1199951171875,307.3949890136719,82683,AAPL,Apple,Nasdaq,USD,20260703_201245
2026-07-02 14:23:00-04:00,307.30999755859375,307.30999755859375,307.110107421875,307.1400146484375,71491,AAPL,Apple,Nasdaq,USD,20260703_201245
2026-07-02 14:24:00-04:00,307.25,307.4700012207031,307.25,307.3092956542969,76309,AAPL,Apple,Nasdaq,USD,20260703_201245
2026-07-02 14:25:00-04:00,307.2749938964844,307.3500061035156,307.1700134277344,307.2449951171875,90488,AAPL,Apple,Nasdaq,USD,20260703_201245
2026-07-02 14:26:00-04:00,307.3800048828125,307.42999267578125,307.114990234375,307.2749938964844,106135,AAPL,Apple,Nasdaq,USD,20260703_201245
2026-07-02 14:27:00-04:00,307.2699890136719,307.364990234375,307.1300048828125,307.364990234375,78694,AAPL,Apple,Nasdaq,USD,20260703_201245
2026-07-02 14:28:00-04:00,307.4700012207031,307.5,307.2749938964844,307.29998779296875,74644,AAPL,Apple,Nasdaq,USD,20260703_201245
2026-07-02 14:29:00-04:00,307.3299865722656,307.5299987792969,307.2959899902344,307.48480224609375,49270,AAPL,Apple,Nasdaq,USD,20260703_201245
2026-07-02 14:30:00-04:00,307.6300048828125,307.7699890136719,307.2699890136719,307.3399963378906,115548,AAPL,Apple,Nasdaq,USD,20260703_201245
2026-07-02 14:31:00-04:00,307.8800048828125,307.8999938964844,307.6000061035156,307.614990234375,104110,AAPL,Apple,Nasdaq,USD,20260703_201245
2026-07-02 14:32:00-04:00,307.6199951171875,307.89990234375,307.6199951171875,307.8800048828125,86494,AAPL,Apple,Nasdaq,USD,20260703_201245
2026-07-02 14:33:00-04:00,307.54998779296875,307.639892578125,307.38629150390625,307.6299133300781,57555,AAPL,Apple,Nasdaq,USD,20260703_201245
2026-07-02 14:34:00-04:00,307.53009033203125,307.6099853515625,307.4800109863281,307.54998779296875,86697,AAPL,Apple,Nasdaq,USD,20260703_201245
2026-07-02 14:35:00-04:00,307.4773864746094,307.6000061035156,307.3500061035156,307.54998779296875,70178,AAPL,Apple,Nasdaq,USD,20260703_201245
2026-07-02 14:36:00-04:00,307.57501220703125,307.7799987792969,307.4700012207031,307.4800109863281,68516,AAPL,Apple,Nasdaq,USD,20260703_201245
2026-07-02 14:37:00-04:00,307.6600036621094,307.67999267578125,307.55999755859375,307.5799865722656,42489,AAPL,Apple,Nasdaq,USD,20260703_201245
2026-07-02 14:38:00-04:00,307.4501037597656,307.6695861816406,307.44000244140625,307.6600036621094,53785,AAPL,Apple,Nasdaq,USD,20260703_201245
2026-07-02 14:39:00-04:00,307.3599853515625,307.4800109863281,307.32000732421875,307.42999267578125,55194,AAPL,Apple,Nasdaq,USD,20260703_201245
2026-07-02 14:40:00-04:00,307.239990234375,307.489990234375,307.1600036621094,307.32000732421875,566896,AAPL,Apple,Nasdaq,USD,20260703_201245
2026-07-02 14:41:00-04:00,307.1400146484375,307.3999938964844,307.1300048828125,307.2200012207031,60820,AAPL,Apple,Nasdaq,USD,20260703_201245
2026-07-02 14:42:00-04:00,307.3699951171875,307.489990234375,307.1400146484375,307.1499938964844,67334,AAPL,Apple,Nasdaq,USD,20260703_201245
2026-07-02 14:43:00-04:00,307.42999267578125,307.4898986816406,307.25,307.3900146484375,65168,AAPL,Apple,Nasdaq,USD,20260703_201245
2026-07-02 14:44:00-04:00,307.54998779296875,307.69000244140625,307.4100036621094,307.43499755859375,71755,AAPL,Apple,Nasdaq,USD,20260703_201245
2026-07-02 14:45:00-04:00,307.54998779296875,307.6499938964844,307.3641052246094,307.54998779296875,54175,AAPL,Apple,Nasdaq,USD,20260703_201245
2026-07-02 14:46:00-04:00,307.489990234375,307.55999755859375,307.3800048828125,307.54998779296875,48434,AAPL,Apple,Nasdaq,USD,20260703_201245
2026-07-02 14:47:00-04:00,307.489990234375,307.5299987792969,307.3504943847656,307.5,46397,AAPL,Apple,Nasdaq,USD,20260703_201245
2026-07-02 14:48:00-04:00,307.5150146484375,307.5299987792969,307.3900146484375,307.5,35971,AAPL,Apple,Nasdaq,USD,20260703_201245
2026-07-02 14:49:00-04:00,307.4200134277344,307.5400085449219,307.3500061035156,307.5299987792969,50323,AAPL,Apple,Nasdaq,USD,20260703_201245
2026-07-02 14:50:00-04:00,307.7550048828125,307.7900085449219,307.3900146484375,307.4200134277344,93358,AAPL,Apple,Nasdaq,USD,20260703_201245
2026-07-02 14:51:00-04:00,307.7401123046875,307.79998779296875,307.6300048828125,307.75,85328,AAPL,Apple,Nasdaq,USD,20260703_201245
2026-07-02 14:52:00-04:00,307.7099914550781,307.80999755859375,307.5799865722656,307.75,84716,AAPL,Apple,Nasdaq,USD,20260703_201245
2026-07-02 14:53:00-04:00,307.79998779296875,307.79998779296875,307.69000244140625,307.7099914550781,47708,AAPL,Apple,Nasdaq,USD,20260703_201245
2026-07-02 14:54:00-04:00,307.57000732421875,307.80999755859375,307.5199890136719,307.80999755859375,100157,AAPL,Apple,Nasdaq,USD,20260703_201245
2026-07-02 14:55:00-04:00,307.7900085449219,307.8299865722656,307.55999755859375,307.57000732421875,88257,AAPL,Apple,Nasdaq,USD,20260703_201245
2026-07-02 14:56:00-04:00,307.8399963378906,307.8999938964844,307.760009765625,307.7799987792969,86688,AAPL,Apple,Nasdaq,USD,20260703_201245
2026-07-02 14:57:00-04:00,307.864990234375,307.8800048828125,307.5799865722656,307.8399963378906,94397,AAPL,Apple,Nasdaq,USD,20260703_201245
2026-07-02 14:58:00-04:00,307.81500244140625,308.1000061035156,307.75,307.864990234375,124210,AAPL,Apple,Nasdaq,USD,20260703_201245
2026-07-02 14:59:00-04:00,307.6449890136719,307.92498779296875,307.6199951171875,307.80999755859375,78336,AAPL,Apple,Nasdaq,USD,20260703_201245
2026-07-02 15:00:00-04:00,307.9501037597656,308.17999267578125,307.6000061035156,307.6449890136719,91369,AAPL,Apple,Nasdaq,USD,20260703_201245
2026-07-02 15:01:00-04:00,307.94000244140625,308.0899963378906,307.79998779296875,307.9580993652344,99263,AAPL,Apple,Nasdaq,USD,20260703_201245
2026-07-02 15:02:00-04:00,307.8349914550781,307.9849853515625,307.7699890136719,307.93499755859375,76490,AAPL,Apple,Nasdaq,USD,20260703_201245
2026-07-02 15:03:00-04:00,307.94000244140625,307.9599914550781,307.8299865722656,307.8349914550781,68184,AAPL,Apple,Nasdaq,USD,20260703_201245
2026-07-02 15:04:00-04:00,307.42999267578125,307.9599914550781,307.3800048828125,307.94000244140625,119712,AAPL,Apple,Nasdaq,USD,20260703_201245
2026-07-02 15:05:00-04:00,307.739990234375,307.739990234375,307.44000244140625,307.44000244140625,69905,AAPL,Apple,Nasdaq,USD,20260703_201245
2026-07-02 15:06:00-04:00,307.92498779296875,308.04998779296875,307.7300109863281,307.739990234375,114076,AAPL,Apple,Nasdaq,USD,20260703_201245
2026-07-02 15:07:00-04:00,308.19000244140625,308.2099914550781,307.9200134277344,307.95001220703125,112855,AAPL,Apple,Nasdaq,USD,20260703_201245
2026-07-02 15:08:00-04:00,308.1400146484375,308.2099914550781,308.07000732421875,308.19000244140625,78574,AAPL,Apple,Nasdaq,USD,20260703_201245
2026-07-02 15:09:00-04:00,308.0899963378906,308.2300109863281,308.07000732421875,308.1199951171875,90932,AAPL,Apple,Nasdaq,USD,20260703_201245
2026-07-02 15:10:00-04:00,308.2799987792969,308.2900085449219,308.0400085449219,308.0799865722656,104716,AAPL,Apple,Nasdaq,USD,20260703_201245
2026-07-02 15:11:00-04:00,308.1300048828125,308.30999755859375,308.1199951171875,308.2850036621094,89287,AAPL,Apple,Nasdaq,USD,20260703_201245
2026-07-02 15:12:00-04:00,307.9200134277344,308.177490234375,307.8699951171875,308.1200866699219,69809,AAPL,Apple,Nasdaq,USD,20260703_201245
2026-07-02 15:13:00-04:00,307.79998779296875,308.0201110839844,307.79998779296875,307.9200134277344,73382,AAPL,Apple,Nasdaq,USD,20260703_201245
2026-07-02 15:14:00-04:00,307.7900085449219,307.8800048828125,307.6499938964844,307.8099060058594,73672,AAPL,Apple,Nasdaq,USD,20260703_201245
2026-07-02 15:15:00-04:00,307.510009765625,307.7799987792969,307.45001220703125,307.7799987792969,83812,AAPL,Apple,Nasdaq,USD,20260703_201245
2026-07-02 15:16:00-04:00,307.7799987792969,307.8399963378906,307.510009765625,307.510009765625,101204,AAPL,Apple,Nasdaq,USD,20260703_201245
2026-07-02 15:17:00-04:00,307.8999938964844,307.9700012207031,307.7629089355469,307.7650146484375,84409,AAPL,Apple,Nasdaq,USD,20260703_201245
2026-07-02 15:18:00-04:00,307.8299865722656,307.95001220703125,307.7699890136719,307.8999938964844,84826,AAPL,Apple,Nasdaq,USD,20260703_201245
2026-07-02 15:19:00-04:00,307.92999267578125,308.04998779296875,307.82000732421875,307.8299865722656,99728,AAPL,Apple,Nasdaq,USD,20260703_201245
2026-07-02 15:20:00-04:00,307.8349914550781,307.9700012207031,307.77978515625,307.92999267578125,66403,AAPL,Apple,Nasdaq,USD,20260703_201245
2026-07-02 15:21:00-04:00,307.760009765625,307.8800048828125,307.67999267578125,307.8349914550781,90971,AAPL,Apple,Nasdaq,USD,20260703_201245
2026-07-02 15:22:00-04:00,307.625,307.7699890136719,307.5,307.7699890136719,110024,AAPL,Apple,Nasdaq,USD,20260703_201245
2026-07-02 15:23:00-04:00,307.5299987792969,307.6549987792969,307.4700012207031,307.625,127051,AAPL,Apple,Nasdaq,USD,20260703_201245
2026-07-02 15:24:00-04:00,307.625,307.6700134277344,307.5,307.5400085449219,91415,AAPL,Apple,Nasdaq,USD,20260703_201245
2026-07-02 15:25:00-04:00,307.590087890625,307.6400146484375,307.53009033203125,307.6300048828125,102101,AAPL,Apple,Nasdaq,USD,20260703_201245
2026-07-02 15:26:00-04:00,307.42498779296875,307.6099853515625,307.4100036621094,307.6098937988281,92383,AAPL,Apple,Nasdaq,USD,20260703_201245
2026-07-02 15:27:00-04:00,307.510009765625,307.510009765625,307.30010986328125,307.4216003417969,92672,AAPL,Apple,Nasdaq,USD,20260703_201245
2026-07-02 15:28:00-04:00,307.3599853515625,307.5450134277344,307.340087890625,307.510009765625,101577,AAPL,Apple,Nasdaq,USD,20260703_201245
2026-07-02 15:29:00-04:00,307.42498779296875,307.55999755859375,307.2601013183594,307.3599853515625,98779,AAPL,Apple,Nasdaq,USD,20260703_201245
2026-07-02 15:30:00-04:00,307.7300109863281,307.75,307.31500244140625,307.44000244140625,109261,AAPL,Apple,Nasdaq,USD,20260703_201245
2026-07-02 15:31:00-04:00,307.7900085449219,307.8299865722656,307.6700134277344,307.739990234375,144554,AAPL,Apple,Nasdaq,USD,20260703_201245
2026-07-02 15:32:00-04:00,307.9700012207031,307.9700012207031,307.7250061035156,307.7925109863281,124745,AAPL,Apple,Nasdaq,USD,20260703_201245
2026-07-02 15:33:00-04:00,308.07000732421875,308.1400146484375,307.9601135253906,307.9700012207031,130611,AAPL,Apple,Nasdaq,USD,20260703_201245
2026-07-02 15:34:00-04:00,308.0450134277344,308.1499938964844,308.010009765625,308.0899963378906,94593,AAPL,Apple,Nasdaq,USD,20260703_201245
2026-07-02 15:35:00-04:00,308.0899963378906,308.1449890136719,308.010009765625,308.04998779296875,118268,AAPL,Apple,Nasdaq,USD,20260703_201245
2026-07-02 15:36:00-04:00,308.20001220703125,308.20098876953125,307.9599914550781,308.0849914550781,157177,AAPL,Apple,Nasdaq,USD,20260703_201245
2026-07-02 15:37:00-04:00,308.3599853515625,308.3699951171875,308.1300048828125,308.20001220703125,127018,AAPL,Apple,Nasdaq,USD,20260703_201245
2026-07-02 15:38:00-04:00,308.1799011230469,308.510009765625,308.1600036621094,308.3699951171875,175604,AAPL,Apple,Nasdaq,USD,20260703_201245
2026-07-02 15:39:00-04:00,308.260009765625,308.30999755859375,308.07000732421875,308.1600036621094,134706,AAPL,Apple,Nasdaq,USD,20260703_201245
2026-07-02 15:40:00-04:00,308.2900085449219,308.4599914550781,308.2200012207031,308.260009765625,137751,AAPL,Apple,Nasdaq,USD,20260703_201245
2026-07-02 15:41:00-04:00,308.3599853515625,308.42999267578125,308.2099914550781,308.2900085449219,133164,AAPL,Apple,Nasdaq,USD,20260703_201245
2026-07-02 15:42:00-04:00,308.1700134277344,308.3599853515625,308.1199951171875,308.3399963378906,214768,AAPL,Apple,Nasdaq,USD,20260703_201245
2026-07-02 15:43:00-04:00,307.83099365234375,308.2900085449219,307.83099365234375,308.1871032714844,160750,AAPL,Apple,Nasdaq,USD,20260703_201245
2026-07-02 15:44:00-04:00,307.9800109863281,308.0299987792969,307.7799987792969,307.8299865722656,178037,AAPL,Apple,Nasdaq,USD,20260703_201245
2026-07-02 15:45:00-04:00,307.739990234375,308.0299987792969,307.7300109863281,307.9800109863281,158471,AAPL,Apple,Nasdaq,USD,20260703_201245
2026-07-02 15:46:00-04:00,307.7200012207031,307.760009765625,307.54998779296875,307.69000244140625,123484,AAPL,Apple,Nasdaq,USD,20260703_201245
2026-07-02 15:47:00-04:00,307.5450134277344,307.82000732421875,307.53009033203125,307.7300109863281,102845,AAPL,Apple,Nasdaq,USD,20260703_201245
2026-07-02 15:48:00-04:00,307.7099914550781,307.7300109863281,307.2099914550781,307.5450134277344,172208,AAPL,Apple,Nasdaq,USD,20260703_201245
2026-07-02 15:49:00-04:00,307.5299987792969,307.7650146484375,307.44000244140625,307.7200012207031,183802,AAPL,Apple,Nasdaq,USD,20260703_201245
2026-07-02 15:50:00-04:00,307.75,308.4700012207031,307.5400085449219,307.5400085449219,369519,AAPL,Apple,Nasdaq,USD,20260703_201245
2026-07-02 15:51:00-04:00,307.9800109863281,308.1300048828125,307.75,307.760009765625,272217,AAPL,Apple,Nasdaq,USD,20260703_201245
2026-07-02 15:52:00-04:00,308.1499938964844,308.2300109863281,307.92999267578125,307.9700012207031,222816,AAPL,Apple,Nasdaq,USD,20260703_201245
2026-07-02 15:53:00-04:00,308.30499267578125,308.32000732421875,308.0199890136719,308.1300048828125,332885,AAPL,Apple,Nasdaq,USD,20260703_201245
2026-07-02 15:54:00-04:00,308.0400085449219,308.54998779296875,307.95001220703125,308.30499267578125,318358,AAPL,Apple,Nasdaq,USD,20260703_201245
2026-07-02 15:55:00-04:00,309.1499938964844,309.25,308.0400085449219,308.0400085449219,556325,AAPL,Apple,Nasdaq,USD,20260703_201245
2026-07-02 15:56:00-04:00,309.1499938964844,309.2799987792969,308.9100036621094,309.17999267578125,477999,AAPL,Apple,Nasdaq,USD,20260703_201245
2026-07-02 15:57:00-04:00,309.0899963378906,309.4200134277344,308.95001220703125,309.1499938964844,768731,AAPL,Apple,Nasdaq,USD,20260703_201245
2026-07-02 15:58:00-04:00,308.7449951171875,309.2300109863281,308.7099914550781,309.1000061035156,805685,AAPL,Apple,Nasdaq,USD,20260703_201245
2026-07-02 15:59:00-04:00,308.2200012207031,308.9599914550781,308.1000061035156,308.75,1654260,AAPL,Apple,Nasdaq,USD,20260703_201245
2026-07-02 09:30:00-04:00,297.09991455078125,297.1000061035156,293.67999267578125,294.0849914550781,1161939,AAPL,Apple,Nasdaq,USD,20260703_213727
2026-07-02 09:31:00-04:00,298.94000244140625,299.0400085449219,296.92999267578125,297.1000061035156,387097,AAPL,Apple,Nasdaq,USD,20260703_213727
2026-07-02 09:32:00-04:00,299.2699890136719,299.82000732421875,298.6600036621094,298.9700012207031,333980,AAPL,Apple,Nasdaq,USD,20260703_213727
2026-07-02 09:33:00-04:00,298.0400085449219,299.5,297.8075866699219,299.30499267578125,244659,AAPL,Apple,Nasdaq,USD,20260703_213727
2026-07-02 09:34:00-04:00,298.20001220703125,298.510009765625,297.8900146484375,298.125,143692,AAPL,Apple,Nasdaq,USD,20260703_213727
2026-07-02 09:35:00-04:00,298.4179992675781,298.8599853515625,298.1252136230469,298.1813049316406,241851,AAPL,Apple,Nasdaq,USD,20260703_213727
2026-07-02 09:36:00-04:00,298.92999267578125,299.0799865722656,298.20001220703125,298.42498779296875,177706,AAPL,Apple,Nasdaq,USD,20260703_213727
2026-07-02 09:37:00-04:00,299.2900085449219,299.3500061035156,298.8299865722656,298.989990234375,166444,AAPL,Apple,Nasdaq,USD,20260703_213727
2026-07-02 09:38:00-04:00,299.55999755859375,299.7099914550781,299.1900939941406,299.2900085449219,204531,AAPL,Apple,Nasdaq,USD,20260703_213727
2026-07-02 09:39:00-04:00,300.1300048828125,300.1600036621094,299.42999267578125,299.6199951171875,384326,AAPL,Apple,Nasdaq,USD,20260703_213727
2026-07-02 09:40:00-04:00,299.9750061035156,300.3299865722656,299.7799987792969,300.1300048828125,184912,AAPL,Apple,Nasdaq,USD,20260703_213727
2026-07-02 09:41:00-04:00,300.864990234375,300.92999267578125,299.8550109863281,299.9700012207031,230313,AAPL,Apple,Nasdaq,USD,20260703_213727
2026-07-02 09:42:00-04:00,300.7799987792969,301.1400146484375,300.5101013183594,300.8800048828125,401939,AAPL,Apple,Nasdaq,USD,20260703_213727
2026-07-02 09:43:00-04:00,300.45001220703125,301.1199951171875,300.3399963378906,300.7799987792969,195235,AAPL,Apple,Nasdaq,USD,20260703_213727
2026-07-02 09:44:00-04:00,300.3500061035156,300.7099914550781,300.260009765625,300.44000244140625,177277,AAPL,Apple,Nasdaq,USD,20260703_213727
2026-07-02 09:45:00-04:00,300.9800109863281,301.17999267578125,300.3800048828125,300.3800048828125,198028,AAPL,Apple,Nasdaq,USD,20260703_213727
2026-07-02 09:46:00-04:00,300.9200134277344,301.6997985839844,300.8299865722656,300.9649963378906,214435,AAPL,Apple,Nasdaq,USD,20260703_213727
2026-07-02 09:47:00-04:00,301.69000244140625,301.75,300.6700134277344,300.9100036621094,212118,AAPL,Apple,Nasdaq,USD,20260703_213727
2026-07-02 09:48:00-04:00,302.0874938964844,302.1094970703125,301.55999755859375,301.67999267578125,274465,AAPL,Apple,Nasdaq,USD,20260703_213727
2026-07-02 09:49:00-04:00,302.1700134277344,302.3546142578125,301.8810119628906,302.07501220703125,266386,AAPL,Apple,Nasdaq,USD,20260703_213727
2026-07-02 09:50:00-04:00,302.3299865722656,302.67999267578125,302.1300048828125,302.1499938964844,250889,AAPL,Apple,Nasdaq,USD,20260703_213727
2026-07-02 09:51:00-04:00,301.5899963378906,302.3349914550781,301.4700012207031,302.3349914550781,220691,AAPL,Apple,Nasdaq,USD,20260703_213727
2026-07-02 09:52:00-04:00,302.3800048828125,302.3999938964844,301.57000732421875,301.5899963378906,132526,AAPL,Apple,Nasdaq,USD,20260703_213727
2026-07-02 09:53:00-04:00,302.1700134277344,302.4353942871094,302.04998779296875,302.3800048828125,121901,AAPL,Apple,Nasdaq,USD,20260703_213727
2026-07-02 09:54:00-04:00,301.7550048828125,302.1600036621094,301.6400146484375,302.1600036621094,1968854,AAPL,Apple,Nasdaq,USD,20260703_213727
2026-07-02 09:55:00-04:00,301.8843078613281,301.9898986816406,301.4700927734375,301.75,140025,AAPL,Apple,Nasdaq,USD,20260703_213727
2026-07-02 09:56:00-04:00,301.864990234375,301.947509765625,301.6400146484375,301.9100036621094,167523,AAPL,Apple,Nasdaq,USD,20260703_213727
2026-07-02 09:57:00-04:00,302.0899963378906,302.1199951171875,301.864990234375,301.9200134277344,169033,AAPL,Apple,Nasdaq,USD,20260703_213727
2026-07-02 09:58:00-04:00,302.260009765625,302.4200134277344,302.0199890136719,302.060791015625,198315,AAPL,Apple,Nasdaq,USD,20260703_213727
2026-07-02 09:59:00-04:00,302.80999755859375,302.80999755859375,302.19000244140625,302.2900085449219,203320,AAPL,Apple,Nasdaq,USD,20260703_213727
2026-07-02 10:00:00-04:00,302.6900939941406,303.17498779296875,302.69000244140625,302.8500061035156,407126,AAPL,Apple,Nasdaq,USD,20260703_213727
2026-07-02 10:01:00-04:00,302.8599853515625,303.1300048828125,302.6700134277344,302.69000244140625,194760,AAPL,Apple,Nasdaq,USD,20260703_213727
2026-07-02 10:02:00-04:00,302.760009765625,303.0299987792969,302.6188049316406,302.8609924316406,151528,AAPL,Apple,Nasdaq,USD,20260703_213727
2026-07-02 10:03:00-04:00,302.989990234375,303.1600036621094,302.66009521484375,302.79998779296875,149761,AAPL,Apple,Nasdaq,USD,20260703_213727
2026-07-02 10:04:00-04:00,303.01031494140625,303.3900146484375,302.8599853515625,302.94500732421875,145782,AAPL,Apple,Nasdaq,USD,20260703_213727
2026-07-02 10:05:00-04:00,302.97198486328125,303.2900085449219,302.9599914550781,303.07000732421875,144476,AAPL,Apple,Nasdaq,USD,20260703_213727
2026-07-02 10:06:00-04:00,302.80999755859375,303.1099853515625,302.7101135253906,302.9649963378906,151871,AAPL,Apple,Nasdaq,USD,20260703_213727
2026-07-02 10:07:00-04:00,302.9649963378906,302.9700012207031,302.7300109863281,302.8399963378906,126195,AAPL,Apple,Nasdaq,USD,20260703_213727
2026-07-02 10:08:00-04:00,303.2349853515625,303.5,302.8399963378906,302.94000244140625,158493,AAPL,Apple,Nasdaq,USD,20260703_213727
2026-07-02 10:09:00-04:00,303.5350036621094,303.57000732421875,303.0400085449219,303.239990234375,319520,AAPL,Apple,Nasdaq,USD,20260703_213727
2026-07-02 10:10:00-04:00,303.19500732421875,303.5799865722656,303.1199951171875,303.54998779296875,171241,AAPL,Apple,Nasdaq,USD,20260703_213727
2026-07-02 10:11:00-04:00,303.7300109863281,303.7698974609375,303.2300109863281,303.2300109863281,235075,AAPL,Apple,Nasdaq,USD,20260703_213727
2026-07-02 10:12:00-04:00,304.0350036621094,304.0599060058594,303.6000061035156,303.739990234375,278142,AAPL,Apple,Nasdaq,USD,20260703_213727
2026-07-02 10:13:00-04:00,304.260009765625,304.5199890136719,303.9599914550781,304.0299987792969,370643,AAPL,Apple,Nasdaq,USD,20260703_213727
2026-07-02 10:14:00-04:00,303.7300109863281,304.2699890136719,303.1099853515625,304.268310546875,250766,AAPL,Apple,Nasdaq,USD,20260703_213727
2026-07-02 10:15:00-04:00,303.94000244140625,304.1700134277344,303.5899963378906,303.7449951171875,163011,AAPL,Apple,Nasdaq,USD,20260703_213727
2026-07-02 10:16:00-04:00,303.82989501953125,304.1000061035156,303.6400146484375,303.9150085449219,156320,AAPL,Apple,Nasdaq,USD,20260703_213727
2026-07-02 10:17:00-04:00,304.0899963378906,304.29998779296875,303.60009765625,303.8299865722656,146615,AAPL,Apple,Nasdaq,USD,20260703_213727
2026-07-02 10:18:00-04:00,303.7200012207031,304.1300048828125,303.6499938964844,304.05999755859375,106390,AAPL,Apple,Nasdaq,USD,20260703_213727
2026-07-02 10:19:00-04:00,304.3699951171875,304.5090026855469,303.7179870605469,303.75311279296875,193185,AAPL,Apple,Nasdaq,USD,20260703_213727
2026-07-02 10:20:00-04:00,304.54998779296875,304.75,304.239990234375,304.3949890136719,225006,AAPL,Apple,Nasdaq,USD,20260703_213727
2026-07-02 10:21:00-04:00,304.7349853515625,304.7569885253906,304.5,304.5799865722656,230435,AAPL,Apple,Nasdaq,USD,20260703_213727
2026-07-02 10:22:00-04:00,304.82989501953125,304.8599853515625,304.55999755859375,304.7200012207031,204825,AAPL,Apple,Nasdaq,USD,20260703_213727
2026-07-02 10:23:00-04:00,304.69500732421875,305.1099853515625,304.55999755859375,304.8299865722656,400998,AAPL,Apple,Nasdaq,USD,20260703_213727
2026-07-02 10:24:00-04:00,304.5617980957031,304.95001220703125,304.4700012207031,304.7200012207031,213038,AAPL,Apple,Nasdaq,USD,20260703_213727
2026-07-02 10:25:00-04:00,304.7300109863281,304.84991455078125,304.1289978027344,304.6064147949219,162681,AAPL,Apple,Nasdaq,USD,20260703_213727
2026-07-02 10:26:00-04:00,304.5050048828125,304.82000732421875,304.3500061035156,304.739990234375,161291,AAPL,Apple,Nasdaq,USD,20260703_213727
2026-07-02 10:27:00-04:00,304.4949951171875,304.885009765625,304.360107421875,304.5299987792969,212205,AAPL,Apple,Nasdaq,USD,20260703_213727
2026-07-02 10:28:00-04:00,304.70001220703125,304.8500061035156,304.3450012207031,304.5299987792969,171249,AAPL,Apple,Nasdaq,USD,20260703_213727
2026-07-02 10:29:00-04:00,305.04998779296875,305.32000732421875,304.5,304.7099914550781,211238,AAPL,Apple,Nasdaq,USD,20260703_213727
2026-07-02 10:30:00-04:00,305.239990234375,305.3389892578125,304.8500061035156,305.04400634765625,209182,AAPL,Apple,Nasdaq,USD,20260703_213727
2026-07-02 10:31:00-04:00,305.739990234375,305.964599609375,305.2200012207031,305.25,288714,AAPL,Apple,Nasdaq,USD,20260703_213727
2026-07-02 10:32:00-04:00,306.3450012207031,306.6398010253906,305.71240234375,305.739990234375,313436,AAPL,Apple,Nasdaq,USD,20260703_213727
2026-07-02 10:33:00-04:00,305.8900146484375,306.3800048828125,305.8706970214844,306.3699951171875,260122,AAPL,Apple,Nasdaq,USD,20260703_213727
2026-07-02 10:34:00-04:00,305.7099914550781,305.9200134277344,305.32000732421875,305.8999938964844,228864,AAPL,Apple,Nasdaq,USD,20260703_213727
2026-07-02 10:35:00-04:00,305.1650085449219,305.8500061035156,305.05999755859375,305.7200012207031,237920,AAPL,Apple,Nasdaq,USD,20260703_213727
2026-07-02 10:36:00-04:00,305.4800109863281,305.5274963378906,305.07000732421875,305.1600036621094,233842,AAPL,Apple,Nasdaq,USD,20260703_213727
2026-07-02 10:37:00-04:00,305.25,305.69000244140625,305.1499938964844,305.4649963378906,246577,AAPL,Apple,Nasdaq,USD,20260703_213727
2026-07-02 10:38:00-04:00,305.54791259765625,305.5599060058594,304.8800048828125,305.2699890136719,154884,AAPL,Apple,Nasdaq,USD,20260703_213727
2026-07-02 10:39:00-04:00,305.3800048828125,305.739990234375,305.239990234375,305.5400085449219,163306,AAPL,Apple,Nasdaq,USD,20260703_213727
2026-07-02 10:40:00-04:00,305.69000244140625,305.9200134277344,305.35009765625,305.3900146484375,139998,AAPL,Apple,Nasdaq,USD,20260703_213727
2026-07-02 10:41:00-04:00,305.64300537109375,306.0899963378906,305.5899963378906,305.6700134277344,163726,AAPL,Apple,Nasdaq,USD,20260703_213727
2026-07-02 10:42:00-04:00,306.07501220703125,306.1000061035156,305.5199890136719,305.6600036621094,205352,AAPL,Apple,Nasdaq,USD,20260703_213727
2026-07-02 10:43:00-04:00,305.9599914550781,306.19940185546875,305.7200012207031,306.1000061035156,161406,AAPL,Apple,Nasdaq,USD,20260703_213727
2026-07-02 10:44:00-04:00,306.4200134277344,306.4200134277344,305.9200134277344,305.989990234375,211542,AAPL,Apple,Nasdaq,USD,20260703_213727
2026-07-02 10:45:00-04:00,306.2300109863281,306.7749938964844,306.1900939941406,306.4200134277344,294175,AAPL,Apple,Nasdaq,USD,20260703_213727
2026-07-02 10:46:00-04:00,306.1650085449219,306.3399963378906,305.75,306.2099914550781,208585,AAPL,Apple,Nasdaq,USD,20260703_213727
2026-07-02 10:47:00-04:00,306.2799987792969,306.5299987792969,306.1199951171875,306.1650085449219,210988,AAPL,Apple,Nasdaq,USD,20260703_213727
2026-07-02 10:48:00-04:00,305.56500244140625,306.2799987792969,305.5400085449219,306.2799987792969,211654,AAPL,Apple,Nasdaq,USD,20260703_213727
2026-07-02 10:49:00-04:00,305.5199890136719,305.89990234375,305.5199890136719,305.56500244140625,148071,AAPL,Apple,Nasdaq,USD,20260703_213727
2026-07-02 10:50:00-04:00,305.5,305.95001220703125,305.30010986328125,305.5199890136719,167438,AAPL,Apple,Nasdaq,USD,20260703_213727
2026-07-02 10:51:00-04:00,305.92498779296875,305.94000244140625,305.489990234375,305.5,119529,AAPL,Apple,Nasdaq,USD,20260703_213727
2026-07-02 10:52:00-04:00,306.1488037109375,306.2799987792969,305.8999938964844,305.8999938964844,176020,AAPL,Apple,Nasdaq,USD,20260703_213727
2026-07-02 10:53:00-04:00,306.489990234375,306.5,306.04998779296875,306.135009765625,137390,AAPL,Apple,Nasdaq,USD,20260703_213727
2026-07-02 10:54:00-04:00,306.30999755859375,306.4700012207031,306.1600036621094,306.4700012207031,144751,AAPL,Apple,Nasdaq,USD,20260703_213727
2026-07-02 10:55:00-04:00,306.3949890136719,306.5199890136719,306.30999755859375,306.30999755859375,130436,AAPL,Apple,Nasdaq,USD,20260703_213727
2026-07-02 10:56:00-04:00,306.6400146484375,306.69000244140625,306.3100891113281,306.4200134277344,152744,AAPL,Apple,Nasdaq,USD,20260703_213727
2026-07-02 10:57:00-04:00,306.75,306.8900146484375,306.4700012207031,306.6300048828125,150480,AAPL,Apple,Nasdaq,USD,20260703_213727
2026-07-02 10:58:00-04:00,306.75,307.0400085449219,306.7300109863281,306.7699890136719,324713,AAPL,Apple,Nasdaq,USD,20260703_213727
2026-07-02 10:59:00-04:00,306.87799072265625,306.8999938964844,306.54998779296875,306.7900085449219,208476,AAPL,Apple,Nasdaq,USD,20260703_213727
2026-07-02 11:00:00-04:00,307.4750061035156,307.5299987792969,306.7879943847656,306.8999938964844,277220,AAPL,Apple,Nasdaq,USD,20260703_213727
2026-07-02 11:01:00-04:00,307.6700134277344,307.760009765625,307.1099853515625,307.45001220703125,196838,AAPL,Apple,Nasdaq,USD,20260703_213727
2026-07-02 11:02:00-04:00,307.53948974609375,307.82000732421875,307.3293151855469,307.6499938964844,199075,AAPL,Apple,Nasdaq,USD,20260703_213727
2026-07-02 11:03:00-04:00,307.0893859863281,307.6199951171875,307.05499267578125,307.5400085449219,152923,AAPL,Apple,Nasdaq,USD,20260703_213727
2026-07-02 11:04:00-04:00,306.635009765625,307.239990234375,306.5899963378906,307.1000061035156,193961,AAPL,Apple,Nasdaq,USD,20260703_213727
2026-07-02 11:05:00-04:00,306.17999267578125,306.8900146484375,306.15301513671875,306.6300964355469,217717,AAPL,Apple,Nasdaq,USD,20260703_213727
2026-07-02 11:06:00-04:00,306.114990234375,306.30999755859375,305.8599853515625,306.1700134277344,202733,AAPL,Apple,Nasdaq,USD,20260703_213727
2026-07-02 11:07:00-04:00,305.7699890136719,306.1300048828125,305.4100036621094,306.1199951171875,273000,AAPL,Apple,Nasdaq,USD,20260703_213727
2026-07-02 11:08:00-04:00,306.2900085449219,306.4549865722656,305.68499755859375,305.739990234375,206110,AAPL,Apple,Nasdaq,USD,20260703_213727
2026-07-02 11:09:00-04:00,306.8999938964844,306.8999938964844,306.2261962890625,306.2850036621094,226462,AAPL,Apple,Nasdaq,USD,20260703_213727
2026-07-02 11:10:00-04:00,306.6400146484375,306.9800109863281,306.3949890136719,306.9200134277344,248889,AAPL,Apple,Nasdaq,USD,20260703_213727
2026-07-02 11:11:00-04:00,306.79998779296875,306.79998779296875,306.3500061035156,306.6400146484375,181782,AAPL,Apple,Nasdaq,USD,20260703_213727
2026-07-02 11:12:00-04:00,307.0899963378906,307.0899963378906,306.67999267578125,306.7799987792969,134583,AAPL,Apple,Nasdaq,USD,20260703_213727
2026-07-02 11:13:00-04:00,307.410400390625,307.6000061035156,306.8699951171875,307.06500244140625,204067,AAPL,Apple,Nasdaq,USD,20260703_213727
2026-07-02 11:14:00-04:00,307.41448974609375,307.7900085449219,307.3555908203125,307.4200134277344,202259,AAPL,Apple,Nasdaq,USD,20260703_213727
2026-07-02 11:15:00-04:00,306.92999267578125,307.44000244140625,306.92999267578125,307.44000244140625,185092,AAPL,Apple,Nasdaq,USD,20260703_213727
2026-07-02 11:16:00-04:00,306.3500061035156,307.0050048828125,306.2633972167969,306.94500732421875,98878,AAPL,Apple,Nasdaq,USD,20260703_213727
2026-07-02 11:17:00-04:00,306.8999938964844,306.8999938964844,306.0700988769531,306.3500061035156,177215,AAPL,Apple,Nasdaq,USD,20260703_213727
2026-07-02 11:18:00-04:00,307.19000244140625,307.3500061035156,306.80999755859375,306.8999938964844,184951,AAPL,Apple,Nasdaq,USD,20260703_213727
2026-07-02 11:19:00-04:00,307.0400085449219,307.239990234375,306.7950134277344,307.2099914550781,118786,AAPL,Apple,Nasdaq,USD,20260703_213727
2026-07-02 11:20:00-04:00,306.9599914550781,307.1499938964844,306.67999267578125,307.0849914550781,157607,AAPL,Apple,Nasdaq,USD,20260703_213727
2026-07-02 11:21:00-04:00,306.9649963378906,307.04998779296875,306.760009765625,306.9849853515625,157326,AAPL,Apple,Nasdaq,USD,20260703_213727
2026-07-02 11:22:00-04:00,306.92498779296875,307.010009765625,306.8299865722656,306.9599914550781,104098,AAPL,Apple,Nasdaq,USD,20260703_213727
2026-07-02 11:23:00-04:00,307.05999755859375,307.1099853515625,306.7349853515625,306.9100036621094,113328,AAPL,Apple,Nasdaq,USD,20260703_213727
2026-07-02 11:24:00-04:00,307.2550048828125,307.30999755859375,307.04998779296875,307.05999755859375,126431,AAPL,Apple,Nasdaq,USD,20260703_213727
2026-07-02 11:25:00-04:00,306.739990234375,307.2900085449219,306.6199951171875,307.2850036621094,151699,AAPL,Apple,Nasdaq,USD,20260703_213727
2026-07-02 11:26:00-04:00,306.2699890136719,306.79998779296875,306.20001220703125,306.7449951171875,143686,AAPL,Apple,Nasdaq,USD,20260703_213727
2026-07-02 11:27:00-04:00,305.6499938964844,306.4200134277344,305.6099853515625,306.2701110839844,160680,AAPL,Apple,Nasdaq,USD,20260703_213727
2026-07-02 11:28:00-04:00,305.6650085449219,305.7099914550781,305.3800048828125,305.6600036621094,154198,AAPL,Apple,Nasdaq,USD,20260703_213727
2026-07-02 11:29:00-04:00,305.4150085449219,305.75,305.2799987792969,305.69000244140625,165441,AAPL,Apple,Nasdaq,USD,20260703_213727
2026-07-02 11:30:00-04:00,305.8399963378906,305.9800109863281,305.4200134277344,305.4200134277344,114442,AAPL,Apple,Nasdaq,USD,20260703_213727
2026-07-02 11:31:00-04:00,306.3550109863281,306.5,305.8299865722656,305.84368896484375,148648,AAPL,Apple,Nasdaq,USD,20260703_213727
2026-07-02 11:32:00-04:00,306.6099853515625,306.67999267578125,306.3399963378906,306.3599853515625,97890,AAPL,Apple,Nasdaq,USD,20260703_213727
2026-07-02 11:33:00-04:00,306.619384765625,306.7900085449219,306.5199890136719,306.625,88709,AAPL,Apple,Nasdaq,USD,20260703_213727
2026-07-02 11:34:00-04:00,306.2349853515625,306.6499938964844,306.0400085449219,306.5950012207031,121979,AAPL,Apple,Nasdaq,USD,20260703_213727
2026-07-02 11:35:00-04:00,306.2699890136719,306.44989013671875,306.18011474609375,306.2699890136719,92920,AAPL,Apple,Nasdaq,USD,20260703_213727
2026-07-02 11:36:00-04:00,306.3351135253906,306.44000244140625,306.1199951171875,306.25,105923,AAPL,Apple,Nasdaq,USD,20260703_213727
2026-07-02 11:37:00-04:00,306.82000732421875,306.8299865722656,306.28009033203125,306.3349914550781,137812,AAPL,Apple,Nasdaq,USD,20260703_213727
2026-07-02 11:38:00-04:00,306.6400146484375,306.8999938964844,306.29010009765625,306.7900085449219,140797,AAPL,Apple,Nasdaq,USD,20260703_213727
2026-07-02 11:39:00-04:00,306.5299987792969,306.760009765625,306.4601135253906,306.6400146484375,99018,AAPL,Apple,Nasdaq,USD,20260703_213727
2026-07-02 11:40:00-04:00,306.29840087890625,306.6000061035156,306.1499938964844,306.54998779296875,85303,AAPL,Apple,Nasdaq,USD,20260703_213727
2026-07-02 11:41:00-04:00,306.4150085449219,306.5299987792969,306.239990234375,306.29998779296875,102798,AAPL,Apple,Nasdaq,USD,20260703_213727
2026-07-02 11:42:00-04:00,306.2449951171875,306.4599914550781,306.0450134277344,306.4150085449219,117275,AAPL,Apple,Nasdaq,USD,20260703_213727
2026-07-02 11:43:00-04:00,305.8299865722656,306.2449951171875,305.8299865722656,306.2300109863281,80932,AAPL,Apple,Nasdaq,USD,20260703_213727
2026-07-02 11:44:00-04:00,305.67498779296875,305.9599914550781,305.6499938964844,305.8450012207031,85521,AAPL,Apple,Nasdaq,USD,20260703_213727
2026-07-02 11:45:00-04:00,305.875,305.9599914550781,305.70001220703125,305.7300109863281,68149,AAPL,Apple,Nasdaq,USD,20260703_213727
2026-07-02 11:46:00-04:00,305.5159912109375,305.89990234375,305.4700012207031,305.8800048828125,80077,AAPL,Apple,Nasdaq,USD,20260703_213727
2026-07-02 11:47:00-04:00,305.7300109863281,305.7699890136719,305.3299865722656,305.5299987792969,121006,AAPL,Apple,Nasdaq,USD,20260703_213727
2026-07-02 11:48:00-04:00,305.8450012207031,306.1199951171875,305.6099853515625,305.7099914550781,87171,AAPL,Apple,Nasdaq,USD,20260703_213727
2026-07-02 11:49:00-04:00,305.80999755859375,305.92999267578125,305.6050109863281,305.8599853515625,73257,AAPL,Apple,Nasdaq,USD,20260703_213727
2026-07-02 11:50:00-04:00,305.42999267578125,305.7749938964844,305.3450012207031,305.7200927734375,86906,AAPL,Apple,Nasdaq,USD,20260703_213727
2026-07-02 11:51:00-04:00,305.5249938964844,305.6600036621094,305.2799987792969,305.4200134277344,97811,AAPL,Apple,Nasdaq,USD,20260703_213727
2026-07-02 11:52:00-04:00,305.7099914550781,305.739990234375,305.43499755859375,305.5400085449219,75418,AAPL,Apple,Nasdaq,USD,20260703_213727
2026-07-02 11:53:00-04:00,305.8699951171875,305.9750061035156,305.67999267578125,305.739990234375,83039,AAPL,Apple,Nasdaq,USD,20260703_213727
2026-07-02 11:54:00-04:00,305.95001220703125,306.0899963378906,305.8599853515625,305.875,69254,AAPL,Apple,Nasdaq,USD,20260703_213727
2026-07-02 11:55:00-04:00,305.739990234375,306.04998779296875,305.6400146484375,305.9501037597656,77235,AAPL,Apple,Nasdaq,USD,20260703_213727
2026-07-02 11:56:00-04:00,305.7699890136719,305.79998779296875,305.5150146484375,305.7200012207031,97561,AAPL,Apple,Nasdaq,USD,20260703_213727
2026-07-02 11:57:00-04:00,305.68499755859375,305.94000244140625,305.67401123046875,305.7900085449219,66547,AAPL,Apple,Nasdaq,USD,20260703_213727
2026-07-02 11:58:00-04:00,305.9750061035156,305.9750061035156,305.6199951171875,305.68499755859375,111155,AAPL,Apple,Nasdaq,USD,20260703_213727
2026-07-02 11:59:00-04:00,305.625,306.0,305.5899963378906,305.9649963378906,110523,AAPL,Apple,Nasdaq,USD,20260703_213727
2026-07-02 12:00:00-04:00,305.94000244140625,305.989990234375,305.6105041503906,305.6400146484375,90615,AAPL,Apple,Nasdaq,USD,20260703_213727
2026-07-02 12:01:00-04:00,306.2799987792969,306.364990234375,305.8999938964844,305.9649963378906,160024,AAPL,Apple,Nasdaq,USD,20260703_213727
2026-07-02 12:02:00-04:00,306.2650146484375,306.29998779296875,306.1099853515625,306.2900085449219,106660,AAPL,Apple,Nasdaq,USD,20260703_213727
2026-07-02 12:03:00-04:00,306.55999755859375,306.5780029296875,306.0899963378906,306.2898864746094,143493,AAPL,Apple,Nasdaq,USD,20260703_213727
2026-07-02 12:04:00-04:00,306.69500732421875,306.7101135253906,306.4324035644531,306.5400085449219,79645,AAPL,Apple,Nasdaq,USD,20260703_213727
2026-07-02 12:05:00-04:00,306.6849060058594,306.8551025390625,306.6200866699219,306.70989990234375,123749,AAPL,Apple,Nasdaq,USD,20260703_213727
2026-07-02 12:06:00-04:00,306.7300109863281,306.79998779296875,306.6000061035156,306.69500732421875,80544,AAPL,Apple,Nasdaq,USD,20260703_213727
2026-07-02 12:07:00-04:00,306.7049865722656,306.94989013671875,306.6499938964844,306.7349853515625,137760,AAPL,Apple,Nasdaq,USD,20260703_213727
2026-07-02 12:08:00-04:00,306.7250061035156,306.75,306.4800109863281,306.6925048828125,87188,AAPL,Apple,Nasdaq,USD,20260703_213727
2026-07-02 12:09:00-04:00,306.6400146484375,306.885009765625,306.4599914550781,306.7250061035156,87383,AAPL,Apple,Nasdaq,USD,20260703_213727
2026-07-02 12:10:00-04:00,306.8299865722656,306.8699035644531,306.55499267578125,306.6199951171875,83033,AAPL,Apple,Nasdaq,USD,20260703_213727
2026-07-02 12:11:00-04:00,306.8299865722656,307.0398864746094,306.79998779296875,306.8598937988281,167662,AAPL,Apple,Nasdaq,USD,20260703_213727
2026-07-02 12:12:00-04:00,306.7799072265625,306.8299865722656,306.54998779296875,306.8299865722656,67216,AAPL,Apple,Nasdaq,USD,20260703_213727
2026-07-02 12:13:00-04:00,306.75,307.0199890136719,306.6600036621094,306.7850036621094,117582,AAPL,Apple,Nasdaq,USD,20260703_213727
2026-07-02 12:14:00-04:00,307.0544128417969,307.0849914550781,306.5799865722656,306.7598876953125,112314,AAPL,Apple,Nasdaq,USD,20260703_213727
2026-07-02 12:15:00-04:00,307.6099853515625,307.82000732421875,306.95001220703125,307.0450134277344,357616,AAPL,Apple,Nasdaq,USD,20260703_213727
2026-07-02 12:16:00-04:00,307.7799987792969,307.8900146484375,307.5675048828125,307.5799865722656,303788,AAPL,Apple,Nasdaq,USD,20260703_213727
2026-07-02 12:17:00-04:00,307.3800048828125,307.8800048828125,307.19000244140625,307.7799987792969,318484,AAPL,Apple,Nasdaq,USD,20260703_213727
2026-07-02 12:18:00-04:00,307.80499267578125,307.8450012207031,307.1600036621094,307.385009765625,139149,AAPL,Apple,Nasdaq,USD,20260703_213727
2026-07-02 12:19:00-04:00,307.7301025390625,307.9200134277344,307.70001220703125,307.79998779296875,177406,AAPL,Apple,Nasdaq,USD,20260703_213727
2026-07-02 12:20:00-04:00,307.5299987792969,307.7799987792969,307.4200134277344,307.739990234375,135853,AAPL,Apple,Nasdaq,USD,20260703_213727
2026-07-02 12:21:00-04:00,307.3999938964844,307.69000244140625,307.3900146484375,307.4800109863281,90369,AAPL,Apple,Nasdaq,USD,20260703_213727
2026-07-02 12:22:00-04:00,307.5600891113281,307.70001220703125,307.3550109863281,307.4049987792969,105253,AAPL,Apple,Nasdaq,USD,20260703_213727
2026-07-02 12:23:00-04:00,307.69000244140625,307.7398986816406,307.4700012207031,307.6000061035156,104286,AAPL,Apple,Nasdaq,USD,20260703_213727
2026-07-02 12:24:00-04:00,307.79998779296875,307.9100036621094,307.6000061035156,307.68499755859375,136942,AAPL,Apple,Nasdaq,USD,20260703_213727
2026-07-02 12:25:00-04:00,308.4201965332031,308.45001220703125,307.80999755859375,307.80999755859375,253254,AAPL,Apple,Nasdaq,USD,20260703_213727
2026-07-02 12:26:00-04:00,308.0400085449219,308.44989013671875,308.0,308.42498779296875,168446,AAPL,Apple,Nasdaq,USD,20260703_213727
2026-07-02 12:27:00-04:00,307.9700012207031,308.093505859375,307.69000244140625,308.0400085449219,115816,AAPL,Apple,Nasdaq,USD,20260703_213727
2026-07-02 12:28:00-04:00,308.1453857421875,308.17999267578125,307.768310546875,307.9700012207031,105120,AAPL,Apple,Nasdaq,USD,20260703_213727
2026-07-02 12:29:00-04:00,308.0899963378906,308.1700134277344,307.9800109863281,308.135009765625,118920,AAPL,Apple,Nasdaq,USD,20260703_213727
2026-07-02 12:30:00-04:00,308.2250061035156,308.2799072265625,308.0350036621094,308.0899963378906,120956,AAPL,Apple,Nasdaq,USD,20260703_213727
2026-07-02 12:31:00-04:00,308.010009765625,308.2799987792969,307.760009765625,308.239990234375,117082,AAPL,Apple,Nasdaq,USD,20260703_213727
2026-07-02 12:32:00-04:00,307.9200134277344,308.0398864746094,307.739990234375,308.0199890136719,74004,AAPL,Apple,Nasdaq,USD,20260703_213727
2026-07-02 12:33:00-04:00,308.3599853515625,308.4800109863281,307.90179443359375,307.90179443359375,152175,AAPL,Apple,Nasdaq,USD,20260703_213727
2026-07-02 12:34:00-04:00,308.45001220703125,308.4599914550781,308.17999267578125,308.3500061035156,96875,AAPL,Apple,Nasdaq,USD,20260703_213727
2026-07-02 12:35:00-04:00,308.2749938964844,308.4200134277344,308.2200012207031,308.4200134277344,97549,AAPL,Apple,Nasdaq,USD,20260703_213727
2026-07-02 12:36:00-04:00,308.3799133300781,308.4100036621094,308.19000244140625,308.2749938964844,113403,AAPL,Apple,Nasdaq,USD,20260703_213727
2026-07-02 12:37:00-04:00,308.3399963378906,308.42999267578125,308.17999267578125,308.364990234375,126061,AAPL,Apple,Nasdaq,USD,20260703_213727
2026-07-02 12:38:00-04:00,308.21990966796875,308.3999938964844,308.06500244140625,308.3349914550781,164933,AAPL,Apple,Nasdaq,USD,20260703_213727
2026-07-02 12:39:00-04:00,308.1099853515625,308.2799987792969,307.9200134277344,308.2049865722656,159675,AAPL,Apple,Nasdaq,USD,20260703_213727
2026-07-02 12:40:00-04:00,307.7701110839844,308.1700134277344,307.75,308.1300048828125,136158,AAPL,Apple,Nasdaq,USD,20260703_213727
2026-07-02 12:41:00-04:00,307.4750061035156,307.8999938964844,307.3500061035156,307.75,168332,AAPL,Apple,Nasdaq,USD,20260703_213727
2026-07-02 12:42:00-04:00,307.4200134277344,307.5950012207031,307.2099914550781,307.4750061035156,167896,AAPL,Apple,Nasdaq,USD,20260703_213727
2026-07-02 12:43:00-04:00,307.2550048828125,307.44000244140625,307.04998779296875,307.3900146484375,80495,AAPL,Apple,Nasdaq,USD,20260703_213727
2026-07-02 12:44:00-04:00,307.45001220703125,307.55999755859375,307.2699890136719,307.2699890136719,78516,AAPL,Apple,Nasdaq,USD,20260703_213727
2026-07-02 12:45:00-04:00,307.260009765625,307.4549865722656,307.1152038574219,307.4501037597656,63701,AAPL,Apple,Nasdaq,USD,20260703_213727
2026-07-02 12:46:00-04:00,306.989990234375,307.3399963378906,306.92999267578125,307.25,102554,AAPL,Apple,Nasdaq,USD,20260703_213727
2026-07-02 12:47:00-04:00,307.625,307.6600036621094,306.6700134277344,306.989990234375,139199,AAPL,Apple,Nasdaq,USD,20260703_213727
2026-07-02 12:48:00-04:00,307.55499267578125,307.8699951171875,307.3599853515625,307.625,110817,AAPL,Apple,Nasdaq,USD,20260703_213727
2026-07-02 12:49:00-04:00,307.7799987792969,307.8299865722656,307.55999755859375,307.57000732421875,114235,AAPL,Apple,Nasdaq,USD,20260703_213727
2026-07-02 12:50:00-04:00,307.635009765625,307.8800048828125,307.5,307.80999755859375,150968,AAPL,Apple,Nasdaq,USD,20260703_213727
2026-07-02 12:51:00-04:00,307.7250061035156,307.96990966796875,307.6000061035156,307.6300048828125,149730,AAPL,Apple,Nasdaq,USD,20260703_213727
2026-07-02 12:52:00-04:00,308.2900085449219,308.29998779296875,307.7099914550781,307.7250061035156,119461,AAPL,Apple,Nasdaq,USD,20260703_213727
2026-07-02 12:53:00-04:00,308.2200012207031,308.36248779296875,308.085205078125,308.2900085449219,101305,AAPL,Apple,Nasdaq,USD,20260703_213727
2026-07-02 12:54:00-04:00,308.2650146484375,308.447998046875,308.2200012207031,308.2200012207031,130564,AAPL,Apple,Nasdaq,USD,20260703_213727
2026-07-02 12:55:00-04:00,308.3949890136719,308.5299072265625,308.2300109863281,308.260009765625,128115,AAPL,Apple,Nasdaq,USD,20260703_213727
2026-07-02 12:56:00-04:00,308.2799987792969,308.4800109863281,308.260009765625,308.3999938964844,93644,AAPL,Apple,Nasdaq,USD,20260703_213727
2026-07-02 12:57:00-04:00,308.260009765625,308.5150146484375,308.1400146484375,308.2950134277344,146555,AAPL,Apple,Nasdaq,USD,20260703_213727
2026-07-02 12:58:00-04:00,308.3598937988281,308.3800048828125,307.9599914550781,308.2650146484375,107150,AAPL,Apple,Nasdaq,USD,20260703_213727
2026-07-02 12:59:00-04:00,308.30999755859375,308.3949890136719,308.06500244140625,308.32000732421875,102511,AAPL,Apple,Nasdaq,USD,20260703_213727
2026-07-02 13:00:00-04:00,307.9649963378906,308.45001220703125,307.5899963378906,308.29998779296875,287919,AAPL,Apple,Nasdaq,USD,20260703_213727
2026-07-02 13:01:00-04:00,307.82989501953125,307.9750061035156,307.70001220703125,307.94000244140625,142607,AAPL,Apple,Nasdaq,USD,20260703_213727
2026-07-02 13:02:00-04:00,307.7301025390625,307.9599914550781,307.67010498046875,307.81500244140625,96128,AAPL,Apple,Nasdaq,USD,20260703_213727
2026-07-02 13:03:00-04:00,307.5400085449219,307.760009765625,307.4200134277344,307.739990234375,120424,AAPL,Apple,Nasdaq,USD,20260703_213727
2026-07-02 13:04:00-04:00,307.3699951171875,307.6199951171875,307.2049865722656,307.5299987792969,127124,AAPL,Apple,Nasdaq,USD,20260703_213727
2026-07-02 13:05:00-04:00,307.1499938964844,307.4700012207031,307.0899963378906,307.3500061035156,103794,AAPL,Apple,Nasdaq,USD,20260703_213727
2026-07-02 13:06:00-04:00,307.5299072265625,307.53759765625,307.1000061035156,307.1449890136719,60452,AAPL,Apple,Nasdaq,USD,20260703_213727
2026-07-02 13:07:00-04:00,307.8299865722656,307.9100036621094,307.2699890136719,307.54998779296875,75227,AAPL,Apple,Nasdaq,USD,20260703_213727
2026-07-02 13:08:00-04:00,307.9432067871094,308.0899963378906,307.7850036621094,307.8299865722656,99792,AAPL,Apple,Nasdaq,USD,20260703_213727
2026-07-02 13:09:00-04:00,308.2799987792969,308.30999755859375,307.9599914550781,307.9700012207031,80525,AAPL,Apple,Nasdaq,USD,20260703_213727
2026-07-02 13:10:00-04:00,307.92999267578125,308.32000732421875,307.8900146484375,308.29998779296875,156906,AAPL,Apple,Nasdaq,USD,20260703_213727
2026-07-02 13:11:00-04:00,308.18499755859375,308.29998779296875,307.8699951171875,307.9700012207031,149400,AAPL,Apple,Nasdaq,USD,20260703_213727
2026-07-02 13:12:00-04:00,308.0397033691406,308.19000244140625,307.8699951171875,308.1499938964844,106606,AAPL,Apple,Nasdaq,USD,20260703_213727
2026-07-02 13:13:00-04:00,307.989990234375,308.0299987792969,307.8699951171875,308.0150146484375,70969,AAPL,Apple,Nasdaq,USD,20260703_213727
2026-07-02 13:14:00-04:00,308.2099914550781,308.2099914550781,307.8800964355469,307.9800109863281,87134,AAPL,Apple,Nasdaq,USD,20260703_213727
2026-07-02 13:15:00-04:00,308.2799987792969,308.30999755859375,308.114990234375,308.2099914550781,141358,AAPL,Apple,Nasdaq,USD,20260703_213727
2026-07-02 13:16:00-04:00,308.1099853515625,308.31988525390625,308.0299987792969,308.2651062011719,122082,AAPL,Apple,Nasdaq,USD,20260703_213727
2026-07-02 13:17:00-04:00,307.8900146484375,308.1199951171875,307.8599853515625,308.1199951171875,102269,AAPL,Apple,Nasdaq,USD,20260703_213727
2026-07-02 13:18:00-04:00,308.0400085449219,308.1700134277344,307.82000732421875,307.9100036621094,96451,AAPL,Apple,Nasdaq,USD,20260703_213727
2026-07-02 13:19:00-04:00,307.75,308.0498962402344,307.6499938964844,308.0400085449219,123236,AAPL,Apple,Nasdaq,USD,20260703_213727
2026-07-02 13:20:00-04:00,307.75,307.9100036621094,307.6700134277344,307.7799987792969,85810,AAPL,Apple,Nasdaq,USD,20260703_213727
2026-07-02 13:21:00-04:00,307.7300109863281,307.92999267578125,307.6512145996094,307.760009765625,94126,AAPL,Apple,Nasdaq,USD,20260703_213727
2026-07-02 13:22:00-04:00,307.9100036621094,307.95001220703125,307.75,307.760009765625,80700,AAPL,Apple,Nasdaq,USD,20260703_213727
2026-07-02 13:23:00-04:00,307.9200134277344,307.9898986816406,307.80999755859375,307.8900146484375,63065,AAPL,Apple,Nasdaq,USD,20260703_213727
2026-07-02 13:24:00-04:00,307.8599853515625,307.9599914550781,307.7300109863281,307.92999267578125,64605,AAPL,Apple,Nasdaq,USD,20260703_213727
2026-07-02 13:25:00-04:00,307.7099914550781,307.8699951171875,307.70001220703125,307.8599853515625,56634,AAPL,Apple,Nasdaq,USD,20260703_213727
2026-07-02 13:26:00-04:00,307.2622985839844,307.7576904296875,307.260009765625,307.7099914550781,57120,AAPL,Apple,Nasdaq,USD,20260703_213727
2026-07-02 13:27:00-04:00,307.739990234375,307.7650146484375,307.260009765625,307.260009765625,68479,AAPL,Apple,Nasdaq,USD,20260703_213727
2026-07-02 13:28:00-04:00,307.8349914550781,307.8800048828125,307.760009765625,307.7799987792969,81235,AAPL,Apple,Nasdaq,USD,20260703_213727
2026-07-02 13:29:00-04:00,307.80499267578125,307.9100036621094,307.7099914550781,307.82000732421875,37903,AAPL,Apple,Nasdaq,USD,20260703_213727
2026-07-02 13:30:00-04:00,307.739990234375,307.8699951171875,307.67999267578125,307.80499267578125,68787,AAPL,Apple,Nasdaq,USD,20260703_213727
2026-07-02 13:31:00-04:00,307.93499755859375,308.07000732421875,307.739990234375,307.739990234375,95657,AAPL,Apple,Nasdaq,USD,20260703_213727
2026-07-02 13:32:00-04:00,307.96990966796875,308.04998779296875,307.840087890625,307.93499755859375,60393,AAPL,Apple,Nasdaq,USD,20260703_213727
2026-07-02 13:33:00-04:00,307.9800109863281,308.1000061035156,307.927001953125,307.95001220703125,82265,AAPL,Apple,Nasdaq,USD,20260703_213727
2026-07-02 13:34:00-04:00,307.5400085449219,308.06500244140625,307.4700012207031,307.9800109863281,128921,AAPL,Apple,Nasdaq,USD,20260703_213727
2026-07-02 13:35:00-04:00,307.4750061035156,307.875,307.4200134277344,307.5,97267,AAPL,Apple,Nasdaq,USD,20260703_213727
2026-07-02 13:36:00-04:00,307.7550048828125,307.8900146484375,307.43011474609375,307.4750061035156,80060,AAPL,Apple,Nasdaq,USD,20260703_213727
2026-07-02 13:37:00-04:00,307.6600036621094,307.8500061035156,307.54998779296875,307.7799987792969,87941,AAPL,Apple,Nasdaq,USD,20260703_213727
2026-07-02 13:38:00-04:00,307.9700012207031,307.9800109863281,307.6499938964844,307.6499938964844,81124,AAPL,Apple,Nasdaq,USD,20260703_213727
2026-07-02 13:39:00-04:00,307.8299865722656,308.0299987792969,307.7749938964844,307.9700012207031,90039,AAPL,Apple,Nasdaq,USD,20260703_213727
2026-07-02 13:40:00-04:00,307.8349914550781,307.8800048828125,307.6400146484375,307.8299865722656,115836,AAPL,Apple,Nasdaq,USD,20260703_213727
2026-07-02 13:41:00-04:00,308.0299987792969,308.0899963378906,307.7550048828125,307.8399963378906,71509,AAPL,Apple,Nasdaq,USD,20260703_213727
2026-07-02 13:42:00-04:00,307.92999267578125,308.05999755859375,307.8500061035156,308.0599060058594,70822,AAPL,Apple,Nasdaq,USD,20260703_213727
2026-07-02 13:43:00-04:00,308.0400085449219,308.04998779296875,307.79998779296875,307.94000244140625,95050,AAPL,Apple,Nasdaq,USD,20260703_213727
2026-07-02 13:44:00-04:00,308.17999267578125,308.17999267578125,307.875,308.0400085449219,80351,AAPL,Apple,Nasdaq,USD,20260703_213727
2026-07-02 13:45:00-04:00,308.2300109863281,308.29998779296875,308.0199890136719,308.1700134277344,137567,AAPL,Apple,Nasdaq,USD,20260703_213727
2026-07-02 13:46:00-04:00,308.0249938964844,308.2900085449219,308.0,308.2900085449219,115918,AAPL,Apple,Nasdaq,USD,20260703_213727
2026-07-02 13:47:00-04:00,307.67999267578125,308.0899963378906,307.6400146484375,308.0400085449219,101054,AAPL,Apple,Nasdaq,USD,20260703_213727
2026-07-02 13:48:00-04:00,308.0599060058594,308.0888977050781,307.4800109863281,307.67498779296875,102011,AAPL,Apple,Nasdaq,USD,20260703_213727
2026-07-02 13:49:00-04:00,307.9800109863281,308.17999267578125,307.739990234375,308.0367126464844,178011,AAPL,Apple,Nasdaq,USD,20260703_213727
2026-07-02 13:50:00-04:00,307.90289306640625,308.04071044921875,307.7900085449219,307.9800109863281,260684,AAPL,Apple,Nasdaq,USD,20260703_213727
2026-07-02 13:51:00-04:00,308.0,308.1000061035156,307.8949890136719,307.95001220703125,82459,AAPL,Apple,Nasdaq,USD,20260703_213727
2026-07-02 13:52:00-04:00,307.7900085449219,308.0299987792969,307.7200012207031,308.0,97424,AAPL,Apple,Nasdaq,USD,20260703_213727
2026-07-02 13:53:00-04:00,307.7300109863281,307.9739990234375,307.7250061035156,307.7900085449219,71262,AAPL,Apple,Nasdaq,USD,20260703_213727
2026-07-02 13:54:00-04:00,307.79998779296875,307.889892578125,307.67999267578125,307.7250061035156,55474,AAPL,Apple,Nasdaq,USD,20260703_213727
2026-07-02 13:55:00-04:00,307.4599914550781,307.82000732421875,307.38018798828125,307.7200012207031,75990,AAPL,Apple,Nasdaq,USD,20260703_213727
2026-07-02 13:56:00-04:00,307.489990234375,307.5050048828125,307.3599853515625,307.40008544921875,50944,AAPL,Apple,Nasdaq,USD,20260703_213727
2026-07-02 13:57:00-04:00,307.3999938964844,307.5899963378906,307.2699890136719,307.4599914550781,98036,AAPL,Apple,Nasdaq,USD,20260703_213727
2026-07-02 13:58:00-04:00,307.31500244140625,307.5199890136719,307.260009765625,307.3999938964844,55827,AAPL,Apple,Nasdaq,USD,20260703_213727
2026-07-02 13:59:00-04:00,307.32000732421875,307.3399963378906,307.10009765625,307.31500244140625,94000,AAPL,Apple,Nasdaq,USD,20260703_213727
2026-07-02 14:00:00-04:00,307.62188720703125,307.75,307.1449890136719,307.3500061035156,137314,AAPL,Apple,Nasdaq,USD,20260703_213727
2026-07-02 14:01:00-04:00,307.5849914550781,307.6400146484375,307.4599914550781,307.6400146484375,97881,AAPL,Apple,Nasdaq,USD,20260703_213727
2026-07-02 14:02:00-04:00,307.2699890136719,307.6549987792969,307.2650146484375,307.5899963378906,137455,AAPL,Apple,Nasdaq,USD,20260703_213727
2026-07-02 14:03:00-04:00,307.3699951171875,307.3699951171875,307.1600036621094,307.2650146484375,71674,AAPL,Apple,Nasdaq,USD,20260703_213727
2026-07-02 14:04:00-04:00,307.6449890136719,307.7998962402344,307.3999938964844,307.3999938964844,73854,AAPL,Apple,Nasdaq,USD,20260703_213727
2026-07-02 14:05:00-04:00,307.6050109863281,307.7699890136719,307.5364990234375,307.6449890136719,91012,AAPL,Apple,Nasdaq,USD,20260703_213727
2026-07-02 14:06:00-04:00,307.6474914550781,307.79998779296875,307.56500244140625,307.6050109863281,105806,AAPL,Apple,Nasdaq,USD,20260703_213727
2026-07-02 14:07:00-04:00,307.3900146484375,307.7300109863281,307.3550109863281,307.56500244140625,68060,AAPL,Apple,Nasdaq,USD,20260703_213727
2026-07-02 14:08:00-04:00,307.7749938964844,307.7799987792969,307.2200012207031,307.3900146484375,78666,AAPL,Apple,Nasdaq,USD,20260703_213727
2026-07-02 14:09:00-04:00,307.510009765625,307.82000732421875,307.4400939941406,307.7749938964844,86444,AAPL,Apple,Nasdaq,USD,20260703_213727
2026-07-02 14:10:00-04:00,307.4949951171875,307.6600036621094,307.4700012207031,307.5050048828125,77700,AAPL,Apple,Nasdaq,USD,20260703_213727
2026-07-02 14:11:00-04:00,307.5799865722656,307.6700134277344,307.4949951171875,307.5,68510,AAPL,Apple,Nasdaq,USD,20260703_213727
2026-07-02 14:12:00-04:00,307.6199951171875,307.67498779296875,307.47259521484375,307.589599609375,69061,AAPL,Apple,Nasdaq,USD,20260703_213727
2026-07-02 14:13:00-04:00,307.6300048828125,307.7099914550781,307.55999755859375,307.6499938964844,103261,AAPL,Apple,Nasdaq,USD,20260703_213727
2026-07-02 14:14:00-04:00,307.6400146484375,307.6700134277344,307.5,307.6199951171875,70357,AAPL,Apple,Nasdaq,USD,20260703_213727
2026-07-02 14:15:00-04:00,307.67999267578125,307.75,307.5201110839844,307.65008544921875,75460,AAPL,Apple,Nasdaq,USD,20260703_213727
2026-07-02 14:16:00-04:00,307.6700134277344,307.79998779296875,307.489990234375,307.67999267578125,74147,AAPL,Apple,Nasdaq,USD,20260703_213727
2026-07-02 14:17:00-04:00,307.4649963378906,307.79998779296875,307.4100036621094,307.67999267578125,94858,AAPL,Apple,Nasdaq,USD,20260703_213727
2026-07-02 14:18:00-04:00,307.5199890136719,307.6199951171875,307.3399963378906,307.4649963378906,67083,AAPL,Apple,Nasdaq,USD,20260703_213727
2026-07-02 14:19:00-04:00,307.1004943847656,307.5249938964844,306.8200988769531,307.5198974609375,244359,AAPL,Apple,Nasdaq,USD,20260703_213727
2026-07-02 14:20:00-04:00,307.3900146484375,307.4700012207031,307.1000061035156,307.1099853515625,80475,AAPL,Apple,Nasdaq,USD,20260703_213727
2026-07-02 14:21:00-04:00,307.4100036621094,307.5899963378906,307.3900146484375,307.3999938964844,64316,AAPL,Apple,Nasdaq,USD,20260703_213727
2026-07-02 14:22:00-04:00,307.1400146484375,307.3949890136719,307.1199951171875,307.3949890136719,82683,AAPL,Apple,Nasdaq,USD,20260703_213727
2026-07-02 14:23:00-04:00,307.30999755859375,307.30999755859375,307.110107421875,307.1400146484375,71491,AAPL,Apple,Nasdaq,USD,20260703_213727
2026-07-02 14:24:00-04:00,307.25,307.4700012207031,307.25,307.3092956542969,76309,AAPL,Apple,Nasdaq,USD,20260703_213727
2026-07-02 14:25:00-04:00,307.2749938964844,307.3500061035156,307.1700134277344,307.2449951171875,90488,AAPL,Apple,Nasdaq,USD,20260703_213727
2026-07-02 14:26:00-04:00,307.3800048828125,307.42999267578125,307.114990234375,307.2749938964844,106135,AAPL,Apple,Nasdaq,USD,20260703_213727
2026-07-02 14:27:00-04:00,307.2699890136719,307.364990234375,307.1300048828125,307.364990234375,78694,AAPL,Apple,Nasdaq,USD,20260703_213727
2026-07-02 14:28:00-04:00,307.4700012207031,307.5,307.2749938964844,307.29998779296875,74644,AAPL,Apple,Nasdaq,USD,20260703_213727
2026-07-02 14:29:00-04:00,307.3299865722656,307.5299987792969,307.2959899902344,307.48480224609375,49270,AAPL,Apple,Nasdaq,USD,20260703_213727
2026-07-02 14:30:00-04:00,307.6300048828125,307.7699890136719,307.2699890136719,307.3399963378906,115548,AAPL,Apple,Nasdaq,USD,20260703_213727
2026-07-02 14:31:00-04:00,307.8800048828125,307.8999938964844,307.6000061035156,307.614990234375,104110,AAPL,Apple,Nasdaq,USD,20260703_213727
2026-07-02 14:32:00-04:00,307.6199951171875,307.89990234375,307.6199951171875,307.8800048828125,86494,AAPL,Apple,Nasdaq,USD,20260703_213727
2026-07-02 14:33:00-04:00,307.54998779296875,307.639892578125,307.38629150390625,307.6299133300781,57555,AAPL,Apple,Nasdaq,USD,20260703_213727
2026-07-02 14:34:00-04:00,307.53009033203125,307.6099853515625,307.4800109863281,307.54998779296875,86697,AAPL,Apple,Nasdaq,USD,20260703_213727
2026-07-02 14:35:00-04:00,307.4773864746094,307.6000061035156,307.3500061035156,307.54998779296875,70178,AAPL,Apple,Nasdaq,USD,20260703_213727
2026-07-02 14:36:00-04:00,307.57501220703125,307.7799987792969,307.4700012207031,307.4800109863281,68516,AAPL,Apple,Nasdaq,USD,20260703_213727
2026-07-02 14:37:00-04:00,307.6600036621094,307.67999267578125,307.55999755859375,307.5799865722656,42489,AAPL,Apple,Nasdaq,USD,20260703_213727
2026-07-02 14:38:00-04:00,307.4501037597656,307.6695861816406,307.44000244140625,307.6600036621094,53785,AAPL,Apple,Nasdaq,USD,20260703_213727
2026-07-02 14:39:00-04:00,307.3599853515625,307.4800109863281,307.32000732421875,307.42999267578125,55194,AAPL,Apple,Nasdaq,USD,20260703_213727
2026-07-02 14:40:00-04:00,307.239990234375,307.489990234375,307.1600036621094,307.32000732421875,566896,AAPL,Apple,Nasdaq,USD,20260703_213727
2026-07-02 14:41:00-04:00,307.1400146484375,307.3999938964844,307.1300048828125,307.2200012207031,60820,AAPL,Apple,Nasdaq,USD,20260703_213727
2026-07-02 14:42:00-04:00,307.3699951171875,307.489990234375,307.1400146484375,307.1499938964844,67334,AAPL,Apple,Nasdaq,USD,20260703_213727
2026-07-02 14:43:00-04:00,307.42999267578125,307.4898986816406,307.25,307.3900146484375,65168,AAPL,Apple,Nasdaq,USD,20260703_213727
2026-07-02 14:44:00-04:00,307.54998779296875,307.69000244140625,307.4100036621094,307.43499755859375,71755,AAPL,Apple,Nasdaq,USD,20260703_213727
2026-07-02 14:45:00-04:00,307.54998779296875,307.6499938964844,307.3641052246094,307.54998779296875,54175,AAPL,Apple,Nasdaq,USD,20260703_213727
2026-07-02 14:46:00-04:00,307.489990234375,307.55999755859375,307.3800048828125,307.54998779296875,48434,AAPL,Apple,Nasdaq,USD,20260703_213727
2026-07-02 14:47:00-04:00,307.489990234375,307.5299987792969,307.3504943847656,307.5,46397,AAPL,Apple,Nasdaq,USD,20260703_213727
2026-07-02 14:48:00-04:00,307.5150146484375,307.5299987792969,307.3900146484375,307.5,35971,AAPL,Apple,Nasdaq,USD,20260703_213727
2026-07-02 14:49:00-04:00,307.4200134277344,307.5400085449219,307.3500061035156,307.5299987792969,50323,AAPL,Apple,Nasdaq,USD,20260703_213727
2026-07-02 14:50:00-04:00,307.7550048828125,307.7900085449219,307.3900146484375,307.4200134277344,93358,AAPL,Apple,Nasdaq,USD,20260703_213727
2026-07-02 14:51:00-04:00,307.7401123046875,307.79998779296875,307.6300048828125,307.75,85328,AAPL,Apple,Nasdaq,USD,20260703_213727
2026-07-02 14:52:00-04:00,307.7099914550781,307.80999755859375,307.5799865722656,307.75,84716,AAPL,Apple,Nasdaq,USD,20260703_213727
2026-07-02 14:53:00-04:00,307.79998779296875,307.79998779296875,307.69000244140625,307.7099914550781,47708,AAPL,Apple,Nasdaq,USD,20260703_213727
2026-07-02 14:54:00-04:00,307.57000732421875,307.80999755859375,307.5199890136719,307.80999755859375,100157,AAPL,Apple,Nasdaq,USD,20260703_213727
2026-07-02 14:55:00-04:00,307.7900085449219,307.8299865722656,307.55999755859375,307.57000732421875,88257,AAPL,Apple,Nasdaq,USD,20260703_213727
2026-07-02 14:56:00-04:00,307.8399963378906,307.8999938964844,307.760009765625,307.7799987792969,86688,AAPL,Apple,Nasdaq,USD,20260703_213727
2026-07-02 14:57:00-04:00,307.864990234375,307.8800048828125,307.5799865722656,307.8399963378906,94397,AAPL,Apple,Nasdaq,USD,20260703_213727
2026-07-02 14:58:00-04:00,307.81500244140625,308.1000061035156,307.75,307.864990234375,124210,AAPL,Apple,Nasdaq,USD,20260703_213727
2026-07-02 14:59:00-04:00,307.6449890136719,307.92498779296875,307.6199951171875,307.80999755859375,78336,AAPL,Apple,Nasdaq,USD,20260703_213727
2026-07-02 15:00:00-04:00,307.9501037597656,308.17999267578125,307.6000061035156,307.6449890136719,91369,AAPL,Apple,Nasdaq,USD,20260703_213727
2026-07-02 15:01:00-04:00,307.94000244140625,308.0899963378906,307.79998779296875,307.9580993652344,99263,AAPL,Apple,Nasdaq,USD,20260703_213727
2026-07-02 15:02:00-04:00,307.8349914550781,307.9849853515625,307.7699890136719,307.93499755859375,76490,AAPL,Apple,Nasdaq,USD,20260703_213727
2026-07-02 15:03:00-04:00,307.94000244140625,307.9599914550781,307.8299865722656,307.8349914550781,68184,AAPL,Apple,Nasdaq,USD,20260703_213727
2026-07-02 15:04:00-04:00,307.42999267578125,307.9599914550781,307.3800048828125,307.94000244140625,119712,AAPL,Apple,Nasdaq,USD,20260703_213727
2026-07-02 15:05:00-04:00,307.739990234375,307.739990234375,307.44000244140625,307.44000244140625,69905,AAPL,Apple,Nasdaq,USD,20260703_213727
2026-07-02 15:06:00-04:00,307.92498779296875,308.04998779296875,307.7300109863281,307.739990234375,114076,AAPL,Apple,Nasdaq,USD,20260703_213727
2026-07-02 15:07:00-04:00,308.19000244140625,308.2099914550781,307.9200134277344,307.95001220703125,112855,AAPL,Apple,Nasdaq,USD,20260703_213727
2026-07-02 15:08:00-04:00,308.1400146484375,308.2099914550781,308.07000732421875,308.19000244140625,78574,AAPL,Apple,Nasdaq,USD,20260703_213727
2026-07-02 15:09:00-04:00,308.0899963378906,308.2300109863281,308.07000732421875,308.1199951171875,90932,AAPL,Apple,Nasdaq,USD,20260703_213727
2026-07-02 15:10:00-04:00,308.2799987792969,308.2900085449219,308.0400085449219,308.0799865722656,104716,AAPL,Apple,Nasdaq,USD,20260703_213727
2026-07-02 15:11:00-04:00,308.1300048828125,308.30999755859375,308.1199951171875,308.2850036621094,89287,AAPL,Apple,Nasdaq,USD,20260703_213727
2026-07-02 15:12:00-04:00,307.9200134277344,308.177490234375,307.8699951171875,308.1200866699219,69809,AAPL,Apple,Nasdaq,USD,20260703_213727
2026-07-02 15:13:00-04:00,307.79998779296875,308.0201110839844,307.79998779296875,307.9200134277344,73382,AAPL,Apple,Nasdaq,USD,20260703_213727
2026-07-02 15:14:00-04:00,307.7900085449219,307.8800048828125,307.6499938964844,307.8099060058594,73672,AAPL,Apple,Nasdaq,USD,20260703_213727
2026-07-02 15:15:00-04:00,307.510009765625,307.7799987792969,307.45001220703125,307.7799987792969,83812,AAPL,Apple,Nasdaq,USD,20260703_213727
2026-07-02 15:16:00-04:00,307.7799987792969,307.8399963378906,307.510009765625,307.510009765625,101204,AAPL,Apple,Nasdaq,USD,20260703_213727
2026-07-02 15:17:00-04:00,307.8999938964844,307.9700012207031,307.7629089355469,307.7650146484375,84409,AAPL,Apple,Nasdaq,USD,20260703_213727
2026-07-02 15:18:00-04:00,307.8299865722656,307.95001220703125,307.7699890136719,307.8999938964844,84826,AAPL,Apple,Nasdaq,USD,20260703_213727
2026-07-02 15:19:00-04:00,307.92999267578125,308.04998779296875,307.82000732421875,307.8299865722656,99728,AAPL,Apple,Nasdaq,USD,20260703_213727
2026-07-02 15:20:00-04:00,307.8349914550781,307.9700012207031,307.77978515625,307.92999267578125,66403,AAPL,Apple,Nasdaq,USD,20260703_213727
2026-07-02 15:21:00-04:00,307.760009765625,307.8800048828125,307.67999267578125,307.8349914550781,90971,AAPL,Apple,Nasdaq,USD,20260703_213727
2026-07-02 15:22:00-04:00,307.625,307.7699890136719,307.5,307.7699890136719,110024,AAPL,Apple,Nasdaq,USD,20260703_213727
2026-07-02 15:23:00-04:00,307.5299987792969,307.6549987792969,307.4700012207031,307.625,127051,AAPL,Apple,Nasdaq,USD,20260703_213727
2026-07-02 15:24:00-04:00,307.625,307.6700134277344,307.5,307.5400085449219,91415,AAPL,Apple,Nasdaq,USD,20260703_213727
2026-07-02 15:25:00-04:00,307.590087890625,307.6400146484375,307.53009033203125,307.6300048828125,102101,AAPL,Apple,Nasdaq,USD,20260703_213727
2026-07-02 15:26:00-04:00,307.42498779296875,307.6099853515625,307.4100036621094,307.6098937988281,92383,AAPL,Apple,Nasdaq,USD,20260703_213727
2026-07-02 15:27:00-04:00,307.510009765625,307.510009765625,307.30010986328125,307.4216003417969,92672,AAPL,Apple,Nasdaq,USD,20260703_213727
2026-07-02 15:28:00-04:00,307.3599853515625,307.5450134277344,307.340087890625,307.510009765625,101577,AAPL,Apple,Nasdaq,USD,20260703_213727
2026-07-02 15:29:00-04:00,307.42498779296875,307.55999755859375,307.2601013183594,307.3599853515625,98779,AAPL,Apple,Nasdaq,USD,20260703_213727
2026-07-02 15:30:00-04:00,307.7300109863281,307.75,307.31500244140625,307.44000244140625,109261,AAPL,Apple,Nasdaq,USD,20260703_213727
2026-07-02 15:31:00-04:00,307.7900085449219,307.8299865722656,307.6700134277344,307.739990234375,144554,AAPL,Apple,Nasdaq,USD,20260703_213727
2026-07-02 15:32:00-04:00,307.9700012207031,307.9700012207031,307.7250061035156,307.7925109863281,124745,AAPL,Apple,Nasdaq,USD,20260703_213727
2026-07-02 15:33:00-04:00,308.07000732421875,308.1400146484375,307.9601135253906,307.9700012207031,130611,AAPL,Apple,Nasdaq,USD,20260703_213727
2026-07-02 15:34:00-04:00,308.0450134277344,308.1499938964844,308.010009765625,308.0899963378906,94593,AAPL,Apple,Nasdaq,USD,20260703_213727
2026-07-02 15:35:00-04:00,308.0899963378906,308.1449890136719,308.010009765625,308.04998779296875,118268,AAPL,Apple,Nasdaq,USD,20260703_213727
2026-07-02 15:36:00-04:00,308.20001220703125,308.20098876953125,307.9599914550781,308.0849914550781,157177,AAPL,Apple,Nasdaq,USD,20260703_213727
2026-07-02 15:37:00-04:00,308.3599853515625,308.3699951171875,308.1300048828125,308.20001220703125,127018,AAPL,Apple,Nasdaq,USD,20260703_213727
2026-07-02 15:38:00-04:00,308.1799011230469,308.510009765625,308.1600036621094,308.3699951171875,175604,AAPL,Apple,Nasdaq,USD,20260703_213727
2026-07-02 15:39:00-04:00,308.260009765625,308.30999755859375,308.07000732421875,308.1600036621094,134706,AAPL,Apple,Nasdaq,USD,20260703_213727
2026-07-02 15:40:00-04:00,308.2900085449219,308.4599914550781,308.2200012207031,308.260009765625,137751,AAPL,Apple,Nasdaq,USD,20260703_213727
2026-07-02 15:41:00-04:00,308.3599853515625,308.42999267578125,308.2099914550781,308.2900085449219,133164,AAPL,Apple,Nasdaq,USD,20260703_213727
2026-07-02 15:42:00-04:00,308.1700134277344,308.3599853515625,308.1199951171875,308.3399963378906,214768,AAPL,Apple,Nasdaq,USD,20260703_213727
2026-07-02 15:43:00-04:00,307.83099365234375,308.2900085449219,307.83099365234375,308.1871032714844,160750,AAPL,Apple,Nasdaq,USD,20260703_213727
2026-07-02 15:44:00-04:00,307.9800109863281,308.0299987792969,307.7799987792969,307.8299865722656,178037,AAPL,Apple,Nasdaq,USD,20260703_213727
2026-07-02 15:45:00-04:00,307.739990234375,308.0299987792969,307.7300109863281,307.9800109863281,158471,AAPL,Apple,Nasdaq,USD,20260703_213727
2026-07-02 15:46:00-04:00,307.7200012207031,307.760009765625,307.54998779296875,307.69000244140625,123484,AAPL,Apple,Nasdaq,USD,20260703_213727
2026-07-02 15:47:00-04:00,307.5450134277344,307.82000732421875,307.53009033203125,307.7300109863281,102845,AAPL,Apple,Nasdaq,USD,20260703_213727
2026-07-02 15:48:00-04:00,307.7099914550781,307.7300109863281,307.2099914550781,307.5450134277344,172208,AAPL,Apple,Nasdaq,USD,20260703_213727
2026-07-02 15:49:00-04:00,307.5299987792969,307.7650146484375,307.44000244140625,307.7200012207031,183802,AAPL,Apple,Nasdaq,USD,20260703_213727
2026-07-02 15:50:00-04:00,307.75,308.4700012207031,307.5400085449219,307.5400085449219,369519,AAPL,Apple,Nasdaq,USD,20260703_213727
2026-07-02 15:51:00-04:00,307.9800109863281,308.1300048828125,307.75,307.760009765625,272217,AAPL,Apple,Nasdaq,USD,20260703_213727
2026-07-02 15:52:00-04:00,308.1499938964844,308.2300109863281,307.92999267578125,307.9700012207031,222816,AAPL,Apple,Nasdaq,USD,20260703_213727
2026-07-02 15:53:00-04:00,308.30499267578125,308.32000732421875,308.0199890136719,308.1300048828125,332885,AAPL,Apple,Nasdaq,USD,20260703_213727
2026-07-02 15:54:00-04:00,308.0400085449219,308.54998779296875,307.95001220703125,308.30499267578125,318358,AAPL,Apple,Nasdaq,USD,20260703_213727
2026-07-02 15:55:00-04:00,309.1499938964844,309.25,308.0400085449219,308.0400085449219,556325,AAPL,Apple,Nasdaq,USD,20260703_213727
2026-07-02 15:56:00-04:00,309.1499938964844,309.2799987792969,308.9100036621094,309.17999267578125,477999,AAPL,Apple,Nasdaq,USD,20260703_213727
2026-07-02 15:57:00-04:00,309.0899963378906,309.4200134277344,308.95001220703125,309.1499938964844,768731,AAPL,Apple,Nasdaq,USD,20260703_213727
2026-07-02 15:58:00-04:00,308.7449951171875,309.2300109863281,308.7099914550781,309.1000061035156,805685,AAPL,Apple,Nasdaq,USD,20260703_213727
2026-07-02 15:59:00-04:00,308.2200012207031,308.9599914550781,308.1000061035156,308.75,1654260,AAPL,Apple,Nasdaq,USD,20260703_213727
2026-07-02 09:30:00-04:00,297.09991455078125,297.1000061035156,293.67999267578125,294.0849914550781,1161939,AAPL,Apple,Nasdaq,USD,20260706_112032
2026-07-02 09:31:00-04:00,298.94000244140625,299.0400085449219,296.92999267578125,297.1000061035156,387097,AAPL,Apple,Nasdaq,USD,20260706_112032
2026-07-02 09:32:00-04:00,299.2699890136719,299.82000732421875,298.6600036621094,298.9700012207031,333980,AAPL,Apple,Nasdaq,USD,20260706_112032
2026-07-02 09:33:00-04:00,298.0400085449219,299.5,297.8075866699219,299.30499267578125,244659,AAPL,Apple,Nasdaq,USD,20260706_112032
2026-07-02 09:34:00-04:00,298.20001220703125,298.510009765625,297.8900146484375,298.125,143692,AAPL,Apple,Nasdaq,USD,20260706_112032
2026-07-02 09:35:00-04:00,298.4179992675781,298.8599853515625,298.1252136230469,298.1813049316406,241851,AAPL,Apple,Nasdaq,USD,20260706_112032
2026-07-02 09:36:00-04:00,298.92999267578125,299.0799865722656,298.20001220703125,298.42498779296875,177706,AAPL,Apple,Nasdaq,USD,20260706_112032
2026-07-02 09:37:00-04:00,299.2900085449219,299.3500061035156,298.8299865722656,298.989990234375,166444,AAPL,Apple,Nasdaq,USD,20260706_112032
2026-07-02 09:38:00-04:00,299.55999755859375,299.7099914550781,299.1900939941406,299.2900085449219,204531,AAPL,Apple,Nasdaq,USD,20260706_112032
2026-07-02 09:39:00-04:00,300.1300048828125,300.1600036621094,299.42999267578125,299.6199951171875,384326,AAPL,Apple,Nasdaq,USD,20260706_112032
2026-07-02 09:40:00-04:00,299.9750061035156,300.3299865722656,299.7799987792969,300.1300048828125,184912,AAPL,Apple,Nasdaq,USD,20260706_112032
2026-07-02 09:41:00-04:00,300.864990234375,300.92999267578125,299.8550109863281,299.9700012207031,230313,AAPL,Apple,Nasdaq,USD,20260706_112032
2026-07-02 09:42:00-04:00,300.7799987792969,301.1400146484375,300.5101013183594,300.8800048828125,401939,AAPL,Apple,Nasdaq,USD,20260706_112032
2026-07-02 09:43:00-04:00,300.45001220703125,301.1199951171875,300.3399963378906,300.7799987792969,195235,AAPL,Apple,Nasdaq,USD,20260706_112032
2026-07-02 09:44:00-04:00,300.3500061035156,300.7099914550781,300.260009765625,300.44000244140625,177277,AAPL,Apple,Nasdaq,USD,20260706_112032
2026-07-02 09:45:00-04:00,300.9800109863281,301.17999267578125,300.3800048828125,300.3800048828125,198028,AAPL,Apple,Nasdaq,USD,20260706_112032
2026-07-02 09:46:00-04:00,300.9200134277344,301.6997985839844,300.8299865722656,300.9649963378906,214435,AAPL,Apple,Nasdaq,USD,20260706_112032
2026-07-02 09:47:00-04:00,301.69000244140625,301.75,300.6700134277344,300.9100036621094,212118,AAPL,Apple,Nasdaq,USD,20260706_112032
2026-07-02 09:48:00-04:00,302.0874938964844,302.1094970703125,301.55999755859375,301.67999267578125,274465,AAPL,Apple,Nasdaq,USD,20260706_112032
2026-07-02 09:49:00-04:00,302.1700134277344,302.3546142578125,301.8810119628906,302.07501220703125,266386,AAPL,Apple,Nasdaq,USD,20260706_112032
2026-07-02 09:50:00-04:00,302.3299865722656,302.67999267578125,302.1300048828125,302.1499938964844,250889,AAPL,Apple,Nasdaq,USD,20260706_112032
2026-07-02 09:51:00-04:00,301.5899963378906,302.3349914550781,301.4700012207031,302.3349914550781,220691,AAPL,Apple,Nasdaq,USD,20260706_112032
2026-07-02 09:52:00-04:00,302.3800048828125,302.3999938964844,301.57000732421875,301.5899963378906,132526,AAPL,Apple,Nasdaq,USD,20260706_112032
2026-07-02 09:53:00-04:00,302.1700134277344,302.4353942871094,302.04998779296875,302.3800048828125,121901,AAPL,Apple,Nasdaq,USD,20260706_112032
2026-07-02 09:54:00-04:00,301.7550048828125,302.1600036621094,301.6400146484375,302.1600036621094,1968854,AAPL,Apple,Nasdaq,USD,20260706_112032
2026-07-02 09:55:00-04:00,301.8843078613281,301.9898986816406,301.4700927734375,301.75,140025,AAPL,Apple,Nasdaq,USD,20260706_112032
2026-07-02 09:56:00-04:00,301.864990234375,301.947509765625,301.6400146484375,301.9100036621094,167523,AAPL,Apple,Nasdaq,USD,20260706_112032
2026-07-02 09:57:00-04:00,302.0899963378906,302.1199951171875,301.864990234375,301.9200134277344,169033,AAPL,Apple,Nasdaq,USD,20260706_112032
2026-07-02 09:58:00-04:00,302.260009765625,302.4200134277344,302.0199890136719,302.060791015625,198315,AAPL,Apple,Nasdaq,USD,20260706_112032
2026-07-02 09:59:00-04:00,302.80999755859375,302.80999755859375,302.19000244140625,302.2900085449219,203320,AAPL,Apple,Nasdaq,USD,20260706_112032
2026-07-02 10:00:00-04:00,302.6900939941406,303.17498779296875,302.69000244140625,302.8500061035156,407126,AAPL,Apple,Nasdaq,USD,20260706_112032
2026-07-02 10:01:00-04:00,302.8599853515625,303.1300048828125,302.6700134277344,302.69000244140625,194760,AAPL,Apple,Nasdaq,USD,20260706_112032
2026-07-02 10:02:00-04:00,302.760009765625,303.0299987792969,302.6188049316406,302.8609924316406,151528,AAPL,Apple,Nasdaq,USD,20260706_112032
2026-07-02 10:03:00-04:00,302.989990234375,303.1600036621094,302.66009521484375,302.79998779296875,149761,AAPL,Apple,Nasdaq,USD,20260706_112032
2026-07-02 10:04:00-04:00,303.01031494140625,303.3900146484375,302.8599853515625,302.94500732421875,145782,AAPL,Apple,Nasdaq,USD,20260706_112032
2026-07-02 10:05:00-04:00,302.97198486328125,303.2900085449219,302.9599914550781,303.07000732421875,144476,AAPL,Apple,Nasdaq,USD,20260706_112032
2026-07-02 10:06:00-04:00,302.80999755859375,303.1099853515625,302.7101135253906,302.9649963378906,151871,AAPL,Apple,Nasdaq,USD,20260706_112032
2026-07-02 10:07:00-04:00,302.9649963378906,302.9700012207031,302.7300109863281,302.8399963378906,126195,AAPL,Apple,Nasdaq,USD,20260706_112032
2026-07-02 10:08:00-04:00,303.2349853515625,303.5,302.8399963378906,302.94000244140625,158493,AAPL,Apple,Nasdaq,USD,20260706_112032
2026-07-02 10:09:00-04:00,303.5350036621094,303.57000732421875,303.0400085449219,303.239990234375,319520,AAPL,Apple,Nasdaq,USD,20260706_112032
2026-07-02 10:10:00-04:00,303.19500732421875,303.5799865722656,303.1199951171875,303.54998779296875,171241,AAPL,Apple,Nasdaq,USD,20260706_112032
2026-07-02 10:11:00-04:00,303.7300109863281,303.7698974609375,303.2300109863281,303.2300109863281,235075,AAPL,Apple,Nasdaq,USD,20260706_112032
2026-07-02 10:12:00-04:00,304.0350036621094,304.0599060058594,303.6000061035156,303.739990234375,278142,AAPL,Apple,Nasdaq,USD,20260706_112032
2026-07-02 10:13:00-04:00,304.260009765625,304.5199890136719,303.9599914550781,304.0299987792969,370643,AAPL,Apple,Nasdaq,USD,20260706_112032
2026-07-02 10:14:00-04:00,303.7300109863281,304.2699890136719,303.1099853515625,304.268310546875,250766,AAPL,Apple,Nasdaq,USD,20260706_112032
2026-07-02 10:15:00-04:00,303.94000244140625,304.1700134277344,303.5899963378906,303.7449951171875,163011,AAPL,Apple,Nasdaq,USD,20260706_112032
2026-07-02 10:16:00-04:00,303.82989501953125,304.1000061035156,303.6400146484375,303.9150085449219,156320,AAPL,Apple,Nasdaq,USD,20260706_112032
2026-07-02 10:17:00-04:00,304.0899963378906,304.29998779296875,303.60009765625,303.8299865722656,146615,AAPL,Apple,Nasdaq,USD,20260706_112032
2026-07-02 10:18:00-04:00,303.7200012207031,304.1300048828125,303.6499938964844,304.05999755859375,106390,AAPL,Apple,Nasdaq,USD,20260706_112032
2026-07-02 10:19:00-04:00,304.3699951171875,304.5090026855469,303.7179870605469,303.75311279296875,193185,AAPL,Apple,Nasdaq,USD,20260706_112032
2026-07-02 10:20:00-04:00,304.54998779296875,304.75,304.239990234375,304.3949890136719,225006,AAPL,Apple,Nasdaq,USD,20260706_112032
2026-07-02 10:21:00-04:00,304.7349853515625,304.7569885253906,304.5,304.5799865722656,230435,AAPL,Apple,Nasdaq,USD,20260706_112032
2026-07-02 10:22:00-04:00,304.82989501953125,304.8599853515625,304.55999755859375,304.7200012207031,204825,AAPL,Apple,Nasdaq,USD,20260706_112032
2026-07-02 10:23:00-04:00,304.69500732421875,305.1099853515625,304.55999755859375,304.8299865722656,400998,AAPL,Apple,Nasdaq,USD,20260706_112032
2026-07-02 10:24:00-04:00,304.5617980957031,304.95001220703125,304.4700012207031,304.7200012207031,213038,AAPL,Apple,Nasdaq,USD,20260706_112032
2026-07-02 10:25:00-04:00,304.7300109863281,304.84991455078125,304.1289978027344,304.6064147949219,162681,AAPL,Apple,Nasdaq,USD,20260706_112032
2026-07-02 10:26:00-04:00,304.5050048828125,304.82000732421875,304.3500061035156,304.739990234375,161291,AAPL,Apple,Nasdaq,USD,20260706_112032
2026-07-02 10:27:00-04:00,304.4949951171875,304.885009765625,304.360107421875,304.5299987792969,212205,AAPL,Apple,Nasdaq,USD,20260706_112032
2026-07-02 10:28:00-04:00,304.70001220703125,304.8500061035156,304.3450012207031,304.5299987792969,171249,AAPL,Apple,Nasdaq,USD,20260706_112032
2026-07-02 10:29:00-04:00,305.04998779296875,305.32000732421875,304.5,304.7099914550781,211238,AAPL,Apple,Nasdaq,USD,20260706_112032
2026-07-02 10:30:00-04:00,305.239990234375,305.3389892578125,304.8500061035156,305.04400634765625,209182,AAPL,Apple,Nasdaq,USD,20260706_112032
2026-07-02 10:31:00-04:00,305.739990234375,305.964599609375,305.2200012207031,305.25,288714,AAPL,Apple,Nasdaq,USD,20260706_112032
2026-07-02 10:32:00-04:00,306.3450012207031,306.6398010253906,305.71240234375,305.739990234375,313436,AAPL,Apple,Nasdaq,USD,20260706_112032
2026-07-02 10:33:00-04:00,305.8900146484375,306.3800048828125,305.8706970214844,306.3699951171875,260122,AAPL,Apple,Nasdaq,USD,20260706_112032
2026-07-02 10:34:00-04:00,305.7099914550781,305.9200134277344,305.32000732421875,305.8999938964844,228864,AAPL,Apple,Nasdaq,USD,20260706_112032
2026-07-02 10:35:00-04:00,305.1650085449219,305.8500061035156,305.05999755859375,305.7200012207031,237920,AAPL,Apple,Nasdaq,USD,20260706_112032
2026-07-02 10:36:00-04:00,305.4800109863281,305.5274963378906,305.07000732421875,305.1600036621094,233842,AAPL,Apple,Nasdaq,USD,20260706_112032
2026-07-02 10:37:00-04:00,305.25,305.69000244140625,305.1499938964844,305.4649963378906,246577,AAPL,Apple,Nasdaq,USD,20260706_112032
2026-07-02 10:38:00-04:00,305.54791259765625,305.5599060058594,304.8800048828125,305.2699890136719,154884,AAPL,Apple,Nasdaq,USD,20260706_112032
2026-07-02 10:39:00-04:00,305.3800048828125,305.739990234375,305.239990234375,305.5400085449219,163306,AAPL,Apple,Nasdaq,USD,20260706_112032
2026-07-02 10:40:00-04:00,305.69000244140625,305.9200134277344,305.35009765625,305.3900146484375,139998,AAPL,Apple,Nasdaq,USD,20260706_112032
2026-07-02 10:41:00-04:00,305.64300537109375,306.0899963378906,305.5899963378906,305.6700134277344,163726,AAPL,Apple,Nasdaq,USD,20260706_112032
2026-07-02 10:42:00-04:00,306.07501220703125,306.1000061035156,305.5199890136719,305.6600036621094,205352,AAPL,Apple,Nasdaq,USD,20260706_112032
2026-07-02 10:43:00-04:00,305.9599914550781,306.19940185546875,305.7200012207031,306.1000061035156,161406,AAPL,Apple,Nasdaq,USD,20260706_112032
2026-07-02 10:44:00-04:00,306.4200134277344,306.4200134277344,305.9200134277344,305.989990234375,211542,AAPL,Apple,Nasdaq,USD,20260706_112032
2026-07-02 10:45:00-04:00,306.2300109863281,306.7749938964844,306.1900939941406,306.4200134277344,294175,AAPL,Apple,Nasdaq,USD,20260706_112032
2026-07-02 10:46:00-04:00,306.1650085449219,306.3399963378906,305.75,306.2099914550781,208585,AAPL,Apple,Nasdaq,USD,20260706_112032
2026-07-02 10:47:00-04:00,306.2799987792969,306.5299987792969,306.1199951171875,306.1650085449219,210988,AAPL,Apple,Nasdaq,USD,20260706_112032
2026-07-02 10:48:00-04:00,305.56500244140625,306.2799987792969,305.5400085449219,306.2799987792969,211654,AAPL,Apple,Nasdaq,USD,20260706_112032
2026-07-02 10:49:00-04:00,305.5199890136719,305.89990234375,305.5199890136719,305.56500244140625,148071,AAPL,Apple,Nasdaq,USD,20260706_112032
2026-07-02 10:50:00-04:00,305.5,305.95001220703125,305.30010986328125,305.5199890136719,167438,AAPL,Apple,Nasdaq,USD,20260706_112032
2026-07-02 10:51:00-04:00,305.92498779296875,305.94000244140625,305.489990234375,305.5,119529,AAPL,Apple,Nasdaq,USD,20260706_112032
2026-07-02 10:52:00-04:00,306.1488037109375,306.2799987792969,305.8999938964844,305.8999938964844,176020,AAPL,Apple,Nasdaq,USD,20260706_112032
2026-07-02 10:53:00-04:00,306.489990234375,306.5,306.04998779296875,306.135009765625,137390,AAPL,Apple,Nasdaq,USD,20260706_112032
2026-07-02 10:54:00-04:00,306.30999755859375,306.4700012207031,306.1600036621094,306.4700012207031,144751,AAPL,Apple,Nasdaq,USD,20260706_112032
2026-07-02 10:55:00-04:00,306.3949890136719,306.5199890136719,306.30999755859375,306.30999755859375,130436,AAPL,Apple,Nasdaq,USD,20260706_112032
2026-07-02 10:56:00-04:00,306.6400146484375,306.69000244140625,306.3100891113281,306.4200134277344,152744,AAPL,Apple,Nasdaq,USD,20260706_112032
2026-07-02 10:57:00-04:00,306.75,306.8900146484375,306.4700012207031,306.6300048828125,150480,AAPL,Apple,Nasdaq,USD,20260706_112032
2026-07-02 10:58:00-04:00,306.75,307.0400085449219,306.7300109863281,306.7699890136719,324713,AAPL,Apple,Nasdaq,USD,20260706_112032
2026-07-02 10:59:00-04:00,306.87799072265625,306.8999938964844,306.54998779296875,306.7900085449219,208476,AAPL,Apple,Nasdaq,USD,20260706_112032
2026-07-02 11:00:00-04:00,307.4750061035156,307.5299987792969,306.7879943847656,306.8999938964844,277220,AAPL,Apple,Nasdaq,USD,20260706_112032
2026-07-02 11:01:00-04:00,307.6700134277344,307.760009765625,307.1099853515625,307.45001220703125,196838,AAPL,Apple,Nasdaq,USD,20260706_112032
2026-07-02 11:02:00-04:00,307.53948974609375,307.82000732421875,307.3293151855469,307.6499938964844,199075,AAPL,Apple,Nasdaq,USD,20260706_112032
2026-07-02 11:03:00-04:00,307.0893859863281,307.6199951171875,307.05499267578125,307.5400085449219,152923,AAPL,Apple,Nasdaq,USD,20260706_112032
2026-07-02 11:04:00-04:00,306.635009765625,307.239990234375,306.5899963378906,307.1000061035156,193961,AAPL,Apple,Nasdaq,USD,20260706_112032
2026-07-02 11:05:00-04:00,306.17999267578125,306.8900146484375,306.15301513671875,306.6300964355469,217717,AAPL,Apple,Nasdaq,USD,20260706_112032
2026-07-02 11:06:00-04:00,306.114990234375,306.30999755859375,305.8599853515625,306.1700134277344,202733,AAPL,Apple,Nasdaq,USD,20260706_112032
2026-07-02 11:07:00-04:00,305.7699890136719,306.1300048828125,305.4100036621094,306.1199951171875,273000,AAPL,Apple,Nasdaq,USD,20260706_112032
2026-07-02 11:08:00-04:00,306.2900085449219,306.4549865722656,305.68499755859375,305.739990234375,206110,AAPL,Apple,Nasdaq,USD,20260706_112032
2026-07-02 11:09:00-04:00,306.8999938964844,306.8999938964844,306.2261962890625,306.2850036621094,226462,AAPL,Apple,Nasdaq,USD,20260706_112032
2026-07-02 11:10:00-04:00,306.6400146484375,306.9800109863281,306.3949890136719,306.9200134277344,248889,AAPL,Apple,Nasdaq,USD,20260706_112032
2026-07-02 11:11:00-04:00,306.79998779296875,306.79998779296875,306.3500061035156,306.6400146484375,181782,AAPL,Apple,Nasdaq,USD,20260706_112032
2026-07-02 11:12:00-04:00,307.0899963378906,307.0899963378906,306.67999267578125,306.7799987792969,134583,AAPL,Apple,Nasdaq,USD,20260706_112032
2026-07-02 11:13:00-04:00,307.410400390625,307.6000061035156,306.8699951171875,307.06500244140625,204067,AAPL,Apple,Nasdaq,USD,20260706_112032
2026-07-02 11:14:00-04:00,307.41448974609375,307.7900085449219,307.3555908203125,307.4200134277344,202259,AAPL,Apple,Nasdaq,USD,20260706_112032
2026-07-02 11:15:00-04:00,306.92999267578125,307.44000244140625,306.92999267578125,307.44000244140625,185092,AAPL,Apple,Nasdaq,USD,20260706_112032
2026-07-02 11:16:00-04:00,306.3500061035156,307.0050048828125,306.2633972167969,306.94500732421875,98878,AAPL,Apple,Nasdaq,USD,20260706_112032
2026-07-02 11:17:00-04:00,306.8999938964844,306.8999938964844,306.0700988769531,306.3500061035156,177215,AAPL,Apple,Nasdaq,USD,20260706_112032
2026-07-02 11:18:00-04:00,307.19000244140625,307.3500061035156,306.80999755859375,306.8999938964844,184951,AAPL,Apple,Nasdaq,USD,20260706_112032
2026-07-02 11:19:00-04:00,307.0400085449219,307.239990234375,306.7950134277344,307.2099914550781,118786,AAPL,Apple,Nasdaq,USD,20260706_112032
2026-07-02 11:20:00-04:00,306.9599914550781,307.1499938964844,306.67999267578125,307.0849914550781,157607,AAPL,Apple,Nasdaq,USD,20260706_112032
2026-07-02 11:21:00-04:00,306.9649963378906,307.04998779296875,306.760009765625,306.9849853515625,157326,AAPL,Apple,Nasdaq,USD,20260706_112032
2026-07-02 11:22:00-04:00,306.92498779296875,307.010009765625,306.8299865722656,306.9599914550781,104098,AAPL,Apple,Nasdaq,USD,20260706_112032
2026-07-02 11:23:00-04:00,307.05999755859375,307.1099853515625,306.7349853515625,306.9100036621094,113328,AAPL,Apple,Nasdaq,USD,20260706_112032
2026-07-02 11:24:00-04:00,307.2550048828125,307.30999755859375,307.04998779296875,307.05999755859375,126431,AAPL,Apple,Nasdaq,USD,20260706_112032
2026-07-02 11:25:00-04:00,306.739990234375,307.2900085449219,306.6199951171875,307.2850036621094,151699,AAPL,Apple,Nasdaq,USD,20260706_112032
2026-07-02 11:26:00-04:00,306.2699890136719,306.79998779296875,306.20001220703125,306.7449951171875,143686,AAPL,Apple,Nasdaq,USD,20260706_112032
2026-07-02 11:27:00-04:00,305.6499938964844,306.4200134277344,305.6099853515625,306.2701110839844,160680,AAPL,Apple,Nasdaq,USD,20260706_112032
2026-07-02 11:28:00-04:00,305.6650085449219,305.7099914550781,305.3800048828125,305.6600036621094,154198,AAPL,Apple,Nasdaq,USD,20260706_112032
2026-07-02 11:29:00-04:00,305.4150085449219,305.75,305.2799987792969,305.69000244140625,165441,AAPL,Apple,Nasdaq,USD,20260706_112032
2026-07-02 11:30:00-04:00,305.8399963378906,305.9800109863281,305.4200134277344,305.4200134277344,114442,AAPL,Apple,Nasdaq,USD,20260706_112032
2026-07-02 11:31:00-04:00,306.3550109863281,306.5,305.8299865722656,305.84368896484375,148648,AAPL,Apple,Nasdaq,USD,20260706_112032
2026-07-02 11:32:00-04:00,306.6099853515625,306.67999267578125,306.3399963378906,306.3599853515625,97890,AAPL,Apple,Nasdaq,USD,20260706_112032
2026-07-02 11:33:00-04:00,306.619384765625,306.7900085449219,306.5199890136719,306.625,88709,AAPL,Apple,Nasdaq,USD,20260706_112032
2026-07-02 11:34:00-04:00,306.2349853515625,306.6499938964844,306.0400085449219,306.5950012207031,121979,AAPL,Apple,Nasdaq,USD,20260706_112032
2026-07-02 11:35:00-04:00,306.2699890136719,306.44989013671875,306.18011474609375,306.2699890136719,92920,AAPL,Apple,Nasdaq,USD,20260706_112032
2026-07-02 11:36:00-04:00,306.3351135253906,306.44000244140625,306.1199951171875,306.25,105923,AAPL,Apple,Nasdaq,USD,20260706_112032
2026-07-02 11:37:00-04:00,306.82000732421875,306.8299865722656,306.28009033203125,306.3349914550781,137812,AAPL,Apple,Nasdaq,USD,20260706_112032
2026-07-02 11:38:00-04:00,306.6400146484375,306.8999938964844,306.29010009765625,306.7900085449219,140797,AAPL,Apple,Nasdaq,USD,20260706_112032
2026-07-02 11:39:00-04:00,306.5299987792969,306.760009765625,306.4601135253906,306.6400146484375,99018,AAPL,Apple,Nasdaq,USD,20260706_112032
2026-07-02 11:40:00-04:00,306.29840087890625,306.6000061035156,306.1499938964844,306.54998779296875,85303,AAPL,Apple,Nasdaq,USD,20260706_112032
2026-07-02 11:41:00-04:00,306.4150085449219,306.5299987792969,306.239990234375,306.29998779296875,102798,AAPL,Apple,Nasdaq,USD,20260706_112032
2026-07-02 11:42:00-04:00,306.2449951171875,306.4599914550781,306.0450134277344,306.4150085449219,117275,AAPL,Apple,Nasdaq,USD,20260706_112032
2026-07-02 11:43:00-04:00,305.8299865722656,306.2449951171875,305.8299865722656,306.2300109863281,80932,AAPL,Apple,Nasdaq,USD,20260706_112032
2026-07-02 11:44:00-04:00,305.67498779296875,305.9599914550781,305.6499938964844,305.8450012207031,85521,AAPL,Apple,Nasdaq,USD,20260706_112032
2026-07-02 11:45:00-04:00,305.875,305.9599914550781,305.70001220703125,305.7300109863281,68149,AAPL,Apple,Nasdaq,USD,20260706_112032
2026-07-02 11:46:00-04:00,305.5159912109375,305.89990234375,305.4700012207031,305.8800048828125,80077,AAPL,Apple,Nasdaq,USD,20260706_112032
2026-07-02 11:47:00-04:00,305.7300109863281,305.7699890136719,305.3299865722656,305.5299987792969,121006,AAPL,Apple,Nasdaq,USD,20260706_112032
2026-07-02 11:48:00-04:00,305.8450012207031,306.1199951171875,305.6099853515625,305.7099914550781,87171,AAPL,Apple,Nasdaq,USD,20260706_112032
2026-07-02 11:49:00-04:00,305.80999755859375,305.92999267578125,305.6050109863281,305.8599853515625,73257,AAPL,Apple,Nasdaq,USD,20260706_112032
2026-07-02 11:50:00-04:00,305.42999267578125,305.7749938964844,305.3450012207031,305.7200927734375,86906,AAPL,Apple,Nasdaq,USD,20260706_112032
2026-07-02 11:51:00-04:00,305.5249938964844,305.6600036621094,305.2799987792969,305.4200134277344,97811,AAPL,Apple,Nasdaq,USD,20260706_112032
2026-07-02 11:52:00-04:00,305.7099914550781,305.739990234375,305.43499755859375,305.5400085449219,75418,AAPL,Apple,Nasdaq,USD,20260706_112032
2026-07-02 11:53:00-04:00,305.8699951171875,305.9750061035156,305.67999267578125,305.739990234375,83039,AAPL,Apple,Nasdaq,USD,20260706_112032
2026-07-02 11:54:00-04:00,305.95001220703125,306.0899963378906,305.8599853515625,305.875,69254,AAPL,Apple,Nasdaq,USD,20260706_112032
2026-07-02 11:55:00-04:00,305.739990234375,306.04998779296875,305.6400146484375,305.9501037597656,77235,AAPL,Apple,Nasdaq,USD,20260706_112032
2026-07-02 11:56:00-04:00,305.7699890136719,305.79998779296875,305.5150146484375,305.7200012207031,97561,AAPL,Apple,Nasdaq,USD,20260706_112032
2026-07-02 11:57:00-04:00,305.68499755859375,305.94000244140625,305.67401123046875,305.7900085449219,66547,AAPL,Apple,Nasdaq,USD,20260706_112032
2026-07-02 11:58:00-04:00,305.9750061035156,305.9750061035156,305.6199951171875,305.68499755859375,111155,AAPL,Apple,Nasdaq,USD,20260706_112032
2026-07-02 11:59:00-04:00,305.625,306.0,305.5899963378906,305.9649963378906,110523,AAPL,Apple,Nasdaq,USD,20260706_112032
2026-07-02 12:00:00-04:00,305.94000244140625,305.989990234375,305.6105041503906,305.6400146484375,90615,AAPL,Apple,Nasdaq,USD,20260706_112032
2026-07-02 12:01:00-04:00,306.2799987792969,306.364990234375,305.8999938964844,305.9649963378906,160024,AAPL,Apple,Nasdaq,USD,20260706_112032
2026-07-02 12:02:00-04:00,306.2650146484375,306.29998779296875,306.1099853515625,306.2900085449219,106660,AAPL,Apple,Nasdaq,USD,20260706_112032
2026-07-02 12:03:00-04:00,306.55999755859375,306.5780029296875,306.0899963378906,306.2898864746094,143493,AAPL,Apple,Nasdaq,USD,20260706_112032
2026-07-02 12:04:00-04:00,306.69500732421875,306.7101135253906,306.4324035644531,306.5400085449219,79645,AAPL,Apple,Nasdaq,USD,20260706_112032
2026-07-02 12:05:00-04:00,306.6849060058594,306.8551025390625,306.6200866699219,306.70989990234375,123749,AAPL,Apple,Nasdaq,USD,20260706_112032
2026-07-02 12:06:00-04:00,306.7300109863281,306.79998779296875,306.6000061035156,306.69500732421875,80544,AAPL,Apple,Nasdaq,USD,20260706_112032
2026-07-02 12:07:00-04:00,306.7049865722656,306.94989013671875,306.6499938964844,306.7349853515625,137760,AAPL,Apple,Nasdaq,USD,20260706_112032
2026-07-02 12:08:00-04:00,306.7250061035156,306.75,306.4800109863281,306.6925048828125,87188,AAPL,Apple,Nasdaq,USD,20260706_112032
2026-07-02 12:09:00-04:00,306.6400146484375,306.885009765625,306.4599914550781,306.7250061035156,87383,AAPL,Apple,Nasdaq,USD,20260706_112032
2026-07-02 12:10:00-04:00,306.8299865722656,306.8699035644531,306.55499267578125,306.6199951171875,83033,AAPL,Apple,Nasdaq,USD,20260706_112032
2026-07-02 12:11:00-04:00,306.8299865722656,307.0398864746094,306.79998779296875,306.8598937988281,167662,AAPL,Apple,Nasdaq,USD,20260706_112032
2026-07-02 12:12:00-04:00,306.7799072265625,306.8299865722656,306.54998779296875,306.8299865722656,67216,AAPL,Apple,Nasdaq,USD,20260706_112032
2026-07-02 12:13:00-04:00,306.75,307.0199890136719,306.6600036621094,306.7850036621094,117582,AAPL,Apple,Nasdaq,USD,20260706_112032
2026-07-02 12:14:00-04:00,307.0544128417969,307.0849914550781,306.5799865722656,306.7598876953125,112314,AAPL,Apple,Nasdaq,USD,20260706_112032
2026-07-02 12:15:00-04:00,307.6099853515625,307.82000732421875,306.95001220703125,307.0450134277344,357616,AAPL,Apple,Nasdaq,USD,20260706_112032
2026-07-02 12:16:00-04:00,307.7799987792969,307.8900146484375,307.5675048828125,307.5799865722656,303788,AAPL,Apple,Nasdaq,USD,20260706_112032
2026-07-02 12:17:00-04:00,307.3800048828125,307.8800048828125,307.19000244140625,307.7799987792969,318484,AAPL,Apple,Nasdaq,USD,20260706_112032
2026-07-02 12:18:00-04:00,307.80499267578125,307.8450012207031,307.1600036621094,307.385009765625,139149,AAPL,Apple,Nasdaq,USD,20260706_112032
2026-07-02 12:19:00-04:00,307.7301025390625,307.9200134277344,307.70001220703125,307.79998779296875,177406,AAPL,Apple,Nasdaq,USD,20260706_112032
2026-07-02 12:20:00-04:00,307.5299987792969,307.7799987792969,307.4200134277344,307.739990234375,135853,AAPL,Apple,Nasdaq,USD,20260706_112032
2026-07-02 12:21:00-04:00,307.3999938964844,307.69000244140625,307.3900146484375,307.4800109863281,90369,AAPL,Apple,Nasdaq,USD,20260706_112032
2026-07-02 12:22:00-04:00,307.5600891113281,307.70001220703125,307.3550109863281,307.4049987792969,105253,AAPL,Apple,Nasdaq,USD,20260706_112032
2026-07-02 12:23:00-04:00,307.69000244140625,307.7398986816406,307.4700012207031,307.6000061035156,104286,AAPL,Apple,Nasdaq,USD,20260706_112032
2026-07-02 12:24:00-04:00,307.79998779296875,307.9100036621094,307.6000061035156,307.68499755859375,136942,AAPL,Apple,Nasdaq,USD,20260706_112032
2026-07-02 12:25:00-04:00,308.4201965332031,308.45001220703125,307.80999755859375,307.80999755859375,253254,AAPL,Apple,Nasdaq,USD,20260706_112032
2026-07-02 12:26:00-04:00,308.0400085449219,308.44989013671875,308.0,308.42498779296875,168446,AAPL,Apple,Nasdaq,USD,20260706_112032
2026-07-02 12:27:00-04:00,307.9700012207031,308.093505859375,307.69000244140625,308.0400085449219,115816,AAPL,Apple,Nasdaq,USD,20260706_112032
2026-07-02 12:28:00-04:00,308.1453857421875,308.17999267578125,307.768310546875,307.9700012207031,105120,AAPL,Apple,Nasdaq,USD,20260706_112032
2026-07-02 12:29:00-04:00,308.0899963378906,308.1700134277344,307.9800109863281,308.135009765625,118920,AAPL,Apple,Nasdaq,USD,20260706_112032
2026-07-02 12:30:00-04:00,308.2250061035156,308.2799072265625,308.0350036621094,308.0899963378906,120956,AAPL,Apple,Nasdaq,USD,20260706_112032
2026-07-02 12:31:00-04:00,308.010009765625,308.2799987792969,307.760009765625,308.239990234375,117082,AAPL,Apple,Nasdaq,USD,20260706_112032
2026-07-02 12:32:00-04:00,307.9200134277344,308.0398864746094,307.739990234375,308.0199890136719,74004,AAPL,Apple,Nasdaq,USD,20260706_112032
2026-07-02 12:33:00-04:00,308.3599853515625,308.4800109863281,307.90179443359375,307.90179443359375,152175,AAPL,Apple,Nasdaq,USD,20260706_112032
2026-07-02 12:34:00-04:00,308.45001220703125,308.4599914550781,308.17999267578125,308.3500061035156,96875,AAPL,Apple,Nasdaq,USD,20260706_112032
2026-07-02 12:35:00-04:00,308.2749938964844,308.4200134277344,308.2200012207031,308.4200134277344,97549,AAPL,Apple,Nasdaq,USD,20260706_112032
2026-07-02 12:36:00-04:00,308.3799133300781,308.4100036621094,308.19000244140625,308.2749938964844,113403,AAPL,Apple,Nasdaq,USD,20260706_112032
2026-07-02 12:37:00-04:00,308.3399963378906,308.42999267578125,308.17999267578125,308.364990234375,126061,AAPL,Apple,Nasdaq,USD,20260706_112032
2026-07-02 12:38:00-04:00,308.21990966796875,308.3999938964844,308.06500244140625,308.3349914550781,164933,AAPL,Apple,Nasdaq,USD,20260706_112032
2026-07-02 12:39:00-04:00,308.1099853515625,308.2799987792969,307.9200134277344,308.2049865722656,159675,AAPL,Apple,Nasdaq,USD,20260706_112032
2026-07-02 12:40:00-04:00,307.7701110839844,308.1700134277344,307.75,308.1300048828125,136158,AAPL,Apple,Nasdaq,USD,20260706_112032
2026-07-02 12:41:00-04:00,307.4750061035156,307.8999938964844,307.3500061035156,307.75,168332,AAPL,Apple,Nasdaq,USD,20260706_112032
2026-07-02 12:42:00-04:00,307.4200134277344,307.5950012207031,307.2099914550781,307.4750061035156,167896,AAPL,Apple,Nasdaq,USD,20260706_112032
2026-07-02 12:43:00-04:00,307.2550048828125,307.44000244140625,307.04998779296875,307.3900146484375,80495,AAPL,Apple,Nasdaq,USD,20260706_112032
2026-07-02 12:44:00-04:00,307.45001220703125,307.55999755859375,307.2699890136719,307.2699890136719,78516,AAPL,Apple,Nasdaq,USD,20260706_112032
2026-07-02 12:45:00-04:00,307.260009765625,307.4549865722656,307.1152038574219,307.4501037597656,63701,AAPL,Apple,Nasdaq,USD,20260706_112032
2026-07-02 12:46:00-04:00,306.989990234375,307.3399963378906,306.92999267578125,307.25,102554,AAPL,Apple,Nasdaq,USD,20260706_112032
2026-07-02 12:47:00-04:00,307.625,307.6600036621094,306.6700134277344,306.989990234375,139199,AAPL,Apple,Nasdaq,USD,20260706_112032
2026-07-02 12:48:00-04:00,307.55499267578125,307.8699951171875,307.3599853515625,307.625,110817,AAPL,Apple,Nasdaq,USD,20260706_112032
2026-07-02 12:49:00-04:00,307.7799987792969,307.8299865722656,307.55999755859375,307.57000732421875,114235,AAPL,Apple,Nasdaq,USD,20260706_112032
2026-07-02 12:50:00-04:00,307.635009765625,307.8800048828125,307.5,307.80999755859375,150968,AAPL,Apple,Nasdaq,USD,20260706_112032
2026-07-02 12:51:00-04:00,307.7250061035156,307.96990966796875,307.6000061035156,307.6300048828125,149730,AAPL,Apple,Nasdaq,USD,20260706_112032
2026-07-02 12:52:00-04:00,308.2900085449219,308.29998779296875,307.7099914550781,307.7250061035156,119461,AAPL,Apple,Nasdaq,USD,20260706_112032
2026-07-02 12:53:00-04:00,308.2200012207031,308.36248779296875,308.085205078125,308.2900085449219,101305,AAPL,Apple,Nasdaq,USD,20260706_112032
2026-07-02 12:54:00-04:00,308.2650146484375,308.447998046875,308.2200012207031,308.2200012207031,130564,AAPL,Apple,Nasdaq,USD,20260706_112032
2026-07-02 12:55:00-04:00,308.3949890136719,308.5299072265625,308.2300109863281,308.260009765625,128115,AAPL,Apple,Nasdaq,USD,20260706_112032
2026-07-02 12:56:00-04:00,308.2799987792969,308.4800109863281,308.260009765625,308.3999938964844,93644,AAPL,Apple,Nasdaq,USD,20260706_112032
2026-07-02 12:57:00-04:00,308.260009765625,308.5150146484375,308.1400146484375,308.2950134277344,146555,AAPL,Apple,Nasdaq,USD,20260706_112032
2026-07-02 12:58:00-04:00,308.3598937988281,308.3800048828125,307.9599914550781,308.2650146484375,107150,AAPL,Apple,Nasdaq,USD,20260706_112032
2026-07-02 12:59:00-04:00,308.30999755859375,308.3949890136719,308.06500244140625,308.32000732421875,102511,AAPL,Apple,Nasdaq,USD,20260706_112032
2026-07-02 13:00:00-04:00,307.9649963378906,308.45001220703125,307.5899963378906,308.29998779296875,287919,AAPL,Apple,Nasdaq,USD,20260706_112032
2026-07-02 13:01:00-04:00,307.82989501953125,307.9750061035156,307.70001220703125,307.94000244140625,142607,AAPL,Apple,Nasdaq,USD,20260706_112032
2026-07-02 13:02:00-04:00,307.7301025390625,307.9599914550781,307.67010498046875,307.81500244140625,96128,AAPL,Apple,Nasdaq,USD,20260706_112032
2026-07-02 13:03:00-04:00,307.5400085449219,307.760009765625,307.4200134277344,307.739990234375,120424,AAPL,Apple,Nasdaq,USD,20260706_112032
2026-07-02 13:04:00-04:00,307.3699951171875,307.6199951171875,307.2049865722656,307.5299987792969,127124,AAPL,Apple,Nasdaq,USD,20260706_112032
2026-07-02 13:05:00-04:00,307.1499938964844,307.4700012207031,307.0899963378906,307.3500061035156,103794,AAPL,Apple,Nasdaq,USD,20260706_112032
2026-07-02 13:06:00-04:00,307.5299072265625,307.53759765625,307.1000061035156,307.1449890136719,60452,AAPL,Apple,Nasdaq,USD,20260706_112032
2026-07-02 13:07:00-04:00,307.8299865722656,307.9100036621094,307.2699890136719,307.54998779296875,75227,AAPL,Apple,Nasdaq,USD,20260706_112032
2026-07-02 13:08:00-04:00,307.9432067871094,308.0899963378906,307.7850036621094,307.8299865722656,99792,AAPL,Apple,Nasdaq,USD,20260706_112032
2026-07-02 13:09:00-04:00,308.2799987792969,308.30999755859375,307.9599914550781,307.9700012207031,80525,AAPL,Apple,Nasdaq,USD,20260706_112032
2026-07-02 13:10:00-04:00,307.92999267578125,308.32000732421875,307.8900146484375,308.29998779296875,156906,AAPL,Apple,Nasdaq,USD,20260706_112032
2026-07-02 13:11:00-04:00,308.18499755859375,308.29998779296875,307.8699951171875,307.9700012207031,149400,AAPL,Apple,Nasdaq,USD,20260706_112032
2026-07-02 13:12:00-04:00,308.0397033691406,308.19000244140625,307.8699951171875,308.1499938964844,106606,AAPL,Apple,Nasdaq,USD,20260706_112032
2026-07-02 13:13:00-04:00,307.989990234375,308.0299987792969,307.8699951171875,308.0150146484375,70969,AAPL,Apple,Nasdaq,USD,20260706_112032
2026-07-02 13:14:00-04:00,308.2099914550781,308.2099914550781,307.8800964355469,307.9800109863281,87134,AAPL,Apple,Nasdaq,USD,20260706_112032
2026-07-02 13:15:00-04:00,308.2799987792969,308.30999755859375,308.114990234375,308.2099914550781,141358,AAPL,Apple,Nasdaq,USD,20260706_112032
2026-07-02 13:16:00-04:00,308.1099853515625,308.31988525390625,308.0299987792969,308.2651062011719,122082,AAPL,Apple,Nasdaq,USD,20260706_112032
2026-07-02 13:17:00-04:00,307.8900146484375,308.1199951171875,307.8599853515625,308.1199951171875,102269,AAPL,Apple,Nasdaq,USD,20260706_112032
2026-07-02 13:18:00-04:00,308.0400085449219,308.1700134277344,307.82000732421875,307.9100036621094,96451,AAPL,Apple,Nasdaq,USD,20260706_112032
2026-07-02 13:19:00-04:00,307.75,308.0498962402344,307.6499938964844,308.0400085449219,123236,AAPL,Apple,Nasdaq,USD,20260706_112032
2026-07-02 13:20:00-04:00,307.75,307.9100036621094,307.6700134277344,307.7799987792969,85810,AAPL,Apple,Nasdaq,USD,20260706_112032
2026-07-02 13:21:00-04:00,307.7300109863281,307.92999267578125,307.6512145996094,307.760009765625,94126,AAPL,Apple,Nasdaq,USD,20260706_112032
2026-07-02 13:22:00-04:00,307.9100036621094,307.95001220703125,307.75,307.760009765625,80700,AAPL,Apple,Nasdaq,USD,20260706_112032
2026-07-02 13:23:00-04:00,307.9200134277344,307.9898986816406,307.80999755859375,307.8900146484375,63065,AAPL,Apple,Nasdaq,USD,20260706_112032
2026-07-02 13:24:00-04:00,307.8599853515625,307.9599914550781,307.7300109863281,307.92999267578125,64605,AAPL,Apple,Nasdaq,USD,20260706_112032
2026-07-02 13:25:00-04:00,307.7099914550781,307.8699951171875,307.70001220703125,307.8599853515625,56634,AAPL,Apple,Nasdaq,USD,20260706_112032
2026-07-02 13:26:00-04:00,307.2622985839844,307.7576904296875,307.260009765625,307.7099914550781,57120,AAPL,Apple,Nasdaq,USD,20260706_112032
2026-07-02 13:27:00-04:00,307.739990234375,307.7650146484375,307.260009765625,307.260009765625,68479,AAPL,Apple,Nasdaq,USD,20260706_112032
2026-07-02 13:28:00-04:00,307.8349914550781,307.8800048828125,307.760009765625,307.7799987792969,81235,AAPL,Apple,Nasdaq,USD,20260706_112032
2026-07-02 13:29:00-04:00,307.80499267578125,307.9100036621094,307.7099914550781,307.82000732421875,37903,AAPL,Apple,Nasdaq,USD,20260706_112032
2026-07-02 13:30:00-04:00,307.739990234375,307.8699951171875,307.67999267578125,307.80499267578125,68787,AAPL,Apple,Nasdaq,USD,20260706_112032
2026-07-02 13:31:00-04:00,307.93499755859375,308.07000732421875,307.739990234375,307.739990234375,95657,AAPL,Apple,Nasdaq,USD,20260706_112032
2026-07-02 13:32:00-04:00,307.96990966796875,308.04998779296875,307.840087890625,307.93499755859375,60393,AAPL,Apple,Nasdaq,USD,20260706_112032
2026-07-02 13:33:00-04:00,307.9800109863281,308.1000061035156,307.927001953125,307.95001220703125,82265,AAPL,Apple,Nasdaq,USD,20260706_112032
2026-07-02 13:34:00-04:00,307.5400085449219,308.06500244140625,307.4700012207031,307.9800109863281,128921,AAPL,Apple,Nasdaq,USD,20260706_112032
2026-07-02 13:35:00-04:00,307.4750061035156,307.875,307.4200134277344,307.5,97267,AAPL,Apple,Nasdaq,USD,20260706_112032
2026-07-02 13:36:00-04:00,307.7550048828125,307.8900146484375,307.43011474609375,307.4750061035156,80060,AAPL,Apple,Nasdaq,USD,20260706_112032
2026-07-02 13:37:00-04:00,307.6600036621094,307.8500061035156,307.54998779296875,307.7799987792969,87941,AAPL,Apple,Nasdaq,USD,20260706_112032
2026-07-02 13:38:00-04:00,307.9700012207031,307.9800109863281,307.6499938964844,307.6499938964844,81124,AAPL,Apple,Nasdaq,USD,20260706_112032
2026-07-02 13:39:00-04:00,307.8299865722656,308.0299987792969,307.7749938964844,307.9700012207031,90039,AAPL,Apple,Nasdaq,USD,20260706_112032
2026-07-02 13:40:00-04:00,307.8349914550781,307.8800048828125,307.6400146484375,307.8299865722656,115836,AAPL,Apple,Nasdaq,USD,20260706_112032
2026-07-02 13:41:00-04:00,308.0299987792969,308.0899963378906,307.7550048828125,307.8399963378906,71509,AAPL,Apple,Nasdaq,USD,20260706_112032
2026-07-02 13:42:00-04:00,307.92999267578125,308.05999755859375,307.8500061035156,308.0599060058594,70822,AAPL,Apple,Nasdaq,USD,20260706_112032
2026-07-02 13:43:00-04:00,308.0400085449219,308.04998779296875,307.79998779296875,307.94000244140625,95050,AAPL,Apple,Nasdaq,USD,20260706_112032
2026-07-02 13:44:00-04:00,308.17999267578125,308.17999267578125,307.875,308.0400085449219,80351,AAPL,Apple,Nasdaq,USD,20260706_112032
2026-07-02 13:45:00-04:00,308.2300109863281,308.29998779296875,308.0199890136719,308.1700134277344,137567,AAPL,Apple,Nasdaq,USD,20260706_112032
2026-07-02 13:46:00-04:00,308.0249938964844,308.2900085449219,308.0,308.2900085449219,115918,AAPL,Apple,Nasdaq,USD,20260706_112032
2026-07-02 13:47:00-04:00,307.67999267578125,308.0899963378906,307.6400146484375,308.0400085449219,101054,AAPL,Apple,Nasdaq,USD,20260706_112032
2026-07-02 13:48:00-04:00,308.0599060058594,308.0888977050781,307.4800109863281,307.67498779296875,102011,AAPL,Apple,Nasdaq,USD,20260706_112032
2026-07-02 13:49:00-04:00,307.9800109863281,308.17999267578125,307.739990234375,308.0367126464844,178011,AAPL,Apple,Nasdaq,USD,20260706_112032
2026-07-02 13:50:00-04:00,307.90289306640625,308.04071044921875,307.7900085449219,307.9800109863281,260684,AAPL,Apple,Nasdaq,USD,20260706_112032
2026-07-02 13:51:00-04:00,308.0,308.1000061035156,307.8949890136719,307.95001220703125,82459,AAPL,Apple,Nasdaq,USD,20260706_112032
2026-07-02 13:52:00-04:00,307.7900085449219,308.0299987792969,307.7200012207031,308.0,97424,AAPL,Apple,Nasdaq,USD,20260706_112032
2026-07-02 13:53:00-04:00,307.7300109863281,307.9739990234375,307.7250061035156,307.7900085449219,71262,AAPL,Apple,Nasdaq,USD,20260706_112032
2026-07-02 13:54:00-04:00,307.79998779296875,307.889892578125,307.67999267578125,307.7250061035156,55474,AAPL,Apple,Nasdaq,USD,20260706_112032
2026-07-02 13:55:00-04:00,307.4599914550781,307.82000732421875,307.38018798828125,307.7200012207031,75990,AAPL,Apple,Nasdaq,USD,20260706_112032
2026-07-02 13:56:00-04:00,307.489990234375,307.5050048828125,307.3599853515625,307.40008544921875,50944,AAPL,Apple,Nasdaq,USD,20260706_112032
2026-07-02 13:57:00-04:00,307.3999938964844,307.5899963378906,307.2699890136719,307.4599914550781,98036,AAPL,Apple,Nasdaq,USD,20260706_112032
2026-07-02 13:58:00-04:00,307.31500244140625,307.5199890136719,307.260009765625,307.3999938964844,55827,AAPL,Apple,Nasdaq,USD,20260706_112032
2026-07-02 13:59:00-04:00,307.32000732421875,307.3399963378906,307.10009765625,307.31500244140625,94000,AAPL,Apple,Nasdaq,USD,20260706_112032
2026-07-02 14:00:00-04:00,307.62188720703125,307.75,307.1449890136719,307.3500061035156,137314,AAPL,Apple,Nasdaq,USD,20260706_112032
2026-07-02 14:01:00-04:00,307.5849914550781,307.6400146484375,307.4599914550781,307.6400146484375,97881,AAPL,Apple,Nasdaq,USD,20260706_112032
2026-07-02 14:02:00-04:00,307.2699890136719,307.6549987792969,307.2650146484375,307.5899963378906,137455,AAPL,Apple,Nasdaq,USD,20260706_112032
2026-07-02 14:03:00-04:00,307.3699951171875,307.3699951171875,307.1600036621094,307.2650146484375,71674,AAPL,Apple,Nasdaq,USD,20260706_112032
2026-07-02 14:04:00-04:00,307.6449890136719,307.7998962402344,307.3999938964844,307.3999938964844,73854,AAPL,Apple,Nasdaq,USD,20260706_112032
2026-07-02 14:05:00-04:00,307.6050109863281,307.7699890136719,307.5364990234375,307.6449890136719,91012,AAPL,Apple,Nasdaq,USD,20260706_112032
2026-07-02 14:06:00-04:00,307.6474914550781,307.79998779296875,307.56500244140625,307.6050109863281,105806,AAPL,Apple,Nasdaq,USD,20260706_112032
2026-07-02 14:07:00-04:00,307.3900146484375,307.7300109863281,307.3550109863281,307.56500244140625,68060,AAPL,Apple,Nasdaq,USD,20260706_112032
2026-07-02 14:08:00-04:00,307.7749938964844,307.7799987792969,307.2200012207031,307.3900146484375,78666,AAPL,Apple,Nasdaq,USD,20260706_112032
2026-07-02 14:09:00-04:00,307.510009765625,307.82000732421875,307.4400939941406,307.7749938964844,86444,AAPL,Apple,Nasdaq,USD,20260706_112032
2026-07-02 14:10:00-04:00,307.4949951171875,307.6600036621094,307.4700012207031,307.5050048828125,77700,AAPL,Apple,Nasdaq,USD,20260706_112032
2026-07-02 14:11:00-04:00,307.5799865722656,307.6700134277344,307.4949951171875,307.5,68510,AAPL,Apple,Nasdaq,USD,20260706_112032
2026-07-02 14:12:00-04:00,307.6199951171875,307.67498779296875,307.47259521484375,307.589599609375,69061,AAPL,Apple,Nasdaq,USD,20260706_112032
2026-07-02 14:13:00-04:00,307.6300048828125,307.7099914550781,307.55999755859375,307.6499938964844,103261,AAPL,Apple,Nasdaq,USD,20260706_112032
2026-07-02 14:14:00-04:00,307.6400146484375,307.6700134277344,307.5,307.6199951171875,70357,AAPL,Apple,Nasdaq,USD,20260706_112032
2026-07-02 14:15:00-04:00,307.67999267578125,307.75,307.5201110839844,307.65008544921875,75460,AAPL,Apple,Nasdaq,USD,20260706_112032
2026-07-02 14:16:00-04:00,307.6700134277344,307.79998779296875,307.489990234375,307.67999267578125,74147,AAPL,Apple,Nasdaq,USD,20260706_112032
2026-07-02 14:17:00-04:00,307.4649963378906,307.79998779296875,307.4100036621094,307.67999267578125,94858,AAPL,Apple,Nasdaq,USD,20260706_112032
2026-07-02 14:18:00-04:00,307.5199890136719,307.6199951171875,307.3399963378906,307.4649963378906,67083,AAPL,Apple,Nasdaq,USD,20260706_112032
2026-07-02 14:19:00-04:00,307.1004943847656,307.5249938964844,306.8200988769531,307.5198974609375,244359,AAPL,Apple,Nasdaq,USD,20260706_112032
2026-07-02 14:20:00-04:00,307.3900146484375,307.4700012207031,307.1000061035156,307.1099853515625,80475,AAPL,Apple,Nasdaq,USD,20260706_112032
2026-07-02 14:21:00-04:00,307.4100036621094,307.5899963378906,307.3900146484375,307.3999938964844,64316,AAPL,Apple,Nasdaq,USD,20260706_112032
2026-07-02 14:22:00-04:00,307.1400146484375,307.3949890136719,307.1199951171875,307.3949890136719,82683,AAPL,Apple,Nasdaq,USD,20260706_112032
2026-07-02 14:23:00-04:00,307.30999755859375,307.30999755859375,307.110107421875,307.1400146484375,71491,AAPL,Apple,Nasdaq,USD,20260706_112032
2026-07-02 14:24:00-04:00,307.25,307.4700012207031,307.25,307.3092956542969,76309,AAPL,Apple,Nasdaq,USD,20260706_112032
2026-07-02 14:25:00-04:00,307.2749938964844,307.3500061035156,307.1700134277344,307.2449951171875,90488,AAPL,Apple,Nasdaq,USD,20260706_112032
2026-07-02 14:26:00-04:00,307.3800048828125,307.42999267578125,307.114990234375,307.2749938964844,106135,AAPL,Apple,Nasdaq,USD,20260706_112032
2026-07-02 14:27:00-04:00,307.2699890136719,307.364990234375,307.1300048828125,307.364990234375,78694,AAPL,Apple,Nasdaq,USD,20260706_112032
2026-07-02 14:28:00-04:00,307.4700012207031,307.5,307.2749938964844,307.29998779296875,74644,AAPL,Apple,Nasdaq,USD,20260706_112032
2026-07-02 14:29:00-04:00,307.3299865722656,307.5299987792969,307.2959899902344,307.48480224609375,49270,AAPL,Apple,Nasdaq,USD,20260706_112032
2026-07-02 14:30:00-04:00,307.6300048828125,307.7699890136719,307.2699890136719,307.3399963378906,115548,AAPL,Apple,Nasdaq,USD,20260706_112032
2026-07-02 14:31:00-04:00,307.8800048828125,307.8999938964844,307.6000061035156,307.614990234375,104110,AAPL,Apple,Nasdaq,USD,20260706_112032
2026-07-02 14:32:00-04:00,307.6199951171875,307.89990234375,307.6199951171875,307.8800048828125,86494,AAPL,Apple,Nasdaq,USD,20260706_112032
2026-07-02 14:33:00-04:00,307.54998779296875,307.639892578125,307.38629150390625,307.6299133300781,57555,AAPL,Apple,Nasdaq,USD,20260706_112032
2026-07-02 14:34:00-04:00,307.53009033203125,307.6099853515625,307.4800109863281,307.54998779296875,86697,AAPL,Apple,Nasdaq,USD,20260706_112032
2026-07-02 14:35:00-04:00,307.4773864746094,307.6000061035156,307.3500061035156,307.54998779296875,70178,AAPL,Apple,Nasdaq,USD,20260706_112032
2026-07-02 14:36:00-04:00,307.57501220703125,307.7799987792969,307.4700012207031,307.4800109863281,68516,AAPL,Apple,Nasdaq,USD,20260706_112032
2026-07-02 14:37:00-04:00,307.6600036621094,307.67999267578125,307.55999755859375,307.5799865722656,42489,AAPL,Apple,Nasdaq,USD,20260706_112032
2026-07-02 14:38:00-04:00,307.4501037597656,307.6695861816406,307.44000244140625,307.6600036621094,53785,AAPL,Apple,Nasdaq,USD,20260706_112032
2026-07-02 14:39:00-04:00,307.3599853515625,307.4800109863281,307.32000732421875,307.42999267578125,55194,AAPL,Apple,Nasdaq,USD,20260706_112032
2026-07-02 14:40:00-04:00,307.239990234375,307.489990234375,307.1600036621094,307.32000732421875,566896,AAPL,Apple,Nasdaq,USD,20260706_112032
2026-07-02 14:41:00-04:00,307.1400146484375,307.3999938964844,307.1300048828125,307.2200012207031,60820,AAPL,Apple,Nasdaq,USD,20260706_112032
2026-07-02 14:42:00-04:00,307.3699951171875,307.489990234375,307.1400146484375,307.1499938964844,67334,AAPL,Apple,Nasdaq,USD,20260706_112032
2026-07-02 14:43:00-04:00,307.42999267578125,307.4898986816406,307.25,307.3900146484375,65168,AAPL,Apple,Nasdaq,USD,20260706_112032
2026-07-02 14:44:00-04:00,307.54998779296875,307.69000244140625,307.4100036621094,307.43499755859375,71755,AAPL,Apple,Nasdaq,USD,20260706_112032
2026-07-02 14:45:00-04:00,307.54998779296875,307.6499938964844,307.3641052246094,307.54998779296875,54175,AAPL,Apple,Nasdaq,USD,20260706_112032
2026-07-02 14:46:00-04:00,307.489990234375,307.55999755859375,307.3800048828125,307.54998779296875,48434,AAPL,Apple,Nasdaq,USD,20260706_112032
2026-07-02 14:47:00-04:00,307.489990234375,307.5299987792969,307.3504943847656,307.5,46397,AAPL,Apple,Nasdaq,USD,20260706_112032
2026-07-02 14:48:00-04:00,307.5150146484375,307.5299987792969,307.3900146484375,307.5,35971,AAPL,Apple,Nasdaq,USD,20260706_112032
2026-07-02 14:49:00-04:00,307.4200134277344,307.5400085449219,307.3500061035156,307.5299987792969,50323,AAPL,Apple,Nasdaq,USD,20260706_112032
2026-07-02 14:50:00-04:00,307.7550048828125,307.7900085449219,307.3900146484375,307.4200134277344,93358,AAPL,Apple,Nasdaq,USD,20260706_112032
2026-07-02 14:51:00-04:00,307.7401123046875,307.79998779296875,307.6300048828125,307.75,85328,AAPL,Apple,Nasdaq,USD,20260706_112032
2026-07-02 14:52:00-04:00,307.7099914550781,307.80999755859375,307.5799865722656,307.75,84716,AAPL,Apple,Nasdaq,USD,20260706_112032
2026-07-02 14:53:00-04:00,307.79998779296875,307.79998779296875,307.69000244140625,307.7099914550781,47708,AAPL,Apple,Nasdaq,USD,20260706_112032
2026-07-02 14:54:00-04:00,307.57000732421875,307.80999755859375,307.5199890136719,307.80999755859375,100157,AAPL,Apple,Nasdaq,USD,20260706_112032
2026-07-02 14:55:00-04:00,307.7900085449219,307.8299865722656,307.55999755859375,307.57000732421875,88257,AAPL,Apple,Nasdaq,USD,20260706_112032
2026-07-02 14:56:00-04:00,307.8399963378906,307.8999938964844,307.760009765625,307.7799987792969,86688,AAPL,Apple,Nasdaq,USD,20260706_112032
2026-07-02 14:57:00-04:00,307.864990234375,307.8800048828125,307.5799865722656,307.8399963378906,94397,AAPL,Apple,Nasdaq,USD,20260706_112032
2026-07-02 14:58:00-04:00,307.81500244140625,308.1000061035156,307.75,307.864990234375,124210,AAPL,Apple,Nasdaq,USD,20260706_112032
2026-07-02 14:59:00-04:00,307.6449890136719,307.92498779296875,307.6199951171875,307.80999755859375,78336,AAPL,Apple,Nasdaq,USD,20260706_112032
2026-07-02 15:00:00-04:00,307.9501037597656,308.17999267578125,307.6000061035156,307.6449890136719,91369,AAPL,Apple,Nasdaq,USD,20260706_112032
2026-07-02 15:01:00-04:00,307.94000244140625,308.0899963378906,307.79998779296875,307.9580993652344,99263,AAPL,Apple,Nasdaq,USD,20260706_112032
2026-07-02 15:02:00-04:00,307.8349914550781,307.9849853515625,307.7699890136719,307.93499755859375,76490,AAPL,Apple,Nasdaq,USD,20260706_112032
2026-07-02 15:03:00-04:00,307.94000244140625,307.9599914550781,307.8299865722656,307.8349914550781,68184,AAPL,Apple,Nasdaq,USD,20260706_112032
2026-07-02 15:04:00-04:00,307.42999267578125,307.9599914550781,307.3800048828125,307.94000244140625,119712,AAPL,Apple,Nasdaq,USD,20260706_112032
2026-07-02 15:05:00-04:00,307.739990234375,307.739990234375,307.44000244140625,307.44000244140625,69905,AAPL,Apple,Nasdaq,USD,20260706_112032
2026-07-02 15:06:00-04:00,307.92498779296875,308.04998779296875,307.7300109863281,307.739990234375,114076,AAPL,Apple,Nasdaq,USD,20260706_112032
2026-07-02 15:07:00-04:00,308.19000244140625,308.2099914550781,307.9200134277344,307.95001220703125,112855,AAPL,Apple,Nasdaq,USD,20260706_112032
2026-07-02 15:08:00-04:00,308.1400146484375,308.2099914550781,308.07000732421875,308.19000244140625,78574,AAPL,Apple,Nasdaq,USD,20260706_112032
2026-07-02 15:09:00-04:00,308.0899963378906,308.2300109863281,308.07000732421875,308.1199951171875,90932,AAPL,Apple,Nasdaq,USD,20260706_112032
2026-07-02 15:10:00-04:00,308.2799987792969,308.2900085449219,308.0400085449219,308.0799865722656,104716,AAPL,Apple,Nasdaq,USD,20260706_112032
2026-07-02 15:11:00-04:00,308.1300048828125,308.30999755859375,308.1199951171875,308.2850036621094,89287,AAPL,Apple,Nasdaq,USD,20260706_112032
2026-07-02 15:12:00-04:00,307.9200134277344,308.177490234375,307.8699951171875,308.1200866699219,69809,AAPL,Apple,Nasdaq,USD,20260706_112032
2026-07-02 15:13:00-04:00,307.79998779296875,308.0201110839844,307.79998779296875,307.9200134277344,73382,AAPL,Apple,Nasdaq,USD,20260706_112032
2026-07-02 15:14:00-04:00,307.7900085449219,307.8800048828125,307.6499938964844,307.8099060058594,73672,AAPL,Apple,Nasdaq,USD,20260706_112032
2026-07-02 15:15:00-04:00,307.510009765625,307.7799987792969,307.45001220703125,307.7799987792969,83812,AAPL,Apple,Nasdaq,USD,20260706_112032
2026-07-02 15:16:00-04:00,307.7799987792969,307.8399963378906,307.510009765625,307.510009765625,101204,AAPL,Apple,Nasdaq,USD,20260706_112032
2026-07-02 15:17:00-04:00,307.8999938964844,307.9700012207031,307.7629089355469,307.7650146484375,84409,AAPL,Apple,Nasdaq,USD,20260706_112032
2026-07-02 15:18:00-04:00,307.8299865722656,307.95001220703125,307.7699890136719,307.8999938964844,84826,AAPL,Apple,Nasdaq,USD,20260706_112032
2026-07-02 15:19:00-04:00,307.92999267578125,308.04998779296875,307.82000732421875,307.8299865722656,99728,AAPL,Apple,Nasdaq,USD,20260706_112032
2026-07-02 15:20:00-04:00,307.8349914550781,307.9700012207031,307.77978515625,307.92999267578125,66403,AAPL,Apple,Nasdaq,USD,20260706_112032
2026-07-02 15:21:00-04:00,307.760009765625,307.8800048828125,307.67999267578125,307.8349914550781,90971,AAPL,Apple,Nasdaq,USD,20260706_112032
2026-07-02 15:22:00-04:00,307.625,307.7699890136719,307.5,307.7699890136719,110024,AAPL,Apple,Nasdaq,USD,20260706_112032
2026-07-02 15:23:00-04:00,307.5299987792969,307.6549987792969,307.4700012207031,307.625,127051,AAPL,Apple,Nasdaq,USD,20260706_112032
2026-07-02 15:24:00-04:00,307.625,307.6700134277344,307.5,307.5400085449219,91415,AAPL,Apple,Nasdaq,USD,20260706_112032
2026-07-02 15:25:00-04:00,307.590087890625,307.6400146484375,307.53009033203125,307.6300048828125,102101,AAPL,Apple,Nasdaq,USD,20260706_112032
2026-07-02 15:26:00-04:00,307.42498779296875,307.6099853515625,307.4100036621094,307.6098937988281,92383,AAPL,Apple,Nasdaq,USD,20260706_112032
2026-07-02 15:27:00-04:00,307.510009765625,307.510009765625,307.30010986328125,307.4216003417969,92672,AAPL,Apple,Nasdaq,USD,20260706_112032
2026-07-02 15:28:00-04:00,307.3599853515625,307.5450134277344,307.340087890625,307.510009765625,101577,AAPL,Apple,Nasdaq,USD,20260706_112032
2026-07-02 15:29:00-04:00,307.42498779296875,307.55999755859375,307.2601013183594,307.3599853515625,98779,AAPL,Apple,Nasdaq,USD,20260706_112032
2026-07-02 15:30:00-04:00,307.7300109863281,307.75,307.31500244140625,307.44000244140625,109261,AAPL,Apple,Nasdaq,USD,20260706_112032
2026-07-02 15:31:00-04:00,307.7900085449219,307.8299865722656,307.6700134277344,307.739990234375,144554,AAPL,Apple,Nasdaq,USD,20260706_112032
2026-07-02 15:32:00-04:00,307.9700012207031,307.9700012207031,307.7250061035156,307.7925109863281,124745,AAPL,Apple,Nasdaq,USD,20260706_112032
2026-07-02 15:33:00-04:00,308.07000732421875,308.1400146484375,307.9601135253906,307.9700012207031,130611,AAPL,Apple,Nasdaq,USD,20260706_112032
2026-07-02 15:34:00-04:00,308.0450134277344,308.1499938964844,308.010009765625,308.0899963378906,94593,AAPL,Apple,Nasdaq,USD,20260706_112032
2026-07-02 15:35:00-04:00,308.0899963378906,308.1449890136719,308.010009765625,308.04998779296875,118268,AAPL,Apple,Nasdaq,USD,20260706_112032
2026-07-02 15:36:00-04:00,308.20001220703125,308.20098876953125,307.9599914550781,308.0849914550781,157177,AAPL,Apple,Nasdaq,USD,20260706_112032
2026-07-02 15:37:00-04:00,308.3599853515625,308.3699951171875,308.1300048828125,308.20001220703125,127018,AAPL,Apple,Nasdaq,USD,20260706_112032
2026-07-02 15:38:00-04:00,308.1799011230469,308.510009765625,308.1600036621094,308.3699951171875,175604,AAPL,Apple,Nasdaq,USD,20260706_112032
2026-07-02 15:39:00-04:00,308.260009765625,308.30999755859375,308.07000732421875,308.1600036621094,134706,AAPL,Apple,Nasdaq,USD,20260706_112032
2026-07-02 15:40:00-04:00,308.2900085449219,308.4599914550781,308.2200012207031,308.260009765625,137751,AAPL,Apple,Nasdaq,USD,20260706_112032
2026-07-02 15:41:00-04:00,308.3599853515625,308.42999267578125,308.2099914550781,308.2900085449219,133164,AAPL,Apple,Nasdaq,USD,20260706_112032
2026-07-02 15:42:00-04:00,308.1700134277344,308.3599853515625,308.1199951171875,308.3399963378906,214768,AAPL,Apple,Nasdaq,USD,20260706_112032
2026-07-02 15:43:00-04:00,307.83099365234375,308.2900085449219,307.83099365234375,308.1871032714844,160750,AAPL,Apple,Nasdaq,USD,20260706_112032
2026-07-02 15:44:00-04:00,307.9800109863281,308.0299987792969,307.7799987792969,307.8299865722656,178037,AAPL,Apple,Nasdaq,USD,20260706_112032
2026-07-02 15:45:00-04:00,307.739990234375,308.0299987792969,307.7300109863281,307.9800109863281,158471,AAPL,Apple,Nasdaq,USD,20260706_112032
2026-07-02 15:46:00-04:00,307.7200012207031,307.760009765625,307.54998779296875,307.69000244140625,123484,AAPL,Apple,Nasdaq,USD,20260706_112032
2026-07-02 15:47:00-04:00,307.5450134277344,307.82000732421875,307.53009033203125,307.7300109863281,102845,AAPL,Apple,Nasdaq,USD,20260706_112032
2026-07-02 15:48:00-04:00,307.7099914550781,307.7300109863281,307.2099914550781,307.5450134277344,172208,AAPL,Apple,Nasdaq,USD,20260706_112032
2026-07-02 15:49:00-04:00,307.5299987792969,307.7650146484375,307.44000244140625,307.7200012207031,183802,AAPL,Apple,Nasdaq,USD,20260706_112032
2026-07-02 15:50:00-04:00,307.75,308.4700012207031,307.5400085449219,307.5400085449219,369519,AAPL,Apple,Nasdaq,USD,20260706_112032
2026-07-02 15:51:00-04:00,307.9800109863281,308.1300048828125,307.75,307.760009765625,272217,AAPL,Apple,Nasdaq,USD,20260706_112032
2026-07-02 15:52:00-04:00,308.1499938964844,308.2300109863281,307.92999267578125,307.9700012207031,222816,AAPL,Apple,Nasdaq,USD,20260706_112032
2026-07-02 15:53:00-04:00,308.30499267578125,308.32000732421875,308.0199890136719,308.1300048828125,332885,AAPL,Apple,Nasdaq,USD,20260706_112032
2026-07-02 15:54:00-04:00,308.0400085449219,308.54998779296875,307.95001220703125,308.30499267578125,318358,AAPL,Apple,Nasdaq,USD,20260706_112032
2026-07-02 15:55:00-04:00,309.1499938964844,309.25,308.0400085449219,308.0400085449219,556325,AAPL,Apple,Nasdaq,USD,20260706_112032
2026-07-02 15:56:00-04:00,309.1499938964844,309.2799987792969,308.9100036621094,309.17999267578125,477999,AAPL,Apple,Nasdaq,USD,20260706_112032
2026-07-02 15:57:00-04:00,309.0899963378906,309.4200134277344,308.95001220703125,309.1499938964844,768731,AAPL,Apple,Nasdaq,USD,20260706_112032
2026-07-02 15:58:00-04:00,308.7449951171875,309.2300109863281,308.7099914550781,309.1000061035156,805685,AAPL,Apple,Nasdaq,USD,20260706_112032
2026-07-02 15:59:00-04:00,308.2200012207031,308.9599914550781,308.1000061035156,308.75,1654260,AAPL,Apple,Nasdaq,USD,20260706_112032
2026-07-06 09:30:00-04:00,308.2149963378906,308.54998779296875,307.010009765625,307.67999267578125,2076950,AAPL,Apple,Nasdaq,USD,20260706_144053
2026-07-06 09:31:00-04:00,307.7699890136719,308.7699890136719,307.739990234375,308.1499938964844,232205,AAPL,Apple,Nasdaq,USD,20260706_144053
2026-07-06 09:32:00-04:00,308.2449951171875,308.2699890136719,307.4700012207031,307.7099914550781,162777,AAPL,Apple,Nasdaq,USD,20260706_144053
2026-07-06 09:33:00-04:00,308.8450012207031,308.9800109863281,308.1549987792969,308.239990234375,241156,AAPL,Apple,Nasdaq,USD,20260706_144053
2026-07-06 09:34:00-04:00,308.79998779296875,308.9599914550781,308.4599914550781,308.8374938964844,135556,AAPL,Apple,Nasdaq,USD,20260706_144053
2026-07-06 09:35:00-04:00,308.5249938964844,308.8999938964844,308.2349853515625,308.7699890136719,222662,AAPL,Apple,Nasdaq,USD,20260706_144053
2026-07-06 09:36:00-04:00,309.0199890136719,309.239990234375,308.44000244140625,308.4700012207031,249878,AAPL,Apple,Nasdaq,USD,20260706_144053
2026-07-06 09:37:00-04:00,309.29998779296875,309.3399963378906,308.7099914550781,309.0491943359375,123088,AAPL,Apple,Nasdaq,USD,20260706_144053
2026-07-06 09:38:00-04:00,308.7850036621094,309.4800109863281,308.7699890136719,309.32501220703125,137882,AAPL,Apple,Nasdaq,USD,20260706_144053
2026-07-06 09:39:00-04:00,309.4339904785156,309.4800109863281,308.739990234375,308.7699890136719,97067,AAPL,Apple,Nasdaq,USD,20260706_144053
2026-07-06 09:40:00-04:00,308.8399963378906,309.9100036621094,308.760009765625,309.4132080078125,163063,AAPL,Apple,Nasdaq,USD,20260706_144053
2026-07-06 09:41:00-04:00,308.57000732421875,309.260009765625,308.5400085449219,308.79998779296875,104308,AAPL,Apple,Nasdaq,USD,20260706_144053
2026-07-06 09:42:00-04:00,308.739990234375,308.8500061035156,308.0899963378906,308.57000732421875,163795,AAPL,Apple,Nasdaq,USD,20260706_144053
2026-07-06 09:43:00-04:00,309.0249938964844,309.42999267578125,308.5899963378906,308.7099914550781,97801,AAPL,Apple,Nasdaq,USD,20260706_144053
2026-07-06 09:44:00-04:00,309.2900085449219,309.44000244140625,308.7799987792969,309.05999755859375,88805,AAPL,Apple,Nasdaq,USD,20260706_144053
2026-07-06 09:45:00-04:00,309.4200134277344,309.5799865722656,308.9949951171875,309.3399963378906,115480,AAPL,Apple,Nasdaq,USD,20260706_144053
2026-07-06 09:46:00-04:00,309.7850036621094,309.8999938964844,309.2900085449219,309.4100036621094,127093,AAPL,Apple,Nasdaq,USD,20260706_144053
2026-07-06 09:47:00-04:00,309.42498779296875,309.95001220703125,309.2300109863281,309.75,156495,AAPL,Apple,Nasdaq,USD,20260706_144053
2026-07-06 09:48:00-04:00,309.5799865722656,309.6600036621094,309.32000732421875,309.44000244140625,101613,AAPL,Apple,Nasdaq,USD,20260706_144053
2026-07-06 09:49:00-04:00,309.3999938964844,309.5849914550781,309.1600036621094,309.55999755859375,110488,AAPL,Apple,Nasdaq,USD,20260706_144053
2026-07-06 09:50:00-04:00,309.6700134277344,309.9200134277344,309.2900085449219,309.42999267578125,96557,AAPL,Apple,Nasdaq,USD,20260706_144053
2026-07-06 09:51:00-04:00,308.57000732421875,309.7300109863281,308.3999938964844,309.69000244140625,167830,AAPL,Apple,Nasdaq,USD,20260706_144053
2026-07-06 09:52:00-04:00,309.0,309.0050048828125,308.5400085449219,308.5400085449219,109146,AAPL,Apple,Nasdaq,USD,20260706_144053
2026-07-06 09:53:00-04:00,309.0350036621094,309.1400146484375,308.7947082519531,308.95001220703125,93567,AAPL,Apple,Nasdaq,USD,20260706_144053
2026-07-06 09:54:00-04:00,309.19000244140625,309.2250061035156,308.94000244140625,309.0199890136719,94761,AAPL,Apple,Nasdaq,USD,20260706_144053
2026-07-06 09:55:00-04:00,309.32501220703125,309.42498779296875,308.8399963378906,309.18499755859375,93229,AAPL,Apple,Nasdaq,USD,20260706_144053
2026-07-06 09:56:00-04:00,309.6499938964844,309.7200012207031,309.3500061035156,309.3500061035156,94175,AAPL,Apple,Nasdaq,USD,20260706_144053
2026-07-06 09:57:00-04:00,309.43499755859375,309.7699890136719,309.3599853515625,309.6600036621094,121651,AAPL,Apple,Nasdaq,USD,20260706_144053
2026-07-06 09:58:00-04:00,309.25048828125,309.4798889160156,309.0,309.42999267578125,100744,AAPL,Apple,Nasdaq,USD,20260706_144053
2026-07-06 09:59:00-04:00,309.6300048828125,309.6300048828125,309.2200012207031,309.2749938964844,190474,AAPL,Apple,Nasdaq,USD,20260706_144053
2026-07-06 10:00:00-04:00,309.518798828125,309.6400146484375,309.30999755859375,309.6300048828125,95206,AAPL,Apple,Nasdaq,USD,20260706_144053
2026-07-06 10:01:00-04:00,309.19000244140625,309.6000061035156,309.0,309.55999755859375,129818,AAPL,Apple,Nasdaq,USD,20260706_144053
2026-07-06 10:02:00-04:00,309.3299865722656,309.4949951171875,309.0474853515625,309.1499938964844,77324,AAPL,Apple,Nasdaq,USD,20260706_144053
2026-07-06 10:03:00-04:00,309.2300109863281,309.4200134277344,309.1700134277344,309.3500061035156,59392,AAPL,Apple,Nasdaq,USD,20260706_144053
2026-07-06 10:04:00-04:00,309.3900146484375,309.3999938964844,309.05999755859375,309.25,101249,AAPL,Apple,Nasdaq,USD,20260706_144053
2026-07-06 10:05:00-04:00,309.25,309.510009765625,309.125,309.3699951171875,68842,AAPL,Apple,Nasdaq,USD,20260706_144053
2026-07-06 10:06:00-04:00,309.29998779296875,309.5,309.0400085449219,309.239990234375,127658,AAPL,Apple,Nasdaq,USD,20260706_144053
2026-07-06 10:07:00-04:00,309.55999755859375,309.760009765625,309.260009765625,309.29998779296875,163983,AAPL,Apple,Nasdaq,USD,20260706_144053
2026-07-06 10:08:00-04:00,309.56500244140625,309.7300109863281,309.4700012207031,309.54998779296875,79125,AAPL,Apple,Nasdaq,USD,20260706_144053
2026-07-06 10:09:00-04:00,309.57000732421875,309.7099914550781,309.4700012207031,309.5799865722656,170314,AAPL,Apple,Nasdaq,USD,20260706_144053
2026-07-06 10:10:00-04:00,309.010009765625,309.55999755859375,308.94000244140625,309.55999755859375,139015,AAPL,Apple,Nasdaq,USD,20260706_144053
2026-07-06 10:11:00-04:00,309.010009765625,309.44000244140625,308.8699951171875,308.9700012207031,109327,AAPL,Apple,Nasdaq,USD,20260706_144053
2026-07-06 10:12:00-04:00,309.4599914550781,309.62860107421875,308.989990234375,309.019287109375,97368,AAPL,Apple,Nasdaq,USD,20260706_144053
2026-07-06 10:13:00-04:00,309.8800048828125,309.9898986816406,309.4100036621094,309.4599914550781,118256,AAPL,Apple,Nasdaq,USD,20260706_144053
2026-07-06 10:14:00-04:00,309.8599853515625,309.9800109863281,309.6300048828125,309.8699951171875,105917,AAPL,Apple,Nasdaq,USD,20260706_144053
2026-07-06 10:15:00-04:00,309.75,310.25,309.4800109863281,309.8699951171875,434212,AAPL,Apple,Nasdaq,USD,20260706_144053
2026-07-06 10:16:00-04:00,310.3550109863281,310.3699951171875,309.6650085449219,309.7449951171875,127833,AAPL,Apple,Nasdaq,USD,20260706_144053
2026-07-06 10:17:00-04:00,310.42999267578125,310.6199951171875,310.20001220703125,310.3699951171875,207955,AAPL,Apple,Nasdaq,USD,20260706_144053
2026-07-06 10:18:00-04:00,310.5899963378906,310.6300048828125,310.2300109863281,310.42999267578125,188942,AAPL,Apple,Nasdaq,USD,20260706_144053
2026-07-06 10:19:00-04:00,310.8905029296875,310.9100036621094,310.47100830078125,310.5799865722656,158538,AAPL,Apple,Nasdaq,USD,20260706_144053
2026-07-06 10:20:00-04:00,310.79998779296875,311.0400085449219,310.5299987792969,310.8999938964844,174753,AAPL,Apple,Nasdaq,USD,20260706_144053
2026-07-06 10:21:00-04:00,311.1650085449219,311.3900146484375,310.79998779296875,310.8299865722656,158342,AAPL,Apple,Nasdaq,USD,20260706_144053
2026-07-06 10:22:00-04:00,311.1300048828125,311.2200012207031,310.9700012207031,311.1650085449219,110981,AAPL,Apple,Nasdaq,USD,20260706_144053
2026-07-06 10:23:00-04:00,311.1700134277344,311.364990234375,311.0400085449219,311.1200866699219,127557,AAPL,Apple,Nasdaq,USD,20260706_144053
2026-07-06 10:24:00-04:00,311.0899963378906,311.3399963378906,310.9601135253906,311.17999267578125,111992,AAPL,Apple,Nasdaq,USD,20260706_144053
2026-07-06 10:25:00-04:00,311.19000244140625,311.2900085449219,311.04998779296875,311.07501220703125,102453,AAPL,Apple,Nasdaq,USD,20260706_144053
2026-07-06 10:26:00-04:00,311.3599853515625,311.4599914550781,311.1000061035156,311.18499755859375,107646,AAPL,Apple,Nasdaq,USD,20260706_144053
2026-07-06 10:27:00-04:00,311.42999267578125,311.5,311.12200927734375,311.3699951171875,171132,AAPL,Apple,Nasdaq,USD,20260706_144053
2026-07-06 10:28:00-04:00,311.4200134277344,311.6795959472656,311.3299865722656,311.44000244140625,186537,AAPL,Apple,Nasdaq,USD,20260706_144053
2026-07-06 10:29:00-04:00,311.7300109863281,311.75,311.3299865722656,311.42999267578125,130912,AAPL,Apple,Nasdaq,USD,20260706_144053
2026-07-06 10:30:00-04:00,311.5451965332031,311.82000732421875,311.25,311.70001220703125,213375,AAPL,Apple,Nasdaq,USD,20260706_144053
2026-07-06 10:31:00-04:00,311.5199890136719,311.6400146484375,311.29998779296875,311.5299987792969,97006,AAPL,Apple,Nasdaq,USD,20260706_144053
2026-07-06 10:32:00-04:00,311.3599853515625,311.6099853515625,311.29998779296875,311.5150146484375,117658,AAPL,Apple,Nasdaq,USD,20260706_144053
2026-07-06 10:33:00-04:00,311.36029052734375,311.6000061035156,311.3100891113281,311.3500061035156,110785,AAPL,Apple,Nasdaq,USD,20260706_144053
2026-07-06 10:34:00-04:00,311.2701110839844,311.489990234375,311.2101135253906,311.4100036621094,123495,AAPL,Apple,Nasdaq,USD,20260706_144053
2026-07-06 10:35:00-04:00,311.739990234375,311.7799987792969,311.239990234375,311.239990234375,119205,AAPL,Apple,Nasdaq,USD,20260706_144053
2026-07-06 10:36:00-04:00,311.80999755859375,311.8399963378906,311.6499938964844,311.6900939941406,131118,AAPL,Apple,Nasdaq,USD,20260706_144053
2026-07-06 10:37:00-04:00,311.5899963378906,311.81500244140625,311.5350036621094,311.79998779296875,78428,AAPL,Apple,Nasdaq,USD,20260706_144053
2026-07-06 10:38:00-04:00,311.55010986328125,311.72088623046875,311.54998779296875,311.5849914550781,72323,AAPL,Apple,Nasdaq,USD,20260706_144053
2026-07-06 10:39:00-04:00,311.67999267578125,311.7799987792969,311.42999267578125,311.55010986328125,129936,AAPL,Apple,Nasdaq,USD,20260706_144053
2026-07-06 10:40:00-04:00,311.760009765625,311.760009765625,311.760009765625,311.760009765625,0,AAPL,Apple,Nasdaq,USD,20260706_144053
2026-07-06 09:30:00-04:00,308.2149963378906,308.54998779296875,307.010009765625,307.67999267578125,2076950,AAPL,Apple,Nasdaq,USD,20260706_173316
2026-07-06 09:31:00-04:00,307.7699890136719,308.7699890136719,307.739990234375,308.1499938964844,232205,AAPL,Apple,Nasdaq,USD,20260706_173316
2026-07-06 09:32:00-04:00,308.2449951171875,308.2699890136719,307.4700012207031,307.7099914550781,162777,AAPL,Apple,Nasdaq,USD,20260706_173316
2026-07-06 09:33:00-04:00,308.8450012207031,308.9800109863281,308.1549987792969,308.239990234375,241156,AAPL,Apple,Nasdaq,USD,20260706_173316
2026-07-06 09:34:00-04:00,308.79998779296875,308.9599914550781,308.4599914550781,308.8374938964844,135556,AAPL,Apple,Nasdaq,USD,20260706_173316
2026-07-06 09:35:00-04:00,308.5249938964844,308.8999938964844,308.2349853515625,308.7699890136719,222662,AAPL,Apple,Nasdaq,USD,20260706_173316
2026-07-06 09:36:00-04:00,309.0199890136719,309.239990234375,308.44000244140625,308.4700012207031,249878,AAPL,Apple,Nasdaq,USD,20260706_173316
2026-07-06 09:37:00-04:00,309.29998779296875,309.3399963378906,308.7099914550781,309.0491943359375,123088,AAPL,Apple,Nasdaq,USD,20260706_173316
2026-07-06 09:38:00-04:00,308.7850036621094,309.4800109863281,308.7699890136719,309.32501220703125,137882,AAPL,Apple,Nasdaq,USD,20260706_173316
2026-07-06 09:39:00-04:00,309.4339904785156,309.4800109863281,308.739990234375,308.7699890136719,97067,AAPL,Apple,Nasdaq,USD,20260706_173316
2026-07-06 09:40:00-04:00,308.8399963378906,309.9100036621094,308.760009765625,309.4132080078125,163063,AAPL,Apple,Nasdaq,USD,20260706_173316
2026-07-06 09:41:00-04:00,308.57000732421875,309.260009765625,308.5400085449219,308.79998779296875,104308,AAPL,Apple,Nasdaq,USD,20260706_173316
2026-07-06 09:42:00-04:00,308.739990234375,308.8500061035156,308.0899963378906,308.57000732421875,163795,AAPL,Apple,Nasdaq,USD,20260706_173316
2026-07-06 09:43:00-04:00,309.0249938964844,309.42999267578125,308.5899963378906,308.7099914550781,97801,AAPL,Apple,Nasdaq,USD,20260706_173316
2026-07-06 09:44:00-04:00,309.2900085449219,309.44000244140625,308.7799987792969,309.05999755859375,88805,AAPL,Apple,Nasdaq,USD,20260706_173316
2026-07-06 09:45:00-04:00,309.4200134277344,309.5799865722656,308.9949951171875,309.3399963378906,115480,AAPL,Apple,Nasdaq,USD,20260706_173316
2026-07-06 09:46:00-04:00,309.7850036621094,309.8999938964844,309.2900085449219,309.4100036621094,127093,AAPL,Apple,Nasdaq,USD,20260706_173316
2026-07-06 09:47:00-04:00,309.42498779296875,309.95001220703125,309.2300109863281,309.75,156495,AAPL,Apple,Nasdaq,USD,20260706_173316
2026-07-06 09:48:00-04:00,309.5799865722656,309.6600036621094,309.32000732421875,309.44000244140625,101613,AAPL,Apple,Nasdaq,USD,20260706_173316
2026-07-06 09:49:00-04:00,309.3999938964844,309.5849914550781,309.1600036621094,309.55999755859375,110488,AAPL,Apple,Nasdaq,USD,20260706_173316
2026-07-06 09:50:00-04:00,309.6700134277344,309.9200134277344,309.2900085449219,309.42999267578125,96557,AAPL,Apple,Nasdaq,USD,20260706_173316
2026-07-06 09:51:00-04:00,308.57000732421875,309.7300109863281,308.3999938964844,309.69000244140625,167830,AAPL,Apple,Nasdaq,USD,20260706_173316
2026-07-06 09:52:00-04:00,309.0,309.0050048828125,308.5400085449219,308.5400085449219,109146,AAPL,Apple,Nasdaq,USD,20260706_173316
2026-07-06 09:53:00-04:00,309.0350036621094,309.1400146484375,308.7947082519531,308.95001220703125,93567,AAPL,Apple,Nasdaq,USD,20260706_173316
2026-07-06 09:54:00-04:00,309.19000244140625,309.2250061035156,308.94000244140625,309.0199890136719,94761,AAPL,Apple,Nasdaq,USD,20260706_173316
2026-07-06 09:55:00-04:00,309.32501220703125,309.42498779296875,308.8399963378906,309.18499755859375,93229,AAPL,Apple,Nasdaq,USD,20260706_173316
2026-07-06 09:56:00-04:00,309.6499938964844,309.7200012207031,309.3500061035156,309.3500061035156,94175,AAPL,Apple,Nasdaq,USD,20260706_173316
2026-07-06 09:57:00-04:00,309.43499755859375,309.7699890136719,309.3599853515625,309.6600036621094,121651,AAPL,Apple,Nasdaq,USD,20260706_173316
2026-07-06 09:58:00-04:00,309.25048828125,309.4798889160156,309.0,309.42999267578125,100744,AAPL,Apple,Nasdaq,USD,20260706_173316
2026-07-06 09:59:00-04:00,309.6300048828125,309.6300048828125,309.2200012207031,309.2749938964844,190474,AAPL,Apple,Nasdaq,USD,20260706_173316
2026-07-06 10:00:00-04:00,309.518798828125,309.6400146484375,309.30999755859375,309.6300048828125,95206,AAPL,Apple,Nasdaq,USD,20260706_173316
2026-07-06 10:01:00-04:00,309.19000244140625,309.6000061035156,309.0,309.55999755859375,129818,AAPL,Apple,Nasdaq,USD,20260706_173316
2026-07-06 10:02:00-04:00,309.3299865722656,309.4949951171875,309.0474853515625,309.1499938964844,77324,AAPL,Apple,Nasdaq,USD,20260706_173316
2026-07-06 10:03:00-04:00,309.2300109863281,309.4200134277344,309.1700134277344,309.3500061035156,59392,AAPL,Apple,Nasdaq,USD,20260706_173316
2026-07-06 10:04:00-04:00,309.3900146484375,309.3999938964844,309.05999755859375,309.25,101249,AAPL,Apple,Nasdaq,USD,20260706_173316
2026-07-06 10:05:00-04:00,309.25,309.510009765625,309.125,309.3699951171875,68842,AAPL,Apple,Nasdaq,USD,20260706_173316
2026-07-06 10:06:00-04:00,309.29998779296875,309.5,309.0400085449219,309.239990234375,127658,AAPL,Apple,Nasdaq,USD,20260706_173316
2026-07-06 10:07:00-04:00,309.55999755859375,309.760009765625,309.260009765625,309.29998779296875,163983,AAPL,Apple,Nasdaq,USD,20260706_173316
2026-07-06 10:08:00-04:00,309.56500244140625,309.7300109863281,309.4700012207031,309.54998779296875,79125,AAPL,Apple,Nasdaq,USD,20260706_173316
2026-07-06 10:09:00-04:00,309.57000732421875,309.7099914550781,309.4700012207031,309.5799865722656,170314,AAPL,Apple,Nasdaq,USD,20260706_173316
2026-07-06 10:10:00-04:00,309.010009765625,309.55999755859375,308.94000244140625,309.55999755859375,139015,AAPL,Apple,Nasdaq,USD,20260706_173316
2026-07-06 10:11:00-04:00,309.010009765625,309.44000244140625,308.8699951171875,308.9700012207031,109327,AAPL,Apple,Nasdaq,USD,20260706_173316
2026-07-06 10:12:00-04:00,309.4599914550781,309.62860107421875,308.989990234375,309.019287109375,97368,AAPL,Apple,Nasdaq,USD,20260706_173316
2026-07-06 10:13:00-04:00,309.8800048828125,309.9898986816406,309.4100036621094,309.4599914550781,118256,AAPL,Apple,Nasdaq,USD,20260706_173316
2026-07-06 10:14:00-04:00,309.8599853515625,309.9800109863281,309.6300048828125,309.8699951171875,105917,AAPL,Apple,Nasdaq,USD,20260706_173316
2026-07-06 10:15:00-04:00,309.75,310.25,309.4800109863281,309.8699951171875,434212,AAPL,Apple,Nasdaq,USD,20260706_173316
2026-07-06 10:16:00-04:00,310.3550109863281,310.3699951171875,309.6650085449219,309.7449951171875,127833,AAPL,Apple,Nasdaq,USD,20260706_173316
2026-07-06 10:17:00-04:00,310.42999267578125,310.6199951171875,310.20001220703125,310.3699951171875,207955,AAPL,Apple,Nasdaq,USD,20260706_173316
2026-07-06 10:18:00-04:00,310.5899963378906,310.6300048828125,310.2300109863281,310.42999267578125,188942,AAPL,Apple,Nasdaq,USD,20260706_173316
2026-07-06 10:19:00-04:00,310.8905029296875,310.9100036621094,310.47100830078125,310.5799865722656,158538,AAPL,Apple,Nasdaq,USD,20260706_173316
2026-07-06 10:20:00-04:00,310.79998779296875,311.0400085449219,310.5299987792969,310.8999938964844,174753,AAPL,Apple,Nasdaq,USD,20260706_173316
2026-07-06 10:21:00-04:00,311.1650085449219,311.3900146484375,310.79998779296875,310.8299865722656,158342,AAPL,Apple,Nasdaq,USD,20260706_173316
2026-07-06 10:22:00-04:00,311.1300048828125,311.2200012207031,310.9700012207031,311.1650085449219,110981,AAPL,Apple,Nasdaq,USD,20260706_173316
2026-07-06 10:23:00-04:00,311.1700134277344,311.364990234375,311.0400085449219,311.1200866699219,127557,AAPL,Apple,Nasdaq,USD,20260706_173316
2026-07-06 10:24:00-04:00,311.0899963378906,311.3399963378906,310.9601135253906,311.17999267578125,111992,AAPL,Apple,Nasdaq,USD,20260706_173316
2026-07-06 10:25:00-04:00,311.19000244140625,311.2900085449219,311.04998779296875,311.07501220703125,102453,AAPL,Apple,Nasdaq,USD,20260706_173316
2026-07-06 10:26:00-04:00,311.3599853515625,311.4599914550781,311.1000061035156,311.18499755859375,107646,AAPL,Apple,Nasdaq,USD,20260706_173316
2026-07-06 10:27:00-04:00,311.42999267578125,311.5,311.12200927734375,311.3699951171875,171132,AAPL,Apple,Nasdaq,USD,20260706_173316
2026-07-06 10:28:00-04:00,311.4200134277344,311.6795959472656,311.3299865722656,311.44000244140625,186537,AAPL,Apple,Nasdaq,USD,20260706_173316
2026-07-06 10:29:00-04:00,311.7300109863281,311.75,311.3299865722656,311.42999267578125,130912,AAPL,Apple,Nasdaq,USD,20260706_173316
2026-07-06 10:30:00-04:00,311.5451965332031,311.82000732421875,311.25,311.70001220703125,213375,AAPL,Apple,Nasdaq,USD,20260706_173316
2026-07-06 10:31:00-04:00,311.5199890136719,311.6400146484375,311.29998779296875,311.5299987792969,97006,AAPL,Apple,Nasdaq,USD,20260706_173316
2026-07-06 10:32:00-04:00,311.3599853515625,311.6099853515625,311.29998779296875,311.5150146484375,117658,AAPL,Apple,Nasdaq,USD,20260706_173316
2026-07-06 10:33:00-04:00,311.36029052734375,311.6000061035156,311.3100891113281,311.3500061035156,110785,AAPL,Apple,Nasdaq,USD,20260706_173316
2026-07-06 10:34:00-04:00,311.2701110839844,311.489990234375,311.2101135253906,311.4100036621094,123495,AAPL,Apple,Nasdaq,USD,20260706_173316
2026-07-06 10:35:00-04:00,311.739990234375,311.7799987792969,311.239990234375,311.239990234375,119205,AAPL,Apple,Nasdaq,USD,20260706_173316
2026-07-06 10:36:00-04:00,311.80999755859375,311.8399963378906,311.6499938964844,311.6900939941406,131118,AAPL,Apple,Nasdaq,USD,20260706_173316
2026-07-06 10:37:00-04:00,311.5899963378906,311.81500244140625,311.5350036621094,311.79998779296875,78428,AAPL,Apple,Nasdaq,USD,20260706_173316
2026-07-06 10:38:00-04:00,311.55010986328125,311.72088623046875,311.54998779296875,311.5849914550781,72323,AAPL,Apple,Nasdaq,USD,20260706_173316
2026-07-06 10:39:00-04:00,311.67999267578125,311.7799987792969,311.42999267578125,311.55010986328125,129936,AAPL,Apple,Nasdaq,USD,20260706_173316
2026-07-06 10:40:00-04:00,311.7650146484375,311.7699890136719,311.60009765625,311.69000244140625,108835,AAPL,Apple,Nasdaq,USD,20260706_173316
2026-07-06 10:41:00-04:00,311.6499938964844,311.7699890136719,311.5899963378906,311.7699890136719,106058,AAPL,Apple,Nasdaq,USD,20260706_173316
2026-07-06 10:42:00-04:00,311.4750061035156,311.69000244140625,311.3900146484375,311.6549987792969,134059,AAPL,Apple,Nasdaq,USD,20260706_173316
2026-07-06 10:43:00-04:00,311.7049865722656,311.7300109863281,311.25,311.464111328125,111328,AAPL,Apple,Nasdaq,USD,20260706_173316
2026-07-06 10:44:00-04:00,311.3999938964844,311.7699890136719,311.3999938964844,311.7049865722656,67950,AAPL,Apple,Nasdaq,USD,20260706_173316
2026-07-06 10:45:00-04:00,311.6000061035156,311.625,311.260009765625,311.3999938964844,55237,AAPL,Apple,Nasdaq,USD,20260706_173316
2026-07-06 10:46:00-04:00,311.8699951171875,311.95001220703125,311.510009765625,311.5950012207031,116024,AAPL,Apple,Nasdaq,USD,20260706_173316
2026-07-06 10:47:00-04:00,312.114990234375,312.32000732421875,311.82000732421875,311.8599853515625,206833,AAPL,Apple,Nasdaq,USD,20260706_173316
2026-07-06 10:48:00-04:00,312.04998779296875,312.1698913574219,311.95001220703125,312.0950012207031,86150,AAPL,Apple,Nasdaq,USD,20260706_173316
2026-07-06 10:49:00-04:00,312.0150146484375,312.17999267578125,311.7699890136719,312.07000732421875,96014,AAPL,Apple,Nasdaq,USD,20260706_173316
2026-07-06 10:50:00-04:00,312.135009765625,312.1799011230469,312.0,312.0150146484375,66406,AAPL,Apple,Nasdaq,USD,20260706_173316
2026-07-06 10:51:00-04:00,312.1000061035156,312.3299865722656,312.0400085449219,312.1300048828125,112203,AAPL,Apple,Nasdaq,USD,20260706_173316
2026-07-06 10:52:00-04:00,312.1199951171875,312.32000732421875,312.0,312.1000061035156,89540,AAPL,Apple,Nasdaq,USD,20260706_173316
2026-07-06 10:53:00-04:00,312.2449951171875,312.3299865722656,312.0950012207031,312.1199951171875,82847,AAPL,Apple,Nasdaq,USD,20260706_173316
2026-07-06 10:54:00-04:00,312.25,312.4100036621094,312.17498779296875,312.25,84828,AAPL,Apple,Nasdaq,USD,20260706_173316
2026-07-06 10:55:00-04:00,312.2300109863281,312.3399963378906,312.0603942871094,312.2200012207031,101315,AAPL,Apple,Nasdaq,USD,20260706_173316
2026-07-06 10:56:00-04:00,312.3794860839844,312.4200134277344,312.2099914550781,312.2300109863281,61811,AAPL,Apple,Nasdaq,USD,20260706_173316
2026-07-06 10:57:00-04:00,312.19439697265625,312.3800048828125,312.10009765625,312.3699951171875,53651,AAPL,Apple,Nasdaq,USD,20260706_173316
2026-07-06 10:58:00-04:00,312.2699890136719,312.2799987792969,312.1105041503906,312.20001220703125,67404,AAPL,Apple,Nasdaq,USD,20260706_173316
2026-07-06 10:59:00-04:00,312.5201110839844,312.5799865722656,312.260009765625,312.2699890136719,128405,AAPL,Apple,Nasdaq,USD,20260706_173316
2026-07-06 11:00:00-04:00,312.6050109863281,312.75,312.5350036621094,312.54998779296875,137228,AAPL,Apple,Nasdaq,USD,20260706_173316
2026-07-06 11:01:00-04:00,312.7900085449219,312.94000244140625,312.5400085449219,312.6199951171875,115943,AAPL,Apple,Nasdaq,USD,20260706_173316
2026-07-06 11:02:00-04:00,312.54998779296875,312.864990234375,312.5,312.7850036621094,76104,AAPL,Apple,Nasdaq,USD,20260706_173316
2026-07-06 11:03:00-04:00,312.81500244140625,312.81500244140625,312.5400085449219,312.5400085449219,45695,AAPL,Apple,Nasdaq,USD,20260706_173316
2026-07-06 11:04:00-04:00,312.7900085449219,312.8550109863281,312.739990234375,312.82000732421875,92528,AAPL,Apple,Nasdaq,USD,20260706_173316
2026-07-06 11:05:00-04:00,312.8949890136719,312.9100036621094,312.6199951171875,312.7900085449219,96825,AAPL,Apple,Nasdaq,USD,20260706_173316
2026-07-06 11:06:00-04:00,312.6000061035156,312.8900146484375,312.5,312.8900146484375,95007,AAPL,Apple,Nasdaq,USD,20260706_173316
2026-07-06 11:07:00-04:00,312.7099914550781,312.739990234375,312.4599914550781,312.5849914550781,79067,AAPL,Apple,Nasdaq,USD,20260706_173316
2026-07-06 11:08:00-04:00,312.739990234375,312.7799987792969,312.6199951171875,312.7099914550781,73337,AAPL,Apple,Nasdaq,USD,20260706_173316
2026-07-06 11:09:00-04:00,312.6400146484375,312.7449951171875,312.5899963378906,312.7449951171875,51543,AAPL,Apple,Nasdaq,USD,20260706_173316
2026-07-06 11:10:00-04:00,312.79998779296875,312.8399963378906,312.5566101074219,312.6400146484375,202248,AAPL,Apple,Nasdaq,USD,20260706_173316
2026-07-06 11:11:00-04:00,312.989990234375,313.05999755859375,312.80499267578125,312.80499267578125,157768,AAPL,Apple,Nasdaq,USD,20260706_173316
2026-07-06 11:12:00-04:00,313.04998779296875,313.05999755859375,312.8800048828125,312.9849853515625,61451,AAPL,Apple,Nasdaq,USD,20260706_173316
2026-07-06 11:13:00-04:00,312.95001220703125,313.2099914550781,312.8999938964844,313.05499267578125,93349,AAPL,Apple,Nasdaq,USD,20260706_173316
2026-07-06 11:14:00-04:00,312.875,312.9599914550781,312.8299865722656,312.94000244140625,71059,AAPL,Apple,Nasdaq,USD,20260706_173316
2026-07-06 11:15:00-04:00,312.82000732421875,312.8800048828125,312.6610107421875,312.8699951171875,60771,AAPL,Apple,Nasdaq,USD,20260706_173316
2026-07-06 11:16:00-04:00,312.80999755859375,312.95001220703125,312.7349853515625,312.80999755859375,57304,AAPL,Apple,Nasdaq,USD,20260706_173316
2026-07-06 11:17:00-04:00,312.9750061035156,313.07000732421875,312.75,312.79998779296875,72193,AAPL,Apple,Nasdaq,USD,20260706_173316
2026-07-06 11:18:00-04:00,313.0199890136719,313.19000244140625,312.9599914550781,312.9599914550781,133899,AAPL,Apple,Nasdaq,USD,20260706_173316
2026-07-06 11:19:00-04:00,313.2799987792969,313.3900146484375,312.8949890136719,313.0199890136719,144478,AAPL,Apple,Nasdaq,USD,20260706_173316
2026-07-06 11:20:00-04:00,313.25,313.5,313.1499938964844,313.2699890136719,165369,AAPL,Apple,Nasdaq,USD,20260706_173316
2026-07-06 11:21:00-04:00,313.1199951171875,313.2799987792969,313.0199890136719,313.2749938964844,157088,AAPL,Apple,Nasdaq,USD,20260706_173316
2026-07-06 11:22:00-04:00,313.125,313.19000244140625,312.94000244140625,313.139892578125,125723,AAPL,Apple,Nasdaq,USD,20260706_173316
2026-07-06 11:23:00-04:00,313.1000061035156,313.2200012207031,313.01019287109375,313.1199951171875,46550,AAPL,Apple,Nasdaq,USD,20260706_173316
2026-07-06 11:24:00-04:00,312.9794921875,313.29998779296875,312.9700012207031,313.1199951171875,111487,AAPL,Apple,Nasdaq,USD,20260706_173316
2026-07-06 11:25:00-04:00,313.05999755859375,313.2300109863281,312.95001220703125,312.9750061035156,109977,AAPL,Apple,Nasdaq,USD,20260706_173316
2026-07-06 11:26:00-04:00,313.1698913574219,313.3999938964844,313.0,313.06500244140625,137169,AAPL,Apple,Nasdaq,USD,20260706_173316
2026-07-06 11:27:00-04:00,313.2799987792969,313.4100036621094,313.17999267578125,313.17999267578125,90389,AAPL,Apple,Nasdaq,USD,20260706_173316
2026-07-06 11:28:00-04:00,313.3299865722656,313.4949951171875,313.2366943359375,313.2950134277344,115758,AAPL,Apple,Nasdaq,USD,20260706_173316
2026-07-06 11:29:00-04:00,313.5799865722656,313.6000061035156,313.29998779296875,313.34149169921875,142794,AAPL,Apple,Nasdaq,USD,20260706_173316
2026-07-06 11:30:00-04:00,313.47021484375,313.6199951171875,313.3599853515625,313.5849914550781,107721,AAPL,Apple,Nasdaq,USD,20260706_173316
2026-07-06 11:31:00-04:00,313.54998779296875,313.56500244140625,313.43011474609375,313.4599914550781,75221,AAPL,Apple,Nasdaq,USD,20260706_173316
2026-07-06 11:32:00-04:00,313.56500244140625,313.6499938964844,313.4100036621094,313.5450134277344,105798,AAPL,Apple,Nasdaq,USD,20260706_173316
2026-07-06 11:33:00-04:00,313.635009765625,313.6449890136719,313.44500732421875,313.5400085449219,47908,AAPL,Apple,Nasdaq,USD,20260706_173316
2026-07-06 11:34:00-04:00,313.6199951171875,313.7099914550781,313.55999755859375,313.6400146484375,76443,AAPL,Apple,Nasdaq,USD,20260706_173316
2026-07-06 11:35:00-04:00,313.82000732421875,313.8800048828125,313.6099853515625,313.6199951171875,93517,AAPL,Apple,Nasdaq,USD,20260706_173316
2026-07-06 11:36:00-04:00,313.69000244140625,313.8299865722656,313.6000061035156,313.82000732421875,105128,AAPL,Apple,Nasdaq,USD,20260706_173316
2026-07-06 11:37:00-04:00,313.8399963378906,313.875,313.69000244140625,313.7049865722656,62838,AAPL,Apple,Nasdaq,USD,20260706_173316
2026-07-06 11:38:00-04:00,314.0299987792969,314.05999755859375,313.56500244140625,313.82000732421875,151167,AAPL,Apple,Nasdaq,USD,20260706_173316
2026-07-06 11:39:00-04:00,313.8299865722656,314.05999755859375,313.75,314.04998779296875,90752,AAPL,Apple,Nasdaq,USD,20260706_173316
2026-07-06 11:40:00-04:00,313.7550048828125,314.0299987792969,313.75,313.8900146484375,79828,AAPL,Apple,Nasdaq,USD,20260706_173316
2026-07-06 11:41:00-04:00,314.0199890136719,314.0299987792969,313.7200012207031,313.760009765625,94489,AAPL,Apple,Nasdaq,USD,20260706_173316
2026-07-06 11:42:00-04:00,313.885009765625,314.07501220703125,313.8399963378906,314.0150146484375,90274,AAPL,Apple,Nasdaq,USD,20260706_173316
2026-07-06 11:43:00-04:00,313.9949951171875,314.0400085449219,313.8299865722656,313.8900146484375,81408,AAPL,Apple,Nasdaq,USD,20260706_173316
2026-07-06 11:44:00-04:00,314.0899963378906,314.1199951171875,313.8599853515625,313.989990234375,65234,AAPL,Apple,Nasdaq,USD,20260706_173316
2026-07-06 11:45:00-04:00,313.9599914550781,314.20001220703125,313.94000244140625,314.1050109863281,62317,AAPL,Apple,Nasdaq,USD,20260706_173316
2026-07-06 11:46:00-04:00,314.1300048828125,314.139892578125,313.94000244140625,313.96990966796875,67911,AAPL,Apple,Nasdaq,USD,20260706_173316
2026-07-06 11:47:00-04:00,313.840087890625,314.1300048828125,313.71051025390625,314.1300048828125,113247,AAPL,Apple,Nasdaq,USD,20260706_173316
2026-07-06 11:48:00-04:00,313.8299865722656,313.8900146484375,313.75,313.8399963378906,50927,AAPL,Apple,Nasdaq,USD,20260706_173316
2026-07-06 11:49:00-04:00,313.5799865722656,313.80999755859375,313.42010498046875,313.80999755859375,134200,AAPL,Apple,Nasdaq,USD,20260706_173316
2026-07-06 11:50:00-04:00,313.80999755859375,313.82000732421875,313.489990234375,313.5799865722656,75976,AAPL,Apple,Nasdaq,USD,20260706_173316
2026-07-06 11:51:00-04:00,313.8800048828125,313.9200134277344,313.739990234375,313.80999755859375,62094,AAPL,Apple,Nasdaq,USD,20260706_173316
2026-07-06 11:52:00-04:00,313.7149963378906,313.8900146484375,313.6700134277344,313.8800048828125,67602,AAPL,Apple,Nasdaq,USD,20260706_173316
2026-07-06 11:53:00-04:00,313.6600036621094,313.8500061035156,313.6600036621094,313.7149963378906,93590,AAPL,Apple,Nasdaq,USD,20260706_173316
2026-07-06 11:54:00-04:00,313.4599914550781,313.69000244140625,313.44000244140625,313.69000244140625,68044,AAPL,Apple,Nasdaq,USD,20260706_173316
2026-07-06 11:55:00-04:00,313.5299987792969,313.55499267578125,313.3900146484375,313.4599914550781,88314,AAPL,Apple,Nasdaq,USD,20260706_173316
2026-07-06 11:56:00-04:00,313.53009033203125,313.66009521484375,313.510009765625,313.5299987792969,39499,AAPL,Apple,Nasdaq,USD,20260706_173316
2026-07-06 11:57:00-04:00,313.5101013183594,313.5450134277344,313.44500732421875,313.5350036621094,59908,AAPL,Apple,Nasdaq,USD,20260706_173316
2026-07-06 11:58:00-04:00,313.45001220703125,313.6341857910156,313.4205017089844,313.5299072265625,72353,AAPL,Apple,Nasdaq,USD,20260706_173316
2026-07-06 11:59:00-04:00,313.70001220703125,313.70001220703125,313.3800048828125,313.44610595703125,67958,AAPL,Apple,Nasdaq,USD,20260706_173316
2026-07-06 12:00:00-04:00,313.58990478515625,313.7900085449219,313.55999755859375,313.6400146484375,172730,AAPL,Apple,Nasdaq,USD,20260706_173316
2026-07-06 12:01:00-04:00,313.5400085449219,313.6000061035156,313.44000244140625,313.5899963378906,53919,AAPL,Apple,Nasdaq,USD,20260706_173316
2026-07-06 12:02:00-04:00,313.43499755859375,313.55999755859375,313.31201171875,313.54949951171875,150596,AAPL,Apple,Nasdaq,USD,20260706_173316
2026-07-06 12:03:00-04:00,313.4800109863281,313.5,313.3900146484375,313.44500732421875,46175,AAPL,Apple,Nasdaq,USD,20260706_173316
2026-07-06 12:04:00-04:00,313.4700012207031,313.55999755859375,313.3399963378906,313.47601318359375,72693,AAPL,Apple,Nasdaq,USD,20260706_173316
2026-07-06 12:05:00-04:00,313.1099853515625,313.4800109863281,313.1099853515625,313.4800109863281,88427,AAPL,Apple,Nasdaq,USD,20260706_173316
2026-07-06 12:06:00-04:00,313.1400146484375,313.239990234375,313.0899963378906,313.1099853515625,66084,AAPL,Apple,Nasdaq,USD,20260706_173316
2026-07-06 12:07:00-04:00,313.1400146484375,313.25,313.0213928222656,313.1449890136719,107474,AAPL,Apple,Nasdaq,USD,20260706_173316
2026-07-06 12:08:00-04:00,313.0899963378906,313.1401062011719,313.05999755859375,313.1199951171875,47777,AAPL,Apple,Nasdaq,USD,20260706_173316
2026-07-06 12:09:00-04:00,312.8500061035156,313.1400146484375,312.82000732421875,313.07501220703125,111607,AAPL,Apple,Nasdaq,USD,20260706_173316
2026-07-06 12:10:00-04:00,312.9599914550781,313.0,312.8550109863281,312.8599853515625,86297,AAPL,Apple,Nasdaq,USD,20260706_173316
2026-07-06 12:11:00-04:00,313.0350036621094,313.1099853515625,312.8901062011719,312.9549865722656,56834,AAPL,Apple,Nasdaq,USD,20260706_173316
2026-07-06 12:12:00-04:00,312.9200134277344,313.1400146484375,312.8999938964844,313.0450134277344,351872,AAPL,Apple,Nasdaq,USD,20260706_173316
2026-07-06 12:13:00-04:00,312.885009765625,312.95001220703125,312.82000732421875,312.92999267578125,53607,AAPL,Apple,Nasdaq,USD,20260706_173316
2026-07-06 12:14:00-04:00,313.010009765625,313.0299987792969,312.84051513671875,312.9100036621094,55043,AAPL,Apple,Nasdaq,USD,20260706_173316
2026-07-06 12:15:00-04:00,312.7699890136719,313.0199890136719,312.7300109863281,313.0150146484375,98651,AAPL,Apple,Nasdaq,USD,20260706_173316
2026-07-06 12:16:00-04:00,312.5201110839844,312.760009765625,312.5201110839844,312.760009765625,68072,AAPL,Apple,Nasdaq,USD,20260706_173316
2026-07-06 12:17:00-04:00,312.4150085449219,312.5799865722656,312.375,312.5350036621094,70313,AAPL,Apple,Nasdaq,USD,20260706_173316
2026-07-06 12:18:00-04:00,312.4800109863281,312.54998779296875,312.3800048828125,312.4200134277344,71131,AAPL,Apple,Nasdaq,USD,20260706_173316
2026-07-06 12:19:00-04:00,312.7919921875,312.8193054199219,312.4700012207031,312.4700012207031,54200,AAPL,Apple,Nasdaq,USD,20260706_173316
2026-07-06 12:20:00-04:00,312.72930908203125,312.8500061035156,312.69500732421875,312.7998962402344,50207,AAPL,Apple,Nasdaq,USD,20260706_173316
2026-07-06 12:21:00-04:00,312.75,312.82000732421875,312.6390075683594,312.7200012207031,65373,AAPL,Apple,Nasdaq,USD,20260706_173316
2026-07-06 12:22:00-04:00,312.45001220703125,312.79998779296875,312.4100036621094,312.7898864746094,60730,AAPL,Apple,Nasdaq,USD,20260706_173316
2026-07-06 12:23:00-04:00,312.42999267578125,312.489990234375,312.3800048828125,312.4400939941406,43848,AAPL,Apple,Nasdaq,USD,20260706_173316
2026-07-06 12:24:00-04:00,312.610107421875,312.6449890136719,312.385009765625,312.42999267578125,45572,AAPL,Apple,Nasdaq,USD,20260706_173316
2026-07-06 12:25:00-04:00,312.4595031738281,312.6300048828125,312.42999267578125,312.625,36066,AAPL,Apple,Nasdaq,USD,20260706_173316
2026-07-06 12:26:00-04:00,312.3999938964844,312.5450134277344,312.3949890136719,312.4549865722656,48457,AAPL,Apple,Nasdaq,USD,20260706_173316
2026-07-06 12:27:00-04:00,312.3299865722656,312.45001220703125,312.32501220703125,312.38079833984375,34574,AAPL,Apple,Nasdaq,USD,20260706_173316
2026-07-06 12:28:00-04:00,312.4150085449219,312.4700012207031,312.32000732421875,312.3399963378906,36576,AAPL,Apple,Nasdaq,USD,20260706_173316
2026-07-06 12:29:00-04:00,312.25,312.443603515625,312.2300109863281,312.4200134277344,60844,AAPL,Apple,Nasdaq,USD,20260706_173316
2026-07-06 12:30:00-04:00,312.0,312.30999755859375,311.989990234375,312.2449951171875,97190,AAPL,Apple,Nasdaq,USD,20260706_173316
2026-07-06 12:31:00-04:00,311.9100036621094,312.1099853515625,311.9100036621094,312.0150146484375,84798,AAPL,Apple,Nasdaq,USD,20260706_173316
2026-07-06 12:32:00-04:00,312.1099853515625,312.1099853515625,311.8500061035156,311.9150085449219,61018,AAPL,Apple,Nasdaq,USD,20260706_173316
2026-07-06 12:33:00-04:00,312.375,312.3900146484375,312.07501220703125,312.114990234375,70230,AAPL,Apple,Nasdaq,USD,20260706_173316
2026-07-06 12:34:00-04:00,312.3599853515625,312.5400085449219,312.2875061035156,312.3800048828125,61564,AAPL,Apple,Nasdaq,USD,20260706_173316
2026-07-06 12:35:00-04:00,312.05999755859375,312.3599853515625,312.04998779296875,312.3599853515625,39167,AAPL,Apple,Nasdaq,USD,20260706_173316
2026-07-06 12:36:00-04:00,312.0199890136719,312.135009765625,311.94000244140625,312.0350036621094,2013366,AAPL,Apple,Nasdaq,USD,20260706_173316
2026-07-06 12:37:00-04:00,311.989990234375,312.0849914550781,311.9100036621094,312.010009765625,46709,AAPL,Apple,Nasdaq,USD,20260706_173316
2026-07-06 12:38:00-04:00,312.1451110839844,312.17498779296875,311.9849853515625,312.0,50501,AAPL,Apple,Nasdaq,USD,20260706_173316
2026-07-06 12:39:00-04:00,312.07000732421875,312.1827087402344,312.0400085449219,312.1449890136719,1037002,AAPL,Apple,Nasdaq,USD,20260706_173316
2026-07-06 12:40:00-04:00,312.14080810546875,312.19000244140625,312.0199890136719,312.0696105957031,39303,AAPL,Apple,Nasdaq,USD,20260706_173316
2026-07-06 12:41:00-04:00,312.4809875488281,312.54998779296875,312.1401062011719,312.1650085449219,351430,AAPL,Apple,Nasdaq,USD,20260706_173316
2026-07-06 12:42:00-04:00,312.6099853515625,312.6300048828125,312.489990234375,312.4913024902344,55034,AAPL,Apple,Nasdaq,USD,20260706_173316
2026-07-06 12:43:00-04:00,312.7250061035156,312.75,312.5101013183594,312.614990234375,78916,AAPL,Apple,Nasdaq,USD,20260706_173316
2026-07-06 12:44:00-04:00,312.57000732421875,312.7449951171875,312.5400085449219,312.7300109863281,70448,AAPL,Apple,Nasdaq,USD,20260706_173316
2026-07-06 12:45:00-04:00,312.5299987792969,312.6400146484375,312.4830017089844,312.55999755859375,82174,AAPL,Apple,Nasdaq,USD,20260706_173316
2026-07-06 12:46:00-04:00,312.6600036621094,312.739990234375,312.510009765625,312.5400085449219,45409,AAPL,Apple,Nasdaq,USD,20260706_173316
2026-07-06 12:47:00-04:00,312.7585144042969,312.7998962402344,312.6300048828125,312.6499938964844,40771,AAPL,Apple,Nasdaq,USD,20260706_173316
2026-07-06 12:48:00-04:00,312.8800048828125,312.8999938964844,312.7200012207031,312.7550048828125,82298,AAPL,Apple,Nasdaq,USD,20260706_173316
2026-07-06 12:49:00-04:00,312.9599914550781,312.9800109863281,312.8800048828125,312.8800048828125,42765,AAPL,Apple,Nasdaq,USD,20260706_173316
2026-07-06 12:50:00-04:00,312.8691101074219,312.9599914550781,312.8399963378906,312.9599914550781,37918,AAPL,Apple,Nasdaq,USD,20260706_173316
2026-07-06 12:51:00-04:00,312.69000244140625,312.8699951171875,312.67999267578125,312.8599853515625,31439,AAPL,Apple,Nasdaq,USD,20260706_173316
2026-07-06 12:52:00-04:00,312.6400146484375,312.739990234375,312.5950012207031,312.70001220703125,43621,AAPL,Apple,Nasdaq,USD,20260706_173316
2026-07-06 12:53:00-04:00,312.6000061035156,312.6499938964844,312.5,312.6393127441406,44118,AAPL,Apple,Nasdaq,USD,20260706_173316
2026-07-06 12:54:00-04:00,312.6400146484375,312.6400146484375,312.44000244140625,312.590087890625,43125,AAPL,Apple,Nasdaq,USD,20260706_173316
2026-07-06 12:55:00-04:00,312.7200012207031,312.7900085449219,312.6300048828125,312.6400146484375,42899,AAPL,Apple,Nasdaq,USD,20260706_173316
2026-07-06 12:56:00-04:00,312.7650146484375,312.7799987792969,312.5400085449219,312.70001220703125,38832,AAPL,Apple,Nasdaq,USD,20260706_173316
2026-07-06 12:57:00-04:00,312.7300109863281,312.7799987792969,312.6700134277344,312.7799987792969,23965,AAPL,Apple,Nasdaq,USD,20260706_173316
2026-07-06 12:58:00-04:00,312.69500732421875,312.7799987792969,312.6600036621094,312.7349853515625,66578,AAPL,Apple,Nasdaq,USD,20260706_173316
2026-07-06 12:59:00-04:00,312.5400085449219,312.760009765625,312.5199890136719,312.69500732421875,46051,AAPL,Apple,Nasdaq,USD,20260706_173316
2026-07-06 13:00:00-04:00,312.7099914550781,312.7300109863281,312.4801025390625,312.5350036621094,59066,AAPL,Apple,Nasdaq,USD,20260706_173316
2026-07-06 13:01:00-04:00,312.7250061035156,312.7950134277344,312.6700134277344,312.7099914550781,48412,AAPL,Apple,Nasdaq,USD,20260706_173316
2026-07-06 13:02:00-04:00,312.54010009765625,312.75,312.5400085449219,312.7300109863281,47820,AAPL,Apple,Nasdaq,USD,20260706_173316
2026-07-06 13:03:00-04:00,312.739990234375,312.74029541015625,312.54998779296875,312.54998779296875,45314,AAPL,Apple,Nasdaq,USD,20260706_173316
2026-07-06 13:04:00-04:00,312.81988525390625,312.82000732421875,312.69000244140625,312.7200012207031,39884,AAPL,Apple,Nasdaq,USD,20260706_173316
2026-07-06 13:05:00-04:00,312.79998779296875,312.8500061035156,312.67999267578125,312.7900085449219,46540,AAPL,Apple,Nasdaq,USD,20260706_173316
2026-07-06 13:06:00-04:00,312.8157958984375,312.8794860839844,312.7698974609375,312.7900085449219,52353,AAPL,Apple,Nasdaq,USD,20260706_173316
2026-07-06 13:07:00-04:00,312.739990234375,312.8999938964844,312.7101135253906,312.82000732421875,37808,AAPL,Apple,Nasdaq,USD,20260706_173316
2026-07-06 13:08:00-04:00,312.4200134277344,312.75,312.3999938964844,312.75,53142,AAPL,Apple,Nasdaq,USD,20260706_173316
2026-07-06 13:09:00-04:00,312.4649963378906,312.4949951171875,312.3299865722656,312.42498779296875,38661,AAPL,Apple,Nasdaq,USD,20260706_173316
2026-07-06 13:10:00-04:00,312.5299987792969,312.6400146484375,312.489990234375,312.5,44339,AAPL,Apple,Nasdaq,USD,20260706_173316
2026-07-06 13:11:00-04:00,312.7200012207031,312.7203063964844,312.45001220703125,312.5299987792969,39004,AAPL,Apple,Nasdaq,USD,20260706_173316
2026-07-06 13:12:00-04:00,312.70001220703125,312.760009765625,312.6192932128906,312.7300109863281,28829,AAPL,Apple,Nasdaq,USD,20260706_173316
2026-07-06 13:13:00-04:00,312.6199951171875,312.75,312.6000061035156,312.70001220703125,44437,AAPL,Apple,Nasdaq,USD,20260706_173316
2026-07-06 13:14:00-04:00,312.7305908203125,312.7749938964844,312.614990234375,312.614990234375,33286,AAPL,Apple,Nasdaq,USD,20260706_173316
2026-07-06 13:15:00-04:00,312.79010009765625,312.9100036621094,312.7301025390625,312.7301025390625,50320,AAPL,Apple,Nasdaq,USD,20260706_173316
2026-07-06 13:16:00-04:00,312.6199951171875,312.81988525390625,312.6099853515625,312.81988525390625,39330,AAPL,Apple,Nasdaq,USD,20260706_173316
2026-07-06 13:17:00-04:00,312.57000732421875,312.7099914550781,312.54998779296875,312.6199951171875,39278,AAPL,Apple,Nasdaq,USD,20260706_173316
2026-07-06 13:18:00-04:00,312.6600036621094,312.6650085449219,312.5299987792969,312.57000732421875,45764,AAPL,Apple,Nasdaq,USD,20260706_173316
2026-07-06 13:19:00-04:00,312.7101135253906,312.760009765625,312.5799865722656,312.6700134277344,47937,AAPL,Apple,Nasdaq,USD,20260706_173316
2026-07-06 13:20:00-04:00,312.5450134277344,312.79998779296875,312.5,312.7349853515625,176945,AAPL,Apple,Nasdaq,USD,20260706_173316
2026-07-06 13:21:00-04:00,312.739990234375,312.739990234375,312.510009765625,312.54559326171875,31324,AAPL,Apple,Nasdaq,USD,20260706_173316
2026-07-06 13:22:00-04:00,312.7900085449219,312.79998779296875,312.6400146484375,312.7300109863281,71939,AAPL,Apple,Nasdaq,USD,20260706_173316
2026-07-06 13:23:00-04:00,312.7550048828125,312.8800048828125,312.69000244140625,312.7900085449219,37214,AAPL,Apple,Nasdaq,USD,20260706_173316
2026-07-06 13:24:00-04:00,312.6499938964844,312.7449951171875,312.6499938964844,312.7250061035156,33955,AAPL,Apple,Nasdaq,USD,20260706_173316
2026-07-06 13:25:00-04:00,312.69500732421875,312.69500732421875,312.5799865722656,312.6199951171875,33456,AAPL,Apple,Nasdaq,USD,20260706_173316
2026-07-06 13:26:00-04:00,312.56640625,312.7149963378906,312.54998779296875,312.70001220703125,48342,AAPL,Apple,Nasdaq,USD,20260706_173316
2026-07-06 13:27:00-04:00,312.57000732421875,312.635009765625,312.5299987792969,312.57000732421875,23773,AAPL,Apple,Nasdaq,USD,20260706_173316
2026-07-06 13:28:00-04:00,312.4200134277344,312.57000732421875,312.3800048828125,312.55999755859375,28574,AAPL,Apple,Nasdaq,USD,20260706_173316
2026-07-06 13:29:00-04:00,312.3800048828125,312.510009765625,312.360107421875,312.43499755859375,37088,AAPL,Apple,Nasdaq,USD,20260706_173316
2026-07-06 13:30:00-04:00,312.110107421875,312.3876037597656,312.1099853515625,312.3876037597656,52802,AAPL,Apple,Nasdaq,USD,20260706_173316
2026-07-06 13:31:00-04:00,312.44500732421875,312.4700012207031,312.1300048828125,312.1300048828125,48922,AAPL,Apple,Nasdaq,USD,20260706_173316
2026-07-06 13:32:00-04:00,312.4700012207031,312.5799865722656,312.4200134277344,312.4700012207031,45073,AAPL,Apple,Nasdaq,USD,20260706_173316
2026-07-06 13:33:00-04:00,312.5299987792969,312.5299987792969,312.5299987792969,312.5299987792969,0,AAPL,Apple,Nasdaq,USD,20260706_173316
2026-07-06 09:30:00-04:00,308.2149963378906,308.54998779296875,307.010009765625,307.67999267578125,2076950,AAPL,Apple,Nasdaq,USD,20260706_192958
2026-07-06 09:31:00-04:00,307.7699890136719,308.7699890136719,307.739990234375,308.1499938964844,232205,AAPL,Apple,Nasdaq,USD,20260706_192958
2026-07-06 09:32:00-04:00,308.2449951171875,308.2699890136719,307.4700012207031,307.7099914550781,162777,AAPL,Apple,Nasdaq,USD,20260706_192958
2026-07-06 09:33:00-04:00,308.8450012207031,308.9800109863281,308.1549987792969,308.239990234375,241156,AAPL,Apple,Nasdaq,USD,20260706_192958
2026-07-06 09:34:00-04:00,308.79998779296875,308.9599914550781,308.4599914550781,308.8374938964844,135556,AAPL,Apple,Nasdaq,USD,20260706_192958
2026-07-06 09:35:00-04:00,308.5249938964844,308.8999938964844,308.2349853515625,308.7699890136719,222662,AAPL,Apple,Nasdaq,USD,20260706_192958
2026-07-06 09:36:00-04:00,309.0199890136719,309.239990234375,308.44000244140625,308.4700012207031,249878,AAPL,Apple,Nasdaq,USD,20260706_192958
2026-07-06 09:37:00-04:00,309.29998779296875,309.3399963378906,308.7099914550781,309.0491943359375,123088,AAPL,Apple,Nasdaq,USD,20260706_192958
2026-07-06 09:38:00-04:00,308.7850036621094,309.4800109863281,308.7699890136719,309.32501220703125,137882,AAPL,Apple,Nasdaq,USD,20260706_192958
2026-07-06 09:39:00-04:00,309.4339904785156,309.4800109863281,308.739990234375,308.7699890136719,97067,AAPL,Apple,Nasdaq,USD,20260706_192958
2026-07-06 09:40:00-04:00,308.8399963378906,309.9100036621094,308.760009765625,309.4132080078125,163063,AAPL,Apple,Nasdaq,USD,20260706_192958
2026-07-06 09:41:00-04:00,308.57000732421875,309.260009765625,308.5400085449219,308.79998779296875,104308,AAPL,Apple,Nasdaq,USD,20260706_192958
2026-07-06 09:42:00-04:00,308.739990234375,308.8500061035156,308.0899963378906,308.57000732421875,163795,AAPL,Apple,Nasdaq,USD,20260706_192958
2026-07-06 09:43:00-04:00,309.0249938964844,309.42999267578125,308.5899963378906,308.7099914550781,97801,AAPL,Apple,Nasdaq,USD,20260706_192958
2026-07-06 09:44:00-04:00,309.2900085449219,309.44000244140625,308.7799987792969,309.05999755859375,88805,AAPL,Apple,Nasdaq,USD,20260706_192958
2026-07-06 09:45:00-04:00,309.4200134277344,309.5799865722656,308.9949951171875,309.3399963378906,115480,AAPL,Apple,Nasdaq,USD,20260706_192958
2026-07-06 09:46:00-04:00,309.7850036621094,309.8999938964844,309.2900085449219,309.4100036621094,127093,AAPL,Apple,Nasdaq,USD,20260706_192958
2026-07-06 09:47:00-04:00,309.42498779296875,309.95001220703125,309.2300109863281,309.75,156495,AAPL,Apple,Nasdaq,USD,20260706_192958
2026-07-06 09:48:00-04:00,309.5799865722656,309.6600036621094,309.32000732421875,309.44000244140625,101613,AAPL,Apple,Nasdaq,USD,20260706_192958
2026-07-06 09:49:00-04:00,309.3999938964844,309.5849914550781,309.1600036621094,309.55999755859375,110488,AAPL,Apple,Nasdaq,USD,20260706_192958
2026-07-06 09:50:00-04:00,309.6700134277344,309.9200134277344,309.2900085449219,309.42999267578125,96557,AAPL,Apple,Nasdaq,USD,20260706_192958
2026-07-06 09:51:00-04:00,308.57000732421875,309.7300109863281,308.3999938964844,309.69000244140625,167830,AAPL,Apple,Nasdaq,USD,20260706_192958
2026-07-06 09:52:00-04:00,309.0,309.0050048828125,308.5400085449219,308.5400085449219,109146,AAPL,Apple,Nasdaq,USD,20260706_192958
2026-07-06 09:53:00-04:00,309.0350036621094,309.1400146484375,308.7947082519531,308.95001220703125,93567,AAPL,Apple,Nasdaq,USD,20260706_192958
2026-07-06 09:54:00-04:00,309.19000244140625,309.2250061035156,308.94000244140625,309.0199890136719,94761,AAPL,Apple,Nasdaq,USD,20260706_192958
2026-07-06 09:55:00-04:00,309.32501220703125,309.42498779296875,308.8399963378906,309.18499755859375,93229,AAPL,Apple,Nasdaq,USD,20260706_192958
2026-07-06 09:56:00-04:00,309.6499938964844,309.7200012207031,309.3500061035156,309.3500061035156,94175,AAPL,Apple,Nasdaq,USD,20260706_192958
2026-07-06 09:57:00-04:00,309.43499755859375,309.7699890136719,309.3599853515625,309.6600036621094,121651,AAPL,Apple,Nasdaq,USD,20260706_192958
2026-07-06 09:58:00-04:00,309.25048828125,309.4798889160156,309.0,309.42999267578125,100744,AAPL,Apple,Nasdaq,USD,20260706_192958
2026-07-06 09:59:00-04:00,309.6300048828125,309.6300048828125,309.2200012207031,309.2749938964844,190474,AAPL,Apple,Nasdaq,USD,20260706_192958
2026-07-06 10:00:00-04:00,309.518798828125,309.6400146484375,309.30999755859375,309.6300048828125,95206,AAPL,Apple,Nasdaq,USD,20260706_192958
2026-07-06 10:01:00-04:00,309.19000244140625,309.6000061035156,309.0,309.55999755859375,129818,AAPL,Apple,Nasdaq,USD,20260706_192958
2026-07-06 10:02:00-04:00,309.3299865722656,309.4949951171875,309.0474853515625,309.1499938964844,77324,AAPL,Apple,Nasdaq,USD,20260706_192958
2026-07-06 10:03:00-04:00,309.2300109863281,309.4200134277344,309.1700134277344,309.3500061035156,59392,AAPL,Apple,Nasdaq,USD,20260706_192958
2026-07-06 10:04:00-04:00,309.3900146484375,309.3999938964844,309.05999755859375,309.25,101249,AAPL,Apple,Nasdaq,USD,20260706_192958
2026-07-06 10:05:00-04:00,309.25,309.510009765625,309.125,309.3699951171875,68842,AAPL,Apple,Nasdaq,USD,20260706_192958
2026-07-06 10:06:00-04:00,309.29998779296875,309.5,309.0400085449219,309.239990234375,127658,AAPL,Apple,Nasdaq,USD,20260706_192958
2026-07-06 10:07:00-04:00,309.55999755859375,309.760009765625,309.260009765625,309.29998779296875,163983,AAPL,Apple,Nasdaq,USD,20260706_192958
2026-07-06 10:08:00-04:00,309.56500244140625,309.7300109863281,309.4700012207031,309.54998779296875,79125,AAPL,Apple,Nasdaq,USD,20260706_192958
2026-07-06 10:09:00-04:00,309.57000732421875,309.7099914550781,309.4700012207031,309.5799865722656,170314,AAPL,Apple,Nasdaq,USD,20260706_192958
2026-07-06 10:10:00-04:00,309.010009765625,309.55999755859375,308.94000244140625,309.55999755859375,139015,AAPL,Apple,Nasdaq,USD,20260706_192958
2026-07-06 10:11:00-04:00,309.010009765625,309.44000244140625,308.8699951171875,308.9700012207031,109327,AAPL,Apple,Nasdaq,USD,20260706_192958
2026-07-06 10:12:00-04:00,309.4599914550781,309.62860107421875,308.989990234375,309.019287109375,97368,AAPL,Apple,Nasdaq,USD,20260706_192958
2026-07-06 10:13:00-04:00,309.8800048828125,309.9898986816406,309.4100036621094,309.4599914550781,118256,AAPL,Apple,Nasdaq,USD,20260706_192958
2026-07-06 10:14:00-04:00,309.8599853515625,309.9800109863281,309.6300048828125,309.8699951171875,105917,AAPL,Apple,Nasdaq,USD,20260706_192958
2026-07-06 10:15:00-04:00,309.75,310.25,309.4800109863281,309.8699951171875,434212,AAPL,Apple,Nasdaq,USD,20260706_192958
2026-07-06 10:16:00-04:00,310.3550109863281,310.3699951171875,309.6650085449219,309.7449951171875,127833,AAPL,Apple,Nasdaq,USD,20260706_192958
2026-07-06 10:17:00-04:00,310.42999267578125,310.6199951171875,310.20001220703125,310.3699951171875,207955,AAPL,Apple,Nasdaq,USD,20260706_192958
2026-07-06 10:18:00-04:00,310.5899963378906,310.6300048828125,310.2300109863281,310.42999267578125,188942,AAPL,Apple,Nasdaq,USD,20260706_192958
2026-07-06 10:19:00-04:00,310.8905029296875,310.9100036621094,310.47100830078125,310.5799865722656,158538,AAPL,Apple,Nasdaq,USD,20260706_192958
2026-07-06 10:20:00-04:00,310.79998779296875,311.0400085449219,310.5299987792969,310.8999938964844,174753,AAPL,Apple,Nasdaq,USD,20260706_192958
2026-07-06 10:21:00-04:00,311.1650085449219,311.3900146484375,310.79998779296875,310.8299865722656,158342,AAPL,Apple,Nasdaq,USD,20260706_192958
2026-07-06 10:22:00-04:00,311.1300048828125,311.2200012207031,310.9700012207031,311.1650085449219,110981,AAPL,Apple,Nasdaq,USD,20260706_192958
2026-07-06 10:23:00-04:00,311.1700134277344,311.364990234375,311.0400085449219,311.1200866699219,127557,AAPL,Apple,Nasdaq,USD,20260706_192958
2026-07-06 10:24:00-04:00,311.0899963378906,311.3399963378906,310.9601135253906,311.17999267578125,111992,AAPL,Apple,Nasdaq,USD,20260706_192958
2026-07-06 10:25:00-04:00,311.19000244140625,311.2900085449219,311.04998779296875,311.07501220703125,102453,AAPL,Apple,Nasdaq,USD,20260706_192958
2026-07-06 10:26:00-04:00,311.3599853515625,311.4599914550781,311.1000061035156,311.18499755859375,107646,AAPL,Apple,Nasdaq,USD,20260706_192958
2026-07-06 10:27:00-04:00,311.42999267578125,311.5,311.12200927734375,311.3699951171875,171132,AAPL,Apple,Nasdaq,USD,20260706_192958
2026-07-06 10:28:00-04:00,311.4200134277344,311.6795959472656,311.3299865722656,311.44000244140625,186537,AAPL,Apple,Nasdaq,USD,20260706_192958
2026-07-06 10:29:00-04:00,311.7300109863281,311.75,311.3299865722656,311.42999267578125,130912,AAPL,Apple,Nasdaq,USD,20260706_192958
2026-07-06 10:30:00-04:00,311.5451965332031,311.82000732421875,311.25,311.70001220703125,213375,AAPL,Apple,Nasdaq,USD,20260706_192958
2026-07-06 10:31:00-04:00,311.5199890136719,311.6400146484375,311.29998779296875,311.5299987792969,97006,AAPL,Apple,Nasdaq,USD,20260706_192958
2026-07-06 10:32:00-04:00,311.3599853515625,311.6099853515625,311.29998779296875,311.5150146484375,117658,AAPL,Apple,Nasdaq,USD,20260706_192958
2026-07-06 10:33:00-04:00,311.36029052734375,311.6000061035156,311.3100891113281,311.3500061035156,110785,AAPL,Apple,Nasdaq,USD,20260706_192958
2026-07-06 10:34:00-04:00,311.2701110839844,311.489990234375,311.2101135253906,311.4100036621094,123495,AAPL,Apple,Nasdaq,USD,20260706_192958
2026-07-06 10:35:00-04:00,311.739990234375,311.7799987792969,311.239990234375,311.239990234375,119205,AAPL,Apple,Nasdaq,USD,20260706_192958
2026-07-06 10:36:00-04:00,311.80999755859375,311.8399963378906,311.6499938964844,311.6900939941406,131118,AAPL,Apple,Nasdaq,USD,20260706_192958
2026-07-06 10:37:00-04:00,311.5899963378906,311.81500244140625,311.5350036621094,311.79998779296875,78428,AAPL,Apple,Nasdaq,USD,20260706_192958
2026-07-06 10:38:00-04:00,311.55010986328125,311.72088623046875,311.54998779296875,311.5849914550781,72323,AAPL,Apple,Nasdaq,USD,20260706_192958
2026-07-06 10:39:00-04:00,311.67999267578125,311.7799987792969,311.42999267578125,311.55010986328125,129936,AAPL,Apple,Nasdaq,USD,20260706_192958
2026-07-06 10:40:00-04:00,311.7650146484375,311.7699890136719,311.60009765625,311.69000244140625,108835,AAPL,Apple,Nasdaq,USD,20260706_192958
2026-07-06 10:41:00-04:00,311.6499938964844,311.7699890136719,311.5899963378906,311.7699890136719,106058,AAPL,Apple,Nasdaq,USD,20260706_192958
2026-07-06 10:42:00-04:00,311.4750061035156,311.69000244140625,311.3900146484375,311.6549987792969,134059,AAPL,Apple,Nasdaq,USD,20260706_192958
2026-07-06 10:43:00-04:00,311.7049865722656,311.7300109863281,311.25,311.464111328125,111328,AAPL,Apple,Nasdaq,USD,20260706_192958
2026-07-06 10:44:00-04:00,311.3999938964844,311.7699890136719,311.3999938964844,311.7049865722656,67950,AAPL,Apple,Nasdaq,USD,20260706_192958
2026-07-06 10:45:00-04:00,311.6000061035156,311.625,311.260009765625,311.3999938964844,55237,AAPL,Apple,Nasdaq,USD,20260706_192958
2026-07-06 10:46:00-04:00,311.8699951171875,311.95001220703125,311.510009765625,311.5950012207031,116024,AAPL,Apple,Nasdaq,USD,20260706_192958
2026-07-06 10:47:00-04:00,312.114990234375,312.32000732421875,311.82000732421875,311.8599853515625,206833,AAPL,Apple,Nasdaq,USD,20260706_192958
2026-07-06 10:48:00-04:00,312.04998779296875,312.1698913574219,311.95001220703125,312.0950012207031,86150,AAPL,Apple,Nasdaq,USD,20260706_192958
2026-07-06 10:49:00-04:00,312.0150146484375,312.17999267578125,311.7699890136719,312.07000732421875,96014,AAPL,Apple,Nasdaq,USD,20260706_192958
2026-07-06 10:50:00-04:00,312.135009765625,312.1799011230469,312.0,312.0150146484375,66406,AAPL,Apple,Nasdaq,USD,20260706_192958
2026-07-06 10:51:00-04:00,312.1000061035156,312.3299865722656,312.0400085449219,312.1300048828125,112203,AAPL,Apple,Nasdaq,USD,20260706_192958
2026-07-06 10:52:00-04:00,312.1199951171875,312.32000732421875,312.0,312.1000061035156,89540,AAPL,Apple,Nasdaq,USD,20260706_192958
2026-07-06 10:53:00-04:00,312.2449951171875,312.3299865722656,312.0950012207031,312.1199951171875,82847,AAPL,Apple,Nasdaq,USD,20260706_192958
2026-07-06 10:54:00-04:00,312.25,312.4100036621094,312.17498779296875,312.25,84828,AAPL,Apple,Nasdaq,USD,20260706_192958
2026-07-06 10:55:00-04:00,312.2300109863281,312.3399963378906,312.0603942871094,312.2200012207031,101315,AAPL,Apple,Nasdaq,USD,20260706_192958
2026-07-06 10:56:00-04:00,312.3794860839844,312.4200134277344,312.2099914550781,312.2300109863281,61811,AAPL,Apple,Nasdaq,USD,20260706_192958
2026-07-06 10:57:00-04:00,312.19439697265625,312.3800048828125,312.10009765625,312.3699951171875,53651,AAPL,Apple,Nasdaq,USD,20260706_192958
2026-07-06 10:58:00-04:00,312.2699890136719,312.2799987792969,312.1105041503906,312.20001220703125,67404,AAPL,Apple,Nasdaq,USD,20260706_192958
2026-07-06 10:59:00-04:00,312.5201110839844,312.5799865722656,312.260009765625,312.2699890136719,128405,AAPL,Apple,Nasdaq,USD,20260706_192958
2026-07-06 11:00:00-04:00,312.6050109863281,312.75,312.5350036621094,312.54998779296875,137228,AAPL,Apple,Nasdaq,USD,20260706_192958
2026-07-06 11:01:00-04:00,312.7900085449219,312.94000244140625,312.5400085449219,312.6199951171875,115943,AAPL,Apple,Nasdaq,USD,20260706_192958
2026-07-06 11:02:00-04:00,312.54998779296875,312.864990234375,312.5,312.7850036621094,76104,AAPL,Apple,Nasdaq,USD,20260706_192958
2026-07-06 11:03:00-04:00,312.81500244140625,312.81500244140625,312.5400085449219,312.5400085449219,45695,AAPL,Apple,Nasdaq,USD,20260706_192958
2026-07-06 11:04:00-04:00,312.7900085449219,312.8550109863281,312.739990234375,312.82000732421875,92528,AAPL,Apple,Nasdaq,USD,20260706_192958
2026-07-06 11:05:00-04:00,312.8949890136719,312.9100036621094,312.6199951171875,312.7900085449219,96825,AAPL,Apple,Nasdaq,USD,20260706_192958
2026-07-06 11:06:00-04:00,312.6000061035156,312.8900146484375,312.5,312.8900146484375,95007,AAPL,Apple,Nasdaq,USD,20260706_192958
2026-07-06 11:07:00-04:00,312.7099914550781,312.739990234375,312.4599914550781,312.5849914550781,79067,AAPL,Apple,Nasdaq,USD,20260706_192958
2026-07-06 11:08:00-04:00,312.739990234375,312.7799987792969,312.6199951171875,312.7099914550781,73337,AAPL,Apple,Nasdaq,USD,20260706_192958
2026-07-06 11:09:00-04:00,312.6400146484375,312.7449951171875,312.5899963378906,312.7449951171875,51543,AAPL,Apple,Nasdaq,USD,20260706_192958
2026-07-06 11:10:00-04:00,312.79998779296875,312.8399963378906,312.5566101074219,312.6400146484375,202248,AAPL,Apple,Nasdaq,USD,20260706_192958
2026-07-06 11:11:00-04:00,312.989990234375,313.05999755859375,312.80499267578125,312.80499267578125,157768,AAPL,Apple,Nasdaq,USD,20260706_192958
2026-07-06 11:12:00-04:00,313.04998779296875,313.05999755859375,312.8800048828125,312.9849853515625,61451,AAPL,Apple,Nasdaq,USD,20260706_192958
2026-07-06 11:13:00-04:00,312.95001220703125,313.2099914550781,312.8999938964844,313.05499267578125,93349,AAPL,Apple,Nasdaq,USD,20260706_192958
2026-07-06 11:14:00-04:00,312.875,312.9599914550781,312.8299865722656,312.94000244140625,71059,AAPL,Apple,Nasdaq,USD,20260706_192958
2026-07-06 11:15:00-04:00,312.82000732421875,312.8800048828125,312.6610107421875,312.8699951171875,60771,AAPL,Apple,Nasdaq,USD,20260706_192958
2026-07-06 11:16:00-04:00,312.80999755859375,312.95001220703125,312.7349853515625,312.80999755859375,57304,AAPL,Apple,Nasdaq,USD,20260706_192958
2026-07-06 11:17:00-04:00,312.9750061035156,313.07000732421875,312.75,312.79998779296875,72193,AAPL,Apple,Nasdaq,USD,20260706_192958
2026-07-06 11:18:00-04:00,313.0199890136719,313.19000244140625,312.9599914550781,312.9599914550781,133899,AAPL,Apple,Nasdaq,USD,20260706_192958
2026-07-06 11:19:00-04:00,313.2799987792969,313.3900146484375,312.8949890136719,313.0199890136719,144478,AAPL,Apple,Nasdaq,USD,20260706_192958
2026-07-06 11:20:00-04:00,313.25,313.5,313.1499938964844,313.2699890136719,165369,AAPL,Apple,Nasdaq,USD,20260706_192958
2026-07-06 11:21:00-04:00,313.1199951171875,313.2799987792969,313.0199890136719,313.2749938964844,157088,AAPL,Apple,Nasdaq,USD,20260706_192958
2026-07-06 11:22:00-04:00,313.125,313.19000244140625,312.94000244140625,313.139892578125,125723,AAPL,Apple,Nasdaq,USD,20260706_192958
2026-07-06 11:23:00-04:00,313.1000061035156,313.2200012207031,313.01019287109375,313.1199951171875,46550,AAPL,Apple,Nasdaq,USD,20260706_192958
2026-07-06 11:24:00-04:00,312.9794921875,313.29998779296875,312.9700012207031,313.1199951171875,111487,AAPL,Apple,Nasdaq,USD,20260706_192958
2026-07-06 11:25:00-04:00,313.05999755859375,313.2300109863281,312.95001220703125,312.9750061035156,109977,AAPL,Apple,Nasdaq,USD,20260706_192958
2026-07-06 11:26:00-04:00,313.1698913574219,313.3999938964844,313.0,313.06500244140625,137169,AAPL,Apple,Nasdaq,USD,20260706_192958
2026-07-06 11:27:00-04:00,313.2799987792969,313.4100036621094,313.17999267578125,313.17999267578125,90389,AAPL,Apple,Nasdaq,USD,20260706_192958
2026-07-06 11:28:00-04:00,313.3299865722656,313.4949951171875,313.2366943359375,313.2950134277344,115758,AAPL,Apple,Nasdaq,USD,20260706_192958
2026-07-06 11:29:00-04:00,313.5799865722656,313.6000061035156,313.29998779296875,313.34149169921875,142794,AAPL,Apple,Nasdaq,USD,20260706_192958
2026-07-06 11:30:00-04:00,313.47021484375,313.6199951171875,313.3599853515625,313.5849914550781,107721,AAPL,Apple,Nasdaq,USD,20260706_192958
2026-07-06 11:31:00-04:00,313.54998779296875,313.56500244140625,313.43011474609375,313.4599914550781,75221,AAPL,Apple,Nasdaq,USD,20260706_192958
2026-07-06 11:32:00-04:00,313.56500244140625,313.6499938964844,313.4100036621094,313.5450134277344,105798,AAPL,Apple,Nasdaq,USD,20260706_192958
2026-07-06 11:33:00-04:00,313.635009765625,313.6449890136719,313.44500732421875,313.5400085449219,47908,AAPL,Apple,Nasdaq,USD,20260706_192958
2026-07-06 11:34:00-04:00,313.6199951171875,313.7099914550781,313.55999755859375,313.6400146484375,76443,AAPL,Apple,Nasdaq,USD,20260706_192958
2026-07-06 11:35:00-04:00,313.82000732421875,313.8800048828125,313.6099853515625,313.6199951171875,93517,AAPL,Apple,Nasdaq,USD,20260706_192958
2026-07-06 11:36:00-04:00,313.69000244140625,313.8299865722656,313.6000061035156,313.82000732421875,105128,AAPL,Apple,Nasdaq,USD,20260706_192958
2026-07-06 11:37:00-04:00,313.8399963378906,313.875,313.69000244140625,313.7049865722656,62838,AAPL,Apple,Nasdaq,USD,20260706_192958
2026-07-06 11:38:00-04:00,314.0299987792969,314.05999755859375,313.56500244140625,313.82000732421875,151167,AAPL,Apple,Nasdaq,USD,20260706_192958
2026-07-06 11:39:00-04:00,313.8299865722656,314.05999755859375,313.75,314.04998779296875,90752,AAPL,Apple,Nasdaq,USD,20260706_192958
2026-07-06 11:40:00-04:00,313.7550048828125,314.0299987792969,313.75,313.8900146484375,79828,AAPL,Apple,Nasdaq,USD,20260706_192958
2026-07-06 11:41:00-04:00,314.0199890136719,314.0299987792969,313.7200012207031,313.760009765625,94489,AAPL,Apple,Nasdaq,USD,20260706_192958
2026-07-06 11:42:00-04:00,313.885009765625,314.07501220703125,313.8399963378906,314.0150146484375,90274,AAPL,Apple,Nasdaq,USD,20260706_192958
2026-07-06 11:43:00-04:00,313.9949951171875,314.0400085449219,313.8299865722656,313.8900146484375,81408,AAPL,Apple,Nasdaq,USD,20260706_192958
2026-07-06 11:44:00-04:00,314.0899963378906,314.1199951171875,313.8599853515625,313.989990234375,65234,AAPL,Apple,Nasdaq,USD,20260706_192958
2026-07-06 11:45:00-04:00,313.9599914550781,314.20001220703125,313.94000244140625,314.1050109863281,62317,AAPL,Apple,Nasdaq,USD,20260706_192958
2026-07-06 11:46:00-04:00,314.1300048828125,314.139892578125,313.94000244140625,313.96990966796875,67911,AAPL,Apple,Nasdaq,USD,20260706_192958
2026-07-06 11:47:00-04:00,313.840087890625,314.1300048828125,313.71051025390625,314.1300048828125,113247,AAPL,Apple,Nasdaq,USD,20260706_192958
2026-07-06 11:48:00-04:00,313.8299865722656,313.8900146484375,313.75,313.8399963378906,50927,AAPL,Apple,Nasdaq,USD,20260706_192958
2026-07-06 11:49:00-04:00,313.5799865722656,313.80999755859375,313.42010498046875,313.80999755859375,134200,AAPL,Apple,Nasdaq,USD,20260706_192958
2026-07-06 11:50:00-04:00,313.80999755859375,313.82000732421875,313.489990234375,313.5799865722656,75976,AAPL,Apple,Nasdaq,USD,20260706_192958
2026-07-06 11:51:00-04:00,313.8800048828125,313.9200134277344,313.739990234375,313.80999755859375,62094,AAPL,Apple,Nasdaq,USD,20260706_192958
2026-07-06 11:52:00-04:00,313.7149963378906,313.8900146484375,313.6700134277344,313.8800048828125,67602,AAPL,Apple,Nasdaq,USD,20260706_192958
2026-07-06 11:53:00-04:00,313.6600036621094,313.8500061035156,313.6600036621094,313.7149963378906,93590,AAPL,Apple,Nasdaq,USD,20260706_192958
2026-07-06 11:54:00-04:00,313.4599914550781,313.69000244140625,313.44000244140625,313.69000244140625,68044,AAPL,Apple,Nasdaq,USD,20260706_192958
2026-07-06 11:55:00-04:00,313.5299987792969,313.55499267578125,313.3900146484375,313.4599914550781,88314,AAPL,Apple,Nasdaq,USD,20260706_192958
2026-07-06 11:56:00-04:00,313.53009033203125,313.66009521484375,313.510009765625,313.5299987792969,39499,AAPL,Apple,Nasdaq,USD,20260706_192958
2026-07-06 11:57:00-04:00,313.5101013183594,313.5450134277344,313.44500732421875,313.5350036621094,59908,AAPL,Apple,Nasdaq,USD,20260706_192958
2026-07-06 11:58:00-04:00,313.45001220703125,313.6341857910156,313.4205017089844,313.5299072265625,72353,AAPL,Apple,Nasdaq,USD,20260706_192958
2026-07-06 11:59:00-04:00,313.70001220703125,313.70001220703125,313.3800048828125,313.44610595703125,67958,AAPL,Apple,Nasdaq,USD,20260706_192958
2026-07-06 12:00:00-04:00,313.58990478515625,313.7900085449219,313.55999755859375,313.6400146484375,172730,AAPL,Apple,Nasdaq,USD,20260706_192958
2026-07-06 12:01:00-04:00,313.5400085449219,313.6000061035156,313.44000244140625,313.5899963378906,53919,AAPL,Apple,Nasdaq,USD,20260706_192958
2026-07-06 12:02:00-04:00,313.43499755859375,313.55999755859375,313.31201171875,313.54949951171875,150596,AAPL,Apple,Nasdaq,USD,20260706_192958
2026-07-06 12:03:00-04:00,313.4800109863281,313.5,313.3900146484375,313.44500732421875,46175,AAPL,Apple,Nasdaq,USD,20260706_192958
2026-07-06 12:04:00-04:00,313.4700012207031,313.55999755859375,313.3399963378906,313.47601318359375,72693,AAPL,Apple,Nasdaq,USD,20260706_192958
2026-07-06 12:05:00-04:00,313.1099853515625,313.4800109863281,313.1099853515625,313.4800109863281,88427,AAPL,Apple,Nasdaq,USD,20260706_192958
2026-07-06 12:06:00-04:00,313.1400146484375,313.239990234375,313.0899963378906,313.1099853515625,66084,AAPL,Apple,Nasdaq,USD,20260706_192958
2026-07-06 12:07:00-04:00,313.1400146484375,313.25,313.0213928222656,313.1449890136719,107474,AAPL,Apple,Nasdaq,USD,20260706_192958
2026-07-06 12:08:00-04:00,313.0899963378906,313.1401062011719,313.05999755859375,313.1199951171875,47777,AAPL,Apple,Nasdaq,USD,20260706_192958
2026-07-06 12:09:00-04:00,312.8500061035156,313.1400146484375,312.82000732421875,313.07501220703125,111607,AAPL,Apple,Nasdaq,USD,20260706_192958
2026-07-06 12:10:00-04:00,312.9599914550781,313.0,312.8550109863281,312.8599853515625,86297,AAPL,Apple,Nasdaq,USD,20260706_192958
2026-07-06 12:11:00-04:00,313.0350036621094,313.1099853515625,312.8901062011719,312.9549865722656,56834,AAPL,Apple,Nasdaq,USD,20260706_192958
2026-07-06 12:12:00-04:00,312.9200134277344,313.1400146484375,312.8999938964844,313.0450134277344,351872,AAPL,Apple,Nasdaq,USD,20260706_192958
2026-07-06 12:13:00-04:00,312.885009765625,312.95001220703125,312.82000732421875,312.92999267578125,53607,AAPL,Apple,Nasdaq,USD,20260706_192958
2026-07-06 12:14:00-04:00,313.010009765625,313.0299987792969,312.84051513671875,312.9100036621094,55043,AAPL,Apple,Nasdaq,USD,20260706_192958
2026-07-06 12:15:00-04:00,312.7699890136719,313.0199890136719,312.7300109863281,313.0150146484375,98651,AAPL,Apple,Nasdaq,USD,20260706_192958
2026-07-06 12:16:00-04:00,312.5201110839844,312.760009765625,312.5201110839844,312.760009765625,68072,AAPL,Apple,Nasdaq,USD,20260706_192958
2026-07-06 12:17:00-04:00,312.4150085449219,312.5799865722656,312.375,312.5350036621094,70313,AAPL,Apple,Nasdaq,USD,20260706_192958
2026-07-06 12:18:00-04:00,312.4800109863281,312.54998779296875,312.3800048828125,312.4200134277344,71131,AAPL,Apple,Nasdaq,USD,20260706_192958
2026-07-06 12:19:00-04:00,312.7919921875,312.8193054199219,312.4700012207031,312.4700012207031,54200,AAPL,Apple,Nasdaq,USD,20260706_192958
2026-07-06 12:20:00-04:00,312.72930908203125,312.8500061035156,312.69500732421875,312.7998962402344,50207,AAPL,Apple,Nasdaq,USD,20260706_192958
2026-07-06 12:21:00-04:00,312.75,312.82000732421875,312.6390075683594,312.7200012207031,65373,AAPL,Apple,Nasdaq,USD,20260706_192958
2026-07-06 12:22:00-04:00,312.45001220703125,312.79998779296875,312.4100036621094,312.7898864746094,60730,AAPL,Apple,Nasdaq,USD,20260706_192958
2026-07-06 12:23:00-04:00,312.42999267578125,312.489990234375,312.3800048828125,312.4400939941406,43848,AAPL,Apple,Nasdaq,USD,20260706_192958
2026-07-06 12:24:00-04:00,312.610107421875,312.6449890136719,312.385009765625,312.42999267578125,45572,AAPL,Apple,Nasdaq,USD,20260706_192958
2026-07-06 12:25:00-04:00,312.4595031738281,312.6300048828125,312.42999267578125,312.625,36066,AAPL,Apple,Nasdaq,USD,20260706_192958
2026-07-06 12:26:00-04:00,312.3999938964844,312.5450134277344,312.3949890136719,312.4549865722656,48457,AAPL,Apple,Nasdaq,USD,20260706_192958
2026-07-06 12:27:00-04:00,312.3299865722656,312.45001220703125,312.32501220703125,312.38079833984375,34574,AAPL,Apple,Nasdaq,USD,20260706_192958
2026-07-06 12:28:00-04:00,312.4150085449219,312.4700012207031,312.32000732421875,312.3399963378906,36576,AAPL,Apple,Nasdaq,USD,20260706_192958
2026-07-06 12:29:00-04:00,312.25,312.443603515625,312.2300109863281,312.4200134277344,60844,AAPL,Apple,Nasdaq,USD,20260706_192958
2026-07-06 12:30:00-04:00,312.0,312.30999755859375,311.989990234375,312.2449951171875,97190,AAPL,Apple,Nasdaq,USD,20260706_192958
2026-07-06 12:31:00-04:00,311.9100036621094,312.1099853515625,311.9100036621094,312.0150146484375,84798,AAPL,Apple,Nasdaq,USD,20260706_192958
2026-07-06 12:32:00-04:00,312.1099853515625,312.1099853515625,311.8500061035156,311.9150085449219,61018,AAPL,Apple,Nasdaq,USD,20260706_192958
2026-07-06 12:33:00-04:00,312.375,312.3900146484375,312.07501220703125,312.114990234375,70230,AAPL,Apple,Nasdaq,USD,20260706_192958
2026-07-06 12:34:00-04:00,312.3599853515625,312.5400085449219,312.2875061035156,312.3800048828125,61564,AAPL,Apple,Nasdaq,USD,20260706_192958
2026-07-06 12:35:00-04:00,312.05999755859375,312.3599853515625,312.04998779296875,312.3599853515625,39167,AAPL,Apple,Nasdaq,USD,20260706_192958
2026-07-06 12:36:00-04:00,312.0199890136719,312.135009765625,311.94000244140625,312.0350036621094,2013366,AAPL,Apple,Nasdaq,USD,20260706_192958
2026-07-06 12:37:00-04:00,311.989990234375,312.0849914550781,311.9100036621094,312.010009765625,46709,AAPL,Apple,Nasdaq,USD,20260706_192958
2026-07-06 12:38:00-04:00,312.1451110839844,312.17498779296875,311.9849853515625,312.0,50501,AAPL,Apple,Nasdaq,USD,20260706_192958
2026-07-06 12:39:00-04:00,312.07000732421875,312.1827087402344,312.0400085449219,312.1449890136719,1037002,AAPL,Apple,Nasdaq,USD,20260706_192958
2026-07-06 12:40:00-04:00,312.14080810546875,312.19000244140625,312.0199890136719,312.0696105957031,39303,AAPL,Apple,Nasdaq,USD,20260706_192958
2026-07-06 12:41:00-04:00,312.4809875488281,312.54998779296875,312.1401062011719,312.1650085449219,351430,AAPL,Apple,Nasdaq,USD,20260706_192958
2026-07-06 12:42:00-04:00,312.6099853515625,312.6300048828125,312.489990234375,312.4913024902344,55034,AAPL,Apple,Nasdaq,USD,20260706_192958
2026-07-06 12:43:00-04:00,312.7250061035156,312.75,312.5101013183594,312.614990234375,78916,AAPL,Apple,Nasdaq,USD,20260706_192958
2026-07-06 12:44:00-04:00,312.57000732421875,312.7449951171875,312.5400085449219,312.7300109863281,70448,AAPL,Apple,Nasdaq,USD,20260706_192958
2026-07-06 12:45:00-04:00,312.5299987792969,312.6400146484375,312.4830017089844,312.55999755859375,82174,AAPL,Apple,Nasdaq,USD,20260706_192958
2026-07-06 12:46:00-04:00,312.6600036621094,312.739990234375,312.510009765625,312.5400085449219,45409,AAPL,Apple,Nasdaq,USD,20260706_192958
2026-07-06 12:47:00-04:00,312.7585144042969,312.7998962402344,312.6300048828125,312.6499938964844,40771,AAPL,Apple,Nasdaq,USD,20260706_192958
2026-07-06 12:48:00-04:00,312.8800048828125,312.8999938964844,312.7200012207031,312.7550048828125,82298,AAPL,Apple,Nasdaq,USD,20260706_192958
2026-07-06 12:49:00-04:00,312.9599914550781,312.9800109863281,312.8800048828125,312.8800048828125,42765,AAPL,Apple,Nasdaq,USD,20260706_192958
2026-07-06 12:50:00-04:00,312.8691101074219,312.9599914550781,312.8399963378906,312.9599914550781,37918,AAPL,Apple,Nasdaq,USD,20260706_192958
2026-07-06 12:51:00-04:00,312.69000244140625,312.8699951171875,312.67999267578125,312.8599853515625,31439,AAPL,Apple,Nasdaq,USD,20260706_192958
2026-07-06 12:52:00-04:00,312.6400146484375,312.739990234375,312.5950012207031,312.70001220703125,43621,AAPL,Apple,Nasdaq,USD,20260706_192958
2026-07-06 12:53:00-04:00,312.6000061035156,312.6499938964844,312.5,312.6393127441406,44118,AAPL,Apple,Nasdaq,USD,20260706_192958
2026-07-06 12:54:00-04:00,312.6400146484375,312.6400146484375,312.44000244140625,312.590087890625,43125,AAPL,Apple,Nasdaq,USD,20260706_192958
2026-07-06 12:55:00-04:00,312.7200012207031,312.7900085449219,312.6300048828125,312.6400146484375,42899,AAPL,Apple,Nasdaq,USD,20260706_192958
2026-07-06 12:56:00-04:00,312.7650146484375,312.7799987792969,312.5400085449219,312.70001220703125,38832,AAPL,Apple,Nasdaq,USD,20260706_192958
2026-07-06 12:57:00-04:00,312.7300109863281,312.7799987792969,312.6700134277344,312.7799987792969,23965,AAPL,Apple,Nasdaq,USD,20260706_192958
2026-07-06 12:58:00-04:00,312.69500732421875,312.7799987792969,312.6600036621094,312.7349853515625,66578,AAPL,Apple,Nasdaq,USD,20260706_192958
2026-07-06 12:59:00-04:00,312.5400085449219,312.760009765625,312.5199890136719,312.69500732421875,46051,AAPL,Apple,Nasdaq,USD,20260706_192958
2026-07-06 13:00:00-04:00,312.7099914550781,312.7300109863281,312.4801025390625,312.5350036621094,59066,AAPL,Apple,Nasdaq,USD,20260706_192958
2026-07-06 13:01:00-04:00,312.7250061035156,312.7950134277344,312.6700134277344,312.7099914550781,48412,AAPL,Apple,Nasdaq,USD,20260706_192958
2026-07-06 13:02:00-04:00,312.54010009765625,312.75,312.5400085449219,312.7300109863281,47820,AAPL,Apple,Nasdaq,USD,20260706_192958
2026-07-06 13:03:00-04:00,312.739990234375,312.74029541015625,312.54998779296875,312.54998779296875,45314,AAPL,Apple,Nasdaq,USD,20260706_192958
2026-07-06 13:04:00-04:00,312.81988525390625,312.82000732421875,312.69000244140625,312.7200012207031,39884,AAPL,Apple,Nasdaq,USD,20260706_192958
2026-07-06 13:05:00-04:00,312.79998779296875,312.8500061035156,312.67999267578125,312.7900085449219,46540,AAPL,Apple,Nasdaq,USD,20260706_192958
2026-07-06 13:06:00-04:00,312.8157958984375,312.8794860839844,312.7698974609375,312.7900085449219,52353,AAPL,Apple,Nasdaq,USD,20260706_192958
2026-07-06 13:07:00-04:00,312.739990234375,312.8999938964844,312.7101135253906,312.82000732421875,37808,AAPL,Apple,Nasdaq,USD,20260706_192958
2026-07-06 13:08:00-04:00,312.4200134277344,312.75,312.3999938964844,312.75,53142,AAPL,Apple,Nasdaq,USD,20260706_192958
2026-07-06 13:09:00-04:00,312.4649963378906,312.4949951171875,312.3299865722656,312.42498779296875,38661,AAPL,Apple,Nasdaq,USD,20260706_192958
2026-07-06 13:10:00-04:00,312.5299987792969,312.6400146484375,312.489990234375,312.5,44339,AAPL,Apple,Nasdaq,USD,20260706_192958
2026-07-06 13:11:00-04:00,312.7200012207031,312.7203063964844,312.45001220703125,312.5299987792969,39004,AAPL,Apple,Nasdaq,USD,20260706_192958
2026-07-06 13:12:00-04:00,312.70001220703125,312.760009765625,312.6192932128906,312.7300109863281,28829,AAPL,Apple,Nasdaq,USD,20260706_192958
2026-07-06 13:13:00-04:00,312.6199951171875,312.75,312.6000061035156,312.70001220703125,44437,AAPL,Apple,Nasdaq,USD,20260706_192958
2026-07-06 13:14:00-04:00,312.7305908203125,312.7749938964844,312.614990234375,312.614990234375,33286,AAPL,Apple,Nasdaq,USD,20260706_192958
2026-07-06 13:15:00-04:00,312.79010009765625,312.9100036621094,312.7301025390625,312.7301025390625,50320,AAPL,Apple,Nasdaq,USD,20260706_192958
2026-07-06 13:16:00-04:00,312.6199951171875,312.81988525390625,312.6099853515625,312.81988525390625,39330,AAPL,Apple,Nasdaq,USD,20260706_192958
2026-07-06 13:17:00-04:00,312.57000732421875,312.7099914550781,312.54998779296875,312.6199951171875,39278,AAPL,Apple,Nasdaq,USD,20260706_192958
2026-07-06 13:18:00-04:00,312.6600036621094,312.6650085449219,312.5299987792969,312.57000732421875,45764,AAPL,Apple,Nasdaq,USD,20260706_192958
2026-07-06 13:19:00-04:00,312.7101135253906,312.760009765625,312.5799865722656,312.6700134277344,47937,AAPL,Apple,Nasdaq,USD,20260706_192958
2026-07-06 13:20:00-04:00,312.5450134277344,312.79998779296875,312.5,312.7349853515625,176945,AAPL,Apple,Nasdaq,USD,20260706_192958
2026-07-06 13:21:00-04:00,312.739990234375,312.739990234375,312.510009765625,312.54559326171875,31324,AAPL,Apple,Nasdaq,USD,20260706_192958
2026-07-06 13:22:00-04:00,312.7900085449219,312.79998779296875,312.6400146484375,312.7300109863281,71939,AAPL,Apple,Nasdaq,USD,20260706_192958
2026-07-06 13:23:00-04:00,312.7550048828125,312.8800048828125,312.69000244140625,312.7900085449219,37214,AAPL,Apple,Nasdaq,USD,20260706_192958
2026-07-06 13:24:00-04:00,312.6499938964844,312.7449951171875,312.6499938964844,312.7250061035156,33955,AAPL,Apple,Nasdaq,USD,20260706_192958
2026-07-06 13:25:00-04:00,312.69500732421875,312.69500732421875,312.5799865722656,312.6199951171875,33456,AAPL,Apple,Nasdaq,USD,20260706_192958
2026-07-06 13:26:00-04:00,312.56640625,312.7149963378906,312.54998779296875,312.70001220703125,48342,AAPL,Apple,Nasdaq,USD,20260706_192958
2026-07-06 13:27:00-04:00,312.57000732421875,312.635009765625,312.5299987792969,312.57000732421875,23773,AAPL,Apple,Nasdaq,USD,20260706_192958
2026-07-06 13:28:00-04:00,312.4200134277344,312.57000732421875,312.3800048828125,312.55999755859375,28574,AAPL,Apple,Nasdaq,USD,20260706_192958
2026-07-06 13:29:00-04:00,312.3800048828125,312.510009765625,312.360107421875,312.43499755859375,37088,AAPL,Apple,Nasdaq,USD,20260706_192958
2026-07-06 13:30:00-04:00,312.110107421875,312.3876037597656,312.1099853515625,312.3876037597656,52802,AAPL,Apple,Nasdaq,USD,20260706_192958
2026-07-06 13:31:00-04:00,312.44500732421875,312.4700012207031,312.1300048828125,312.1300048828125,48922,AAPL,Apple,Nasdaq,USD,20260706_192958
2026-07-06 13:32:00-04:00,312.4700012207031,312.5799865722656,312.4200134277344,312.4700012207031,45073,AAPL,Apple,Nasdaq,USD,20260706_192958
2026-07-06 13:33:00-04:00,312.44500732421875,312.5400085449219,312.42498779296875,312.4649963378906,28384,AAPL,Apple,Nasdaq,USD,20260706_192958
2026-07-06 13:34:00-04:00,312.3399963378906,312.45001220703125,312.2699890136719,312.45001220703125,36180,AAPL,Apple,Nasdaq,USD,20260706_192958
2026-07-06 13:35:00-04:00,312.4599914550781,312.4599914550781,312.260009765625,312.33990478515625,48866,AAPL,Apple,Nasdaq,USD,20260706_192958
2026-07-06 13:36:00-04:00,312.3450012207031,312.4750061035156,312.3399963378906,312.4599914550781,158264,AAPL,Apple,Nasdaq,USD,20260706_192958
2026-07-06 13:37:00-04:00,312.3399963378906,312.4100036621094,312.26019287109375,312.3500061035156,42339,AAPL,Apple,Nasdaq,USD,20260706_192958
2026-07-06 13:38:00-04:00,312.5450134277344,312.5849914550781,312.3299865722656,312.34991455078125,45848,AAPL,Apple,Nasdaq,USD,20260706_192958
2026-07-06 13:39:00-04:00,312.4549865722656,312.55999755859375,312.4150085449219,312.55499267578125,27366,AAPL,Apple,Nasdaq,USD,20260706_192958
2026-07-06 13:40:00-04:00,312.4100036621094,312.44000244140625,312.34039306640625,312.44000244140625,26743,AAPL,Apple,Nasdaq,USD,20260706_192958
2026-07-06 13:41:00-04:00,312.4200134277344,312.45001220703125,312.3599853515625,312.3901062011719,29102,AAPL,Apple,Nasdaq,USD,20260706_192958
2026-07-06 13:42:00-04:00,312.3450927734375,312.5199890136719,312.31500244140625,312.41009521484375,39716,AAPL,Apple,Nasdaq,USD,20260706_192958
2026-07-06 13:43:00-04:00,312.45001220703125,312.45001220703125,312.29998779296875,312.3399963378906,35025,AAPL,Apple,Nasdaq,USD,20260706_192958
2026-07-06 13:44:00-04:00,312.3999938964844,312.5299987792969,312.3901062011719,312.44500732421875,34634,AAPL,Apple,Nasdaq,USD,20260706_192958
2026-07-06 13:45:00-04:00,312.4700012207031,312.4898986816406,312.29998779296875,312.3900146484375,45772,AAPL,Apple,Nasdaq,USD,20260706_192958
2026-07-06 13:46:00-04:00,312.6700134277344,312.69000244140625,312.4403991699219,312.4700012207031,61018,AAPL,Apple,Nasdaq,USD,20260706_192958
2026-07-06 13:47:00-04:00,312.5398864746094,312.70001220703125,312.4599914550781,312.67999267578125,32221,AAPL,Apple,Nasdaq,USD,20260706_192958
2026-07-06 13:48:00-04:00,312.4200134277344,312.614990234375,312.4200134277344,312.5400085449219,25824,AAPL,Apple,Nasdaq,USD,20260706_192958
2026-07-06 13:49:00-04:00,312.5400085449219,312.55999755859375,312.4100036621094,312.4100036621094,33210,AAPL,Apple,Nasdaq,USD,20260706_192958
2026-07-06 13:50:00-04:00,312.6449890136719,312.7349853515625,312.552490234375,312.552490234375,40106,AAPL,Apple,Nasdaq,USD,20260706_192958
2026-07-06 13:51:00-04:00,312.6000061035156,312.659912109375,312.5400085449219,312.6400146484375,29597,AAPL,Apple,Nasdaq,USD,20260706_192958
2026-07-06 13:52:00-04:00,312.6300048828125,312.69500732421875,312.54998779296875,312.6000061035156,28140,AAPL,Apple,Nasdaq,USD,20260706_192958
2026-07-06 13:53:00-04:00,312.4700012207031,312.6199951171875,312.364990234375,312.6199951171875,38255,AAPL,Apple,Nasdaq,USD,20260706_192958
2026-07-06 13:54:00-04:00,312.3800048828125,312.6300048828125,312.3599853515625,312.4700012207031,40384,AAPL,Apple,Nasdaq,USD,20260706_192958
2026-07-06 13:55:00-04:00,312.5624084472656,312.5799865722656,312.3900146484375,312.3900146484375,31830,AAPL,Apple,Nasdaq,USD,20260706_192958
2026-07-06 13:56:00-04:00,312.510009765625,312.614990234375,312.5,312.57501220703125,26890,AAPL,Apple,Nasdaq,USD,20260706_192958
2026-07-06 13:57:00-04:00,312.4700012207031,312.5150146484375,312.44000244140625,312.5127868652344,22658,AAPL,Apple,Nasdaq,USD,20260706_192958
2026-07-06 13:58:00-04:00,312.6199951171875,312.6199951171875,312.4599914550781,312.4700012207031,29381,AAPL,Apple,Nasdaq,USD,20260706_192958
2026-07-06 13:59:00-04:00,312.7200927734375,312.7300109863281,312.6199951171875,312.6199951171875,51233,AAPL,Apple,Nasdaq,USD,20260706_192958
2026-07-06 14:00:00-04:00,312.760009765625,312.7998962402344,312.7200012207031,312.7300109863281,33720,AAPL,Apple,Nasdaq,USD,20260706_192958
2026-07-06 14:01:00-04:00,312.7300109863281,312.8299865722656,312.7099914550781,312.7799987792969,43649,AAPL,Apple,Nasdaq,USD,20260706_192958
2026-07-06 14:02:00-04:00,312.6449890136719,312.79998779296875,312.6449890136719,312.7300109863281,58919,AAPL,Apple,Nasdaq,USD,20260706_192958
2026-07-06 14:03:00-04:00,312.57000732421875,312.6549987792969,312.4800109863281,312.6499938964844,47168,AAPL,Apple,Nasdaq,USD,20260706_192958
2026-07-06 14:04:00-04:00,312.5799865722656,312.6099853515625,312.4100036621094,312.5849914550781,39173,AAPL,Apple,Nasdaq,USD,20260706_192958
2026-07-06 14:05:00-04:00,312.68499755859375,312.760009765625,312.5600891113281,312.6000061035156,42392,AAPL,Apple,Nasdaq,USD,20260706_192958
2026-07-06 14:06:00-04:00,312.7049865722656,312.7300109863281,312.6600036621094,312.67999267578125,28918,AAPL,Apple,Nasdaq,USD,20260706_192958
2026-07-06 14:07:00-04:00,312.5899963378906,312.7250061035156,312.5899963378906,312.7049865722656,30831,AAPL,Apple,Nasdaq,USD,20260706_192958
2026-07-06 14:08:00-04:00,312.81500244140625,312.8599853515625,312.5799865722656,312.6000061035156,68894,AAPL,Apple,Nasdaq,USD,20260706_192958
2026-07-06 14:09:00-04:00,312.7250061035156,312.8450012207031,312.7099914550781,312.80999755859375,30173,AAPL,Apple,Nasdaq,USD,20260706_192958
2026-07-06 14:10:00-04:00,312.7049865722656,312.7300109863281,312.6401062011719,312.7200012207031,26923,AAPL,Apple,Nasdaq,USD,20260706_192958
2026-07-06 14:11:00-04:00,312.6300048828125,312.7099914550781,312.5299987792969,312.7049865722656,39978,AAPL,Apple,Nasdaq,USD,20260706_192958
2026-07-06 14:12:00-04:00,312.69500732421875,312.739990234375,312.6000061035156,312.6200866699219,22547,AAPL,Apple,Nasdaq,USD,20260706_192958
2026-07-06 14:13:00-04:00,312.82000732421875,312.8500061035156,312.6400146484375,312.69500732421875,37138,AAPL,Apple,Nasdaq,USD,20260706_192958
2026-07-06 14:14:00-04:00,312.9200134277344,312.9599914550781,312.7900085449219,312.80999755859375,48520,AAPL,Apple,Nasdaq,USD,20260706_192958
2026-07-06 14:15:00-04:00,312.989990234375,313.0299987792969,312.8900146484375,312.92498779296875,107383,AAPL,Apple,Nasdaq,USD,20260706_192958
2026-07-06 14:16:00-04:00,313.0199890136719,313.139892578125,312.9599914550781,312.9800109863281,54762,AAPL,Apple,Nasdaq,USD,20260706_192958
2026-07-06 14:17:00-04:00,312.9700012207031,313.05499267578125,312.94000244140625,313.0400085449219,34027,AAPL,Apple,Nasdaq,USD,20260706_192958
2026-07-06 14:18:00-04:00,312.8699951171875,312.9700927734375,312.8399963378906,312.9700012207031,46330,AAPL,Apple,Nasdaq,USD,20260706_192958
2026-07-06 14:19:00-04:00,312.9849853515625,313.0450134277344,312.8800048828125,312.8800048828125,50580,AAPL,Apple,Nasdaq,USD,20260706_192958
2026-07-06 14:20:00-04:00,312.8949890136719,313.010009765625,312.8500061035156,312.9901123046875,35312,AAPL,Apple,Nasdaq,USD,20260706_192958
2026-07-06 14:21:00-04:00,312.840087890625,312.9150085449219,312.7749938964844,312.8999938964844,36469,AAPL,Apple,Nasdaq,USD,20260706_192958
2026-07-06 14:22:00-04:00,312.8500061035156,312.8900146484375,312.79998779296875,312.8399963378906,26518,AAPL,Apple,Nasdaq,USD,20260706_192958
2026-07-06 14:23:00-04:00,312.9700012207031,312.9784851074219,312.8399963378906,312.8550109863281,32827,AAPL,Apple,Nasdaq,USD,20260706_192958
2026-07-06 14:24:00-04:00,313.0,313.0450134277344,312.92999267578125,312.9649963378906,42706,AAPL,Apple,Nasdaq,USD,20260706_192958
2026-07-06 14:25:00-04:00,313.0350036621094,313.0899963378906,313.0000915527344,313.010009765625,41849,AAPL,Apple,Nasdaq,USD,20260706_192958
2026-07-06 14:26:00-04:00,312.9164123535156,313.04010009765625,312.8299865722656,313.0299987792969,40900,AAPL,Apple,Nasdaq,USD,20260706_192958
2026-07-06 14:27:00-04:00,312.95001220703125,312.9798889160156,312.8599853515625,312.9200134277344,33394,AAPL,Apple,Nasdaq,USD,20260706_192958
2026-07-06 14:28:00-04:00,312.9750061035156,312.9800109863281,312.8999938964844,312.95001220703125,32207,AAPL,Apple,Nasdaq,USD,20260706_192958
2026-07-06 14:29:00-04:00,313.07000732421875,313.14990234375,312.9700927734375,312.9800109863281,51254,AAPL,Apple,Nasdaq,USD,20260706_192958
2026-07-06 14:30:00-04:00,313.32000732421875,313.375,313.07501220703125,313.0799865722656,78339,AAPL,Apple,Nasdaq,USD,20260706_192958
2026-07-06 14:31:00-04:00,313.3500061035156,313.375,313.2799987792969,313.3349914550781,48815,AAPL,Apple,Nasdaq,USD,20260706_192958
2026-07-06 14:32:00-04:00,313.375,313.4750061035156,313.30999755859375,313.3550109863281,95459,AAPL,Apple,Nasdaq,USD,20260706_192958
2026-07-06 14:33:00-04:00,313.3299865722656,313.3999938964844,313.32000732421875,313.385009765625,34470,AAPL,Apple,Nasdaq,USD,20260706_192958
2026-07-06 14:34:00-04:00,313.2699890136719,313.3450012207031,313.239990234375,313.32000732421875,48323,AAPL,Apple,Nasdaq,USD,20260706_192958
2026-07-06 14:35:00-04:00,313.20001220703125,313.2900085449219,313.1400146484375,313.2699890136719,50296,AAPL,Apple,Nasdaq,USD,20260706_192958
2026-07-06 14:36:00-04:00,313.0899963378906,313.2099914550781,313.04998779296875,313.20001220703125,47772,AAPL,Apple,Nasdaq,USD,20260706_192958
2026-07-06 14:37:00-04:00,313.0050048828125,313.1099853515625,312.94000244140625,313.1000061035156,40029,AAPL,Apple,Nasdaq,USD,20260706_192958
2026-07-06 14:38:00-04:00,313.1050109863281,313.1549987792969,312.989990234375,313.0,49512,AAPL,Apple,Nasdaq,USD,20260706_192958
2026-07-06 14:39:00-04:00,312.9649963378906,313.1098937988281,312.9100036621094,313.1050109863281,61795,AAPL,Apple,Nasdaq,USD,20260706_192958
2026-07-06 14:40:00-04:00,313.1099853515625,313.1549987792969,312.9750061035156,312.9750061035156,40772,AAPL,Apple,Nasdaq,USD,20260706_192958
2026-07-06 14:41:00-04:00,313.11859130859375,313.2300109863281,313.1000061035156,313.1000061035156,35256,AAPL,Apple,Nasdaq,USD,20260706_192958
2026-07-06 14:42:00-04:00,313.04998779296875,313.125,313.0199890136719,313.114990234375,36980,AAPL,Apple,Nasdaq,USD,20260706_192958
2026-07-06 14:43:00-04:00,313.125,313.1300048828125,313.0400085449219,313.0400085449219,24290,AAPL,Apple,Nasdaq,USD,20260706_192958
2026-07-06 14:44:00-04:00,313.2799987792969,313.3900146484375,313.0899963378906,313.1300048828125,141586,AAPL,Apple,Nasdaq,USD,20260706_192958
2026-07-06 14:45:00-04:00,313.260009765625,313.3153076171875,313.0450134277344,313.2850036621094,85833,AAPL,Apple,Nasdaq,USD,20260706_192958
2026-07-06 14:46:00-04:00,313.19000244140625,313.32000732421875,313.1700134277344,313.2550048828125,38637,AAPL,Apple,Nasdaq,USD,20260706_192958
2026-07-06 14:47:00-04:00,313.21990966796875,313.30999755859375,313.19000244140625,313.2001037597656,57777,AAPL,Apple,Nasdaq,USD,20260706_192958
2026-07-06 14:48:00-04:00,313.2300109863281,313.2799987792969,313.19000244140625,313.2149963378906,35225,AAPL,Apple,Nasdaq,USD,20260706_192958
2026-07-06 14:49:00-04:00,313.20001220703125,313.25,313.14990234375,313.2200012207031,54294,AAPL,Apple,Nasdaq,USD,20260706_192958
2026-07-06 14:50:00-04:00,313.2900085449219,313.29998779296875,313.17999267578125,313.20001220703125,48976,AAPL,Apple,Nasdaq,USD,20260706_192958
2026-07-06 14:51:00-04:00,313.2900085449219,313.3500061035156,313.2699890136719,313.2900085449219,44309,AAPL,Apple,Nasdaq,USD,20260706_192958
2026-07-06 14:52:00-04:00,313.3800048828125,313.4100036621094,313.2900085449219,313.2900085449219,43456,AAPL,Apple,Nasdaq,USD,20260706_192958
2026-07-06 14:53:00-04:00,313.4599914550781,313.46881103515625,313.32000732421875,313.3699951171875,48251,AAPL,Apple,Nasdaq,USD,20260706_192958
2026-07-06 14:54:00-04:00,313.3800964355469,313.4599914550781,313.3599853515625,313.45001220703125,42032,AAPL,Apple,Nasdaq,USD,20260706_192958
2026-07-06 14:55:00-04:00,313.30999755859375,313.3900146484375,313.2749938964844,313.3800048828125,46023,AAPL,Apple,Nasdaq,USD,20260706_192958
2026-07-06 14:56:00-04:00,313.2850036621094,313.32000732421875,313.25,313.32000732421875,30197,AAPL,Apple,Nasdaq,USD,20260706_192958
2026-07-06 14:57:00-04:00,313.2550048828125,313.32000732421875,313.2300109863281,313.29998779296875,35029,AAPL,Apple,Nasdaq,USD,20260706_192958
2026-07-06 14:58:00-04:00,313.32000732421875,313.3299865722656,313.25,313.2550048828125,37104,AAPL,Apple,Nasdaq,USD,20260706_192958
2026-07-06 14:59:00-04:00,313.2900085449219,313.30999755859375,313.19000244140625,313.30999755859375,55708,AAPL,Apple,Nasdaq,USD,20260706_192958
2026-07-06 15:00:00-04:00,313.1700134277344,313.3500061035156,313.1700134277344,313.29998779296875,65529,AAPL,Apple,Nasdaq,USD,20260706_192958
2026-07-06 15:01:00-04:00,313.19000244140625,313.19000244140625,313.010009765625,313.18499755859375,81376,AAPL,Apple,Nasdaq,USD,20260706_192958
2026-07-06 15:02:00-04:00,313.1199951171875,313.19000244140625,313.0899963378906,313.19000244140625,35008,AAPL,Apple,Nasdaq,USD,20260706_192958
2026-07-06 15:03:00-04:00,313.0299987792969,313.1400146484375,313.0,313.114990234375,40071,AAPL,Apple,Nasdaq,USD,20260706_192958
2026-07-06 15:04:00-04:00,313.114990234375,313.1199951171875,312.989990234375,313.0299987792969,60335,AAPL,Apple,Nasdaq,USD,20260706_192958
2026-07-06 15:05:00-04:00,313.25,313.25,313.114990234375,313.114990234375,49941,AAPL,Apple,Nasdaq,USD,20260706_192958
2026-07-06 15:06:00-04:00,313.2200012207031,313.2699890136719,313.1700134277344,313.260009765625,60310,AAPL,Apple,Nasdaq,USD,20260706_192958
2026-07-06 15:07:00-04:00,313.20001220703125,313.25,313.1600036621094,313.2149963378906,40207,AAPL,Apple,Nasdaq,USD,20260706_192958
2026-07-06 15:08:00-04:00,313.2300109863281,313.389892578125,313.19000244140625,313.2049865722656,90818,AAPL,Apple,Nasdaq,USD,20260706_192958
2026-07-06 15:09:00-04:00,313.2099914550781,313.32000732421875,313.2099914550781,313.2398986816406,59320,AAPL,Apple,Nasdaq,USD,20260706_192958
2026-07-06 15:10:00-04:00,313.31500244140625,313.3399963378906,313.1549987792969,313.2149963378906,66605,AAPL,Apple,Nasdaq,USD,20260706_192958
2026-07-06 15:11:00-04:00,313.239990234375,313.3900146484375,313.19000244140625,313.3299865722656,88895,AAPL,Apple,Nasdaq,USD,20260706_192958
2026-07-06 15:12:00-04:00,313.2449951171875,313.2699890136719,313.2200012207031,313.239990234375,53889,AAPL,Apple,Nasdaq,USD,20260706_192958
2026-07-06 15:13:00-04:00,313.30999755859375,313.3500061035156,313.19000244140625,313.2401123046875,65399,AAPL,Apple,Nasdaq,USD,20260706_192958
2026-07-06 15:14:00-04:00,313.20001220703125,313.3699951171875,313.17999267578125,313.3399963378906,84661,AAPL,Apple,Nasdaq,USD,20260706_192958
2026-07-06 15:15:00-04:00,313.2200012207031,313.3299865722656,313.1549987792969,313.2049865722656,69005,AAPL,Apple,Nasdaq,USD,20260706_192958
2026-07-06 15:16:00-04:00,313.2200012207031,313.30499267578125,313.1650085449219,313.2099914550781,53350,AAPL,Apple,Nasdaq,USD,20260706_192958
2026-07-06 15:17:00-04:00,313.0950012207031,313.2799987792969,313.0400085449219,313.2300109863281,69791,AAPL,Apple,Nasdaq,USD,20260706_192958
2026-07-06 15:18:00-04:00,313.07000732421875,313.1300048828125,313.0199890136719,313.0899963378906,49871,AAPL,Apple,Nasdaq,USD,20260706_192958
2026-07-06 15:19:00-04:00,313.2300109863281,313.2799072265625,313.06500244140625,313.0799865722656,78770,AAPL,Apple,Nasdaq,USD,20260706_192958
2026-07-06 15:20:00-04:00,313.3800048828125,313.3800048828125,313.20001220703125,313.2099914550781,64703,AAPL,Apple,Nasdaq,USD,20260706_192958
2026-07-06 15:21:00-04:00,313.42010498046875,313.45001220703125,313.3599853515625,313.375,54742,AAPL,Apple,Nasdaq,USD,20260706_192958
2026-07-06 15:22:00-04:00,313.3999938964844,313.45831298828125,313.3500061035156,313.42498779296875,57600,AAPL,Apple,Nasdaq,USD,20260706_192958
2026-07-06 15:23:00-04:00,313.4200134277344,313.45001220703125,313.3599853515625,313.3999938964844,77321,AAPL,Apple,Nasdaq,USD,20260706_192958
2026-07-06 15:24:00-04:00,313.3793029785156,313.4700012207031,313.3500061035156,313.42999267578125,58455,AAPL,Apple,Nasdaq,USD,20260706_192958
2026-07-06 15:25:00-04:00,313.43499755859375,313.4800109863281,313.32000732421875,313.3800048828125,57676,AAPL,Apple,Nasdaq,USD,20260706_192958
2026-07-06 15:26:00-04:00,313.510009765625,313.55999755859375,313.45001220703125,313.45001220703125,97077,AAPL,Apple,Nasdaq,USD,20260706_192958
2026-07-06 15:27:00-04:00,313.364990234375,313.5299987792969,313.3125915527344,313.510009765625,58465,AAPL,Apple,Nasdaq,USD,20260706_192958
2026-07-06 15:28:00-04:00,313.4200134277344,313.4849853515625,313.3550109863281,313.3887023925781,46619,AAPL,Apple,Nasdaq,USD,20260706_192958
2026-07-06 15:29:00-04:00,313.3999938964844,313.42999267578125,313.30999755859375,313.4201965332031,79529,AAPL,Apple,Nasdaq,USD,20260706_192958
2026-07-06 09:30:00-04:00,308.2149963378906,308.54998779296875,307.010009765625,307.67999267578125,2076950,AAPL,Apple,Nasdaq,USD,20260706_211029
2026-07-06 09:31:00-04:00,307.7699890136719,308.7699890136719,307.739990234375,308.1499938964844,232205,AAPL,Apple,Nasdaq,USD,20260706_211029
2026-07-06 09:32:00-04:00,308.2449951171875,308.2699890136719,307.4700012207031,307.7099914550781,162777,AAPL,Apple,Nasdaq,USD,20260706_211029
2026-07-06 09:33:00-04:00,308.8450012207031,308.9800109863281,308.1549987792969,308.239990234375,241156,AAPL,Apple,Nasdaq,USD,20260706_211029
2026-07-06 09:34:00-04:00,308.79998779296875,308.9599914550781,308.4599914550781,308.8374938964844,135556,AAPL,Apple,Nasdaq,USD,20260706_211029
2026-07-06 09:35:00-04:00,308.5249938964844,308.8999938964844,308.2349853515625,308.7699890136719,222662,AAPL,Apple,Nasdaq,USD,20260706_211029
2026-07-06 09:36:00-04:00,309.0199890136719,309.239990234375,308.44000244140625,308.4700012207031,249878,AAPL,Apple,Nasdaq,USD,20260706_211029
2026-07-06 09:37:00-04:00,309.29998779296875,309.3399963378906,308.7099914550781,309.0491943359375,123088,AAPL,Apple,Nasdaq,USD,20260706_211029
2026-07-06 09:38:00-04:00,308.7850036621094,309.4800109863281,308.7699890136719,309.32501220703125,137882,AAPL,Apple,Nasdaq,USD,20260706_211029
2026-07-06 09:39:00-04:00,309.4339904785156,309.4800109863281,308.739990234375,308.7699890136719,97067,AAPL,Apple,Nasdaq,USD,20260706_211029
2026-07-06 09:40:00-04:00,308.8399963378906,309.9100036621094,308.760009765625,309.4132080078125,163063,AAPL,Apple,Nasdaq,USD,20260706_211029
2026-07-06 09:41:00-04:00,308.57000732421875,309.260009765625,308.5400085449219,308.79998779296875,104308,AAPL,Apple,Nasdaq,USD,20260706_211029
2026-07-06 09:42:00-04:00,308.739990234375,308.8500061035156,308.0899963378906,308.57000732421875,163795,AAPL,Apple,Nasdaq,USD,20260706_211029
2026-07-06 09:43:00-04:00,309.0249938964844,309.42999267578125,308.5899963378906,308.7099914550781,97801,AAPL,Apple,Nasdaq,USD,20260706_211029
2026-07-06 09:44:00-04:00,309.2900085449219,309.44000244140625,308.7799987792969,309.05999755859375,88805,AAPL,Apple,Nasdaq,USD,20260706_211029
2026-07-06 09:45:00-04:00,309.4200134277344,309.5799865722656,308.9949951171875,309.3399963378906,115480,AAPL,Apple,Nasdaq,USD,20260706_211029
2026-07-06 09:46:00-04:00,309.7850036621094,309.8999938964844,309.2900085449219,309.4100036621094,127093,AAPL,Apple,Nasdaq,USD,20260706_211029
2026-07-06 09:47:00-04:00,309.42498779296875,309.95001220703125,309.2300109863281,309.75,156495,AAPL,Apple,Nasdaq,USD,20260706_211029
2026-07-06 09:48:00-04:00,309.5799865722656,309.6600036621094,309.32000732421875,309.44000244140625,101613,AAPL,Apple,Nasdaq,USD,20260706_211029
2026-07-06 09:49:00-04:00,309.3999938964844,309.5849914550781,309.1600036621094,309.55999755859375,110488,AAPL,Apple,Nasdaq,USD,20260706_211029
2026-07-06 09:50:00-04:00,309.6700134277344,309.9200134277344,309.2900085449219,309.42999267578125,96557,AAPL,Apple,Nasdaq,USD,20260706_211029
2026-07-06 09:51:00-04:00,308.57000732421875,309.7300109863281,308.3999938964844,309.69000244140625,167830,AAPL,Apple,Nasdaq,USD,20260706_211029
2026-07-06 09:52:00-04:00,309.0,309.0050048828125,308.5400085449219,308.5400085449219,109146,AAPL,Apple,Nasdaq,USD,20260706_211029
2026-07-06 09:53:00-04:00,309.0350036621094,309.1400146484375,308.7947082519531,308.95001220703125,93567,AAPL,Apple,Nasdaq,USD,20260706_211029
2026-07-06 09:54:00-04:00,309.19000244140625,309.2250061035156,308.94000244140625,309.0199890136719,94761,AAPL,Apple,Nasdaq,USD,20260706_211029
2026-07-06 09:55:00-04:00,309.32501220703125,309.42498779296875,308.8399963378906,309.18499755859375,93229,AAPL,Apple,Nasdaq,USD,20260706_211029
2026-07-06 09:56:00-04:00,309.6499938964844,309.7200012207031,309.3500061035156,309.3500061035156,94175,AAPL,Apple,Nasdaq,USD,20260706_211029
2026-07-06 09:57:00-04:00,309.43499755859375,309.7699890136719,309.3599853515625,309.6600036621094,121651,AAPL,Apple,Nasdaq,USD,20260706_211029
2026-07-06 09:58:00-04:00,309.25048828125,309.4798889160156,309.0,309.42999267578125,100744,AAPL,Apple,Nasdaq,USD,20260706_211029
2026-07-06 09:59:00-04:00,309.6300048828125,309.6300048828125,309.2200012207031,309.2749938964844,190474,AAPL,Apple,Nasdaq,USD,20260706_211029
2026-07-06 10:00:00-04:00,309.518798828125,309.6400146484375,309.30999755859375,309.6300048828125,95206,AAPL,Apple,Nasdaq,USD,20260706_211029
2026-07-06 10:01:00-04:00,309.19000244140625,309.6000061035156,309.0,309.55999755859375,129818,AAPL,Apple,Nasdaq,USD,20260706_211029
2026-07-06 10:02:00-04:00,309.3299865722656,309.4949951171875,309.0474853515625,309.1499938964844,77324,AAPL,Apple,Nasdaq,USD,20260706_211029
2026-07-06 10:03:00-04:00,309.2300109863281,309.4200134277344,309.1700134277344,309.3500061035156,59392,AAPL,Apple,Nasdaq,USD,20260706_211029
2026-07-06 10:04:00-04:00,309.3900146484375,309.3999938964844,309.05999755859375,309.25,101249,AAPL,Apple,Nasdaq,USD,20260706_211029
2026-07-06 10:05:00-04:00,309.25,309.510009765625,309.125,309.3699951171875,68842,AAPL,Apple,Nasdaq,USD,20260706_211029
2026-07-06 10:06:00-04:00,309.29998779296875,309.5,309.0400085449219,309.239990234375,127658,AAPL,Apple,Nasdaq,USD,20260706_211029
2026-07-06 10:07:00-04:00,309.55999755859375,309.760009765625,309.260009765625,309.29998779296875,163983,AAPL,Apple,Nasdaq,USD,20260706_211029
2026-07-06 10:08:00-04:00,309.56500244140625,309.7300109863281,309.4700012207031,309.54998779296875,79125,AAPL,Apple,Nasdaq,USD,20260706_211029
2026-07-06 10:09:00-04:00,309.57000732421875,309.7099914550781,309.4700012207031,309.5799865722656,170314,AAPL,Apple,Nasdaq,USD,20260706_211029
2026-07-06 10:10:00-04:00,309.010009765625,309.55999755859375,308.94000244140625,309.55999755859375,139015,AAPL,Apple,Nasdaq,USD,20260706_211029
2026-07-06 10:11:00-04:00,309.010009765625,309.44000244140625,308.8699951171875,308.9700012207031,109327,AAPL,Apple,Nasdaq,USD,20260706_211029
2026-07-06 10:12:00-04:00,309.4599914550781,309.62860107421875,308.989990234375,309.019287109375,97368,AAPL,Apple,Nasdaq,USD,20260706_211029
2026-07-06 10:13:00-04:00,309.8800048828125,309.9898986816406,309.4100036621094,309.4599914550781,118256,AAPL,Apple,Nasdaq,USD,20260706_211029
2026-07-06 10:14:00-04:00,309.8599853515625,309.9800109863281,309.6300048828125,309.8699951171875,105917,AAPL,Apple,Nasdaq,USD,20260706_211029
2026-07-06 10:15:00-04:00,309.75,310.25,309.4800109863281,309.8699951171875,434212,AAPL,Apple,Nasdaq,USD,20260706_211029
2026-07-06 10:16:00-04:00,310.3550109863281,310.3699951171875,309.6650085449219,309.7449951171875,127833,AAPL,Apple,Nasdaq,USD,20260706_211029
2026-07-06 10:17:00-04:00,310.42999267578125,310.6199951171875,310.20001220703125,310.3699951171875,207955,AAPL,Apple,Nasdaq,USD,20260706_211029
2026-07-06 10:18:00-04:00,310.5899963378906,310.6300048828125,310.2300109863281,310.42999267578125,188942,AAPL,Apple,Nasdaq,USD,20260706_211029
2026-07-06 10:19:00-04:00,310.8905029296875,310.9100036621094,310.47100830078125,310.5799865722656,158538,AAPL,Apple,Nasdaq,USD,20260706_211029
2026-07-06 10:20:00-04:00,310.79998779296875,311.0400085449219,310.5299987792969,310.8999938964844,174753,AAPL,Apple,Nasdaq,USD,20260706_211029
2026-07-06 10:21:00-04:00,311.1650085449219,311.3900146484375,310.79998779296875,310.8299865722656,158342,AAPL,Apple,Nasdaq,USD,20260706_211029
2026-07-06 10:22:00-04:00,311.1300048828125,311.2200012207031,310.9700012207031,311.1650085449219,110981,AAPL,Apple,Nasdaq,USD,20260706_211029
2026-07-06 10:23:00-04:00,311.1700134277344,311.364990234375,311.0400085449219,311.1200866699219,127557,AAPL,Apple,Nasdaq,USD,20260706_211029
2026-07-06 10:24:00-04:00,311.0899963378906,311.3399963378906,310.9601135253906,311.17999267578125,111992,AAPL,Apple,Nasdaq,USD,20260706_211029
2026-07-06 10:25:00-04:00,311.19000244140625,311.2900085449219,311.04998779296875,311.07501220703125,102453,AAPL,Apple,Nasdaq,USD,20260706_211029
2026-07-06 10:26:00-04:00,311.3599853515625,311.4599914550781,311.1000061035156,311.18499755859375,107646,AAPL,Apple,Nasdaq,USD,20260706_211029
2026-07-06 10:27:00-04:00,311.42999267578125,311.5,311.12200927734375,311.3699951171875,171132,AAPL,Apple,Nasdaq,USD,20260706_211029
2026-07-06 10:28:00-04:00,311.4200134277344,311.6795959472656,311.3299865722656,311.44000244140625,186537,AAPL,Apple,Nasdaq,USD,20260706_211029
2026-07-06 10:29:00-04:00,311.7300109863281,311.75,311.3299865722656,311.42999267578125,130912,AAPL,Apple,Nasdaq,USD,20260706_211029
2026-07-06 10:30:00-04:00,311.5451965332031,311.82000732421875,311.25,311.70001220703125,213375,AAPL,Apple,Nasdaq,USD,20260706_211029
2026-07-06 10:31:00-04:00,311.5199890136719,311.6400146484375,311.29998779296875,311.5299987792969,97006,AAPL,Apple,Nasdaq,USD,20260706_211029
2026-07-06 10:32:00-04:00,311.3599853515625,311.6099853515625,311.29998779296875,311.5150146484375,117658,AAPL,Apple,Nasdaq,USD,20260706_211029
2026-07-06 10:33:00-04:00,311.36029052734375,311.6000061035156,311.3100891113281,311.3500061035156,110785,AAPL,Apple,Nasdaq,USD,20260706_211029
2026-07-06 10:34:00-04:00,311.2701110839844,311.489990234375,311.2101135253906,311.4100036621094,123495,AAPL,Apple,Nasdaq,USD,20260706_211029
2026-07-06 10:35:00-04:00,311.739990234375,311.7799987792969,311.239990234375,311.239990234375,119205,AAPL,Apple,Nasdaq,USD,20260706_211029
2026-07-06 10:36:00-04:00,311.80999755859375,311.8399963378906,311.6499938964844,311.6900939941406,131118,AAPL,Apple,Nasdaq,USD,20260706_211029
2026-07-06 10:37:00-04:00,311.5899963378906,311.81500244140625,311.5350036621094,311.79998779296875,78428,AAPL,Apple,Nasdaq,USD,20260706_211029
2026-07-06 10:38:00-04:00,311.55010986328125,311.72088623046875,311.54998779296875,311.5849914550781,72323,AAPL,Apple,Nasdaq,USD,20260706_211029
2026-07-06 10:39:00-04:00,311.67999267578125,311.7799987792969,311.42999267578125,311.55010986328125,129936,AAPL,Apple,Nasdaq,USD,20260706_211029
2026-07-06 10:40:00-04:00,311.7650146484375,311.7699890136719,311.60009765625,311.69000244140625,108835,AAPL,Apple,Nasdaq,USD,20260706_211029
2026-07-06 10:41:00-04:00,311.6499938964844,311.7699890136719,311.5899963378906,311.7699890136719,106058,AAPL,Apple,Nasdaq,USD,20260706_211029
2026-07-06 10:42:00-04:00,311.4750061035156,311.69000244140625,311.3900146484375,311.6549987792969,134059,AAPL,Apple,Nasdaq,USD,20260706_211029
2026-07-06 10:43:00-04:00,311.7049865722656,311.7300109863281,311.25,311.464111328125,111328,AAPL,Apple,Nasdaq,USD,20260706_211029
2026-07-06 10:44:00-04:00,311.3999938964844,311.7699890136719,311.3999938964844,311.7049865722656,67950,AAPL,Apple,Nasdaq,USD,20260706_211029
2026-07-06 10:45:00-04:00,311.6000061035156,311.625,311.260009765625,311.3999938964844,55237,AAPL,Apple,Nasdaq,USD,20260706_211029
2026-07-06 10:46:00-04:00,311.8699951171875,311.95001220703125,311.510009765625,311.5950012207031,116024,AAPL,Apple,Nasdaq,USD,20260706_211029
2026-07-06 10:47:00-04:00,312.114990234375,312.32000732421875,311.82000732421875,311.8599853515625,206833,AAPL,Apple,Nasdaq,USD,20260706_211029
2026-07-06 10:48:00-04:00,312.04998779296875,312.1698913574219,311.95001220703125,312.0950012207031,86150,AAPL,Apple,Nasdaq,USD,20260706_211029
2026-07-06 10:49:00-04:00,312.0150146484375,312.17999267578125,311.7699890136719,312.07000732421875,96014,AAPL,Apple,Nasdaq,USD,20260706_211029
2026-07-06 10:50:00-04:00,312.135009765625,312.1799011230469,312.0,312.0150146484375,66406,AAPL,Apple,Nasdaq,USD,20260706_211029
2026-07-06 10:51:00-04:00,312.1000061035156,312.3299865722656,312.0400085449219,312.1300048828125,112203,AAPL,Apple,Nasdaq,USD,20260706_211029
2026-07-06 10:52:00-04:00,312.1199951171875,312.32000732421875,312.0,312.1000061035156,89540,AAPL,Apple,Nasdaq,USD,20260706_211029
2026-07-06 10:53:00-04:00,312.2449951171875,312.3299865722656,312.0950012207031,312.1199951171875,82847,AAPL,Apple,Nasdaq,USD,20260706_211029
2026-07-06 10:54:00-04:00,312.25,312.4100036621094,312.17498779296875,312.25,84828,AAPL,Apple,Nasdaq,USD,20260706_211029
2026-07-06 10:55:00-04:00,312.2300109863281,312.3399963378906,312.0603942871094,312.2200012207031,101315,AAPL,Apple,Nasdaq,USD,20260706_211029
2026-07-06 10:56:00-04:00,312.3794860839844,312.4200134277344,312.2099914550781,312.2300109863281,61811,AAPL,Apple,Nasdaq,USD,20260706_211029
2026-07-06 10:57:00-04:00,312.19439697265625,312.3800048828125,312.10009765625,312.3699951171875,53651,AAPL,Apple,Nasdaq,USD,20260706_211029
2026-07-06 10:58:00-04:00,312.2699890136719,312.2799987792969,312.1105041503906,312.20001220703125,67404,AAPL,Apple,Nasdaq,USD,20260706_211029
2026-07-06 10:59:00-04:00,312.5201110839844,312.5799865722656,312.260009765625,312.2699890136719,128405,AAPL,Apple,Nasdaq,USD,20260706_211029
2026-07-06 11:00:00-04:00,312.6050109863281,312.75,312.5350036621094,312.54998779296875,137228,AAPL,Apple,Nasdaq,USD,20260706_211029
2026-07-06 11:01:00-04:00,312.7900085449219,312.94000244140625,312.5400085449219,312.6199951171875,115943,AAPL,Apple,Nasdaq,USD,20260706_211029
2026-07-06 11:02:00-04:00,312.54998779296875,312.864990234375,312.5,312.7850036621094,76104,AAPL,Apple,Nasdaq,USD,20260706_211029
2026-07-06 11:03:00-04:00,312.81500244140625,312.81500244140625,312.5400085449219,312.5400085449219,45695,AAPL,Apple,Nasdaq,USD,20260706_211029
2026-07-06 11:04:00-04:00,312.7900085449219,312.8550109863281,312.739990234375,312.82000732421875,92528,AAPL,Apple,Nasdaq,USD,20260706_211029
2026-07-06 11:05:00-04:00,312.8949890136719,312.9100036621094,312.6199951171875,312.7900085449219,96825,AAPL,Apple,Nasdaq,USD,20260706_211029
2026-07-06 11:06:00-04:00,312.6000061035156,312.8900146484375,312.5,312.8900146484375,95007,AAPL,Apple,Nasdaq,USD,20260706_211029
2026-07-06 11:07:00-04:00,312.7099914550781,312.739990234375,312.4599914550781,312.5849914550781,79067,AAPL,Apple,Nasdaq,USD,20260706_211029
2026-07-06 11:08:00-04:00,312.739990234375,312.7799987792969,312.6199951171875,312.7099914550781,73337,AAPL,Apple,Nasdaq,USD,20260706_211029
2026-07-06 11:09:00-04:00,312.6400146484375,312.7449951171875,312.5899963378906,312.7449951171875,51543,AAPL,Apple,Nasdaq,USD,20260706_211029
2026-07-06 11:10:00-04:00,312.79998779296875,312.8399963378906,312.5566101074219,312.6400146484375,202248,AAPL,Apple,Nasdaq,USD,20260706_211029
2026-07-06 11:11:00-04:00,312.989990234375,313.05999755859375,312.80499267578125,312.80499267578125,157768,AAPL,Apple,Nasdaq,USD,20260706_211029
2026-07-06 11:12:00-04:00,313.04998779296875,313.05999755859375,312.8800048828125,312.9849853515625,61451,AAPL,Apple,Nasdaq,USD,20260706_211029
2026-07-06 11:13:00-04:00,312.95001220703125,313.2099914550781,312.8999938964844,313.05499267578125,93349,AAPL,Apple,Nasdaq,USD,20260706_211029
2026-07-06 11:14:00-04:00,312.875,312.9599914550781,312.8299865722656,312.94000244140625,71059,AAPL,Apple,Nasdaq,USD,20260706_211029
2026-07-06 11:15:00-04:00,312.82000732421875,312.8800048828125,312.6610107421875,312.8699951171875,60771,AAPL,Apple,Nasdaq,USD,20260706_211029
2026-07-06 11:16:00-04:00,312.80999755859375,312.95001220703125,312.7349853515625,312.80999755859375,57304,AAPL,Apple,Nasdaq,USD,20260706_211029
2026-07-06 11:17:00-04:00,312.9750061035156,313.07000732421875,312.75,312.79998779296875,72193,AAPL,Apple,Nasdaq,USD,20260706_211029
2026-07-06 11:18:00-04:00,313.0199890136719,313.19000244140625,312.9599914550781,312.9599914550781,133899,AAPL,Apple,Nasdaq,USD,20260706_211029
2026-07-06 11:19:00-04:00,313.2799987792969,313.3900146484375,312.8949890136719,313.0199890136719,144478,AAPL,Apple,Nasdaq,USD,20260706_211029
2026-07-06 11:20:00-04:00,313.25,313.5,313.1499938964844,313.2699890136719,165369,AAPL,Apple,Nasdaq,USD,20260706_211029
2026-07-06 11:21:00-04:00,313.1199951171875,313.2799987792969,313.0199890136719,313.2749938964844,157088,AAPL,Apple,Nasdaq,USD,20260706_211029
2026-07-06 11:22:00-04:00,313.125,313.19000244140625,312.94000244140625,313.139892578125,125723,AAPL,Apple,Nasdaq,USD,20260706_211029
2026-07-06 11:23:00-04:00,313.1000061035156,313.2200012207031,313.01019287109375,313.1199951171875,46550,AAPL,Apple,Nasdaq,USD,20260706_211029
2026-07-06 11:24:00-04:00,312.9794921875,313.29998779296875,312.9700012207031,313.1199951171875,111487,AAPL,Apple,Nasdaq,USD,20260706_211029
2026-07-06 11:25:00-04:00,313.05999755859375,313.2300109863281,312.95001220703125,312.9750061035156,109977,AAPL,Apple,Nasdaq,USD,20260706_211029
2026-07-06 11:26:00-04:00,313.1698913574219,313.3999938964844,313.0,313.06500244140625,137169,AAPL,Apple,Nasdaq,USD,20260706_211029
2026-07-06 11:27:00-04:00,313.2799987792969,313.4100036621094,313.17999267578125,313.17999267578125,90389,AAPL,Apple,Nasdaq,USD,20260706_211029
2026-07-06 11:28:00-04:00,313.3299865722656,313.4949951171875,313.2366943359375,313.2950134277344,115758,AAPL,Apple,Nasdaq,USD,20260706_211029
2026-07-06 11:29:00-04:00,313.5799865722656,313.6000061035156,313.29998779296875,313.34149169921875,142794,AAPL,Apple,Nasdaq,USD,20260706_211029
2026-07-06 11:30:00-04:00,313.47021484375,313.6199951171875,313.3599853515625,313.5849914550781,107721,AAPL,Apple,Nasdaq,USD,20260706_211029
2026-07-06 11:31:00-04:00,313.54998779296875,313.56500244140625,313.43011474609375,313.4599914550781,75221,AAPL,Apple,Nasdaq,USD,20260706_211029
2026-07-06 11:32:00-04:00,313.56500244140625,313.6499938964844,313.4100036621094,313.5450134277344,105798,AAPL,Apple,Nasdaq,USD,20260706_211029
2026-07-06 11:33:00-04:00,313.635009765625,313.6449890136719,313.44500732421875,313.5400085449219,47908,AAPL,Apple,Nasdaq,USD,20260706_211029
2026-07-06 11:34:00-04:00,313.6199951171875,313.7099914550781,313.55999755859375,313.6400146484375,76443,AAPL,Apple,Nasdaq,USD,20260706_211029
2026-07-06 11:35:00-04:00,313.82000732421875,313.8800048828125,313.6099853515625,313.6199951171875,93517,AAPL,Apple,Nasdaq,USD,20260706_211029
2026-07-06 11:36:00-04:00,313.69000244140625,313.8299865722656,313.6000061035156,313.82000732421875,105128,AAPL,Apple,Nasdaq,USD,20260706_211029
2026-07-06 11:37:00-04:00,313.8399963378906,313.875,313.69000244140625,313.7049865722656,62838,AAPL,Apple,Nasdaq,USD,20260706_211029
2026-07-06 11:38:00-04:00,314.0299987792969,314.05999755859375,313.56500244140625,313.82000732421875,151167,AAPL,Apple,Nasdaq,USD,20260706_211029
2026-07-06 11:39:00-04:00,313.8299865722656,314.05999755859375,313.75,314.04998779296875,90752,AAPL,Apple,Nasdaq,USD,20260706_211029
2026-07-06 11:40:00-04:00,313.7550048828125,314.0299987792969,313.75,313.8900146484375,79828,AAPL,Apple,Nasdaq,USD,20260706_211029
2026-07-06 11:41:00-04:00,314.0199890136719,314.0299987792969,313.7200012207031,313.760009765625,94489,AAPL,Apple,Nasdaq,USD,20260706_211029
2026-07-06 11:42:00-04:00,313.885009765625,314.07501220703125,313.8399963378906,314.0150146484375,90274,AAPL,Apple,Nasdaq,USD,20260706_211029
2026-07-06 11:43:00-04:00,313.9949951171875,314.0400085449219,313.8299865722656,313.8900146484375,81408,AAPL,Apple,Nasdaq,USD,20260706_211029
2026-07-06 11:44:00-04:00,314.0899963378906,314.1199951171875,313.8599853515625,313.989990234375,65234,AAPL,Apple,Nasdaq,USD,20260706_211029
2026-07-06 11:45:00-04:00,313.9599914550781,314.20001220703125,313.94000244140625,314.1050109863281,62317,AAPL,Apple,Nasdaq,USD,20260706_211029
2026-07-06 11:46:00-04:00,314.1300048828125,314.139892578125,313.94000244140625,313.96990966796875,67911,AAPL,Apple,Nasdaq,USD,20260706_211029
2026-07-06 11:47:00-04:00,313.840087890625,314.1300048828125,313.71051025390625,314.1300048828125,113247,AAPL,Apple,Nasdaq,USD,20260706_211029
2026-07-06 11:48:00-04:00,313.8299865722656,313.8900146484375,313.75,313.8399963378906,50927,AAPL,Apple,Nasdaq,USD,20260706_211029
2026-07-06 11:49:00-04:00,313.5799865722656,313.80999755859375,313.42010498046875,313.80999755859375,134200,AAPL,Apple,Nasdaq,USD,20260706_211029
2026-07-06 11:50:00-04:00,313.80999755859375,313.82000732421875,313.489990234375,313.5799865722656,75976,AAPL,Apple,Nasdaq,USD,20260706_211029
2026-07-06 11:51:00-04:00,313.8800048828125,313.9200134277344,313.739990234375,313.80999755859375,62094,AAPL,Apple,Nasdaq,USD,20260706_211029
2026-07-06 11:52:00-04:00,313.7149963378906,313.8900146484375,313.6700134277344,313.8800048828125,67602,AAPL,Apple,Nasdaq,USD,20260706_211029
2026-07-06 11:53:00-04:00,313.6600036621094,313.8500061035156,313.6600036621094,313.7149963378906,93590,AAPL,Apple,Nasdaq,USD,20260706_211029
2026-07-06 11:54:00-04:00,313.4599914550781,313.69000244140625,313.44000244140625,313.69000244140625,68044,AAPL,Apple,Nasdaq,USD,20260706_211029
2026-07-06 11:55:00-04:00,313.5299987792969,313.55499267578125,313.3900146484375,313.4599914550781,88314,AAPL,Apple,Nasdaq,USD,20260706_211029
2026-07-06 11:56:00-04:00,313.53009033203125,313.66009521484375,313.510009765625,313.5299987792969,39499,AAPL,Apple,Nasdaq,USD,20260706_211029
2026-07-06 11:57:00-04:00,313.5101013183594,313.5450134277344,313.44500732421875,313.5350036621094,59908,AAPL,Apple,Nasdaq,USD,20260706_211029
2026-07-06 11:58:00-04:00,313.45001220703125,313.6341857910156,313.4205017089844,313.5299072265625,72353,AAPL,Apple,Nasdaq,USD,20260706_211029
2026-07-06 11:59:00-04:00,313.70001220703125,313.70001220703125,313.3800048828125,313.44610595703125,67958,AAPL,Apple,Nasdaq,USD,20260706_211029
2026-07-06 12:00:00-04:00,313.58990478515625,313.7900085449219,313.55999755859375,313.6400146484375,172730,AAPL,Apple,Nasdaq,USD,20260706_211029
2026-07-06 12:01:00-04:00,313.5400085449219,313.6000061035156,313.44000244140625,313.5899963378906,53919,AAPL,Apple,Nasdaq,USD,20260706_211029
2026-07-06 12:02:00-04:00,313.43499755859375,313.55999755859375,313.31201171875,313.54949951171875,150596,AAPL,Apple,Nasdaq,USD,20260706_211029
2026-07-06 12:03:00-04:00,313.4800109863281,313.5,313.3900146484375,313.44500732421875,46175,AAPL,Apple,Nasdaq,USD,20260706_211029
2026-07-06 12:04:00-04:00,313.4700012207031,313.55999755859375,313.3399963378906,313.47601318359375,72693,AAPL,Apple,Nasdaq,USD,20260706_211029
2026-07-06 12:05:00-04:00,313.1099853515625,313.4800109863281,313.1099853515625,313.4800109863281,88427,AAPL,Apple,Nasdaq,USD,20260706_211029
2026-07-06 12:06:00-04:00,313.1400146484375,313.239990234375,313.0899963378906,313.1099853515625,66084,AAPL,Apple,Nasdaq,USD,20260706_211029
2026-07-06 12:07:00-04:00,313.1400146484375,313.25,313.0213928222656,313.1449890136719,107474,AAPL,Apple,Nasdaq,USD,20260706_211029
2026-07-06 12:08:00-04:00,313.0899963378906,313.1401062011719,313.05999755859375,313.1199951171875,47777,AAPL,Apple,Nasdaq,USD,20260706_211029
2026-07-06 12:09:00-04:00,312.8500061035156,313.1400146484375,312.82000732421875,313.07501220703125,111607,AAPL,Apple,Nasdaq,USD,20260706_211029
2026-07-06 12:10:00-04:00,312.9599914550781,313.0,312.8550109863281,312.8599853515625,86297,AAPL,Apple,Nasdaq,USD,20260706_211029
2026-07-06 12:11:00-04:00,313.0350036621094,313.1099853515625,312.8901062011719,312.9549865722656,56834,AAPL,Apple,Nasdaq,USD,20260706_211029
2026-07-06 12:12:00-04:00,312.9200134277344,313.1400146484375,312.8999938964844,313.0450134277344,351872,AAPL,Apple,Nasdaq,USD,20260706_211029
2026-07-06 12:13:00-04:00,312.885009765625,312.95001220703125,312.82000732421875,312.92999267578125,53607,AAPL,Apple,Nasdaq,USD,20260706_211029
2026-07-06 12:14:00-04:00,313.010009765625,313.0299987792969,312.84051513671875,312.9100036621094,55043,AAPL,Apple,Nasdaq,USD,20260706_211029
2026-07-06 12:15:00-04:00,312.7699890136719,313.0199890136719,312.7300109863281,313.0150146484375,98651,AAPL,Apple,Nasdaq,USD,20260706_211029
2026-07-06 12:16:00-04:00,312.5201110839844,312.760009765625,312.5201110839844,312.760009765625,68072,AAPL,Apple,Nasdaq,USD,20260706_211029
2026-07-06 12:17:00-04:00,312.4150085449219,312.5799865722656,312.375,312.5350036621094,70313,AAPL,Apple,Nasdaq,USD,20260706_211029
2026-07-06 12:18:00-04:00,312.4800109863281,312.54998779296875,312.3800048828125,312.4200134277344,71131,AAPL,Apple,Nasdaq,USD,20260706_211029
2026-07-06 12:19:00-04:00,312.7919921875,312.8193054199219,312.4700012207031,312.4700012207031,54200,AAPL,Apple,Nasdaq,USD,20260706_211029
2026-07-06 12:20:00-04:00,312.72930908203125,312.8500061035156,312.69500732421875,312.7998962402344,50207,AAPL,Apple,Nasdaq,USD,20260706_211029
2026-07-06 12:21:00-04:00,312.75,312.82000732421875,312.6390075683594,312.7200012207031,65373,AAPL,Apple,Nasdaq,USD,20260706_211029
2026-07-06 12:22:00-04:00,312.45001220703125,312.79998779296875,312.4100036621094,312.7898864746094,60730,AAPL,Apple,Nasdaq,USD,20260706_211029
2026-07-06 12:23:00-04:00,312.42999267578125,312.489990234375,312.3800048828125,312.4400939941406,43848,AAPL,Apple,Nasdaq,USD,20260706_211029
2026-07-06 12:24:00-04:00,312.610107421875,312.6449890136719,312.385009765625,312.42999267578125,45572,AAPL,Apple,Nasdaq,USD,20260706_211029
2026-07-06 12:25:00-04:00,312.4595031738281,312.6300048828125,312.42999267578125,312.625,36066,AAPL,Apple,Nasdaq,USD,20260706_211029
2026-07-06 12:26:00-04:00,312.3999938964844,312.5450134277344,312.3949890136719,312.4549865722656,48457,AAPL,Apple,Nasdaq,USD,20260706_211029
2026-07-06 12:27:00-04:00,312.3299865722656,312.45001220703125,312.32501220703125,312.38079833984375,34574,AAPL,Apple,Nasdaq,USD,20260706_211029
2026-07-06 12:28:00-04:00,312.4150085449219,312.4700012207031,312.32000732421875,312.3399963378906,36576,AAPL,Apple,Nasdaq,USD,20260706_211029
2026-07-06 12:29:00-04:00,312.25,312.443603515625,312.2300109863281,312.4200134277344,60844,AAPL,Apple,Nasdaq,USD,20260706_211029
2026-07-06 12:30:00-04:00,312.0,312.30999755859375,311.989990234375,312.2449951171875,97190,AAPL,Apple,Nasdaq,USD,20260706_211029
2026-07-06 12:31:00-04:00,311.9100036621094,312.1099853515625,311.9100036621094,312.0150146484375,84798,AAPL,Apple,Nasdaq,USD,20260706_211029
2026-07-06 12:32:00-04:00,312.1099853515625,312.1099853515625,311.8500061035156,311.9150085449219,61018,AAPL,Apple,Nasdaq,USD,20260706_211029
2026-07-06 12:33:00-04:00,312.375,312.3900146484375,312.07501220703125,312.114990234375,70230,AAPL,Apple,Nasdaq,USD,20260706_211029
2026-07-06 12:34:00-04:00,312.3599853515625,312.5400085449219,312.2875061035156,312.3800048828125,61564,AAPL,Apple,Nasdaq,USD,20260706_211029
2026-07-06 12:35:00-04:00,312.05999755859375,312.3599853515625,312.04998779296875,312.3599853515625,39167,AAPL,Apple,Nasdaq,USD,20260706_211029
2026-07-06 12:36:00-04:00,312.0199890136719,312.135009765625,311.94000244140625,312.0350036621094,2013366,AAPL,Apple,Nasdaq,USD,20260706_211029
2026-07-06 12:37:00-04:00,311.989990234375,312.0849914550781,311.9100036621094,312.010009765625,46709,AAPL,Apple,Nasdaq,USD,20260706_211029
2026-07-06 12:38:00-04:00,312.1451110839844,312.17498779296875,311.9849853515625,312.0,50501,AAPL,Apple,Nasdaq,USD,20260706_211029
2026-07-06 12:39:00-04:00,312.07000732421875,312.1827087402344,312.0400085449219,312.1449890136719,1037002,AAPL,Apple,Nasdaq,USD,20260706_211029
2026-07-06 12:40:00-04:00,312.14080810546875,312.19000244140625,312.0199890136719,312.0696105957031,39303,AAPL,Apple,Nasdaq,USD,20260706_211029
2026-07-06 12:41:00-04:00,312.4809875488281,312.54998779296875,312.1401062011719,312.1650085449219,351430,AAPL,Apple,Nasdaq,USD,20260706_211029
2026-07-06 12:42:00-04:00,312.6099853515625,312.6300048828125,312.489990234375,312.4913024902344,55034,AAPL,Apple,Nasdaq,USD,20260706_211029
2026-07-06 12:43:00-04:00,312.7250061035156,312.75,312.5101013183594,312.614990234375,78916,AAPL,Apple,Nasdaq,USD,20260706_211029
2026-07-06 12:44:00-04:00,312.57000732421875,312.7449951171875,312.5400085449219,312.7300109863281,70448,AAPL,Apple,Nasdaq,USD,20260706_211029
2026-07-06 12:45:00-04:00,312.5299987792969,312.6400146484375,312.4830017089844,312.55999755859375,82174,AAPL,Apple,Nasdaq,USD,20260706_211029
2026-07-06 12:46:00-04:00,312.6600036621094,312.739990234375,312.510009765625,312.5400085449219,45409,AAPL,Apple,Nasdaq,USD,20260706_211029
2026-07-06 12:47:00-04:00,312.7585144042969,312.7998962402344,312.6300048828125,312.6499938964844,40771,AAPL,Apple,Nasdaq,USD,20260706_211029
2026-07-06 12:48:00-04:00,312.8800048828125,312.8999938964844,312.7200012207031,312.7550048828125,82298,AAPL,Apple,Nasdaq,USD,20260706_211029
2026-07-06 12:49:00-04:00,312.9599914550781,312.9800109863281,312.8800048828125,312.8800048828125,42765,AAPL,Apple,Nasdaq,USD,20260706_211029
2026-07-06 12:50:00-04:00,312.8691101074219,312.9599914550781,312.8399963378906,312.9599914550781,37918,AAPL,Apple,Nasdaq,USD,20260706_211029
2026-07-06 12:51:00-04:00,312.69000244140625,312.8699951171875,312.67999267578125,312.8599853515625,31439,AAPL,Apple,Nasdaq,USD,20260706_211029
2026-07-06 12:52:00-04:00,312.6400146484375,312.739990234375,312.5950012207031,312.70001220703125,43621,AAPL,Apple,Nasdaq,USD,20260706_211029
2026-07-06 12:53:00-04:00,312.6000061035156,312.6499938964844,312.5,312.6393127441406,44118,AAPL,Apple,Nasdaq,USD,20260706_211029
2026-07-06 12:54:00-04:00,312.6400146484375,312.6400146484375,312.44000244140625,312.590087890625,43125,AAPL,Apple,Nasdaq,USD,20260706_211029
2026-07-06 12:55:00-04:00,312.7200012207031,312.7900085449219,312.6300048828125,312.6400146484375,42899,AAPL,Apple,Nasdaq,USD,20260706_211029
2026-07-06 12:56:00-04:00,312.7650146484375,312.7799987792969,312.5400085449219,312.70001220703125,38832,AAPL,Apple,Nasdaq,USD,20260706_211029
2026-07-06 12:57:00-04:00,312.7300109863281,312.7799987792969,312.6700134277344,312.7799987792969,23965,AAPL,Apple,Nasdaq,USD,20260706_211029
2026-07-06 12:58:00-04:00,312.69500732421875,312.7799987792969,312.6600036621094,312.7349853515625,66578,AAPL,Apple,Nasdaq,USD,20260706_211029
2026-07-06 12:59:00-04:00,312.5400085449219,312.760009765625,312.5199890136719,312.69500732421875,46051,AAPL,Apple,Nasdaq,USD,20260706_211029
2026-07-06 13:00:00-04:00,312.7099914550781,312.7300109863281,312.4801025390625,312.5350036621094,59066,AAPL,Apple,Nasdaq,USD,20260706_211029
2026-07-06 13:01:00-04:00,312.7250061035156,312.7950134277344,312.6700134277344,312.7099914550781,48412,AAPL,Apple,Nasdaq,USD,20260706_211029
2026-07-06 13:02:00-04:00,312.54010009765625,312.75,312.5400085449219,312.7300109863281,47820,AAPL,Apple,Nasdaq,USD,20260706_211029
2026-07-06 13:03:00-04:00,312.739990234375,312.74029541015625,312.54998779296875,312.54998779296875,45314,AAPL,Apple,Nasdaq,USD,20260706_211029
2026-07-06 13:04:00-04:00,312.81988525390625,312.82000732421875,312.69000244140625,312.7200012207031,39884,AAPL,Apple,Nasdaq,USD,20260706_211029
2026-07-06 13:05:00-04:00,312.79998779296875,312.8500061035156,312.67999267578125,312.7900085449219,46540,AAPL,Apple,Nasdaq,USD,20260706_211029
2026-07-06 13:06:00-04:00,312.8157958984375,312.8794860839844,312.7698974609375,312.7900085449219,52353,AAPL,Apple,Nasdaq,USD,20260706_211029
2026-07-06 13:07:00-04:00,312.739990234375,312.8999938964844,312.7101135253906,312.82000732421875,37808,AAPL,Apple,Nasdaq,USD,20260706_211029
2026-07-06 13:08:00-04:00,312.4200134277344,312.75,312.3999938964844,312.75,53142,AAPL,Apple,Nasdaq,USD,20260706_211029
2026-07-06 13:09:00-04:00,312.4649963378906,312.4949951171875,312.3299865722656,312.42498779296875,38661,AAPL,Apple,Nasdaq,USD,20260706_211029
2026-07-06 13:10:00-04:00,312.5299987792969,312.6400146484375,312.489990234375,312.5,44339,AAPL,Apple,Nasdaq,USD,20260706_211029
2026-07-06 13:11:00-04:00,312.7200012207031,312.7203063964844,312.45001220703125,312.5299987792969,39004,AAPL,Apple,Nasdaq,USD,20260706_211029
2026-07-06 13:12:00-04:00,312.70001220703125,312.760009765625,312.6192932128906,312.7300109863281,28829,AAPL,Apple,Nasdaq,USD,20260706_211029
2026-07-06 13:13:00-04:00,312.6199951171875,312.75,312.6000061035156,312.70001220703125,44437,AAPL,Apple,Nasdaq,USD,20260706_211029
2026-07-06 13:14:00-04:00,312.7305908203125,312.7749938964844,312.614990234375,312.614990234375,33286,AAPL,Apple,Nasdaq,USD,20260706_211029
2026-07-06 13:15:00-04:00,312.79010009765625,312.9100036621094,312.7301025390625,312.7301025390625,50320,AAPL,Apple,Nasdaq,USD,20260706_211029
2026-07-06 13:16:00-04:00,312.6199951171875,312.81988525390625,312.6099853515625,312.81988525390625,39330,AAPL,Apple,Nasdaq,USD,20260706_211029
2026-07-06 13:17:00-04:00,312.57000732421875,312.7099914550781,312.54998779296875,312.6199951171875,39278,AAPL,Apple,Nasdaq,USD,20260706_211029
2026-07-06 13:18:00-04:00,312.6600036621094,312.6650085449219,312.5299987792969,312.57000732421875,45764,AAPL,Apple,Nasdaq,USD,20260706_211029
2026-07-06 13:19:00-04:00,312.7101135253906,312.760009765625,312.5799865722656,312.6700134277344,47937,AAPL,Apple,Nasdaq,USD,20260706_211029
2026-07-06 13:20:00-04:00,312.5450134277344,312.79998779296875,312.5,312.7349853515625,176945,AAPL,Apple,Nasdaq,USD,20260706_211029
2026-07-06 13:21:00-04:00,312.739990234375,312.739990234375,312.510009765625,312.54559326171875,31324,AAPL,Apple,Nasdaq,USD,20260706_211029
2026-07-06 13:22:00-04:00,312.7900085449219,312.79998779296875,312.6400146484375,312.7300109863281,71939,AAPL,Apple,Nasdaq,USD,20260706_211029
2026-07-06 13:23:00-04:00,312.7550048828125,312.8800048828125,312.69000244140625,312.7900085449219,37214,AAPL,Apple,Nasdaq,USD,20260706_211029
2026-07-06 13:24:00-04:00,312.6499938964844,312.7449951171875,312.6499938964844,312.7250061035156,33955,AAPL,Apple,Nasdaq,USD,20260706_211029
2026-07-06 13:25:00-04:00,312.69500732421875,312.69500732421875,312.5799865722656,312.6199951171875,33456,AAPL,Apple,Nasdaq,USD,20260706_211029
2026-07-06 13:26:00-04:00,312.56640625,312.7149963378906,312.54998779296875,312.70001220703125,48342,AAPL,Apple,Nasdaq,USD,20260706_211029
2026-07-06 13:27:00-04:00,312.57000732421875,312.635009765625,312.5299987792969,312.57000732421875,23773,AAPL,Apple,Nasdaq,USD,20260706_211029
2026-07-06 13:28:00-04:00,312.4200134277344,312.57000732421875,312.3800048828125,312.55999755859375,28574,AAPL,Apple,Nasdaq,USD,20260706_211029
2026-07-06 13:29:00-04:00,312.3800048828125,312.510009765625,312.360107421875,312.43499755859375,37088,AAPL,Apple,Nasdaq,USD,20260706_211029
2026-07-06 13:30:00-04:00,312.110107421875,312.3876037597656,312.1099853515625,312.3876037597656,52802,AAPL,Apple,Nasdaq,USD,20260706_211029
2026-07-06 13:31:00-04:00,312.44500732421875,312.4700012207031,312.1300048828125,312.1300048828125,48922,AAPL,Apple,Nasdaq,USD,20260706_211029
2026-07-06 13:32:00-04:00,312.4700012207031,312.5799865722656,312.4200134277344,312.4700012207031,45073,AAPL,Apple,Nasdaq,USD,20260706_211029
2026-07-06 13:33:00-04:00,312.44500732421875,312.5400085449219,312.42498779296875,312.4649963378906,28384,AAPL,Apple,Nasdaq,USD,20260706_211029
2026-07-06 13:34:00-04:00,312.3399963378906,312.45001220703125,312.2699890136719,312.45001220703125,36180,AAPL,Apple,Nasdaq,USD,20260706_211029
2026-07-06 13:35:00-04:00,312.4599914550781,312.4599914550781,312.260009765625,312.33990478515625,48866,AAPL,Apple,Nasdaq,USD,20260706_211029
2026-07-06 13:36:00-04:00,312.3450012207031,312.4750061035156,312.3399963378906,312.4599914550781,158264,AAPL,Apple,Nasdaq,USD,20260706_211029
2026-07-06 13:37:00-04:00,312.3399963378906,312.4100036621094,312.26019287109375,312.3500061035156,42339,AAPL,Apple,Nasdaq,USD,20260706_211029
2026-07-06 13:38:00-04:00,312.5450134277344,312.5849914550781,312.3299865722656,312.34991455078125,45848,AAPL,Apple,Nasdaq,USD,20260706_211029
2026-07-06 13:39:00-04:00,312.4549865722656,312.55999755859375,312.4150085449219,312.55499267578125,27366,AAPL,Apple,Nasdaq,USD,20260706_211029
2026-07-06 13:40:00-04:00,312.4100036621094,312.44000244140625,312.34039306640625,312.44000244140625,26743,AAPL,Apple,Nasdaq,USD,20260706_211029
2026-07-06 13:41:00-04:00,312.4200134277344,312.45001220703125,312.3599853515625,312.3901062011719,29102,AAPL,Apple,Nasdaq,USD,20260706_211029
2026-07-06 13:42:00-04:00,312.3450927734375,312.5199890136719,312.31500244140625,312.41009521484375,39716,AAPL,Apple,Nasdaq,USD,20260706_211029
2026-07-06 13:43:00-04:00,312.45001220703125,312.45001220703125,312.29998779296875,312.3399963378906,35025,AAPL,Apple,Nasdaq,USD,20260706_211029
2026-07-06 13:44:00-04:00,312.3999938964844,312.5299987792969,312.3901062011719,312.44500732421875,34634,AAPL,Apple,Nasdaq,USD,20260706_211029
2026-07-06 13:45:00-04:00,312.4700012207031,312.4898986816406,312.29998779296875,312.3900146484375,45772,AAPL,Apple,Nasdaq,USD,20260706_211029
2026-07-06 13:46:00-04:00,312.6700134277344,312.69000244140625,312.4403991699219,312.4700012207031,61018,AAPL,Apple,Nasdaq,USD,20260706_211029
2026-07-06 13:47:00-04:00,312.5398864746094,312.70001220703125,312.4599914550781,312.67999267578125,32221,AAPL,Apple,Nasdaq,USD,20260706_211029
2026-07-06 13:48:00-04:00,312.4200134277344,312.614990234375,312.4200134277344,312.5400085449219,25824,AAPL,Apple,Nasdaq,USD,20260706_211029
2026-07-06 13:49:00-04:00,312.5400085449219,312.55999755859375,312.4100036621094,312.4100036621094,33210,AAPL,Apple,Nasdaq,USD,20260706_211029
2026-07-06 13:50:00-04:00,312.6449890136719,312.7349853515625,312.552490234375,312.552490234375,40106,AAPL,Apple,Nasdaq,USD,20260706_211029
2026-07-06 13:51:00-04:00,312.6000061035156,312.659912109375,312.5400085449219,312.6400146484375,29597,AAPL,Apple,Nasdaq,USD,20260706_211029
2026-07-06 13:52:00-04:00,312.6300048828125,312.69500732421875,312.54998779296875,312.6000061035156,28140,AAPL,Apple,Nasdaq,USD,20260706_211029
2026-07-06 13:53:00-04:00,312.4700012207031,312.6199951171875,312.364990234375,312.6199951171875,38255,AAPL,Apple,Nasdaq,USD,20260706_211029
2026-07-06 13:54:00-04:00,312.3800048828125,312.6300048828125,312.3599853515625,312.4700012207031,40384,AAPL,Apple,Nasdaq,USD,20260706_211029
2026-07-06 13:55:00-04:00,312.5624084472656,312.5799865722656,312.3900146484375,312.3900146484375,31830,AAPL,Apple,Nasdaq,USD,20260706_211029
2026-07-06 13:56:00-04:00,312.510009765625,312.614990234375,312.5,312.57501220703125,26890,AAPL,Apple,Nasdaq,USD,20260706_211029
2026-07-06 13:57:00-04:00,312.4700012207031,312.5150146484375,312.44000244140625,312.5127868652344,22658,AAPL,Apple,Nasdaq,USD,20260706_211029
2026-07-06 13:58:00-04:00,312.6199951171875,312.6199951171875,312.4599914550781,312.4700012207031,29381,AAPL,Apple,Nasdaq,USD,20260706_211029
2026-07-06 13:59:00-04:00,312.7200927734375,312.7300109863281,312.6199951171875,312.6199951171875,51233,AAPL,Apple,Nasdaq,USD,20260706_211029
2026-07-06 14:00:00-04:00,312.760009765625,312.7998962402344,312.7200012207031,312.7300109863281,33720,AAPL,Apple,Nasdaq,USD,20260706_211029
2026-07-06 14:01:00-04:00,312.7300109863281,312.8299865722656,312.7099914550781,312.7799987792969,43649,AAPL,Apple,Nasdaq,USD,20260706_211029
2026-07-06 14:02:00-04:00,312.6449890136719,312.79998779296875,312.6449890136719,312.7300109863281,58919,AAPL,Apple,Nasdaq,USD,20260706_211029
2026-07-06 14:03:00-04:00,312.57000732421875,312.6549987792969,312.4800109863281,312.6499938964844,47168,AAPL,Apple,Nasdaq,USD,20260706_211029
2026-07-06 14:04:00-04:00,312.5799865722656,312.6099853515625,312.4100036621094,312.5849914550781,39173,AAPL,Apple,Nasdaq,USD,20260706_211029
2026-07-06 14:05:00-04:00,312.68499755859375,312.760009765625,312.5600891113281,312.6000061035156,42392,AAPL,Apple,Nasdaq,USD,20260706_211029
2026-07-06 14:06:00-04:00,312.7049865722656,312.7300109863281,312.6600036621094,312.67999267578125,28918,AAPL,Apple,Nasdaq,USD,20260706_211029
2026-07-06 14:07:00-04:00,312.5899963378906,312.7250061035156,312.5899963378906,312.7049865722656,30831,AAPL,Apple,Nasdaq,USD,20260706_211029
2026-07-06 14:08:00-04:00,312.81500244140625,312.8599853515625,312.5799865722656,312.6000061035156,68894,AAPL,Apple,Nasdaq,USD,20260706_211029
2026-07-06 14:09:00-04:00,312.7250061035156,312.8450012207031,312.7099914550781,312.80999755859375,30173,AAPL,Apple,Nasdaq,USD,20260706_211029
2026-07-06 14:10:00-04:00,312.7049865722656,312.7300109863281,312.6401062011719,312.7200012207031,26923,AAPL,Apple,Nasdaq,USD,20260706_211029
2026-07-06 14:11:00-04:00,312.6300048828125,312.7099914550781,312.5299987792969,312.7049865722656,39978,AAPL,Apple,Nasdaq,USD,20260706_211029
2026-07-06 14:12:00-04:00,312.69500732421875,312.739990234375,312.6000061035156,312.6200866699219,22547,AAPL,Apple,Nasdaq,USD,20260706_211029
2026-07-06 14:13:00-04:00,312.82000732421875,312.8500061035156,312.6400146484375,312.69500732421875,37138,AAPL,Apple,Nasdaq,USD,20260706_211029
2026-07-06 14:14:00-04:00,312.9200134277344,312.9599914550781,312.7900085449219,312.80999755859375,48520,AAPL,Apple,Nasdaq,USD,20260706_211029
2026-07-06 14:15:00-04:00,312.989990234375,313.0299987792969,312.8900146484375,312.92498779296875,107383,AAPL,Apple,Nasdaq,USD,20260706_211029
2026-07-06 14:16:00-04:00,313.0199890136719,313.139892578125,312.9599914550781,312.9800109863281,54762,AAPL,Apple,Nasdaq,USD,20260706_211029
2026-07-06 14:17:00-04:00,312.9700012207031,313.05499267578125,312.94000244140625,313.0400085449219,34027,AAPL,Apple,Nasdaq,USD,20260706_211029
2026-07-06 14:18:00-04:00,312.8699951171875,312.9700927734375,312.8399963378906,312.9700012207031,46330,AAPL,Apple,Nasdaq,USD,20260706_211029
2026-07-06 14:19:00-04:00,312.9849853515625,313.0450134277344,312.8800048828125,312.8800048828125,50580,AAPL,Apple,Nasdaq,USD,20260706_211029
2026-07-06 14:20:00-04:00,312.8949890136719,313.010009765625,312.8500061035156,312.9901123046875,35312,AAPL,Apple,Nasdaq,USD,20260706_211029
2026-07-06 14:21:00-04:00,312.840087890625,312.9150085449219,312.7749938964844,312.8999938964844,36469,AAPL,Apple,Nasdaq,USD,20260706_211029
2026-07-06 14:22:00-04:00,312.8500061035156,312.8900146484375,312.79998779296875,312.8399963378906,26518,AAPL,Apple,Nasdaq,USD,20260706_211029
2026-07-06 14:23:00-04:00,312.9700012207031,312.9784851074219,312.8399963378906,312.8550109863281,32827,AAPL,Apple,Nasdaq,USD,20260706_211029
2026-07-06 14:24:00-04:00,313.0,313.0450134277344,312.92999267578125,312.9649963378906,42706,AAPL,Apple,Nasdaq,USD,20260706_211029
2026-07-06 14:25:00-04:00,313.0350036621094,313.0899963378906,313.0000915527344,313.010009765625,41849,AAPL,Apple,Nasdaq,USD,20260706_211029
2026-07-06 14:26:00-04:00,312.9164123535156,313.04010009765625,312.8299865722656,313.0299987792969,40900,AAPL,Apple,Nasdaq,USD,20260706_211029
2026-07-06 14:27:00-04:00,312.95001220703125,312.9798889160156,312.8599853515625,312.9200134277344,33394,AAPL,Apple,Nasdaq,USD,20260706_211029
2026-07-06 14:28:00-04:00,312.9750061035156,312.9800109863281,312.8999938964844,312.95001220703125,32207,AAPL,Apple,Nasdaq,USD,20260706_211029
2026-07-06 14:29:00-04:00,313.07000732421875,313.14990234375,312.9700927734375,312.9800109863281,51254,AAPL,Apple,Nasdaq,USD,20260706_211029
2026-07-06 14:30:00-04:00,313.32000732421875,313.375,313.07501220703125,313.0799865722656,78339,AAPL,Apple,Nasdaq,USD,20260706_211029
2026-07-06 14:31:00-04:00,313.3500061035156,313.375,313.2799987792969,313.3349914550781,48815,AAPL,Apple,Nasdaq,USD,20260706_211029
2026-07-06 14:32:00-04:00,313.375,313.4750061035156,313.30999755859375,313.3550109863281,95459,AAPL,Apple,Nasdaq,USD,20260706_211029
2026-07-06 14:33:00-04:00,313.3299865722656,313.3999938964844,313.32000732421875,313.385009765625,34470,AAPL,Apple,Nasdaq,USD,20260706_211029
2026-07-06 14:34:00-04:00,313.2699890136719,313.3450012207031,313.239990234375,313.32000732421875,48323,AAPL,Apple,Nasdaq,USD,20260706_211029
2026-07-06 14:35:00-04:00,313.20001220703125,313.2900085449219,313.1400146484375,313.2699890136719,50296,AAPL,Apple,Nasdaq,USD,20260706_211029
2026-07-06 14:36:00-04:00,313.0899963378906,313.2099914550781,313.04998779296875,313.20001220703125,47772,AAPL,Apple,Nasdaq,USD,20260706_211029
2026-07-06 14:37:00-04:00,313.0050048828125,313.1099853515625,312.94000244140625,313.1000061035156,40029,AAPL,Apple,Nasdaq,USD,20260706_211029
2026-07-06 14:38:00-04:00,313.1050109863281,313.1549987792969,312.989990234375,313.0,49512,AAPL,Apple,Nasdaq,USD,20260706_211029
2026-07-06 14:39:00-04:00,312.9649963378906,313.1098937988281,312.9100036621094,313.1050109863281,61795,AAPL,Apple,Nasdaq,USD,20260706_211029
2026-07-06 14:40:00-04:00,313.1099853515625,313.1549987792969,312.9750061035156,312.9750061035156,40772,AAPL,Apple,Nasdaq,USD,20260706_211029
2026-07-06 14:41:00-04:00,313.11859130859375,313.2300109863281,313.1000061035156,313.1000061035156,35256,AAPL,Apple,Nasdaq,USD,20260706_211029
2026-07-06 14:42:00-04:00,313.04998779296875,313.125,313.0199890136719,313.114990234375,36980,AAPL,Apple,Nasdaq,USD,20260706_211029
2026-07-06 14:43:00-04:00,313.125,313.1300048828125,313.0400085449219,313.0400085449219,24290,AAPL,Apple,Nasdaq,USD,20260706_211029
2026-07-06 14:44:00-04:00,313.2799987792969,313.3900146484375,313.0899963378906,313.1300048828125,141586,AAPL,Apple,Nasdaq,USD,20260706_211029
2026-07-06 14:45:00-04:00,313.260009765625,313.3153076171875,313.0450134277344,313.2850036621094,85833,AAPL,Apple,Nasdaq,USD,20260706_211029
2026-07-06 14:46:00-04:00,313.19000244140625,313.32000732421875,313.1700134277344,313.2550048828125,38637,AAPL,Apple,Nasdaq,USD,20260706_211029
2026-07-06 14:47:00-04:00,313.21990966796875,313.30999755859375,313.19000244140625,313.2001037597656,57777,AAPL,Apple,Nasdaq,USD,20260706_211029
2026-07-06 14:48:00-04:00,313.2300109863281,313.2799987792969,313.19000244140625,313.2149963378906,35225,AAPL,Apple,Nasdaq,USD,20260706_211029
2026-07-06 14:49:00-04:00,313.20001220703125,313.25,313.14990234375,313.2200012207031,54294,AAPL,Apple,Nasdaq,USD,20260706_211029
2026-07-06 14:50:00-04:00,313.2900085449219,313.29998779296875,313.17999267578125,313.20001220703125,48976,AAPL,Apple,Nasdaq,USD,20260706_211029
2026-07-06 14:51:00-04:00,313.2900085449219,313.3500061035156,313.2699890136719,313.2900085449219,44309,AAPL,Apple,Nasdaq,USD,20260706_211029
2026-07-06 14:52:00-04:00,313.3800048828125,313.4100036621094,313.2900085449219,313.2900085449219,43456,AAPL,Apple,Nasdaq,USD,20260706_211029
2026-07-06 14:53:00-04:00,313.4599914550781,313.46881103515625,313.32000732421875,313.3699951171875,48251,AAPL,Apple,Nasdaq,USD,20260706_211029
2026-07-06 14:54:00-04:00,313.3800964355469,313.4599914550781,313.3599853515625,313.45001220703125,42032,AAPL,Apple,Nasdaq,USD,20260706_211029
2026-07-06 14:55:00-04:00,313.30999755859375,313.3900146484375,313.2749938964844,313.3800048828125,46023,AAPL,Apple,Nasdaq,USD,20260706_211029
2026-07-06 14:56:00-04:00,313.2850036621094,313.32000732421875,313.25,313.32000732421875,30197,AAPL,Apple,Nasdaq,USD,20260706_211029
2026-07-06 14:57:00-04:00,313.2550048828125,313.32000732421875,313.2300109863281,313.29998779296875,35029,AAPL,Apple,Nasdaq,USD,20260706_211029
2026-07-06 14:58:00-04:00,313.32000732421875,313.3299865722656,313.25,313.2550048828125,37104,AAPL,Apple,Nasdaq,USD,20260706_211029
2026-07-06 14:59:00-04:00,313.2900085449219,313.30999755859375,313.19000244140625,313.30999755859375,55708,AAPL,Apple,Nasdaq,USD,20260706_211029
2026-07-06 15:00:00-04:00,313.1700134277344,313.3500061035156,313.1700134277344,313.29998779296875,65529,AAPL,Apple,Nasdaq,USD,20260706_211029
2026-07-06 15:01:00-04:00,313.19000244140625,313.19000244140625,313.010009765625,313.18499755859375,81376,AAPL,Apple,Nasdaq,USD,20260706_211029
2026-07-06 15:02:00-04:00,313.1199951171875,313.19000244140625,313.0899963378906,313.19000244140625,35008,AAPL,Apple,Nasdaq,USD,20260706_211029
2026-07-06 15:03:00-04:00,313.0299987792969,313.1400146484375,313.0,313.114990234375,40071,AAPL,Apple,Nasdaq,USD,20260706_211029
2026-07-06 15:04:00-04:00,313.114990234375,313.1199951171875,312.989990234375,313.0299987792969,60335,AAPL,Apple,Nasdaq,USD,20260706_211029
2026-07-06 15:05:00-04:00,313.25,313.25,313.114990234375,313.114990234375,49941,AAPL,Apple,Nasdaq,USD,20260706_211029
2026-07-06 15:06:00-04:00,313.2200012207031,313.2699890136719,313.1700134277344,313.260009765625,60310,AAPL,Apple,Nasdaq,USD,20260706_211029
2026-07-06 15:07:00-04:00,313.20001220703125,313.25,313.1600036621094,313.2149963378906,40207,AAPL,Apple,Nasdaq,USD,20260706_211029
2026-07-06 15:08:00-04:00,313.2300109863281,313.389892578125,313.19000244140625,313.2049865722656,90818,AAPL,Apple,Nasdaq,USD,20260706_211029
2026-07-06 15:09:00-04:00,313.2099914550781,313.32000732421875,313.2099914550781,313.2398986816406,59320,AAPL,Apple,Nasdaq,USD,20260706_211029
2026-07-06 15:10:00-04:00,313.31500244140625,313.3399963378906,313.1549987792969,313.2149963378906,66605,AAPL,Apple,Nasdaq,USD,20260706_211029
2026-07-06 15:11:00-04:00,313.239990234375,313.3900146484375,313.19000244140625,313.3299865722656,88895,AAPL,Apple,Nasdaq,USD,20260706_211029
2026-07-06 15:12:00-04:00,313.2449951171875,313.2699890136719,313.2200012207031,313.239990234375,53889,AAPL,Apple,Nasdaq,USD,20260706_211029
2026-07-06 15:13:00-04:00,313.30999755859375,313.3500061035156,313.19000244140625,313.2401123046875,65399,AAPL,Apple,Nasdaq,USD,20260706_211029
2026-07-06 15:14:00-04:00,313.20001220703125,313.3699951171875,313.17999267578125,313.3399963378906,84661,AAPL,Apple,Nasdaq,USD,20260706_211029
2026-07-06 15:15:00-04:00,313.2200012207031,313.3299865722656,313.1549987792969,313.2049865722656,69005,AAPL,Apple,Nasdaq,USD,20260706_211029
2026-07-06 15:16:00-04:00,313.2200012207031,313.30499267578125,313.1650085449219,313.2099914550781,53350,AAPL,Apple,Nasdaq,USD,20260706_211029
2026-07-06 15:17:00-04:00,313.0950012207031,313.2799987792969,313.0400085449219,313.2300109863281,69791,AAPL,Apple,Nasdaq,USD,20260706_211029
2026-07-06 15:18:00-04:00,313.07000732421875,313.1300048828125,313.0199890136719,313.0899963378906,49871,AAPL,Apple,Nasdaq,USD,20260706_211029
2026-07-06 15:19:00-04:00,313.2300109863281,313.2799072265625,313.06500244140625,313.0799865722656,78770,AAPL,Apple,Nasdaq,USD,20260706_211029
2026-07-06 15:20:00-04:00,313.3800048828125,313.3800048828125,313.20001220703125,313.2099914550781,64703,AAPL,Apple,Nasdaq,USD,20260706_211029
2026-07-06 15:21:00-04:00,313.42010498046875,313.45001220703125,313.3599853515625,313.375,54742,AAPL,Apple,Nasdaq,USD,20260706_211029
2026-07-06 15:22:00-04:00,313.3999938964844,313.45831298828125,313.3500061035156,313.42498779296875,57600,AAPL,Apple,Nasdaq,USD,20260706_211029
2026-07-06 15:23:00-04:00,313.4200134277344,313.45001220703125,313.3599853515625,313.3999938964844,77321,AAPL,Apple,Nasdaq,USD,20260706_211029
2026-07-06 15:24:00-04:00,313.3793029785156,313.4700012207031,313.3500061035156,313.42999267578125,58455,AAPL,Apple,Nasdaq,USD,20260706_211029
2026-07-06 15:25:00-04:00,313.43499755859375,313.4800109863281,313.32000732421875,313.3800048828125,57676,AAPL,Apple,Nasdaq,USD,20260706_211029
2026-07-06 15:26:00-04:00,313.510009765625,313.55999755859375,313.45001220703125,313.45001220703125,97077,AAPL,Apple,Nasdaq,USD,20260706_211029
2026-07-06 15:27:00-04:00,313.364990234375,313.5299987792969,313.3125915527344,313.510009765625,58465,AAPL,Apple,Nasdaq,USD,20260706_211029
2026-07-06 15:28:00-04:00,313.4200134277344,313.4849853515625,313.3550109863281,313.3887023925781,46619,AAPL,Apple,Nasdaq,USD,20260706_211029
2026-07-06 15:29:00-04:00,313.3999938964844,313.42999267578125,313.30999755859375,313.4201965332031,79529,AAPL,Apple,Nasdaq,USD,20260706_211029
2026-07-06 15:30:00-04:00,313.5295104980469,313.55999755859375,313.3550109863281,313.4150085449219,106692,AAPL,Apple,Nasdaq,USD,20260706_211029
2026-07-06 15:31:00-04:00,313.5498962402344,313.635009765625,313.489990234375,313.556396484375,76076,AAPL,Apple,Nasdaq,USD,20260706_211029
2026-07-06 15:32:00-04:00,313.5350036621094,313.55499267578125,313.4700012207031,313.53448486328125,54810,AAPL,Apple,Nasdaq,USD,20260706_211029
2026-07-06 15:33:00-04:00,313.4700012207031,313.659912109375,313.4599914550781,313.5400085449219,59184,AAPL,Apple,Nasdaq,USD,20260706_211029
2026-07-06 15:34:00-04:00,313.510009765625,313.5299987792969,313.3500061035156,313.4599914550781,71557,AAPL,Apple,Nasdaq,USD,20260706_211029
2026-07-06 15:35:00-04:00,313.57000732421875,313.5899963378906,313.45001220703125,313.5271911621094,62267,AAPL,Apple,Nasdaq,USD,20260706_211029
2026-07-06 15:36:00-04:00,313.447509765625,313.6000061035156,313.447509765625,313.57000732421875,50401,AAPL,Apple,Nasdaq,USD,20260706_211029
2026-07-06 15:37:00-04:00,313.57501220703125,313.5989990234375,313.44500732421875,313.44500732421875,50380,AAPL,Apple,Nasdaq,USD,20260706_211029
2026-07-06 15:38:00-04:00,313.6200866699219,313.69989013671875,313.57000732421875,313.5799865722656,53784,AAPL,Apple,Nasdaq,USD,20260706_211029
2026-07-06 15:39:00-04:00,313.6000061035156,313.67999267578125,313.5893859863281,313.6300048828125,55364,AAPL,Apple,Nasdaq,USD,20260706_211029
2026-07-06 15:40:00-04:00,313.610107421875,313.6449890136719,313.5400085449219,313.5950012207031,73539,AAPL,Apple,Nasdaq,USD,20260706_211029
2026-07-06 15:41:00-04:00,313.70001220703125,313.7099914550781,313.5849914550781,313.6099853515625,81797,AAPL,Apple,Nasdaq,USD,20260706_211029
2026-07-06 15:42:00-04:00,313.7049865722656,313.739990234375,313.6499938964844,313.70001220703125,67721,AAPL,Apple,Nasdaq,USD,20260706_211029
2026-07-06 15:43:00-04:00,313.67498779296875,313.7099914550781,313.625,313.7099914550781,57285,AAPL,Apple,Nasdaq,USD,20260706_211029
2026-07-06 15:44:00-04:00,313.614990234375,313.70001220703125,313.60009765625,313.67999267578125,103146,AAPL,Apple,Nasdaq,USD,20260706_211029
2026-07-06 15:45:00-04:00,313.6499938964844,313.69000244140625,313.5799865722656,313.61090087890625,77601,AAPL,Apple,Nasdaq,USD,20260706_211029
2026-07-06 15:46:00-04:00,313.42999267578125,313.6499938964844,313.3800048828125,313.6400146484375,169439,AAPL,Apple,Nasdaq,USD,20260706_211029
2026-07-06 15:47:00-04:00,313.4150085449219,313.55999755859375,313.3900146484375,313.42999267578125,88984,AAPL,Apple,Nasdaq,USD,20260706_211029
2026-07-06 15:48:00-04:00,313.1700134277344,313.43499755859375,313.1499938964844,313.4100036621094,110135,AAPL,Apple,Nasdaq,USD,20260706_211029
2026-07-06 15:49:00-04:00,312.93499755859375,313.2110900878906,312.8999938964844,313.17999267578125,108163,AAPL,Apple,Nasdaq,USD,20260706_211029
2026-07-06 15:50:00-04:00,312.9700012207031,313.0799865722656,312.04998779296875,312.95001220703125,270886,AAPL,Apple,Nasdaq,USD,20260706_211029
2026-07-06 15:51:00-04:00,312.5849914550781,313.0314025878906,312.54010009765625,312.9800109863281,123114,AAPL,Apple,Nasdaq,USD,20260706_211029
2026-07-06 15:52:00-04:00,312.739990234375,312.8900146484375,312.5799865722656,312.5799865722656,112739,AAPL,Apple,Nasdaq,USD,20260706_211029
2026-07-06 15:53:00-04:00,312.7309875488281,312.7900085449219,312.6199951171875,312.7200012207031,169362,AAPL,Apple,Nasdaq,USD,20260706_211029
2026-07-06 15:54:00-04:00,312.625,312.82000732421875,312.510009765625,312.75,162361,AAPL,Apple,Nasdaq,USD,20260706_211029
2026-07-06 15:55:00-04:00,312.5,312.70001220703125,312.42999267578125,312.6400146484375,512588,AAPL,Apple,Nasdaq,USD,20260706_211029
2026-07-06 15:56:00-04:00,312.39990234375,312.5198974609375,312.3399963378906,312.510009765625,231506,AAPL,Apple,Nasdaq,USD,20260706_211029
2026-07-06 15:57:00-04:00,312.760009765625,312.8900146484375,312.4100036621094,312.4100036621094,296015,AAPL,Apple,Nasdaq,USD,20260706_211029
2026-07-06 15:58:00-04:00,312.82501220703125,312.8999938964844,312.57000732421875,312.760009765625,503128,AAPL,Apple,Nasdaq,USD,20260706_211029
2026-07-06 15:59:00-04:00,312.80999755859375,313.0,312.6300048828125,312.8299865722656,1028367,AAPL,Apple,Nasdaq,USD,20260706_211029
