Price,Close,High,Low,Open,Volume,ticker,company,exchange,currency,fetched_at_utc
Ticker,NOVO-B.CO,NOVO-B.CO,NOVO-B.CO,NOVO-B.CO,NOVO-B.CO,,,,,
Datetime,,,,,,,,,,
2026-07-03 09:00:00+02:00,330.20001220703125,330.75,329.6499938964844,330.0,0,NOVO-B.CO,Novo Nordisk,Nasdaq Copenhagen,DKK,20260703_081139
2026-07-03 09:01:00+02:00,329.1000061035156,330.0,329.1000061035156,330.0,25999,NOVO-B.CO,Novo Nordisk,Nasdaq Copenhagen,DKK,20260703_081139
2026-07-03 09:02:00+02:00,328.45001220703125,329.25,328.1499938964844,329.20001220703125,30514,NOVO-B.CO,Novo Nordisk,Nasdaq Copenhagen,DKK,20260703_081139
2026-07-03 09:03:00+02:00,328.3999938964844,329.04998779296875,328.25,328.3500061035156,11869,NOVO-B.CO,Novo Nordisk,Nasdaq Copenhagen,DKK,20260703_081139
2026-07-03 09:04:00+02:00,328.04998779296875,328.45001220703125,327.75,328.45001220703125,12872,NOVO-B.CO,Novo Nordisk,Nasdaq Copenhagen,DKK,20260703_081139
2026-07-03 09:05:00+02:00,327.8500061035156,328.3500061035156,327.3999938964844,328.0,17825,NOVO-B.CO,Novo Nordisk,Nasdaq Copenhagen,DKK,20260703_081139
2026-07-03 09:06:00+02:00,327.29998779296875,328.25,327.29998779296875,327.79998779296875,10973,NOVO-B.CO,Novo Nordisk,Nasdaq Copenhagen,DKK,20260703_081139
2026-07-03 09:07:00+02:00,326.6000061035156,327.25,326.0,327.25,26614,NOVO-B.CO,Novo Nordisk,Nasdaq Copenhagen,DKK,20260703_081139
2026-07-03 09:08:00+02:00,327.04998779296875,327.1499938964844,326.6000061035156,326.6000061035156,7380,NOVO-B.CO,Novo Nordisk,Nasdaq Copenhagen,DKK,20260703_081139
2026-07-03 09:09:00+02:00,327.8999938964844,327.95001220703125,327.1000061035156,327.25,16717,NOVO-B.CO,Novo Nordisk,Nasdaq Copenhagen,DKK,20260703_081139
2026-07-03 09:10:00+02:00,327.3999938964844,328.0,327.3999938964844,327.95001220703125,26013,NOVO-B.CO,Novo Nordisk,Nasdaq Copenhagen,DKK,20260703_081139
2026-07-03 09:11:00+02:00,327.0,327.25,326.8999938964844,327.25,14281,NOVO-B.CO,Novo Nordisk,Nasdaq Copenhagen,DKK,20260703_081139
2026-07-03 09:12:00+02:00,327.0,327.1499938964844,326.8500061035156,327.04998779296875,4786,NOVO-B.CO,Novo Nordisk,Nasdaq Copenhagen,DKK,20260703_081139
2026-07-03 09:13:00+02:00,327.54998779296875,327.6499938964844,327.0,327.0,7567,NOVO-B.CO,Novo Nordisk,Nasdaq Copenhagen,DKK,20260703_081139
2026-07-03 09:14:00+02:00,327.6000061035156,327.79998779296875,327.3500061035156,327.54998779296875,9889,NOVO-B.CO,Novo Nordisk,Nasdaq Copenhagen,DKK,20260703_081139
2026-07-03 09:15:00+02:00,327.70001220703125,328.1000061035156,327.54998779296875,327.70001220703125,31110,NOVO-B.CO,Novo Nordisk,Nasdaq Copenhagen,DKK,20260703_081139
2026-07-03 09:16:00+02:00,327.8500061035156,328.0,327.6499938964844,327.70001220703125,5448,NOVO-B.CO,Novo Nordisk,Nasdaq Copenhagen,DKK,20260703_081139
2026-07-03 09:17:00+02:00,327.70001220703125,327.95001220703125,327.54998779296875,327.8500061035156,10407,NOVO-B.CO,Novo Nordisk,Nasdaq Copenhagen,DKK,20260703_081139
2026-07-03 09:18:00+02:00,327.3999938964844,327.8500061035156,327.3999938964844,327.75,9642,NOVO-B.CO,Novo Nordisk,Nasdaq Copenhagen,DKK,20260703_081139
2026-07-03 09:19:00+02:00,327.3999938964844,327.6000061035156,327.29998779296875,327.3999938964844,9536,NOVO-B.CO,Novo Nordisk,Nasdaq Copenhagen,DKK,20260703_081139
2026-07-03 09:20:00+02:00,327.54998779296875,327.6499938964844,327.45001220703125,327.5,5441,NOVO-B.CO,Novo Nordisk,Nasdaq Copenhagen,DKK,20260703_081139
2026-07-03 09:21:00+02:00,327.8500061035156,328.0,327.6000061035156,327.6000061035156,2251,NOVO-B.CO,Novo Nordisk,Nasdaq Copenhagen,DKK,20260703_081139
2026-07-03 09:22:00+02:00,327.54998779296875,328.0,327.54998779296875,327.79998779296875,9673,NOVO-B.CO,Novo Nordisk,Nasdaq Copenhagen,DKK,20260703_081139
2026-07-03 09:23:00+02:00,327.70001220703125,328.0,327.3500061035156,327.5,21964,NOVO-B.CO,Novo Nordisk,Nasdaq Copenhagen,DKK,20260703_081139
2026-07-03 09:24:00+02:00,327.79998779296875,328.1000061035156,327.6000061035156,327.79998779296875,12123,NOVO-B.CO,Novo Nordisk,Nasdaq Copenhagen,DKK,20260703_081139
2026-07-03 09:25:00+02:00,327.8999938964844,327.95001220703125,327.6000061035156,327.75,6079,NOVO-B.CO,Novo Nordisk,Nasdaq Copenhagen,DKK,20260703_081139
2026-07-03 09:26:00+02:00,328.5,328.5,327.8999938964844,327.8999938964844,7472,NOVO-B.CO,Novo Nordisk,Nasdaq Copenhagen,DKK,20260703_081139
2026-07-03 09:27:00+02:00,328.45001220703125,328.6499938964844,328.3999938964844,328.54998779296875,6879,NOVO-B.CO,Novo Nordisk,Nasdaq Copenhagen,DKK,20260703_081139
2026-07-03 09:28:00+02:00,328.3999938964844,328.5,328.3999938964844,328.3999938964844,3648,NOVO-B.CO,Novo Nordisk,Nasdaq Copenhagen,DKK,20260703_081139
2026-07-03 09:29:00+02:00,328.29998779296875,328.45001220703125,328.25,328.3500061035156,5927,NOVO-B.CO,Novo Nordisk,Nasdaq Copenhagen,DKK,20260703_081139
2026-07-03 09:30:00+02:00,328.29998779296875,328.3500061035156,328.20001220703125,328.25,7494,NOVO-B.CO,Novo Nordisk,Nasdaq Copenhagen,DKK,20260703_081139
2026-07-03 09:31:00+02:00,328.1499938964844,328.29998779296875,328.1000061035156,328.1499938964844,13236,NOVO-B.CO,Novo Nordisk,Nasdaq Copenhagen,DKK,20260703_081139
2026-07-03 09:32:00+02:00,328.3999938964844,328.45001220703125,328.20001220703125,328.20001220703125,3361,NOVO-B.CO,Novo Nordisk,Nasdaq Copenhagen,DKK,20260703_081139
2026-07-03 09:33:00+02:00,328.79998779296875,328.79998779296875,328.45001220703125,328.45001220703125,1808,NOVO-B.CO,Novo Nordisk,Nasdaq Copenhagen,DKK,20260703_081139
2026-07-03 09:34:00+02:00,328.6499938964844,328.75,328.6000061035156,328.75,3146,NOVO-B.CO,Novo Nordisk,Nasdaq Copenhagen,DKK,20260703_081139
2026-07-03 09:35:00+02:00,328.70001220703125,328.75,328.6499938964844,328.70001220703125,2928,NOVO-B.CO,Novo Nordisk,Nasdaq Copenhagen,DKK,20260703_081139
2026-07-03 09:36:00+02:00,328.8999938964844,328.8999938964844,328.6499938964844,328.6499938964844,1295,NOVO-B.CO,Novo Nordisk,Nasdaq Copenhagen,DKK,20260703_081139
2026-07-03 09:37:00+02:00,329.1499938964844,329.25,328.95001220703125,328.95001220703125,7355,NOVO-B.CO,Novo Nordisk,Nasdaq Copenhagen,DKK,20260703_081139
2026-07-03 09:38:00+02:00,329.25,329.6000061035156,329.04998779296875,329.20001220703125,6139,NOVO-B.CO,Novo Nordisk,Nasdaq Copenhagen,DKK,20260703_081139
2026-07-03 09:39:00+02:00,329.3500061035156,329.45001220703125,329.1000061035156,329.3500061035156,6378,NOVO-B.CO,Novo Nordisk,Nasdaq Copenhagen,DKK,20260703_081139
2026-07-03 09:40:00+02:00,329.1000061035156,329.20001220703125,329.04998779296875,329.1000061035156,4846,NOVO-B.CO,Novo Nordisk,Nasdaq Copenhagen,DKK,20260703_081139
2026-07-03 09:41:00+02:00,328.8500061035156,329.25,328.8500061035156,329.25,13672,NOVO-B.CO,Novo Nordisk,Nasdaq Copenhagen,DKK,20260703_081139
2026-07-03 09:42:00+02:00,328.79998779296875,328.95001220703125,328.6000061035156,328.8999938964844,2569,NOVO-B.CO,Novo Nordisk,Nasdaq Copenhagen,DKK,20260703_081139
2026-07-03 09:43:00+02:00,328.3500061035156,328.79998779296875,328.25,328.79998779296875,10703,NOVO-B.CO,Novo Nordisk,Nasdaq Copenhagen,DKK,20260703_081139
2026-07-03 09:44:00+02:00,328.6499938964844,328.70001220703125,328.45001220703125,328.45001220703125,1692,NOVO-B.CO,Novo Nordisk,Nasdaq Copenhagen,DKK,20260703_081139
2026-07-03 09:45:00+02:00,328.29998779296875,328.70001220703125,328.1499938964844,328.70001220703125,12913,NOVO-B.CO,Novo Nordisk,Nasdaq Copenhagen,DKK,20260703_081139
2026-07-03 09:46:00+02:00,328.04998779296875,328.29998779296875,328.04998779296875,328.29998779296875,5929,NOVO-B.CO,Novo Nordisk,Nasdaq Copenhagen,DKK,20260703_081139
2026-07-03 09:47:00+02:00,327.8500061035156,328.1000061035156,327.79998779296875,328.04998779296875,2947,NOVO-B.CO,Novo Nordisk,Nasdaq Copenhagen,DKK,20260703_081139
2026-07-03 09:48:00+02:00,327.8500061035156,328.0,327.70001220703125,327.8999938964844,4946,NOVO-B.CO,Novo Nordisk,Nasdaq Copenhagen,DKK,20260703_081139
2026-07-03 09:49:00+02:00,327.54998779296875,327.8999938964844,327.54998779296875,327.8999938964844,4379,NOVO-B.CO,Novo Nordisk,Nasdaq Copenhagen,DKK,20260703_081139
2026-07-03 09:50:00+02:00,327.3500061035156,327.6000061035156,327.3500061035156,327.5,3673,NOVO-B.CO,Novo Nordisk,Nasdaq Copenhagen,DKK,20260703_081139
2026-07-03 09:51:00+02:00,327.1499938964844,327.5,327.1499938964844,327.3999938964844,2799,NOVO-B.CO,Novo Nordisk,Nasdaq Copenhagen,DKK,20260703_081139
2026-07-03 09:52:00+02:00,327.25,327.25,327.1499938964844,327.1499938964844,4767,NOVO-B.CO,Novo Nordisk,Nasdaq Copenhagen,DKK,20260703_081139
2026-07-03 09:53:00+02:00,327.3500061035156,327.3999938964844,327.1499938964844,327.25,3014,NOVO-B.CO,Novo Nordisk,Nasdaq Copenhagen,DKK,20260703_081139
2026-07-03 09:54:00+02:00,327.3500061035156,327.3500061035156,327.20001220703125,327.25,1573,NOVO-B.CO,Novo Nordisk,Nasdaq Copenhagen,DKK,20260703_081139
2026-07-03 09:55:00+02:00,327.3500061035156,327.70001220703125,327.3500061035156,327.45001220703125,1371,NOVO-B.CO,Novo Nordisk,Nasdaq Copenhagen,DKK,20260703_081139
2026-07-03 09:56:00+02:00,327.25,327.3999938964844,327.1499938964844,327.3999938964844,3675,NOVO-B.CO,Novo Nordisk,Nasdaq Copenhagen,DKK,20260703_081139
2026-07-03 09:57:00+02:00,326.95001220703125,327.20001220703125,326.95001220703125,327.20001220703125,6753,NOVO-B.CO,Novo Nordisk,Nasdaq Copenhagen,DKK,20260703_081139
2026-07-03 09:58:00+02:00,326.79998779296875,326.95001220703125,326.6000061035156,326.8999938964844,5782,NOVO-B.CO,Novo Nordisk,Nasdaq Copenhagen,DKK,20260703_081139
2026-07-03 09:59:00+02:00,326.75,326.95001220703125,326.6499938964844,326.79998779296875,3290,NOVO-B.CO,Novo Nordisk,Nasdaq Copenhagen,DKK,20260703_081139
2026-07-03 10:00:00+02:00,326.6000061035156,326.75,326.5,326.75,900,NOVO-B.CO,Novo Nordisk,Nasdaq Copenhagen,DKK,20260703_081139
2026-07-03 10:01:00+02:00,326.70001220703125,326.70001220703125,326.54998779296875,326.6000061035156,2988,NOVO-B.CO,Novo Nordisk,Nasdaq Copenhagen,DKK,20260703_081139
2026-07-03 10:02:00+02:00,326.6000061035156,326.6000061035156,326.5,326.54998779296875,845,NOVO-B.CO,Novo Nordisk,Nasdaq Copenhagen,DKK,20260703_081139
2026-07-03 10:03:00+02:00,326.3500061035156,326.54998779296875,326.29998779296875,326.5,5438,NOVO-B.CO,Novo Nordisk,Nasdaq Copenhagen,DKK,20260703_081139
2026-07-03 10:04:00+02:00,326.20001220703125,326.29998779296875,326.1499938964844,326.29998779296875,3839,NOVO-B.CO,Novo Nordisk,Nasdaq Copenhagen,DKK,20260703_081139
2026-07-03 10:05:00+02:00,326.54998779296875,326.8500061035156,326.29998779296875,326.29998779296875,4633,NOVO-B.CO,Novo Nordisk,Nasdaq Copenhagen,DKK,20260703_081139
2026-07-03 10:06:00+02:00,326.8999938964844,326.8999938964844,326.6000061035156,326.6000061035156,596,NOVO-B.CO,Novo Nordisk,Nasdaq Copenhagen,DKK,20260703_081139
2026-07-03 10:07:00+02:00,326.75,326.8500061035156,326.6000061035156,326.8500061035156,3197,NOVO-B.CO,Novo Nordisk,Nasdaq Copenhagen,DKK,20260703_081139
2026-07-03 10:08:00+02:00,326.79998779296875,326.79998779296875,326.5,326.6499938964844,13577,NOVO-B.CO,Novo Nordisk,Nasdaq Copenhagen,DKK,20260703_081139
2026-07-03 10:09:00+02:00,326.70001220703125,326.79998779296875,326.5,326.54998779296875,3323,NOVO-B.CO,Novo Nordisk,Nasdaq Copenhagen,DKK,20260703_081139
2026-07-03 10:10:00+02:00,326.8500061035156,326.95001220703125,326.70001220703125,326.79998779296875,887,NOVO-B.CO,Novo Nordisk,Nasdaq Copenhagen,DKK,20260703_081139
2026-07-03 10:11:00+02:00,326.75,326.75,326.75,326.75,0,NOVO-B.CO,Novo Nordisk,Nasdaq Copenhagen,DKK,20260703_081139
2026-07-03 09:00:00+02:00,330.20001220703125,330.75,329.6499938964844,330.0,0,NOVO-B.CO,Novo Nordisk,Nasdaq Copenhagen,DKK,20260703_094838
2026-07-03 09:01:00+02:00,329.1000061035156,330.0,329.1000061035156,330.0,25999,NOVO-B.CO,Novo Nordisk,Nasdaq Copenhagen,DKK,20260703_094838
2026-07-03 09:02:00+02:00,328.45001220703125,329.25,328.1499938964844,329.20001220703125,30514,NOVO-B.CO,Novo Nordisk,Nasdaq Copenhagen,DKK,20260703_094838
2026-07-03 09:03:00+02:00,328.3999938964844,329.04998779296875,328.25,328.3500061035156,11869,NOVO-B.CO,Novo Nordisk,Nasdaq Copenhagen,DKK,20260703_094838
2026-07-03 09:04:00+02:00,328.04998779296875,328.45001220703125,327.75,328.45001220703125,12872,NOVO-B.CO,Novo Nordisk,Nasdaq Copenhagen,DKK,20260703_094838
2026-07-03 09:05:00+02:00,327.8500061035156,328.3500061035156,327.3999938964844,328.0,17825,NOVO-B.CO,Novo Nordisk,Nasdaq Copenhagen,DKK,20260703_094838
2026-07-03 09:06:00+02:00,327.29998779296875,328.25,327.29998779296875,327.79998779296875,10973,NOVO-B.CO,Novo Nordisk,Nasdaq Copenhagen,DKK,20260703_094838
2026-07-03 09:07:00+02:00,326.6000061035156,327.25,326.0,327.25,26614,NOVO-B.CO,Novo Nordisk,Nasdaq Copenhagen,DKK,20260703_094838
2026-07-03 09:08:00+02:00,327.04998779296875,327.1499938964844,326.6000061035156,326.6000061035156,7380,NOVO-B.CO,Novo Nordisk,Nasdaq Copenhagen,DKK,20260703_094838
2026-07-03 09:09:00+02:00,327.8999938964844,327.95001220703125,327.1000061035156,327.25,16717,NOVO-B.CO,Novo Nordisk,Nasdaq Copenhagen,DKK,20260703_094838
2026-07-03 09:10:00+02:00,327.3999938964844,328.0,327.3999938964844,327.95001220703125,26013,NOVO-B.CO,Novo Nordisk,Nasdaq Copenhagen,DKK,20260703_094838
2026-07-03 09:11:00+02:00,327.0,327.25,326.8999938964844,327.25,14281,NOVO-B.CO,Novo Nordisk,Nasdaq Copenhagen,DKK,20260703_094838
2026-07-03 09:12:00+02:00,327.0,327.1499938964844,326.8500061035156,327.04998779296875,4786,NOVO-B.CO,Novo Nordisk,Nasdaq Copenhagen,DKK,20260703_094838
2026-07-03 09:13:00+02:00,327.54998779296875,327.6499938964844,327.0,327.0,7567,NOVO-B.CO,Novo Nordisk,Nasdaq Copenhagen,DKK,20260703_094838
2026-07-03 09:14:00+02:00,327.6000061035156,327.79998779296875,327.3500061035156,327.54998779296875,9889,NOVO-B.CO,Novo Nordisk,Nasdaq Copenhagen,DKK,20260703_094838
2026-07-03 09:15:00+02:00,327.70001220703125,328.1000061035156,327.54998779296875,327.70001220703125,31110,NOVO-B.CO,Novo Nordisk,Nasdaq Copenhagen,DKK,20260703_094838
2026-07-03 09:16:00+02:00,327.8500061035156,328.0,327.6499938964844,327.70001220703125,5448,NOVO-B.CO,Novo Nordisk,Nasdaq Copenhagen,DKK,20260703_094838
2026-07-03 09:17:00+02:00,327.70001220703125,327.95001220703125,327.54998779296875,327.8500061035156,10407,NOVO-B.CO,Novo Nordisk,Nasdaq Copenhagen,DKK,20260703_094838
2026-07-03 09:18:00+02:00,327.3999938964844,327.8500061035156,327.3999938964844,327.75,9642,NOVO-B.CO,Novo Nordisk,Nasdaq Copenhagen,DKK,20260703_094838
2026-07-03 09:19:00+02:00,327.3999938964844,327.6000061035156,327.29998779296875,327.3999938964844,9536,NOVO-B.CO,Novo Nordisk,Nasdaq Copenhagen,DKK,20260703_094838
2026-07-03 09:20:00+02:00,327.54998779296875,327.6499938964844,327.45001220703125,327.5,5441,NOVO-B.CO,Novo Nordisk,Nasdaq Copenhagen,DKK,20260703_094838
2026-07-03 09:21:00+02:00,327.8500061035156,328.0,327.6000061035156,327.6000061035156,2251,NOVO-B.CO,Novo Nordisk,Nasdaq Copenhagen,DKK,20260703_094838
2026-07-03 09:22:00+02:00,327.54998779296875,328.0,327.54998779296875,327.79998779296875,9673,NOVO-B.CO,Novo Nordisk,Nasdaq Copenhagen,DKK,20260703_094838
2026-07-03 09:23:00+02:00,327.70001220703125,328.0,327.3500061035156,327.5,21964,NOVO-B.CO,Novo Nordisk,Nasdaq Copenhagen,DKK,20260703_094838
2026-07-03 09:24:00+02:00,327.79998779296875,328.1000061035156,327.6000061035156,327.79998779296875,12123,NOVO-B.CO,Novo Nordisk,Nasdaq Copenhagen,DKK,20260703_094838
2026-07-03 09:25:00+02:00,327.8999938964844,327.95001220703125,327.6000061035156,327.75,6079,NOVO-B.CO,Novo Nordisk,Nasdaq Copenhagen,DKK,20260703_094838
2026-07-03 09:26:00+02:00,328.5,328.5,327.8999938964844,327.8999938964844,7472,NOVO-B.CO,Novo Nordisk,Nasdaq Copenhagen,DKK,20260703_094838
2026-07-03 09:27:00+02:00,328.45001220703125,328.6499938964844,328.3999938964844,328.54998779296875,6879,NOVO-B.CO,Novo Nordisk,Nasdaq Copenhagen,DKK,20260703_094838
2026-07-03 09:28:00+02:00,328.3999938964844,328.5,328.3999938964844,328.3999938964844,3648,NOVO-B.CO,Novo Nordisk,Nasdaq Copenhagen,DKK,20260703_094838
2026-07-03 09:29:00+02:00,328.29998779296875,328.45001220703125,328.25,328.3500061035156,5927,NOVO-B.CO,Novo Nordisk,Nasdaq Copenhagen,DKK,20260703_094838
2026-07-03 09:30:00+02:00,328.29998779296875,328.3500061035156,328.20001220703125,328.25,7494,NOVO-B.CO,Novo Nordisk,Nasdaq Copenhagen,DKK,20260703_094838
2026-07-03 09:31:00+02:00,328.1499938964844,328.29998779296875,328.1000061035156,328.1499938964844,13236,NOVO-B.CO,Novo Nordisk,Nasdaq Copenhagen,DKK,20260703_094838
2026-07-03 09:32:00+02:00,328.3999938964844,328.45001220703125,328.20001220703125,328.20001220703125,3361,NOVO-B.CO,Novo Nordisk,Nasdaq Copenhagen,DKK,20260703_094838
2026-07-03 09:33:00+02:00,328.79998779296875,328.79998779296875,328.45001220703125,328.45001220703125,1808,NOVO-B.CO,Novo Nordisk,Nasdaq Copenhagen,DKK,20260703_094838
2026-07-03 09:34:00+02:00,328.6499938964844,328.75,328.6000061035156,328.75,3146,NOVO-B.CO,Novo Nordisk,Nasdaq Copenhagen,DKK,20260703_094838
2026-07-03 09:35:00+02:00,328.70001220703125,328.75,328.6499938964844,328.70001220703125,2928,NOVO-B.CO,Novo Nordisk,Nasdaq Copenhagen,DKK,20260703_094838
2026-07-03 09:36:00+02:00,328.8999938964844,328.8999938964844,328.6499938964844,328.6499938964844,1295,NOVO-B.CO,Novo Nordisk,Nasdaq Copenhagen,DKK,20260703_094838
2026-07-03 09:37:00+02:00,329.1499938964844,329.25,328.95001220703125,328.95001220703125,7355,NOVO-B.CO,Novo Nordisk,Nasdaq Copenhagen,DKK,20260703_094838
2026-07-03 09:38:00+02:00,329.25,329.6000061035156,329.04998779296875,329.20001220703125,6139,NOVO-B.CO,Novo Nordisk,Nasdaq Copenhagen,DKK,20260703_094838
2026-07-03 09:39:00+02:00,329.3500061035156,329.45001220703125,329.1000061035156,329.3500061035156,6378,NOVO-B.CO,Novo Nordisk,Nasdaq Copenhagen,DKK,20260703_094838
2026-07-03 09:40:00+02:00,329.1000061035156,329.20001220703125,329.04998779296875,329.1000061035156,4846,NOVO-B.CO,Novo Nordisk,Nasdaq Copenhagen,DKK,20260703_094838
2026-07-03 09:41:00+02:00,328.8500061035156,329.25,328.8500061035156,329.25,13672,NOVO-B.CO,Novo Nordisk,Nasdaq Copenhagen,DKK,20260703_094838
2026-07-03 09:42:00+02:00,328.79998779296875,328.95001220703125,328.6000061035156,328.8999938964844,2569,NOVO-B.CO,Novo Nordisk,Nasdaq Copenhagen,DKK,20260703_094838
2026-07-03 09:43:00+02:00,328.3500061035156,328.79998779296875,328.25,328.79998779296875,10703,NOVO-B.CO,Novo Nordisk,Nasdaq Copenhagen,DKK,20260703_094838
2026-07-03 09:44:00+02:00,328.6499938964844,328.70001220703125,328.45001220703125,328.45001220703125,1692,NOVO-B.CO,Novo Nordisk,Nasdaq Copenhagen,DKK,20260703_094838
2026-07-03 09:45:00+02:00,328.29998779296875,328.70001220703125,328.1499938964844,328.70001220703125,12913,NOVO-B.CO,Novo Nordisk,Nasdaq Copenhagen,DKK,20260703_094838
2026-07-03 09:46:00+02:00,328.04998779296875,328.29998779296875,328.04998779296875,328.29998779296875,5929,NOVO-B.CO,Novo Nordisk,Nasdaq Copenhagen,DKK,20260703_094838
2026-07-03 09:47:00+02:00,327.8500061035156,328.1000061035156,327.79998779296875,328.04998779296875,2947,NOVO-B.CO,Novo Nordisk,Nasdaq Copenhagen,DKK,20260703_094838
2026-07-03 09:48:00+02:00,327.8500061035156,328.0,327.70001220703125,327.8999938964844,4946,NOVO-B.CO,Novo Nordisk,Nasdaq Copenhagen,DKK,20260703_094838
2026-07-03 09:49:00+02:00,327.54998779296875,327.8999938964844,327.54998779296875,327.8999938964844,4379,NOVO-B.CO,Novo Nordisk,Nasdaq Copenhagen,DKK,20260703_094838
2026-07-03 09:50:00+02:00,327.3500061035156,327.6000061035156,327.3500061035156,327.5,3673,NOVO-B.CO,Novo Nordisk,Nasdaq Copenhagen,DKK,20260703_094838
2026-07-03 09:51:00+02:00,327.1499938964844,327.5,327.1499938964844,327.3999938964844,2799,NOVO-B.CO,Novo Nordisk,Nasdaq Copenhagen,DKK,20260703_094838
2026-07-03 09:52:00+02:00,327.25,327.25,327.1499938964844,327.1499938964844,4767,NOVO-B.CO,Novo Nordisk,Nasdaq Copenhagen,DKK,20260703_094838
2026-07-03 09:53:00+02:00,327.3500061035156,327.3999938964844,327.1499938964844,327.25,3014,NOVO-B.CO,Novo Nordisk,Nasdaq Copenhagen,DKK,20260703_094838
2026-07-03 09:54:00+02:00,327.3500061035156,327.3500061035156,327.20001220703125,327.25,1573,NOVO-B.CO,Novo Nordisk,Nasdaq Copenhagen,DKK,20260703_094838
2026-07-03 09:55:00+02:00,327.3500061035156,327.70001220703125,327.3500061035156,327.45001220703125,1371,NOVO-B.CO,Novo Nordisk,Nasdaq Copenhagen,DKK,20260703_094838
2026-07-03 09:56:00+02:00,327.25,327.3999938964844,327.1499938964844,327.3999938964844,3675,NOVO-B.CO,Novo Nordisk,Nasdaq Copenhagen,DKK,20260703_094838
2026-07-03 09:57:00+02:00,326.95001220703125,327.20001220703125,326.95001220703125,327.20001220703125,6753,NOVO-B.CO,Novo Nordisk,Nasdaq Copenhagen,DKK,20260703_094838
2026-07-03 09:58:00+02:00,326.79998779296875,326.95001220703125,326.6000061035156,326.8999938964844,5782,NOVO-B.CO,Novo Nordisk,Nasdaq Copenhagen,DKK,20260703_094838
2026-07-03 09:59:00+02:00,326.75,326.95001220703125,326.6499938964844,326.79998779296875,3290,NOVO-B.CO,Novo Nordisk,Nasdaq Copenhagen,DKK,20260703_094838
2026-07-03 10:00:00+02:00,326.6000061035156,326.75,326.5,326.75,900,NOVO-B.CO,Novo Nordisk,Nasdaq Copenhagen,DKK,20260703_094838
2026-07-03 10:01:00+02:00,326.70001220703125,326.70001220703125,326.54998779296875,326.6000061035156,2988,NOVO-B.CO,Novo Nordisk,Nasdaq Copenhagen,DKK,20260703_094838
2026-07-03 10:02:00+02:00,326.6000061035156,326.6000061035156,326.5,326.54998779296875,845,NOVO-B.CO,Novo Nordisk,Nasdaq Copenhagen,DKK,20260703_094838
2026-07-03 10:03:00+02:00,326.3500061035156,326.54998779296875,326.29998779296875,326.5,5438,NOVO-B.CO,Novo Nordisk,Nasdaq Copenhagen,DKK,20260703_094838
2026-07-03 10:04:00+02:00,326.20001220703125,326.29998779296875,326.1499938964844,326.29998779296875,3839,NOVO-B.CO,Novo Nordisk,Nasdaq Copenhagen,DKK,20260703_094838
2026-07-03 10:05:00+02:00,326.54998779296875,326.8500061035156,326.29998779296875,326.29998779296875,4633,NOVO-B.CO,Novo Nordisk,Nasdaq Copenhagen,DKK,20260703_094838
2026-07-03 10:06:00+02:00,326.8999938964844,326.8999938964844,326.6000061035156,326.6000061035156,596,NOVO-B.CO,Novo Nordisk,Nasdaq Copenhagen,DKK,20260703_094838
2026-07-03 10:07:00+02:00,326.75,326.8500061035156,326.6000061035156,326.8500061035156,3197,NOVO-B.CO,Novo Nordisk,Nasdaq Copenhagen,DKK,20260703_094838
2026-07-03 10:08:00+02:00,326.79998779296875,326.79998779296875,326.5,326.6499938964844,13577,NOVO-B.CO,Novo Nordisk,Nasdaq Copenhagen,DKK,20260703_094838
2026-07-03 10:09:00+02:00,326.70001220703125,326.79998779296875,326.5,326.54998779296875,3323,NOVO-B.CO,Novo Nordisk,Nasdaq Copenhagen,DKK,20260703_094838
2026-07-03 10:10:00+02:00,326.8500061035156,326.95001220703125,326.70001220703125,326.79998779296875,887,NOVO-B.CO,Novo Nordisk,Nasdaq Copenhagen,DKK,20260703_094838
2026-07-03 10:11:00+02:00,326.75,326.79998779296875,326.70001220703125,326.79998779296875,7139,NOVO-B.CO,Novo Nordisk,Nasdaq Copenhagen,DKK,20260703_094838
2026-07-03 10:12:00+02:00,326.70001220703125,326.79998779296875,326.6499938964844,326.6499938964844,794,NOVO-B.CO,Novo Nordisk,Nasdaq Copenhagen,DKK,20260703_094838
2026-07-03 10:13:00+02:00,326.6000061035156,327.75,326.54998779296875,326.6499938964844,21900,NOVO-B.CO,Novo Nordisk,Nasdaq Copenhagen,DKK,20260703_094838
2026-07-03 10:14:00+02:00,326.3999938964844,326.70001220703125,326.0,326.5,32177,NOVO-B.CO,Novo Nordisk,Nasdaq Copenhagen,DKK,20260703_094838
2026-07-03 10:15:00+02:00,326.3500061035156,326.45001220703125,326.0,326.20001220703125,10693,NOVO-B.CO,Novo Nordisk,Nasdaq Copenhagen,DKK,20260703_094838
2026-07-03 10:16:00+02:00,326.25,326.3500061035156,326.20001220703125,326.25,1861,NOVO-B.CO,Novo Nordisk,Nasdaq Copenhagen,DKK,20260703_094838
2026-07-03 10:17:00+02:00,326.04998779296875,326.3500061035156,325.8999938964844,326.3500061035156,5696,NOVO-B.CO,Novo Nordisk,Nasdaq Copenhagen,DKK,20260703_094838
2026-07-03 10:18:00+02:00,326.3500061035156,326.3500061035156,326.20001220703125,326.20001220703125,1109,NOVO-B.CO,Novo Nordisk,Nasdaq Copenhagen,DKK,20260703_094838
2026-07-03 10:19:00+02:00,325.70001220703125,326.3999938964844,325.54998779296875,326.1499938964844,4039,NOVO-B.CO,Novo Nordisk,Nasdaq Copenhagen,DKK,20260703_094838
2026-07-03 10:20:00+02:00,325.75,325.79998779296875,325.54998779296875,325.70001220703125,3235,NOVO-B.CO,Novo Nordisk,Nasdaq Copenhagen,DKK,20260703_094838
2026-07-03 10:21:00+02:00,325.75,325.8999938964844,325.70001220703125,325.8500061035156,827,NOVO-B.CO,Novo Nordisk,Nasdaq Copenhagen,DKK,20260703_094838
2026-07-03 10:22:00+02:00,325.8999938964844,326.20001220703125,325.70001220703125,325.75,6978,NOVO-B.CO,Novo Nordisk,Nasdaq Copenhagen,DKK,20260703_094838
2026-07-03 10:23:00+02:00,325.8500061035156,326.04998779296875,325.8500061035156,325.8999938964844,1368,NOVO-B.CO,Novo Nordisk,Nasdaq Copenhagen,DKK,20260703_094838
2026-07-03 10:24:00+02:00,326.1499938964844,326.1499938964844,325.79998779296875,325.8999938964844,1089,NOVO-B.CO,Novo Nordisk,Nasdaq Copenhagen,DKK,20260703_094838
2026-07-03 10:25:00+02:00,326.1000061035156,326.1499938964844,326.0,326.0,516,NOVO-B.CO,Novo Nordisk,Nasdaq Copenhagen,DKK,20260703_094838
2026-07-03 10:26:00+02:00,326.1000061035156,326.1000061035156,326.1000061035156,326.1000061035156,513,NOVO-B.CO,Novo Nordisk,Nasdaq Copenhagen,DKK,20260703_094838
2026-07-03 10:27:00+02:00,326.29998779296875,326.29998779296875,326.1000061035156,326.1499938964844,1969,NOVO-B.CO,Novo Nordisk,Nasdaq Copenhagen,DKK,20260703_094838
2026-07-03 10:28:00+02:00,326.45001220703125,326.45001220703125,326.20001220703125,326.29998779296875,2609,NOVO-B.CO,Novo Nordisk,Nasdaq Copenhagen,DKK,20260703_094838
2026-07-03 10:29:00+02:00,326.54998779296875,326.54998779296875,326.3999938964844,326.45001220703125,1116,NOVO-B.CO,Novo Nordisk,Nasdaq Copenhagen,DKK,20260703_094838
2026-07-03 10:30:00+02:00,326.6499938964844,326.6499938964844,326.45001220703125,326.45001220703125,1830,NOVO-B.CO,Novo Nordisk,Nasdaq Copenhagen,DKK,20260703_094838
2026-07-03 10:31:00+02:00,326.54998779296875,326.6499938964844,326.45001220703125,326.5,3789,NOVO-B.CO,Novo Nordisk,Nasdaq Copenhagen,DKK,20260703_094838
2026-07-03 10:32:00+02:00,327.0,327.0,326.29998779296875,326.54998779296875,4606,NOVO-B.CO,Novo Nordisk,Nasdaq Copenhagen,DKK,20260703_094838
2026-07-03 10:33:00+02:00,327.04998779296875,327.04998779296875,326.95001220703125,326.95001220703125,724,NOVO-B.CO,Novo Nordisk,Nasdaq Copenhagen,DKK,20260703_094838
2026-07-03 10:34:00+02:00,327.1000061035156,327.3500061035156,326.95001220703125,327.04998779296875,3018,NOVO-B.CO,Novo Nordisk,Nasdaq Copenhagen,DKK,20260703_094838
2026-07-03 10:35:00+02:00,327.54998779296875,327.54998779296875,327.20001220703125,327.25,7209,NOVO-B.CO,Novo Nordisk,Nasdaq Copenhagen,DKK,20260703_094838
2026-07-03 10:36:00+02:00,327.3999938964844,327.70001220703125,327.3999938964844,327.54998779296875,3226,NOVO-B.CO,Novo Nordisk,Nasdaq Copenhagen,DKK,20260703_094838
2026-07-03 10:37:00+02:00,327.1000061035156,327.3999938964844,326.79998779296875,327.3999938964844,2924,NOVO-B.CO,Novo Nordisk,Nasdaq Copenhagen,DKK,20260703_094838
2026-07-03 10:38:00+02:00,327.04998779296875,327.1000061035156,326.95001220703125,326.95001220703125,344,NOVO-B.CO,Novo Nordisk,Nasdaq Copenhagen,DKK,20260703_094838
2026-07-03 10:39:00+02:00,327.04998779296875,327.20001220703125,326.8999938964844,326.95001220703125,630,NOVO-B.CO,Novo Nordisk,Nasdaq Copenhagen,DKK,20260703_094838
2026-07-03 10:40:00+02:00,327.70001220703125,327.8500061035156,327.25,327.25,3021,NOVO-B.CO,Novo Nordisk,Nasdaq Copenhagen,DKK,20260703_094838
2026-07-03 10:41:00+02:00,327.45001220703125,327.5,327.3999938964844,327.5,307,NOVO-B.CO,Novo Nordisk,Nasdaq Copenhagen,DKK,20260703_094838
2026-07-03 10:42:00+02:00,327.3500061035156,327.5,327.3500061035156,327.3999938964844,1284,NOVO-B.CO,Novo Nordisk,Nasdaq Copenhagen,DKK,20260703_094838
2026-07-03 10:43:00+02:00,327.6000061035156,327.6000061035156,327.3500061035156,327.45001220703125,1414,NOVO-B.CO,Novo Nordisk,Nasdaq Copenhagen,DKK,20260703_094838
2026-07-03 10:44:00+02:00,327.3999938964844,327.70001220703125,327.29998779296875,327.70001220703125,3575,NOVO-B.CO,Novo Nordisk,Nasdaq Copenhagen,DKK,20260703_094838
2026-07-03 10:45:00+02:00,327.29998779296875,327.45001220703125,327.29998779296875,327.3999938964844,295,NOVO-B.CO,Novo Nordisk,Nasdaq Copenhagen,DKK,20260703_094838
2026-07-03 10:46:00+02:00,327.29998779296875,327.29998779296875,327.20001220703125,327.25,143,NOVO-B.CO,Novo Nordisk,Nasdaq Copenhagen,DKK,20260703_094838
2026-07-03 10:47:00+02:00,327.1499938964844,327.20001220703125,327.1499938964844,327.20001220703125,400,NOVO-B.CO,Novo Nordisk,Nasdaq Copenhagen,DKK,20260703_094838
2026-07-03 10:48:00+02:00,327.3999938964844,327.3999938964844,327.1499938964844,327.1499938964844,1474,NOVO-B.CO,Novo Nordisk,Nasdaq Copenhagen,DKK,20260703_094838
2026-07-03 10:49:00+02:00,327.04998779296875,327.3999938964844,327.04998779296875,327.3999938964844,1903,NOVO-B.CO,Novo Nordisk,Nasdaq Copenhagen,DKK,20260703_094838
2026-07-03 10:50:00+02:00,327.04998779296875,327.04998779296875,326.95001220703125,327.0,6331,NOVO-B.CO,Novo Nordisk,Nasdaq Copenhagen,DKK,20260703_094838
2026-07-03 10:51:00+02:00,327.1000061035156,327.1499938964844,327.04998779296875,327.04998779296875,385,NOVO-B.CO,Novo Nordisk,Nasdaq Copenhagen,DKK,20260703_094838
2026-07-03 10:52:00+02:00,327.04998779296875,327.04998779296875,326.95001220703125,327.0,695,NOVO-B.CO,Novo Nordisk,Nasdaq Copenhagen,DKK,20260703_094838
2026-07-03 10:53:00+02:00,326.79998779296875,327.04998779296875,326.79998779296875,327.0,1367,NOVO-B.CO,Novo Nordisk,Nasdaq Copenhagen,DKK,20260703_094838
2026-07-03 10:54:00+02:00,326.5,326.75,326.5,326.75,1119,NOVO-B.CO,Novo Nordisk,Nasdaq Copenhagen,DKK,20260703_094838
2026-07-03 10:55:00+02:00,326.5,326.5,326.45001220703125,326.5,1868,NOVO-B.CO,Novo Nordisk,Nasdaq Copenhagen,DKK,20260703_094838
2026-07-03 10:56:00+02:00,326.5,326.6000061035156,326.45001220703125,326.45001220703125,6946,NOVO-B.CO,Novo Nordisk,Nasdaq Copenhagen,DKK,20260703_094838
2026-07-03 10:57:00+02:00,326.29998779296875,326.5,326.29998779296875,326.3999938964844,914,NOVO-B.CO,Novo Nordisk,Nasdaq Copenhagen,DKK,20260703_094838
2026-07-03 10:58:00+02:00,326.3500061035156,326.3999938964844,326.3500061035156,326.3500061035156,433,NOVO-B.CO,Novo Nordisk,Nasdaq Copenhagen,DKK,20260703_094838
2026-07-03 10:59:00+02:00,326.45001220703125,326.45001220703125,326.3500061035156,326.3500061035156,675,NOVO-B.CO,Novo Nordisk,Nasdaq Copenhagen,DKK,20260703_094838
2026-07-03 11:00:00+02:00,326.45001220703125,326.45001220703125,326.3500061035156,326.3500061035156,942,NOVO-B.CO,Novo Nordisk,Nasdaq Copenhagen,DKK,20260703_094838
2026-07-03 11:01:00+02:00,326.3500061035156,326.45001220703125,326.25,326.45001220703125,3396,NOVO-B.CO,Novo Nordisk,Nasdaq Copenhagen,DKK,20260703_094838
2026-07-03 11:02:00+02:00,326.3500061035156,326.3500061035156,326.25,326.3500061035156,320,NOVO-B.CO,Novo Nordisk,Nasdaq Copenhagen,DKK,20260703_094838
2026-07-03 11:03:00+02:00,326.3999938964844,326.45001220703125,326.3500061035156,326.3500061035156,426,NOVO-B.CO,Novo Nordisk,Nasdaq Copenhagen,DKK,20260703_094838
2026-07-03 11:04:00+02:00,326.20001220703125,326.29998779296875,326.20001220703125,326.29998779296875,2058,NOVO-B.CO,Novo Nordisk,Nasdaq Copenhagen,DKK,20260703_094838
2026-07-03 11:05:00+02:00,325.95001220703125,326.25,325.95001220703125,326.20001220703125,7960,NOVO-B.CO,Novo Nordisk,Nasdaq Copenhagen,DKK,20260703_094838
2026-07-03 11:06:00+02:00,325.79998779296875,325.8999938964844,325.70001220703125,325.8999938964844,2459,NOVO-B.CO,Novo Nordisk,Nasdaq Copenhagen,DKK,20260703_094838
2026-07-03 11:07:00+02:00,325.8500061035156,325.8500061035156,325.70001220703125,325.8500061035156,3902,NOVO-B.CO,Novo Nordisk,Nasdaq Copenhagen,DKK,20260703_094838
2026-07-03 11:08:00+02:00,325.79998779296875,325.8500061035156,325.70001220703125,325.79998779296875,365,NOVO-B.CO,Novo Nordisk,Nasdaq Copenhagen,DKK,20260703_094838
2026-07-03 11:09:00+02:00,325.75,325.79998779296875,325.6499938964844,325.75,1364,NOVO-B.CO,Novo Nordisk,Nasdaq Copenhagen,DKK,20260703_094838
2026-07-03 11:10:00+02:00,325.8500061035156,325.8500061035156,325.6499938964844,325.75,677,NOVO-B.CO,Novo Nordisk,Nasdaq Copenhagen,DKK,20260703_094838
2026-07-03 11:11:00+02:00,325.8500061035156,325.8500061035156,325.70001220703125,325.79998779296875,429,NOVO-B.CO,Novo Nordisk,Nasdaq Copenhagen,DKK,20260703_094838
2026-07-03 11:12:00+02:00,325.75,325.8999938964844,325.75,325.8500061035156,1335,NOVO-B.CO,Novo Nordisk,Nasdaq Copenhagen,DKK,20260703_094838
2026-07-03 11:13:00+02:00,325.70001220703125,325.75,325.70001220703125,325.70001220703125,815,NOVO-B.CO,Novo Nordisk,Nasdaq Copenhagen,DKK,20260703_094838
2026-07-03 11:14:00+02:00,325.6000061035156,325.6000061035156,325.5,325.6000061035156,404,NOVO-B.CO,Novo Nordisk,Nasdaq Copenhagen,DKK,20260703_094838
2026-07-03 11:15:00+02:00,325.8500061035156,325.95001220703125,325.6000061035156,325.6000061035156,4220,NOVO-B.CO,Novo Nordisk,Nasdaq Copenhagen,DKK,20260703_094838
2026-07-03 11:16:00+02:00,325.95001220703125,325.95001220703125,325.8500061035156,325.8999938964844,732,NOVO-B.CO,Novo Nordisk,Nasdaq Copenhagen,DKK,20260703_094838
2026-07-03 11:17:00+02:00,326.0,326.04998779296875,325.8500061035156,326.0,2503,NOVO-B.CO,Novo Nordisk,Nasdaq Copenhagen,DKK,20260703_094838
2026-07-03 11:18:00+02:00,325.95001220703125,325.95001220703125,325.8999938964844,325.95001220703125,1334,NOVO-B.CO,Novo Nordisk,Nasdaq Copenhagen,DKK,20260703_094838
2026-07-03 11:19:00+02:00,325.95001220703125,326.0,325.95001220703125,326.0,298,NOVO-B.CO,Novo Nordisk,Nasdaq Copenhagen,DKK,20260703_094838
2026-07-03 11:20:00+02:00,326.04998779296875,326.04998779296875,326.0,326.0,1493,NOVO-B.CO,Novo Nordisk,Nasdaq Copenhagen,DKK,20260703_094838
2026-07-03 11:21:00+02:00,325.95001220703125,326.1000061035156,325.95001220703125,326.04998779296875,2372,NOVO-B.CO,Novo Nordisk,Nasdaq Copenhagen,DKK,20260703_094838
2026-07-03 11:22:00+02:00,325.70001220703125,326.04998779296875,325.70001220703125,326.04998779296875,2199,NOVO-B.CO,Novo Nordisk,Nasdaq Copenhagen,DKK,20260703_094838
2026-07-03 11:23:00+02:00,325.6499938964844,325.70001220703125,325.6499938964844,325.6499938964844,2286,NOVO-B.CO,Novo Nordisk,Nasdaq Copenhagen,DKK,20260703_094838
2026-07-03 11:24:00+02:00,325.54998779296875,325.95001220703125,325.5,325.6499938964844,7611,NOVO-B.CO,Novo Nordisk,Nasdaq Copenhagen,DKK,20260703_094838
2026-07-03 11:25:00+02:00,325.6000061035156,325.6499938964844,325.5,325.6000061035156,1010,NOVO-B.CO,Novo Nordisk,Nasdaq Copenhagen,DKK,20260703_094838
2026-07-03 11:26:00+02:00,325.54998779296875,325.6000061035156,325.5,325.54998779296875,8220,NOVO-B.CO,Novo Nordisk,Nasdaq Copenhagen,DKK,20260703_094838
2026-07-03 11:27:00+02:00,325.5,325.6499938964844,325.5,325.54998779296875,3874,NOVO-B.CO,Novo Nordisk,Nasdaq Copenhagen,DKK,20260703_094838
2026-07-03 11:28:00+02:00,325.54998779296875,325.54998779296875,325.54998779296875,325.54998779296875,379,NOVO-B.CO,Novo Nordisk,Nasdaq Copenhagen,DKK,20260703_094838
2026-07-03 11:29:00+02:00,325.6000061035156,325.70001220703125,325.6000061035156,325.6499938964844,860,NOVO-B.CO,Novo Nordisk,Nasdaq Copenhagen,DKK,20260703_094838
2026-07-03 11:30:00+02:00,325.70001220703125,325.79998779296875,325.6499938964844,325.70001220703125,2121,NOVO-B.CO,Novo Nordisk,Nasdaq Copenhagen,DKK,20260703_094838
2026-07-03 11:31:00+02:00,325.54998779296875,325.70001220703125,325.54998779296875,325.6499938964844,1380,NOVO-B.CO,Novo Nordisk,Nasdaq Copenhagen,DKK,20260703_094838
2026-07-03 11:32:00+02:00,325.54998779296875,325.6000061035156,325.5,325.5,399,NOVO-B.CO,Novo Nordisk,Nasdaq Copenhagen,DKK,20260703_094838
2026-07-03 11:33:00+02:00,325.6499938964844,325.6499938964844,325.54998779296875,325.54998779296875,66,NOVO-B.CO,Novo Nordisk,Nasdaq Copenhagen,DKK,20260703_094838
2026-07-03 11:34:00+02:00,325.8500061035156,325.8500061035156,325.6499938964844,325.6499938964844,2143,NOVO-B.CO,Novo Nordisk,Nasdaq Copenhagen,DKK,20260703_094838
2026-07-03 11:35:00+02:00,325.95001220703125,325.95001220703125,325.79998779296875,325.79998779296875,2976,NOVO-B.CO,Novo Nordisk,Nasdaq Copenhagen,DKK,20260703_094838
2026-07-03 11:36:00+02:00,325.70001220703125,325.8500061035156,325.6499938964844,325.8500061035156,3203,NOVO-B.CO,Novo Nordisk,Nasdaq Copenhagen,DKK,20260703_094838
2026-07-03 11:37:00+02:00,325.6499938964844,325.75,325.6000061035156,325.6499938964844,5295,NOVO-B.CO,Novo Nordisk,Nasdaq Copenhagen,DKK,20260703_094838
2026-07-03 11:38:00+02:00,325.45001220703125,325.75,325.3500061035156,325.6000061035156,18178,NOVO-B.CO,Novo Nordisk,Nasdaq Copenhagen,DKK,20260703_094838
2026-07-03 11:39:00+02:00,325.6499938964844,325.6499938964844,325.3500061035156,325.3500061035156,6642,NOVO-B.CO,Novo Nordisk,Nasdaq Copenhagen,DKK,20260703_094838
2026-07-03 11:40:00+02:00,325.75,325.75,325.6000061035156,325.6000061035156,4853,NOVO-B.CO,Novo Nordisk,Nasdaq Copenhagen,DKK,20260703_094838
2026-07-03 11:41:00+02:00,325.95001220703125,326.0,325.75,325.75,5932,NOVO-B.CO,Novo Nordisk,Nasdaq Copenhagen,DKK,20260703_094838
2026-07-03 11:42:00+02:00,325.95001220703125,326.0,325.8999938964844,325.95001220703125,2617,NOVO-B.CO,Novo Nordisk,Nasdaq Copenhagen,DKK,20260703_094838
2026-07-03 11:43:00+02:00,326.25,326.25,325.95001220703125,326.0,4032,NOVO-B.CO,Novo Nordisk,Nasdaq Copenhagen,DKK,20260703_094838
2026-07-03 11:44:00+02:00,326.20001220703125,326.20001220703125,326.1499938964844,326.20001220703125,2020,NOVO-B.CO,Novo Nordisk,Nasdaq Copenhagen,DKK,20260703_094838
2026-07-03 11:45:00+02:00,326.29998779296875,326.3999938964844,326.25,326.29998779296875,7427,NOVO-B.CO,Novo Nordisk,Nasdaq Copenhagen,DKK,20260703_094838
2026-07-03 11:46:00+02:00,326.29998779296875,326.3999938964844,326.29998779296875,326.3500061035156,551,NOVO-B.CO,Novo Nordisk,Nasdaq Copenhagen,DKK,20260703_094838
2026-07-03 11:47:00+02:00,326.3500061035156,326.3500061035156,326.3500061035156,326.3500061035156,21,NOVO-B.CO,Novo Nordisk,Nasdaq Copenhagen,DKK,20260703_094838
2026-07-03 11:48:00+02:00,326.3500061035156,326.3500061035156,326.3500061035156,326.3500061035156,0,NOVO-B.CO,Novo Nordisk,Nasdaq Copenhagen,DKK,20260703_094838
2026-07-03 09:00:00+02:00,330.20001220703125,330.75,329.6499938964844,330.0,0,NOVO-B.CO,Novo Nordisk,Nasdaq Copenhagen,DKK,20260703_115906
2026-07-03 09:01:00+02:00,329.1000061035156,330.0,329.1000061035156,330.0,25999,NOVO-B.CO,Novo Nordisk,Nasdaq Copenhagen,DKK,20260703_115906
2026-07-03 09:02:00+02:00,328.45001220703125,329.25,328.1499938964844,329.20001220703125,30514,NOVO-B.CO,Novo Nordisk,Nasdaq Copenhagen,DKK,20260703_115906
2026-07-03 09:03:00+02:00,328.3999938964844,329.04998779296875,328.25,328.3500061035156,11869,NOVO-B.CO,Novo Nordisk,Nasdaq Copenhagen,DKK,20260703_115906
2026-07-03 09:04:00+02:00,328.04998779296875,328.45001220703125,327.75,328.45001220703125,12872,NOVO-B.CO,Novo Nordisk,Nasdaq Copenhagen,DKK,20260703_115906
2026-07-03 09:05:00+02:00,327.8500061035156,328.3500061035156,327.3999938964844,328.0,17825,NOVO-B.CO,Novo Nordisk,Nasdaq Copenhagen,DKK,20260703_115906
2026-07-03 09:06:00+02:00,327.29998779296875,328.25,327.29998779296875,327.79998779296875,10973,NOVO-B.CO,Novo Nordisk,Nasdaq Copenhagen,DKK,20260703_115906
2026-07-03 09:07:00+02:00,326.6000061035156,327.25,326.0,327.25,26614,NOVO-B.CO,Novo Nordisk,Nasdaq Copenhagen,DKK,20260703_115906
2026-07-03 09:08:00+02:00,327.04998779296875,327.1499938964844,326.6000061035156,326.6000061035156,7380,NOVO-B.CO,Novo Nordisk,Nasdaq Copenhagen,DKK,20260703_115906
2026-07-03 09:09:00+02:00,327.8999938964844,327.95001220703125,327.1000061035156,327.25,16717,NOVO-B.CO,Novo Nordisk,Nasdaq Copenhagen,DKK,20260703_115906
2026-07-03 09:10:00+02:00,327.3999938964844,328.0,327.3999938964844,327.95001220703125,26013,NOVO-B.CO,Novo Nordisk,Nasdaq Copenhagen,DKK,20260703_115906
2026-07-03 09:11:00+02:00,327.0,327.25,326.8999938964844,327.25,14281,NOVO-B.CO,Novo Nordisk,Nasdaq Copenhagen,DKK,20260703_115906
2026-07-03 09:12:00+02:00,327.0,327.1499938964844,326.8500061035156,327.04998779296875,4786,NOVO-B.CO,Novo Nordisk,Nasdaq Copenhagen,DKK,20260703_115906
2026-07-03 09:13:00+02:00,327.54998779296875,327.6499938964844,327.0,327.0,7567,NOVO-B.CO,Novo Nordisk,Nasdaq Copenhagen,DKK,20260703_115906
2026-07-03 09:14:00+02:00,327.6000061035156,327.79998779296875,327.3500061035156,327.54998779296875,9889,NOVO-B.CO,Novo Nordisk,Nasdaq Copenhagen,DKK,20260703_115906
2026-07-03 09:15:00+02:00,327.70001220703125,328.1000061035156,327.54998779296875,327.70001220703125,31110,NOVO-B.CO,Novo Nordisk,Nasdaq Copenhagen,DKK,20260703_115906
2026-07-03 09:16:00+02:00,327.8500061035156,328.0,327.6499938964844,327.70001220703125,5448,NOVO-B.CO,Novo Nordisk,Nasdaq Copenhagen,DKK,20260703_115906
2026-07-03 09:17:00+02:00,327.70001220703125,327.95001220703125,327.54998779296875,327.8500061035156,10407,NOVO-B.CO,Novo Nordisk,Nasdaq Copenhagen,DKK,20260703_115906
2026-07-03 09:18:00+02:00,327.3999938964844,327.8500061035156,327.3999938964844,327.75,9642,NOVO-B.CO,Novo Nordisk,Nasdaq Copenhagen,DKK,20260703_115906
2026-07-03 09:19:00+02:00,327.3999938964844,327.6000061035156,327.29998779296875,327.3999938964844,9536,NOVO-B.CO,Novo Nordisk,Nasdaq Copenhagen,DKK,20260703_115906
2026-07-03 09:20:00+02:00,327.54998779296875,327.6499938964844,327.45001220703125,327.5,5441,NOVO-B.CO,Novo Nordisk,Nasdaq Copenhagen,DKK,20260703_115906
2026-07-03 09:21:00+02:00,327.8500061035156,328.0,327.6000061035156,327.6000061035156,2251,NOVO-B.CO,Novo Nordisk,Nasdaq Copenhagen,DKK,20260703_115906
2026-07-03 09:22:00+02:00,327.54998779296875,328.0,327.54998779296875,327.79998779296875,9673,NOVO-B.CO,Novo Nordisk,Nasdaq Copenhagen,DKK,20260703_115906
2026-07-03 09:23:00+02:00,327.70001220703125,328.0,327.3500061035156,327.5,21964,NOVO-B.CO,Novo Nordisk,Nasdaq Copenhagen,DKK,20260703_115906
2026-07-03 09:24:00+02:00,327.79998779296875,328.1000061035156,327.6000061035156,327.79998779296875,12123,NOVO-B.CO,Novo Nordisk,Nasdaq Copenhagen,DKK,20260703_115906
2026-07-03 09:25:00+02:00,327.8999938964844,327.95001220703125,327.6000061035156,327.75,6079,NOVO-B.CO,Novo Nordisk,Nasdaq Copenhagen,DKK,20260703_115906
2026-07-03 09:26:00+02:00,328.5,328.5,327.8999938964844,327.8999938964844,7472,NOVO-B.CO,Novo Nordisk,Nasdaq Copenhagen,DKK,20260703_115906
2026-07-03 09:27:00+02:00,328.45001220703125,328.6499938964844,328.3999938964844,328.54998779296875,6879,NOVO-B.CO,Novo Nordisk,Nasdaq Copenhagen,DKK,20260703_115906
2026-07-03 09:28:00+02:00,328.3999938964844,328.5,328.3999938964844,328.3999938964844,3648,NOVO-B.CO,Novo Nordisk,Nasdaq Copenhagen,DKK,20260703_115906
2026-07-03 09:29:00+02:00,328.29998779296875,328.45001220703125,328.25,328.3500061035156,5927,NOVO-B.CO,Novo Nordisk,Nasdaq Copenhagen,DKK,20260703_115906
2026-07-03 09:30:00+02:00,328.29998779296875,328.3500061035156,328.20001220703125,328.25,7494,NOVO-B.CO,Novo Nordisk,Nasdaq Copenhagen,DKK,20260703_115906
2026-07-03 09:31:00+02:00,328.1499938964844,328.29998779296875,328.1000061035156,328.1499938964844,13236,NOVO-B.CO,Novo Nordisk,Nasdaq Copenhagen,DKK,20260703_115906
2026-07-03 09:32:00+02:00,328.3999938964844,328.45001220703125,328.20001220703125,328.20001220703125,3361,NOVO-B.CO,Novo Nordisk,Nasdaq Copenhagen,DKK,20260703_115906
2026-07-03 09:33:00+02:00,328.79998779296875,328.79998779296875,328.45001220703125,328.45001220703125,1808,NOVO-B.CO,Novo Nordisk,Nasdaq Copenhagen,DKK,20260703_115906
2026-07-03 09:34:00+02:00,328.6499938964844,328.75,328.6000061035156,328.75,3146,NOVO-B.CO,Novo Nordisk,Nasdaq Copenhagen,DKK,20260703_115906
2026-07-03 09:35:00+02:00,328.70001220703125,328.75,328.6499938964844,328.70001220703125,2928,NOVO-B.CO,Novo Nordisk,Nasdaq Copenhagen,DKK,20260703_115906
2026-07-03 09:36:00+02:00,328.8999938964844,328.8999938964844,328.6499938964844,328.6499938964844,1295,NOVO-B.CO,Novo Nordisk,Nasdaq Copenhagen,DKK,20260703_115906
2026-07-03 09:37:00+02:00,329.1499938964844,329.25,328.95001220703125,328.95001220703125,7355,NOVO-B.CO,Novo Nordisk,Nasdaq Copenhagen,DKK,20260703_115906
2026-07-03 09:38:00+02:00,329.25,329.6000061035156,329.04998779296875,329.20001220703125,6139,NOVO-B.CO,Novo Nordisk,Nasdaq Copenhagen,DKK,20260703_115906
2026-07-03 09:39:00+02:00,329.3500061035156,329.45001220703125,329.1000061035156,329.3500061035156,6378,NOVO-B.CO,Novo Nordisk,Nasdaq Copenhagen,DKK,20260703_115906
2026-07-03 09:40:00+02:00,329.1000061035156,329.20001220703125,329.04998779296875,329.1000061035156,4846,NOVO-B.CO,Novo Nordisk,Nasdaq Copenhagen,DKK,20260703_115906
2026-07-03 09:41:00+02:00,328.8500061035156,329.25,328.8500061035156,329.25,13672,NOVO-B.CO,Novo Nordisk,Nasdaq Copenhagen,DKK,20260703_115906
2026-07-03 09:42:00+02:00,328.79998779296875,328.95001220703125,328.6000061035156,328.8999938964844,2569,NOVO-B.CO,Novo Nordisk,Nasdaq Copenhagen,DKK,20260703_115906
2026-07-03 09:43:00+02:00,328.3500061035156,328.79998779296875,328.25,328.79998779296875,10703,NOVO-B.CO,Novo Nordisk,Nasdaq Copenhagen,DKK,20260703_115906
2026-07-03 09:44:00+02:00,328.6499938964844,328.70001220703125,328.45001220703125,328.45001220703125,1692,NOVO-B.CO,Novo Nordisk,Nasdaq Copenhagen,DKK,20260703_115906
2026-07-03 09:45:00+02:00,328.29998779296875,328.70001220703125,328.1499938964844,328.70001220703125,12913,NOVO-B.CO,Novo Nordisk,Nasdaq Copenhagen,DKK,20260703_115906
2026-07-03 09:46:00+02:00,328.04998779296875,328.29998779296875,328.04998779296875,328.29998779296875,5929,NOVO-B.CO,Novo Nordisk,Nasdaq Copenhagen,DKK,20260703_115906
2026-07-03 09:47:00+02:00,327.8500061035156,328.1000061035156,327.79998779296875,328.04998779296875,2947,NOVO-B.CO,Novo Nordisk,Nasdaq Copenhagen,DKK,20260703_115906
2026-07-03 09:48:00+02:00,327.8500061035156,328.0,327.70001220703125,327.8999938964844,4946,NOVO-B.CO,Novo Nordisk,Nasdaq Copenhagen,DKK,20260703_115906
2026-07-03 09:49:00+02:00,327.54998779296875,327.8999938964844,327.54998779296875,327.8999938964844,4379,NOVO-B.CO,Novo Nordisk,Nasdaq Copenhagen,DKK,20260703_115906
2026-07-03 09:50:00+02:00,327.3500061035156,327.6000061035156,327.3500061035156,327.5,3673,NOVO-B.CO,Novo Nordisk,Nasdaq Copenhagen,DKK,20260703_115906
2026-07-03 09:51:00+02:00,327.1499938964844,327.5,327.1499938964844,327.3999938964844,2799,NOVO-B.CO,Novo Nordisk,Nasdaq Copenhagen,DKK,20260703_115906
2026-07-03 09:52:00+02:00,327.25,327.25,327.1499938964844,327.1499938964844,4767,NOVO-B.CO,Novo Nordisk,Nasdaq Copenhagen,DKK,20260703_115906
2026-07-03 09:53:00+02:00,327.3500061035156,327.3999938964844,327.1499938964844,327.25,3014,NOVO-B.CO,Novo Nordisk,Nasdaq Copenhagen,DKK,20260703_115906
2026-07-03 09:54:00+02:00,327.3500061035156,327.3500061035156,327.20001220703125,327.25,1573,NOVO-B.CO,Novo Nordisk,Nasdaq Copenhagen,DKK,20260703_115906
2026-07-03 09:55:00+02:00,327.3500061035156,327.70001220703125,327.3500061035156,327.45001220703125,1371,NOVO-B.CO,Novo Nordisk,Nasdaq Copenhagen,DKK,20260703_115906
2026-07-03 09:56:00+02:00,327.25,327.3999938964844,327.1499938964844,327.3999938964844,3675,NOVO-B.CO,Novo Nordisk,Nasdaq Copenhagen,DKK,20260703_115906
2026-07-03 09:57:00+02:00,326.95001220703125,327.20001220703125,326.95001220703125,327.20001220703125,6753,NOVO-B.CO,Novo Nordisk,Nasdaq Copenhagen,DKK,20260703_115906
2026-07-03 09:58:00+02:00,326.79998779296875,326.95001220703125,326.6000061035156,326.8999938964844,5782,NOVO-B.CO,Novo Nordisk,Nasdaq Copenhagen,DKK,20260703_115906
2026-07-03 09:59:00+02:00,326.75,326.95001220703125,326.6499938964844,326.79998779296875,3290,NOVO-B.CO,Novo Nordisk,Nasdaq Copenhagen,DKK,20260703_115906
2026-07-03 10:00:00+02:00,326.6000061035156,326.75,326.5,326.75,900,NOVO-B.CO,Novo Nordisk,Nasdaq Copenhagen,DKK,20260703_115906
2026-07-03 10:01:00+02:00,326.70001220703125,326.70001220703125,326.54998779296875,326.6000061035156,2988,NOVO-B.CO,Novo Nordisk,Nasdaq Copenhagen,DKK,20260703_115906
2026-07-03 10:02:00+02:00,326.6000061035156,326.6000061035156,326.5,326.54998779296875,845,NOVO-B.CO,Novo Nordisk,Nasdaq Copenhagen,DKK,20260703_115906
2026-07-03 10:03:00+02:00,326.3500061035156,326.54998779296875,326.29998779296875,326.5,5438,NOVO-B.CO,Novo Nordisk,Nasdaq Copenhagen,DKK,20260703_115906
2026-07-03 10:04:00+02:00,326.20001220703125,326.29998779296875,326.1499938964844,326.29998779296875,3839,NOVO-B.CO,Novo Nordisk,Nasdaq Copenhagen,DKK,20260703_115906
2026-07-03 10:05:00+02:00,326.54998779296875,326.8500061035156,326.29998779296875,326.29998779296875,4633,NOVO-B.CO,Novo Nordisk,Nasdaq Copenhagen,DKK,20260703_115906
2026-07-03 10:06:00+02:00,326.8999938964844,326.8999938964844,326.6000061035156,326.6000061035156,596,NOVO-B.CO,Novo Nordisk,Nasdaq Copenhagen,DKK,20260703_115906
2026-07-03 10:07:00+02:00,326.75,326.8500061035156,326.6000061035156,326.8500061035156,3197,NOVO-B.CO,Novo Nordisk,Nasdaq Copenhagen,DKK,20260703_115906
2026-07-03 10:08:00+02:00,326.79998779296875,326.79998779296875,326.5,326.6499938964844,13577,NOVO-B.CO,Novo Nordisk,Nasdaq Copenhagen,DKK,20260703_115906
2026-07-03 10:09:00+02:00,326.70001220703125,326.79998779296875,326.5,326.54998779296875,3323,NOVO-B.CO,Novo Nordisk,Nasdaq Copenhagen,DKK,20260703_115906
2026-07-03 10:10:00+02:00,326.8500061035156,326.95001220703125,326.70001220703125,326.79998779296875,887,NOVO-B.CO,Novo Nordisk,Nasdaq Copenhagen,DKK,20260703_115906
2026-07-03 10:11:00+02:00,326.75,326.79998779296875,326.70001220703125,326.79998779296875,7139,NOVO-B.CO,Novo Nordisk,Nasdaq Copenhagen,DKK,20260703_115906
2026-07-03 10:12:00+02:00,326.70001220703125,326.79998779296875,326.6499938964844,326.6499938964844,794,NOVO-B.CO,Novo Nordisk,Nasdaq Copenhagen,DKK,20260703_115906
2026-07-03 10:13:00+02:00,326.6000061035156,327.75,326.54998779296875,326.6499938964844,21900,NOVO-B.CO,Novo Nordisk,Nasdaq Copenhagen,DKK,20260703_115906
2026-07-03 10:14:00+02:00,326.3999938964844,326.70001220703125,326.0,326.5,32177,NOVO-B.CO,Novo Nordisk,Nasdaq Copenhagen,DKK,20260703_115906
2026-07-03 10:15:00+02:00,326.3500061035156,326.45001220703125,326.0,326.20001220703125,10693,NOVO-B.CO,Novo Nordisk,Nasdaq Copenhagen,DKK,20260703_115906
2026-07-03 10:16:00+02:00,326.25,326.3500061035156,326.20001220703125,326.25,1861,NOVO-B.CO,Novo Nordisk,Nasdaq Copenhagen,DKK,20260703_115906
2026-07-03 10:17:00+02:00,326.04998779296875,326.3500061035156,325.8999938964844,326.3500061035156,5696,NOVO-B.CO,Novo Nordisk,Nasdaq Copenhagen,DKK,20260703_115906
2026-07-03 10:18:00+02:00,326.3500061035156,326.3500061035156,326.20001220703125,326.20001220703125,1109,NOVO-B.CO,Novo Nordisk,Nasdaq Copenhagen,DKK,20260703_115906
2026-07-03 10:19:00+02:00,325.70001220703125,326.3999938964844,325.54998779296875,326.1499938964844,4039,NOVO-B.CO,Novo Nordisk,Nasdaq Copenhagen,DKK,20260703_115906
2026-07-03 10:20:00+02:00,325.75,325.79998779296875,325.54998779296875,325.70001220703125,3235,NOVO-B.CO,Novo Nordisk,Nasdaq Copenhagen,DKK,20260703_115906
2026-07-03 10:21:00+02:00,325.75,325.8999938964844,325.70001220703125,325.8500061035156,827,NOVO-B.CO,Novo Nordisk,Nasdaq Copenhagen,DKK,20260703_115906
2026-07-03 10:22:00+02:00,325.8999938964844,326.20001220703125,325.70001220703125,325.75,6978,NOVO-B.CO,Novo Nordisk,Nasdaq Copenhagen,DKK,20260703_115906
2026-07-03 10:23:00+02:00,325.8500061035156,326.04998779296875,325.8500061035156,325.8999938964844,1368,NOVO-B.CO,Novo Nordisk,Nasdaq Copenhagen,DKK,20260703_115906
2026-07-03 10:24:00+02:00,326.1499938964844,326.1499938964844,325.79998779296875,325.8999938964844,1089,NOVO-B.CO,Novo Nordisk,Nasdaq Copenhagen,DKK,20260703_115906
2026-07-03 10:25:00+02:00,326.1000061035156,326.1499938964844,326.0,326.0,516,NOVO-B.CO,Novo Nordisk,Nasdaq Copenhagen,DKK,20260703_115906
2026-07-03 10:26:00+02:00,326.1000061035156,326.1000061035156,326.1000061035156,326.1000061035156,513,NOVO-B.CO,Novo Nordisk,Nasdaq Copenhagen,DKK,20260703_115906
2026-07-03 10:27:00+02:00,326.29998779296875,326.29998779296875,326.1000061035156,326.1499938964844,1969,NOVO-B.CO,Novo Nordisk,Nasdaq Copenhagen,DKK,20260703_115906
2026-07-03 10:28:00+02:00,326.45001220703125,326.45001220703125,326.20001220703125,326.29998779296875,2609,NOVO-B.CO,Novo Nordisk,Nasdaq Copenhagen,DKK,20260703_115906
2026-07-03 10:29:00+02:00,326.54998779296875,326.54998779296875,326.3999938964844,326.45001220703125,1116,NOVO-B.CO,Novo Nordisk,Nasdaq Copenhagen,DKK,20260703_115906
2026-07-03 10:30:00+02:00,326.6499938964844,326.6499938964844,326.45001220703125,326.45001220703125,1830,NOVO-B.CO,Novo Nordisk,Nasdaq Copenhagen,DKK,20260703_115906
2026-07-03 10:31:00+02:00,326.54998779296875,326.6499938964844,326.45001220703125,326.5,3789,NOVO-B.CO,Novo Nordisk,Nasdaq Copenhagen,DKK,20260703_115906
2026-07-03 10:32:00+02:00,327.0,327.0,326.29998779296875,326.54998779296875,4606,NOVO-B.CO,Novo Nordisk,Nasdaq Copenhagen,DKK,20260703_115906
2026-07-03 10:33:00+02:00,327.04998779296875,327.04998779296875,326.95001220703125,326.95001220703125,724,NOVO-B.CO,Novo Nordisk,Nasdaq Copenhagen,DKK,20260703_115906
2026-07-03 10:34:00+02:00,327.1000061035156,327.3500061035156,326.95001220703125,327.04998779296875,3018,NOVO-B.CO,Novo Nordisk,Nasdaq Copenhagen,DKK,20260703_115906
2026-07-03 10:35:00+02:00,327.54998779296875,327.54998779296875,327.20001220703125,327.25,7209,NOVO-B.CO,Novo Nordisk,Nasdaq Copenhagen,DKK,20260703_115906
2026-07-03 10:36:00+02:00,327.3999938964844,327.70001220703125,327.3999938964844,327.54998779296875,3226,NOVO-B.CO,Novo Nordisk,Nasdaq Copenhagen,DKK,20260703_115906
2026-07-03 10:37:00+02:00,327.1000061035156,327.3999938964844,326.79998779296875,327.3999938964844,2924,NOVO-B.CO,Novo Nordisk,Nasdaq Copenhagen,DKK,20260703_115906
2026-07-03 10:38:00+02:00,327.04998779296875,327.1000061035156,326.95001220703125,326.95001220703125,344,NOVO-B.CO,Novo Nordisk,Nasdaq Copenhagen,DKK,20260703_115906
2026-07-03 10:39:00+02:00,327.04998779296875,327.20001220703125,326.8999938964844,326.95001220703125,630,NOVO-B.CO,Novo Nordisk,Nasdaq Copenhagen,DKK,20260703_115906
2026-07-03 10:40:00+02:00,327.70001220703125,327.8500061035156,327.25,327.25,3021,NOVO-B.CO,Novo Nordisk,Nasdaq Copenhagen,DKK,20260703_115906
2026-07-03 10:41:00+02:00,327.45001220703125,327.5,327.3999938964844,327.5,307,NOVO-B.CO,Novo Nordisk,Nasdaq Copenhagen,DKK,20260703_115906
2026-07-03 10:42:00+02:00,327.3500061035156,327.5,327.3500061035156,327.3999938964844,1284,NOVO-B.CO,Novo Nordisk,Nasdaq Copenhagen,DKK,20260703_115906
2026-07-03 10:43:00+02:00,327.6000061035156,327.6000061035156,327.3500061035156,327.45001220703125,1414,NOVO-B.CO,Novo Nordisk,Nasdaq Copenhagen,DKK,20260703_115906
2026-07-03 10:44:00+02:00,327.3999938964844,327.70001220703125,327.29998779296875,327.70001220703125,3575,NOVO-B.CO,Novo Nordisk,Nasdaq Copenhagen,DKK,20260703_115906
2026-07-03 10:45:00+02:00,327.29998779296875,327.45001220703125,327.29998779296875,327.3999938964844,295,NOVO-B.CO,Novo Nordisk,Nasdaq Copenhagen,DKK,20260703_115906
2026-07-03 10:46:00+02:00,327.29998779296875,327.29998779296875,327.20001220703125,327.25,143,NOVO-B.CO,Novo Nordisk,Nasdaq Copenhagen,DKK,20260703_115906
2026-07-03 10:47:00+02:00,327.1499938964844,327.20001220703125,327.1499938964844,327.20001220703125,400,NOVO-B.CO,Novo Nordisk,Nasdaq Copenhagen,DKK,20260703_115906
2026-07-03 10:48:00+02:00,327.3999938964844,327.3999938964844,327.1499938964844,327.1499938964844,1474,NOVO-B.CO,Novo Nordisk,Nasdaq Copenhagen,DKK,20260703_115906
2026-07-03 10:49:00+02:00,327.04998779296875,327.3999938964844,327.04998779296875,327.3999938964844,1903,NOVO-B.CO,Novo Nordisk,Nasdaq Copenhagen,DKK,20260703_115906
2026-07-03 10:50:00+02:00,327.04998779296875,327.04998779296875,326.95001220703125,327.0,6331,NOVO-B.CO,Novo Nordisk,Nasdaq Copenhagen,DKK,20260703_115906
2026-07-03 10:51:00+02:00,327.1000061035156,327.1499938964844,327.04998779296875,327.04998779296875,385,NOVO-B.CO,Novo Nordisk,Nasdaq Copenhagen,DKK,20260703_115906
2026-07-03 10:52:00+02:00,327.04998779296875,327.04998779296875,326.95001220703125,327.0,695,NOVO-B.CO,Novo Nordisk,Nasdaq Copenhagen,DKK,20260703_115906
2026-07-03 10:53:00+02:00,326.79998779296875,327.04998779296875,326.79998779296875,327.0,1367,NOVO-B.CO,Novo Nordisk,Nasdaq Copenhagen,DKK,20260703_115906
2026-07-03 10:54:00+02:00,326.5,326.75,326.5,326.75,1119,NOVO-B.CO,Novo Nordisk,Nasdaq Copenhagen,DKK,20260703_115906
2026-07-03 10:55:00+02:00,326.5,326.5,326.45001220703125,326.5,1868,NOVO-B.CO,Novo Nordisk,Nasdaq Copenhagen,DKK,20260703_115906
2026-07-03 10:56:00+02:00,326.5,326.6000061035156,326.45001220703125,326.45001220703125,6946,NOVO-B.CO,Novo Nordisk,Nasdaq Copenhagen,DKK,20260703_115906
2026-07-03 10:57:00+02:00,326.29998779296875,326.5,326.29998779296875,326.3999938964844,914,NOVO-B.CO,Novo Nordisk,Nasdaq Copenhagen,DKK,20260703_115906
2026-07-03 10:58:00+02:00,326.3500061035156,326.3999938964844,326.3500061035156,326.3500061035156,433,NOVO-B.CO,Novo Nordisk,Nasdaq Copenhagen,DKK,20260703_115906
2026-07-03 10:59:00+02:00,326.45001220703125,326.45001220703125,326.3500061035156,326.3500061035156,675,NOVO-B.CO,Novo Nordisk,Nasdaq Copenhagen,DKK,20260703_115906
2026-07-03 11:00:00+02:00,326.45001220703125,326.45001220703125,326.3500061035156,326.3500061035156,942,NOVO-B.CO,Novo Nordisk,Nasdaq Copenhagen,DKK,20260703_115906
2026-07-03 11:01:00+02:00,326.3500061035156,326.45001220703125,326.25,326.45001220703125,3396,NOVO-B.CO,Novo Nordisk,Nasdaq Copenhagen,DKK,20260703_115906
2026-07-03 11:02:00+02:00,326.3500061035156,326.3500061035156,326.25,326.3500061035156,320,NOVO-B.CO,Novo Nordisk,Nasdaq Copenhagen,DKK,20260703_115906
2026-07-03 11:03:00+02:00,326.3999938964844,326.45001220703125,326.3500061035156,326.3500061035156,426,NOVO-B.CO,Novo Nordisk,Nasdaq Copenhagen,DKK,20260703_115906
2026-07-03 11:04:00+02:00,326.20001220703125,326.29998779296875,326.20001220703125,326.29998779296875,2058,NOVO-B.CO,Novo Nordisk,Nasdaq Copenhagen,DKK,20260703_115906
2026-07-03 11:05:00+02:00,325.95001220703125,326.25,325.95001220703125,326.20001220703125,7960,NOVO-B.CO,Novo Nordisk,Nasdaq Copenhagen,DKK,20260703_115906
2026-07-03 11:06:00+02:00,325.79998779296875,325.8999938964844,325.70001220703125,325.8999938964844,2459,NOVO-B.CO,Novo Nordisk,Nasdaq Copenhagen,DKK,20260703_115906
2026-07-03 11:07:00+02:00,325.8500061035156,325.8500061035156,325.70001220703125,325.8500061035156,3902,NOVO-B.CO,Novo Nordisk,Nasdaq Copenhagen,DKK,20260703_115906
2026-07-03 11:08:00+02:00,325.79998779296875,325.8500061035156,325.70001220703125,325.79998779296875,365,NOVO-B.CO,Novo Nordisk,Nasdaq Copenhagen,DKK,20260703_115906
2026-07-03 11:09:00+02:00,325.75,325.79998779296875,325.6499938964844,325.75,1364,NOVO-B.CO,Novo Nordisk,Nasdaq Copenhagen,DKK,20260703_115906
2026-07-03 11:10:00+02:00,325.8500061035156,325.8500061035156,325.6499938964844,325.75,677,NOVO-B.CO,Novo Nordisk,Nasdaq Copenhagen,DKK,20260703_115906
2026-07-03 11:11:00+02:00,325.8500061035156,325.8500061035156,325.70001220703125,325.79998779296875,429,NOVO-B.CO,Novo Nordisk,Nasdaq Copenhagen,DKK,20260703_115906
2026-07-03 11:12:00+02:00,325.75,325.8999938964844,325.75,325.8500061035156,1335,NOVO-B.CO,Novo Nordisk,Nasdaq Copenhagen,DKK,20260703_115906
2026-07-03 11:13:00+02:00,325.70001220703125,325.75,325.70001220703125,325.70001220703125,815,NOVO-B.CO,Novo Nordisk,Nasdaq Copenhagen,DKK,20260703_115906
2026-07-03 11:14:00+02:00,325.6000061035156,325.6000061035156,325.5,325.6000061035156,404,NOVO-B.CO,Novo Nordisk,Nasdaq Copenhagen,DKK,20260703_115906
2026-07-03 11:15:00+02:00,325.8500061035156,325.95001220703125,325.6000061035156,325.6000061035156,4220,NOVO-B.CO,Novo Nordisk,Nasdaq Copenhagen,DKK,20260703_115906
2026-07-03 11:16:00+02:00,325.95001220703125,325.95001220703125,325.8500061035156,325.8999938964844,732,NOVO-B.CO,Novo Nordisk,Nasdaq Copenhagen,DKK,20260703_115906
2026-07-03 11:17:00+02:00,326.0,326.04998779296875,325.8500061035156,326.0,2503,NOVO-B.CO,Novo Nordisk,Nasdaq Copenhagen,DKK,20260703_115906
2026-07-03 11:18:00+02:00,325.95001220703125,325.95001220703125,325.8999938964844,325.95001220703125,1334,NOVO-B.CO,Novo Nordisk,Nasdaq Copenhagen,DKK,20260703_115906
2026-07-03 11:19:00+02:00,325.95001220703125,326.0,325.95001220703125,326.0,298,NOVO-B.CO,Novo Nordisk,Nasdaq Copenhagen,DKK,20260703_115906
2026-07-03 11:20:00+02:00,326.04998779296875,326.04998779296875,326.0,326.0,1493,NOVO-B.CO,Novo Nordisk,Nasdaq Copenhagen,DKK,20260703_115906
2026-07-03 11:21:00+02:00,325.95001220703125,326.1000061035156,325.95001220703125,326.04998779296875,2372,NOVO-B.CO,Novo Nordisk,Nasdaq Copenhagen,DKK,20260703_115906
2026-07-03 11:22:00+02:00,325.70001220703125,326.04998779296875,325.70001220703125,326.04998779296875,2199,NOVO-B.CO,Novo Nordisk,Nasdaq Copenhagen,DKK,20260703_115906
2026-07-03 11:23:00+02:00,325.6499938964844,325.70001220703125,325.6499938964844,325.6499938964844,2286,NOVO-B.CO,Novo Nordisk,Nasdaq Copenhagen,DKK,20260703_115906
2026-07-03 11:24:00+02:00,325.54998779296875,325.95001220703125,325.5,325.6499938964844,7611,NOVO-B.CO,Novo Nordisk,Nasdaq Copenhagen,DKK,20260703_115906
2026-07-03 11:25:00+02:00,325.6000061035156,325.6499938964844,325.5,325.6000061035156,1010,NOVO-B.CO,Novo Nordisk,Nasdaq Copenhagen,DKK,20260703_115906
2026-07-03 11:26:00+02:00,325.54998779296875,325.6000061035156,325.5,325.54998779296875,8220,NOVO-B.CO,Novo Nordisk,Nasdaq Copenhagen,DKK,20260703_115906
2026-07-03 11:27:00+02:00,325.5,325.6499938964844,325.5,325.54998779296875,3874,NOVO-B.CO,Novo Nordisk,Nasdaq Copenhagen,DKK,20260703_115906
2026-07-03 11:28:00+02:00,325.54998779296875,325.54998779296875,325.54998779296875,325.54998779296875,379,NOVO-B.CO,Novo Nordisk,Nasdaq Copenhagen,DKK,20260703_115906
2026-07-03 11:29:00+02:00,325.6000061035156,325.70001220703125,325.6000061035156,325.6499938964844,860,NOVO-B.CO,Novo Nordisk,Nasdaq Copenhagen,DKK,20260703_115906
2026-07-03 11:30:00+02:00,325.70001220703125,325.79998779296875,325.6499938964844,325.70001220703125,2121,NOVO-B.CO,Novo Nordisk,Nasdaq Copenhagen,DKK,20260703_115906
2026-07-03 11:31:00+02:00,325.54998779296875,325.70001220703125,325.54998779296875,325.6499938964844,1380,NOVO-B.CO,Novo Nordisk,Nasdaq Copenhagen,DKK,20260703_115906
2026-07-03 11:32:00+02:00,325.54998779296875,325.6000061035156,325.5,325.5,399,NOVO-B.CO,Novo Nordisk,Nasdaq Copenhagen,DKK,20260703_115906
2026-07-03 11:33:00+02:00,325.6499938964844,325.6499938964844,325.54998779296875,325.54998779296875,66,NOVO-B.CO,Novo Nordisk,Nasdaq Copenhagen,DKK,20260703_115906
2026-07-03 11:34:00+02:00,325.8500061035156,325.8500061035156,325.6499938964844,325.6499938964844,2143,NOVO-B.CO,Novo Nordisk,Nasdaq Copenhagen,DKK,20260703_115906
2026-07-03 11:35:00+02:00,325.95001220703125,325.95001220703125,325.79998779296875,325.79998779296875,2976,NOVO-B.CO,Novo Nordisk,Nasdaq Copenhagen,DKK,20260703_115906
2026-07-03 11:36:00+02:00,325.70001220703125,325.8500061035156,325.6499938964844,325.8500061035156,3203,NOVO-B.CO,Novo Nordisk,Nasdaq Copenhagen,DKK,20260703_115906
2026-07-03 11:37:00+02:00,325.6499938964844,325.75,325.6000061035156,325.6499938964844,5295,NOVO-B.CO,Novo Nordisk,Nasdaq Copenhagen,DKK,20260703_115906
2026-07-03 11:38:00+02:00,325.45001220703125,325.75,325.3500061035156,325.6000061035156,18178,NOVO-B.CO,Novo Nordisk,Nasdaq Copenhagen,DKK,20260703_115906
2026-07-03 11:39:00+02:00,325.6499938964844,325.6499938964844,325.3500061035156,325.3500061035156,6642,NOVO-B.CO,Novo Nordisk,Nasdaq Copenhagen,DKK,20260703_115906
2026-07-03 11:40:00+02:00,325.75,325.75,325.6000061035156,325.6000061035156,4853,NOVO-B.CO,Novo Nordisk,Nasdaq Copenhagen,DKK,20260703_115906
2026-07-03 11:41:00+02:00,325.95001220703125,326.0,325.75,325.75,5932,NOVO-B.CO,Novo Nordisk,Nasdaq Copenhagen,DKK,20260703_115906
2026-07-03 11:42:00+02:00,325.95001220703125,326.0,325.8999938964844,325.95001220703125,2617,NOVO-B.CO,Novo Nordisk,Nasdaq Copenhagen,DKK,20260703_115906
2026-07-03 11:43:00+02:00,326.25,326.25,325.95001220703125,326.0,4032,NOVO-B.CO,Novo Nordisk,Nasdaq Copenhagen,DKK,20260703_115906
2026-07-03 11:44:00+02:00,326.20001220703125,326.20001220703125,326.1499938964844,326.20001220703125,2020,NOVO-B.CO,Novo Nordisk,Nasdaq Copenhagen,DKK,20260703_115906
2026-07-03 11:45:00+02:00,326.29998779296875,326.3999938964844,326.25,326.29998779296875,7427,NOVO-B.CO,Novo Nordisk,Nasdaq Copenhagen,DKK,20260703_115906
2026-07-03 11:46:00+02:00,326.29998779296875,326.3999938964844,326.29998779296875,326.3500061035156,551,NOVO-B.CO,Novo Nordisk,Nasdaq Copenhagen,DKK,20260703_115906
2026-07-03 11:47:00+02:00,326.3500061035156,326.3500061035156,326.3500061035156,326.3500061035156,21,NOVO-B.CO,Novo Nordisk,Nasdaq Copenhagen,DKK,20260703_115906
2026-07-03 11:48:00+02:00,326.3999938964844,326.3999938964844,326.3500061035156,326.3500061035156,127,NOVO-B.CO,Novo Nordisk,Nasdaq Copenhagen,DKK,20260703_115906
2026-07-03 11:49:00+02:00,326.3999938964844,326.45001220703125,326.3999938964844,326.3999938964844,557,NOVO-B.CO,Novo Nordisk,Nasdaq Copenhagen,DKK,20260703_115906
2026-07-03 11:50:00+02:00,326.20001220703125,326.3999938964844,326.20001220703125,326.3999938964844,1313,NOVO-B.CO,Novo Nordisk,Nasdaq Copenhagen,DKK,20260703_115906
2026-07-03 11:51:00+02:00,326.3999938964844,326.3999938964844,326.25,326.29998779296875,1266,NOVO-B.CO,Novo Nordisk,Nasdaq Copenhagen,DKK,20260703_115906
2026-07-03 11:52:00+02:00,326.3500061035156,326.3999938964844,326.29998779296875,326.3500061035156,1304,NOVO-B.CO,Novo Nordisk,Nasdaq Copenhagen,DKK,20260703_115906
2026-07-03 11:53:00+02:00,326.3500061035156,326.3500061035156,326.3500061035156,326.3500061035156,141,NOVO-B.CO,Novo Nordisk,Nasdaq Copenhagen,DKK,20260703_115906
2026-07-03 11:54:00+02:00,326.29998779296875,326.3999938964844,326.25,326.3500061035156,1161,NOVO-B.CO,Novo Nordisk,Nasdaq Copenhagen,DKK,20260703_115906
2026-07-03 11:55:00+02:00,326.45001220703125,326.5,326.3999938964844,326.3999938964844,1414,NOVO-B.CO,Novo Nordisk,Nasdaq Copenhagen,DKK,20260703_115906
2026-07-03 11:56:00+02:00,326.6499938964844,326.75,326.54998779296875,326.54998779296875,1071,NOVO-B.CO,Novo Nordisk,Nasdaq Copenhagen,DKK,20260703_115906
2026-07-03 11:57:00+02:00,326.6499938964844,326.79998779296875,326.6499938964844,326.75,586,NOVO-B.CO,Novo Nordisk,Nasdaq Copenhagen,DKK,20260703_115906
2026-07-03 11:58:00+02:00,326.79998779296875,326.79998779296875,326.6000061035156,326.6000061035156,838,NOVO-B.CO,Novo Nordisk,Nasdaq Copenhagen,DKK,20260703_115906
2026-07-03 11:59:00+02:00,326.8500061035156,326.8500061035156,326.70001220703125,326.79998779296875,359,NOVO-B.CO,Novo Nordisk,Nasdaq Copenhagen,DKK,20260703_115906
2026-07-03 12:00:00+02:00,326.75,326.8500061035156,326.75,326.8500061035156,530,NOVO-B.CO,Novo Nordisk,Nasdaq Copenhagen,DKK,20260703_115906
2026-07-03 12:01:00+02:00,326.79998779296875,326.79998779296875,326.70001220703125,326.79998779296875,326,NOVO-B.CO,Novo Nordisk,Nasdaq Copenhagen,DKK,20260703_115906
2026-07-03 12:02:00+02:00,326.75,326.79998779296875,326.75,326.75,33,NOVO-B.CO,Novo Nordisk,Nasdaq Copenhagen,DKK,20260703_115906
2026-07-03 12:03:00+02:00,326.79998779296875,326.79998779296875,326.79998779296875,326.79998779296875,100,NOVO-B.CO,Novo Nordisk,Nasdaq Copenhagen,DKK,20260703_115906
2026-07-03 12:04:00+02:00,327.25,327.25,326.8500061035156,326.8500061035156,13023,NOVO-B.CO,Novo Nordisk,Nasdaq Copenhagen,DKK,20260703_115906
2026-07-03 12:05:00+02:00,327.29998779296875,327.29998779296875,327.25,327.25,694,NOVO-B.CO,Novo Nordisk,Nasdaq Copenhagen,DKK,20260703_115906
2026-07-03 12:06:00+02:00,327.3500061035156,327.3500061035156,327.29998779296875,327.29998779296875,228,NOVO-B.CO,Novo Nordisk,Nasdaq Copenhagen,DKK,20260703_115906
2026-07-03 12:07:00+02:00,327.29998779296875,327.6000061035156,327.29998779296875,327.3999938964844,15723,NOVO-B.CO,Novo Nordisk,Nasdaq Copenhagen,DKK,20260703_115906
2026-07-03 12:08:00+02:00,327.29998779296875,327.3999938964844,327.25,327.29998779296875,1231,NOVO-B.CO,Novo Nordisk,Nasdaq Copenhagen,DKK,20260703_115906
2026-07-03 12:09:00+02:00,327.5,327.5,327.25,327.25,238,NOVO-B.CO,Novo Nordisk,Nasdaq Copenhagen,DKK,20260703_115906
2026-07-03 12:10:00+02:00,327.3999938964844,327.5,327.3500061035156,327.5,1922,NOVO-B.CO,Novo Nordisk,Nasdaq Copenhagen,DKK,20260703_115906
2026-07-03 12:11:00+02:00,327.29998779296875,327.5,327.29998779296875,327.45001220703125,2089,NOVO-B.CO,Novo Nordisk,Nasdaq Copenhagen,DKK,20260703_115906
2026-07-03 12:12:00+02:00,327.3999938964844,327.45001220703125,327.29998779296875,327.45001220703125,15,NOVO-B.CO,Novo Nordisk,Nasdaq Copenhagen,DKK,20260703_115906
2026-07-03 12:13:00+02:00,327.45001220703125,327.5,327.3999938964844,327.3999938964844,5434,NOVO-B.CO,Novo Nordisk,Nasdaq Copenhagen,DKK,20260703_115906
2026-07-03 12:14:00+02:00,327.3999938964844,327.45001220703125,327.3500061035156,327.45001220703125,313,NOVO-B.CO,Novo Nordisk,Nasdaq Copenhagen,DKK,20260703_115906
2026-07-03 12:15:00+02:00,327.3500061035156,327.5,327.3500061035156,327.5,2353,NOVO-B.CO,Novo Nordisk,Nasdaq Copenhagen,DKK,20260703_115906
2026-07-03 12:16:00+02:00,327.29998779296875,327.45001220703125,327.29998779296875,327.45001220703125,716,NOVO-B.CO,Novo Nordisk,Nasdaq Copenhagen,DKK,20260703_115906
2026-07-03 12:17:00+02:00,327.29998779296875,327.3500061035156,327.29998779296875,327.29998779296875,157,NOVO-B.CO,Novo Nordisk,Nasdaq Copenhagen,DKK,20260703_115906
2026-07-03 12:18:00+02:00,327.04998779296875,327.29998779296875,327.04998779296875,327.29998779296875,1055,NOVO-B.CO,Novo Nordisk,Nasdaq Copenhagen,DKK,20260703_115906
2026-07-03 12:19:00+02:00,326.8999938964844,327.04998779296875,326.79998779296875,327.0,3832,NOVO-B.CO,Novo Nordisk,Nasdaq Copenhagen,DKK,20260703_115906
2026-07-03 12:20:00+02:00,326.8500061035156,326.8999938964844,326.75,326.79998779296875,277,NOVO-B.CO,Novo Nordisk,Nasdaq Copenhagen,DKK,20260703_115906
2026-07-03 12:21:00+02:00,326.8500061035156,326.95001220703125,326.8500061035156,326.8999938964844,1117,NOVO-B.CO,Novo Nordisk,Nasdaq Copenhagen,DKK,20260703_115906
2026-07-03 12:22:00+02:00,326.8999938964844,326.8999938964844,326.8500061035156,326.8500061035156,96,NOVO-B.CO,Novo Nordisk,Nasdaq Copenhagen,DKK,20260703_115906
2026-07-03 12:23:00+02:00,326.8999938964844,326.95001220703125,326.8999938964844,326.95001220703125,5,NOVO-B.CO,Novo Nordisk,Nasdaq Copenhagen,DKK,20260703_115906
2026-07-03 12:24:00+02:00,326.8999938964844,327.04998779296875,326.8999938964844,326.95001220703125,819,NOVO-B.CO,Novo Nordisk,Nasdaq Copenhagen,DKK,20260703_115906
2026-07-03 12:25:00+02:00,327.0,327.0,327.0,327.0,16,NOVO-B.CO,Novo Nordisk,Nasdaq Copenhagen,DKK,20260703_115906
2026-07-03 12:26:00+02:00,326.79998779296875,326.8500061035156,326.75,326.8500061035156,789,NOVO-B.CO,Novo Nordisk,Nasdaq Copenhagen,DKK,20260703_115906
2026-07-03 12:27:00+02:00,327.0,327.0,326.8500061035156,326.8500061035156,5556,NOVO-B.CO,Novo Nordisk,Nasdaq Copenhagen,DKK,20260703_115906
2026-07-03 12:28:00+02:00,327.0,327.0,327.0,327.0,6,NOVO-B.CO,Novo Nordisk,Nasdaq Copenhagen,DKK,20260703_115906
2026-07-03 12:29:00+02:00,327.0,327.0,327.0,327.0,290,NOVO-B.CO,Novo Nordisk,Nasdaq Copenhagen,DKK,20260703_115906
2026-07-03 12:30:00+02:00,327.0,327.1000061035156,327.0,327.0,191,NOVO-B.CO,Novo Nordisk,Nasdaq Copenhagen,DKK,20260703_115906
2026-07-03 12:31:00+02:00,327.1499938964844,327.20001220703125,327.04998779296875,327.1000061035156,208,NOVO-B.CO,Novo Nordisk,Nasdaq Copenhagen,DKK,20260703_115906
2026-07-03 12:32:00+02:00,327.1499938964844,327.1499938964844,327.04998779296875,327.1499938964844,200,NOVO-B.CO,Novo Nordisk,Nasdaq Copenhagen,DKK,20260703_115906
2026-07-03 12:33:00+02:00,327.20001220703125,327.20001220703125,327.0,327.04998779296875,11901,NOVO-B.CO,Novo Nordisk,Nasdaq Copenhagen,DKK,20260703_115906
2026-07-03 12:34:00+02:00,327.1000061035156,327.20001220703125,327.1000061035156,327.20001220703125,37,NOVO-B.CO,Novo Nordisk,Nasdaq Copenhagen,DKK,20260703_115906
2026-07-03 12:35:00+02:00,327.0,327.1000061035156,327.0,327.1000061035156,27701,NOVO-B.CO,Novo Nordisk,Nasdaq Copenhagen,DKK,20260703_115906
2026-07-03 12:36:00+02:00,327.0,327.04998779296875,327.0,327.0,424,NOVO-B.CO,Novo Nordisk,Nasdaq Copenhagen,DKK,20260703_115906
2026-07-03 12:37:00+02:00,327.0,327.04998779296875,327.0,327.04998779296875,16477,NOVO-B.CO,Novo Nordisk,Nasdaq Copenhagen,DKK,20260703_115906
2026-07-03 12:38:00+02:00,327.04998779296875,327.04998779296875,327.0,327.0,369,NOVO-B.CO,Novo Nordisk,Nasdaq Copenhagen,DKK,20260703_115906
2026-07-03 12:39:00+02:00,327.0,327.04998779296875,327.0,327.0,21,NOVO-B.CO,Novo Nordisk,Nasdaq Copenhagen,DKK,20260703_115906
2026-07-03 12:40:00+02:00,326.75,327.0,326.6499938964844,327.0,13380,NOVO-B.CO,Novo Nordisk,Nasdaq Copenhagen,DKK,20260703_115906
2026-07-03 12:41:00+02:00,326.6000061035156,326.75,326.6000061035156,326.70001220703125,334,NOVO-B.CO,Novo Nordisk,Nasdaq Copenhagen,DKK,20260703_115906
2026-07-03 12:42:00+02:00,326.5,326.75,326.5,326.6499938964844,1988,NOVO-B.CO,Novo Nordisk,Nasdaq Copenhagen,DKK,20260703_115906
2026-07-03 12:43:00+02:00,326.3999938964844,326.5,326.3999938964844,326.5,446,NOVO-B.CO,Novo Nordisk,Nasdaq Copenhagen,DKK,20260703_115906
2026-07-03 12:44:00+02:00,326.5,326.5,326.29998779296875,326.3999938964844,529,NOVO-B.CO,Novo Nordisk,Nasdaq Copenhagen,DKK,20260703_115906
2026-07-03 12:45:00+02:00,326.5,326.5,326.5,326.5,339,NOVO-B.CO,Novo Nordisk,Nasdaq Copenhagen,DKK,20260703_115906
2026-07-03 12:46:00+02:00,326.5,326.54998779296875,326.45001220703125,326.5,1132,NOVO-B.CO,Novo Nordisk,Nasdaq Copenhagen,DKK,20260703_115906
2026-07-03 12:47:00+02:00,326.3999938964844,326.5,326.3999938964844,326.5,405,NOVO-B.CO,Novo Nordisk,Nasdaq Copenhagen,DKK,20260703_115906
2026-07-03 12:48:00+02:00,326.3500061035156,326.3999938964844,326.3500061035156,326.3999938964844,344,NOVO-B.CO,Novo Nordisk,Nasdaq Copenhagen,DKK,20260703_115906
2026-07-03 12:49:00+02:00,326.3500061035156,326.45001220703125,326.29998779296875,326.45001220703125,711,NOVO-B.CO,Novo Nordisk,Nasdaq Copenhagen,DKK,20260703_115906
2026-07-03 12:50:00+02:00,326.3500061035156,326.45001220703125,326.25,326.45001220703125,2640,NOVO-B.CO,Novo Nordisk,Nasdaq Copenhagen,DKK,20260703_115906
2026-07-03 12:51:00+02:00,326.20001220703125,326.3500061035156,326.20001220703125,326.25,3534,NOVO-B.CO,Novo Nordisk,Nasdaq Copenhagen,DKK,20260703_115906
2026-07-03 12:52:00+02:00,326.25,326.29998779296875,326.20001220703125,326.25,1852,NOVO-B.CO,Novo Nordisk,Nasdaq Copenhagen,DKK,20260703_115906
2026-07-03 12:53:00+02:00,326.20001220703125,326.3500061035156,326.1499938964844,326.25,669,NOVO-B.CO,Novo Nordisk,Nasdaq Copenhagen,DKK,20260703_115906
2026-07-03 12:54:00+02:00,326.20001220703125,326.25,326.1499938964844,326.20001220703125,493,NOVO-B.CO,Novo Nordisk,Nasdaq Copenhagen,DKK,20260703_115906
2026-07-03 12:55:00+02:00,326.3500061035156,326.3500061035156,326.20001220703125,326.20001220703125,264,NOVO-B.CO,Novo Nordisk,Nasdaq Copenhagen,DKK,20260703_115906
2026-07-03 12:56:00+02:00,326.45001220703125,326.45001220703125,326.3500061035156,326.3500061035156,1310,NOVO-B.CO,Novo Nordisk,Nasdaq Copenhagen,DKK,20260703_115906
2026-07-03 12:57:00+02:00,326.45001220703125,326.45001220703125,326.45001220703125,326.45001220703125,515,NOVO-B.CO,Novo Nordisk,Nasdaq Copenhagen,DKK,20260703_115906
2026-07-03 12:58:00+02:00,326.3999938964844,326.45001220703125,326.3999938964844,326.45001220703125,490,NOVO-B.CO,Novo Nordisk,Nasdaq Copenhagen,DKK,20260703_115906
2026-07-03 12:59:00+02:00,326.04998779296875,326.45001220703125,326.0,326.45001220703125,7789,NOVO-B.CO,Novo Nordisk,Nasdaq Copenhagen,DKK,20260703_115906
2026-07-03 13:00:00+02:00,326.04998779296875,326.1000061035156,326.04998779296875,326.1000061035156,344,NOVO-B.CO,Novo Nordisk,Nasdaq Copenhagen,DKK,20260703_115906
2026-07-03 13:01:00+02:00,326.1000061035156,326.1000061035156,326.1000061035156,326.1000061035156,3,NOVO-B.CO,Novo Nordisk,Nasdaq Copenhagen,DKK,20260703_115906
2026-07-03 13:02:00+02:00,326.20001220703125,326.20001220703125,325.95001220703125,326.0,1726,NOVO-B.CO,Novo Nordisk,Nasdaq Copenhagen,DKK,20260703_115906
2026-07-03 13:03:00+02:00,326.0,326.1499938964844,326.0,326.1499938964844,1127,NOVO-B.CO,Novo Nordisk,Nasdaq Copenhagen,DKK,20260703_115906
2026-07-03 13:04:00+02:00,326.0,326.1499938964844,326.0,326.0,1604,NOVO-B.CO,Novo Nordisk,Nasdaq Copenhagen,DKK,20260703_115906
2026-07-03 13:05:00+02:00,325.95001220703125,326.1000061035156,325.8500061035156,326.0,888,NOVO-B.CO,Novo Nordisk,Nasdaq Copenhagen,DKK,20260703_115906
2026-07-03 13:06:00+02:00,326.0,326.0,325.8999938964844,326.0,374,NOVO-B.CO,Novo Nordisk,Nasdaq Copenhagen,DKK,20260703_115906
2026-07-03 13:07:00+02:00,325.79998779296875,325.95001220703125,325.79998779296875,325.8999938964844,135,NOVO-B.CO,Novo Nordisk,Nasdaq Copenhagen,DKK,20260703_115906
2026-07-03 13:08:00+02:00,325.8500061035156,325.8999938964844,325.75,325.75,860,NOVO-B.CO,Novo Nordisk,Nasdaq Copenhagen,DKK,20260703_115906
2026-07-03 13:09:00+02:00,325.8999938964844,325.8999938964844,325.79998779296875,325.8500061035156,723,NOVO-B.CO,Novo Nordisk,Nasdaq Copenhagen,DKK,20260703_115906
2026-07-03 13:10:00+02:00,325.95001220703125,325.95001220703125,325.95001220703125,325.95001220703125,21,NOVO-B.CO,Novo Nordisk,Nasdaq Copenhagen,DKK,20260703_115906
2026-07-03 13:11:00+02:00,326.1499938964844,326.1499938964844,325.95001220703125,325.95001220703125,5127,NOVO-B.CO,Novo Nordisk,Nasdaq Copenhagen,DKK,20260703_115906
2026-07-03 13:12:00+02:00,326.1499938964844,326.20001220703125,326.1499938964844,326.1499938964844,144,NOVO-B.CO,Novo Nordisk,Nasdaq Copenhagen,DKK,20260703_115906
2026-07-03 13:13:00+02:00,326.1000061035156,326.20001220703125,326.04998779296875,326.20001220703125,721,NOVO-B.CO,Novo Nordisk,Nasdaq Copenhagen,DKK,20260703_115906
2026-07-03 13:14:00+02:00,326.0,326.1000061035156,325.95001220703125,326.0,2726,NOVO-B.CO,Novo Nordisk,Nasdaq Copenhagen,DKK,20260703_115906
2026-07-03 13:15:00+02:00,326.1000061035156,326.1000061035156,325.8500061035156,325.8999938964844,4662,NOVO-B.CO,Novo Nordisk,Nasdaq Copenhagen,DKK,20260703_115906
2026-07-03 13:16:00+02:00,326.04998779296875,326.1000061035156,326.04998779296875,326.1000061035156,623,NOVO-B.CO,Novo Nordisk,Nasdaq Copenhagen,DKK,20260703_115906
2026-07-03 13:17:00+02:00,326.0,326.1000061035156,326.0,326.04998779296875,191,NOVO-B.CO,Novo Nordisk,Nasdaq Copenhagen,DKK,20260703_115906
2026-07-03 13:18:00+02:00,326.1000061035156,326.1000061035156,326.0,326.1000061035156,909,NOVO-B.CO,Novo Nordisk,Nasdaq Copenhagen,DKK,20260703_115906
2026-07-03 13:19:00+02:00,326.0,326.1499938964844,325.95001220703125,326.1000061035156,823,NOVO-B.CO,Novo Nordisk,Nasdaq Copenhagen,DKK,20260703_115906
2026-07-03 13:20:00+02:00,325.75,325.95001220703125,325.75,325.95001220703125,1560,NOVO-B.CO,Novo Nordisk,Nasdaq Copenhagen,DKK,20260703_115906
2026-07-03 13:21:00+02:00,325.75,325.79998779296875,325.70001220703125,325.75,1161,NOVO-B.CO,Novo Nordisk,Nasdaq Copenhagen,DKK,20260703_115906
2026-07-03 13:22:00+02:00,325.79998779296875,325.79998779296875,325.70001220703125,325.79998779296875,1167,NOVO-B.CO,Novo Nordisk,Nasdaq Copenhagen,DKK,20260703_115906
2026-07-03 13:23:00+02:00,325.70001220703125,325.75,325.6499938964844,325.75,1624,NOVO-B.CO,Novo Nordisk,Nasdaq Copenhagen,DKK,20260703_115906
2026-07-03 13:24:00+02:00,325.6499938964844,325.75,325.6499938964844,325.6499938964844,8231,NOVO-B.CO,Novo Nordisk,Nasdaq Copenhagen,DKK,20260703_115906
2026-07-03 13:25:00+02:00,325.6000061035156,325.6499938964844,325.54998779296875,325.6000061035156,2285,NOVO-B.CO,Novo Nordisk,Nasdaq Copenhagen,DKK,20260703_115906
2026-07-03 13:26:00+02:00,325.3999938964844,325.6000061035156,325.3500061035156,325.54998779296875,4143,NOVO-B.CO,Novo Nordisk,Nasdaq Copenhagen,DKK,20260703_115906
2026-07-03 13:27:00+02:00,325.29998779296875,325.3500061035156,325.29998779296875,325.3500061035156,564,NOVO-B.CO,Novo Nordisk,Nasdaq Copenhagen,DKK,20260703_115906
2026-07-03 13:28:00+02:00,325.29998779296875,325.3500061035156,325.25,325.3500061035156,1804,NOVO-B.CO,Novo Nordisk,Nasdaq Copenhagen,DKK,20260703_115906
2026-07-03 13:29:00+02:00,325.20001220703125,325.3500061035156,325.1499938964844,325.29998779296875,7614,NOVO-B.CO,Novo Nordisk,Nasdaq Copenhagen,DKK,20260703_115906
2026-07-03 13:30:00+02:00,325.29998779296875,325.29998779296875,325.25,325.25,1202,NOVO-B.CO,Novo Nordisk,Nasdaq Copenhagen,DKK,20260703_115906
2026-07-03 13:31:00+02:00,325.45001220703125,325.45001220703125,325.29998779296875,325.29998779296875,1084,NOVO-B.CO,Novo Nordisk,Nasdaq Copenhagen,DKK,20260703_115906
2026-07-03 13:32:00+02:00,325.45001220703125,325.45001220703125,325.45001220703125,325.45001220703125,434,NOVO-B.CO,Novo Nordisk,Nasdaq Copenhagen,DKK,20260703_115906
2026-07-03 13:33:00+02:00,325.25,325.45001220703125,325.25,325.45001220703125,1103,NOVO-B.CO,Novo Nordisk,Nasdaq Copenhagen,DKK,20260703_115906
2026-07-03 13:34:00+02:00,325.29998779296875,325.3500061035156,325.29998779296875,325.29998779296875,1146,NOVO-B.CO,Novo Nordisk,Nasdaq Copenhagen,DKK,20260703_115906
2026-07-03 13:35:00+02:00,325.45001220703125,325.5,325.29998779296875,325.29998779296875,1461,NOVO-B.CO,Novo Nordisk,Nasdaq Copenhagen,DKK,20260703_115906
2026-07-03 13:36:00+02:00,325.3500061035156,325.45001220703125,325.3500061035156,325.45001220703125,315,NOVO-B.CO,Novo Nordisk,Nasdaq Copenhagen,DKK,20260703_115906
2026-07-03 13:37:00+02:00,325.3999938964844,325.3999938964844,325.3999938964844,325.3999938964844,284,NOVO-B.CO,Novo Nordisk,Nasdaq Copenhagen,DKK,20260703_115906
2026-07-03 13:38:00+02:00,325.3999938964844,325.45001220703125,325.3999938964844,325.3999938964844,134,NOVO-B.CO,Novo Nordisk,Nasdaq Copenhagen,DKK,20260703_115906
2026-07-03 13:39:00+02:00,325.45001220703125,325.45001220703125,325.45001220703125,325.45001220703125,900,NOVO-B.CO,Novo Nordisk,Nasdaq Copenhagen,DKK,20260703_115906
2026-07-03 13:40:00+02:00,325.45001220703125,325.79998779296875,325.3999938964844,325.45001220703125,3503,NOVO-B.CO,Novo Nordisk,Nasdaq Copenhagen,DKK,20260703_115906
2026-07-03 13:41:00+02:00,325.5,325.5,325.45001220703125,325.45001220703125,984,NOVO-B.CO,Novo Nordisk,Nasdaq Copenhagen,DKK,20260703_115906
2026-07-03 13:42:00+02:00,325.3999938964844,325.3999938964844,325.3999938964844,325.3999938964844,90,NOVO-B.CO,Novo Nordisk,Nasdaq Copenhagen,DKK,20260703_115906
2026-07-03 13:43:00+02:00,325.6000061035156,325.6000061035156,325.5,325.5,1040,NOVO-B.CO,Novo Nordisk,Nasdaq Copenhagen,DKK,20260703_115906
2026-07-03 13:44:00+02:00,325.75,325.75,325.6499938964844,325.6499938964844,741,NOVO-B.CO,Novo Nordisk,Nasdaq Copenhagen,DKK,20260703_115906
2026-07-03 13:45:00+02:00,325.6000061035156,325.75,325.6000061035156,325.70001220703125,1642,NOVO-B.CO,Novo Nordisk,Nasdaq Copenhagen,DKK,20260703_115906
2026-07-03 13:46:00+02:00,325.8999938964844,325.8999938964844,325.70001220703125,325.70001220703125,1118,NOVO-B.CO,Novo Nordisk,Nasdaq Copenhagen,DKK,20260703_115906
2026-07-03 13:47:00+02:00,325.95001220703125,325.95001220703125,325.8999938964844,325.8999938964844,523,NOVO-B.CO,Novo Nordisk,Nasdaq Copenhagen,DKK,20260703_115906
2026-07-03 13:48:00+02:00,325.8999938964844,326.0,325.8500061035156,325.95001220703125,2019,NOVO-B.CO,Novo Nordisk,Nasdaq Copenhagen,DKK,20260703_115906
2026-07-03 13:49:00+02:00,325.8999938964844,325.8999938964844,325.79998779296875,325.79998779296875,241,NOVO-B.CO,Novo Nordisk,Nasdaq Copenhagen,DKK,20260703_115906
2026-07-03 13:50:00+02:00,325.8500061035156,325.8500061035156,325.79998779296875,325.8500061035156,344,NOVO-B.CO,Novo Nordisk,Nasdaq Copenhagen,DKK,20260703_115906
2026-07-03 13:51:00+02:00,325.5,325.79998779296875,325.5,325.79998779296875,4730,NOVO-B.CO,Novo Nordisk,Nasdaq Copenhagen,DKK,20260703_115906
2026-07-03 13:52:00+02:00,325.6000061035156,325.6000061035156,325.54998779296875,325.54998779296875,1117,NOVO-B.CO,Novo Nordisk,Nasdaq Copenhagen,DKK,20260703_115906
2026-07-03 13:53:00+02:00,325.70001220703125,325.70001220703125,325.5,325.5,1453,NOVO-B.CO,Novo Nordisk,Nasdaq Copenhagen,DKK,20260703_115906
2026-07-03 13:54:00+02:00,325.70001220703125,325.70001220703125,325.6000061035156,325.70001220703125,310,NOVO-B.CO,Novo Nordisk,Nasdaq Copenhagen,DKK,20260703_115906
2026-07-03 13:55:00+02:00,325.6499938964844,325.6499938964844,325.6000061035156,325.6499938964844,2205,NOVO-B.CO,Novo Nordisk,Nasdaq Copenhagen,DKK,20260703_115906
2026-07-03 13:56:00+02:00,325.70001220703125,325.70001220703125,325.6000061035156,325.70001220703125,1465,NOVO-B.CO,Novo Nordisk,Nasdaq Copenhagen,DKK,20260703_115906
2026-07-03 13:57:00+02:00,325.79998779296875,325.79998779296875,325.6499938964844,325.6499938964844,639,NOVO-B.CO,Novo Nordisk,Nasdaq Copenhagen,DKK,20260703_115906
2026-07-03 13:58:00+02:00,325.20001220703125,325.8500061035156,325.20001220703125,325.79998779296875,4874,NOVO-B.CO,Novo Nordisk,Nasdaq Copenhagen,DKK,20260703_115906
2026-07-03 13:59:00+02:00,325.25,325.25,325.25,325.25,0,NOVO-B.CO,Novo Nordisk,Nasdaq Copenhagen,DKK,20260703_115906
2026-07-03 09:00:00+02:00,330.20001220703125,330.75,329.6499938964844,330.0,0,NOVO-B.CO,Novo Nordisk,Nasdaq Copenhagen,DKK,20260703_140048
2026-07-03 09:01:00+02:00,329.1000061035156,330.0,329.1000061035156,330.0,25999,NOVO-B.CO,Novo Nordisk,Nasdaq Copenhagen,DKK,20260703_140048
2026-07-03 09:02:00+02:00,328.45001220703125,329.25,328.1499938964844,329.20001220703125,30514,NOVO-B.CO,Novo Nordisk,Nasdaq Copenhagen,DKK,20260703_140048
2026-07-03 09:03:00+02:00,328.3999938964844,329.04998779296875,328.25,328.3500061035156,11869,NOVO-B.CO,Novo Nordisk,Nasdaq Copenhagen,DKK,20260703_140048
2026-07-03 09:04:00+02:00,328.04998779296875,328.45001220703125,327.75,328.45001220703125,12872,NOVO-B.CO,Novo Nordisk,Nasdaq Copenhagen,DKK,20260703_140048
2026-07-03 09:05:00+02:00,327.8500061035156,328.3500061035156,327.3999938964844,328.0,17825,NOVO-B.CO,Novo Nordisk,Nasdaq Copenhagen,DKK,20260703_140048
2026-07-03 09:06:00+02:00,327.29998779296875,328.25,327.29998779296875,327.79998779296875,10973,NOVO-B.CO,Novo Nordisk,Nasdaq Copenhagen,DKK,20260703_140048
2026-07-03 09:07:00+02:00,326.6000061035156,327.25,326.0,327.25,26614,NOVO-B.CO,Novo Nordisk,Nasdaq Copenhagen,DKK,20260703_140048
2026-07-03 09:08:00+02:00,327.04998779296875,327.1499938964844,326.6000061035156,326.6000061035156,7380,NOVO-B.CO,Novo Nordisk,Nasdaq Copenhagen,DKK,20260703_140048
2026-07-03 09:09:00+02:00,327.8999938964844,327.95001220703125,327.1000061035156,327.25,16717,NOVO-B.CO,Novo Nordisk,Nasdaq Copenhagen,DKK,20260703_140048
2026-07-03 09:10:00+02:00,327.3999938964844,328.0,327.3999938964844,327.95001220703125,26013,NOVO-B.CO,Novo Nordisk,Nasdaq Copenhagen,DKK,20260703_140048
2026-07-03 09:11:00+02:00,327.0,327.25,326.8999938964844,327.25,14281,NOVO-B.CO,Novo Nordisk,Nasdaq Copenhagen,DKK,20260703_140048
2026-07-03 09:12:00+02:00,327.0,327.1499938964844,326.8500061035156,327.04998779296875,4786,NOVO-B.CO,Novo Nordisk,Nasdaq Copenhagen,DKK,20260703_140048
2026-07-03 09:13:00+02:00,327.54998779296875,327.6499938964844,327.0,327.0,7567,NOVO-B.CO,Novo Nordisk,Nasdaq Copenhagen,DKK,20260703_140048
2026-07-03 09:14:00+02:00,327.6000061035156,327.79998779296875,327.3500061035156,327.54998779296875,9889,NOVO-B.CO,Novo Nordisk,Nasdaq Copenhagen,DKK,20260703_140048
2026-07-03 09:15:00+02:00,327.70001220703125,328.1000061035156,327.54998779296875,327.70001220703125,31110,NOVO-B.CO,Novo Nordisk,Nasdaq Copenhagen,DKK,20260703_140048
2026-07-03 09:16:00+02:00,327.8500061035156,328.0,327.6499938964844,327.70001220703125,5448,NOVO-B.CO,Novo Nordisk,Nasdaq Copenhagen,DKK,20260703_140048
2026-07-03 09:17:00+02:00,327.70001220703125,327.95001220703125,327.54998779296875,327.8500061035156,10407,NOVO-B.CO,Novo Nordisk,Nasdaq Copenhagen,DKK,20260703_140048
2026-07-03 09:18:00+02:00,327.3999938964844,327.8500061035156,327.3999938964844,327.75,9642,NOVO-B.CO,Novo Nordisk,Nasdaq Copenhagen,DKK,20260703_140048
2026-07-03 09:19:00+02:00,327.3999938964844,327.6000061035156,327.29998779296875,327.3999938964844,9536,NOVO-B.CO,Novo Nordisk,Nasdaq Copenhagen,DKK,20260703_140048
2026-07-03 09:20:00+02:00,327.54998779296875,327.6499938964844,327.45001220703125,327.5,5441,NOVO-B.CO,Novo Nordisk,Nasdaq Copenhagen,DKK,20260703_140048
2026-07-03 09:21:00+02:00,327.8500061035156,328.0,327.6000061035156,327.6000061035156,2251,NOVO-B.CO,Novo Nordisk,Nasdaq Copenhagen,DKK,20260703_140048
2026-07-03 09:22:00+02:00,327.54998779296875,328.0,327.54998779296875,327.79998779296875,9673,NOVO-B.CO,Novo Nordisk,Nasdaq Copenhagen,DKK,20260703_140048
2026-07-03 09:23:00+02:00,327.70001220703125,328.0,327.3500061035156,327.5,21964,NOVO-B.CO,Novo Nordisk,Nasdaq Copenhagen,DKK,20260703_140048
2026-07-03 09:24:00+02:00,327.79998779296875,328.1000061035156,327.6000061035156,327.79998779296875,12123,NOVO-B.CO,Novo Nordisk,Nasdaq Copenhagen,DKK,20260703_140048
2026-07-03 09:25:00+02:00,327.8999938964844,327.95001220703125,327.6000061035156,327.75,6079,NOVO-B.CO,Novo Nordisk,Nasdaq Copenhagen,DKK,20260703_140048
2026-07-03 09:26:00+02:00,328.5,328.5,327.8999938964844,327.8999938964844,7472,NOVO-B.CO,Novo Nordisk,Nasdaq Copenhagen,DKK,20260703_140048
2026-07-03 09:27:00+02:00,328.45001220703125,328.6499938964844,328.3999938964844,328.54998779296875,6879,NOVO-B.CO,Novo Nordisk,Nasdaq Copenhagen,DKK,20260703_140048
2026-07-03 09:28:00+02:00,328.3999938964844,328.5,328.3999938964844,328.3999938964844,3648,NOVO-B.CO,Novo Nordisk,Nasdaq Copenhagen,DKK,20260703_140048
2026-07-03 09:29:00+02:00,328.29998779296875,328.45001220703125,328.25,328.3500061035156,5927,NOVO-B.CO,Novo Nordisk,Nasdaq Copenhagen,DKK,20260703_140048
2026-07-03 09:30:00+02:00,328.29998779296875,328.3500061035156,328.20001220703125,328.25,7494,NOVO-B.CO,Novo Nordisk,Nasdaq Copenhagen,DKK,20260703_140048
2026-07-03 09:31:00+02:00,328.1499938964844,328.29998779296875,328.1000061035156,328.1499938964844,13236,NOVO-B.CO,Novo Nordisk,Nasdaq Copenhagen,DKK,20260703_140048
2026-07-03 09:32:00+02:00,328.3999938964844,328.45001220703125,328.20001220703125,328.20001220703125,3361,NOVO-B.CO,Novo Nordisk,Nasdaq Copenhagen,DKK,20260703_140048
2026-07-03 09:33:00+02:00,328.79998779296875,328.79998779296875,328.45001220703125,328.45001220703125,1808,NOVO-B.CO,Novo Nordisk,Nasdaq Copenhagen,DKK,20260703_140048
2026-07-03 09:34:00+02:00,328.6499938964844,328.75,328.6000061035156,328.75,3146,NOVO-B.CO,Novo Nordisk,Nasdaq Copenhagen,DKK,20260703_140048
2026-07-03 09:35:00+02:00,328.70001220703125,328.75,328.6499938964844,328.70001220703125,2928,NOVO-B.CO,Novo Nordisk,Nasdaq Copenhagen,DKK,20260703_140048
2026-07-03 09:36:00+02:00,328.8999938964844,328.8999938964844,328.6499938964844,328.6499938964844,1295,NOVO-B.CO,Novo Nordisk,Nasdaq Copenhagen,DKK,20260703_140048
2026-07-03 09:37:00+02:00,329.1499938964844,329.25,328.95001220703125,328.95001220703125,7355,NOVO-B.CO,Novo Nordisk,Nasdaq Copenhagen,DKK,20260703_140048
2026-07-03 09:38:00+02:00,329.25,329.6000061035156,329.04998779296875,329.20001220703125,6139,NOVO-B.CO,Novo Nordisk,Nasdaq Copenhagen,DKK,20260703_140048
2026-07-03 09:39:00+02:00,329.3500061035156,329.45001220703125,329.1000061035156,329.3500061035156,6378,NOVO-B.CO,Novo Nordisk,Nasdaq Copenhagen,DKK,20260703_140048
2026-07-03 09:40:00+02:00,329.1000061035156,329.20001220703125,329.04998779296875,329.1000061035156,4846,NOVO-B.CO,Novo Nordisk,Nasdaq Copenhagen,DKK,20260703_140048
2026-07-03 09:41:00+02:00,328.8500061035156,329.25,328.8500061035156,329.25,13672,NOVO-B.CO,Novo Nordisk,Nasdaq Copenhagen,DKK,20260703_140048
2026-07-03 09:42:00+02:00,328.79998779296875,328.95001220703125,328.6000061035156,328.8999938964844,2569,NOVO-B.CO,Novo Nordisk,Nasdaq Copenhagen,DKK,20260703_140048
2026-07-03 09:43:00+02:00,328.3500061035156,328.79998779296875,328.25,328.79998779296875,10703,NOVO-B.CO,Novo Nordisk,Nasdaq Copenhagen,DKK,20260703_140048
2026-07-03 09:44:00+02:00,328.6499938964844,328.70001220703125,328.45001220703125,328.45001220703125,1692,NOVO-B.CO,Novo Nordisk,Nasdaq Copenhagen,DKK,20260703_140048
2026-07-03 09:45:00+02:00,328.29998779296875,328.70001220703125,328.1499938964844,328.70001220703125,12913,NOVO-B.CO,Novo Nordisk,Nasdaq Copenhagen,DKK,20260703_140048
2026-07-03 09:46:00+02:00,328.04998779296875,328.29998779296875,328.04998779296875,328.29998779296875,5929,NOVO-B.CO,Novo Nordisk,Nasdaq Copenhagen,DKK,20260703_140048
2026-07-03 09:47:00+02:00,327.8500061035156,328.1000061035156,327.79998779296875,328.04998779296875,2947,NOVO-B.CO,Novo Nordisk,Nasdaq Copenhagen,DKK,20260703_140048
2026-07-03 09:48:00+02:00,327.8500061035156,328.0,327.70001220703125,327.8999938964844,4946,NOVO-B.CO,Novo Nordisk,Nasdaq Copenhagen,DKK,20260703_140048
2026-07-03 09:49:00+02:00,327.54998779296875,327.8999938964844,327.54998779296875,327.8999938964844,4379,NOVO-B.CO,Novo Nordisk,Nasdaq Copenhagen,DKK,20260703_140048
2026-07-03 09:50:00+02:00,327.3500061035156,327.6000061035156,327.3500061035156,327.5,3673,NOVO-B.CO,Novo Nordisk,Nasdaq Copenhagen,DKK,20260703_140048
2026-07-03 09:51:00+02:00,327.1499938964844,327.5,327.1499938964844,327.3999938964844,2799,NOVO-B.CO,Novo Nordisk,Nasdaq Copenhagen,DKK,20260703_140048
2026-07-03 09:52:00+02:00,327.25,327.25,327.1499938964844,327.1499938964844,4767,NOVO-B.CO,Novo Nordisk,Nasdaq Copenhagen,DKK,20260703_140048
2026-07-03 09:53:00+02:00,327.3500061035156,327.3999938964844,327.1499938964844,327.25,3014,NOVO-B.CO,Novo Nordisk,Nasdaq Copenhagen,DKK,20260703_140048
2026-07-03 09:54:00+02:00,327.3500061035156,327.3500061035156,327.20001220703125,327.25,1573,NOVO-B.CO,Novo Nordisk,Nasdaq Copenhagen,DKK,20260703_140048
2026-07-03 09:55:00+02:00,327.3500061035156,327.70001220703125,327.3500061035156,327.45001220703125,1371,NOVO-B.CO,Novo Nordisk,Nasdaq Copenhagen,DKK,20260703_140048
2026-07-03 09:56:00+02:00,327.25,327.3999938964844,327.1499938964844,327.3999938964844,3675,NOVO-B.CO,Novo Nordisk,Nasdaq Copenhagen,DKK,20260703_140048
2026-07-03 09:57:00+02:00,326.95001220703125,327.20001220703125,326.95001220703125,327.20001220703125,6753,NOVO-B.CO,Novo Nordisk,Nasdaq Copenhagen,DKK,20260703_140048
2026-07-03 09:58:00+02:00,326.79998779296875,326.95001220703125,326.6000061035156,326.8999938964844,5782,NOVO-B.CO,Novo Nordisk,Nasdaq Copenhagen,DKK,20260703_140048
2026-07-03 09:59:00+02:00,326.75,326.95001220703125,326.6499938964844,326.79998779296875,3290,NOVO-B.CO,Novo Nordisk,Nasdaq Copenhagen,DKK,20260703_140048
2026-07-03 10:00:00+02:00,326.6000061035156,326.75,326.5,326.75,900,NOVO-B.CO,Novo Nordisk,Nasdaq Copenhagen,DKK,20260703_140048
2026-07-03 10:01:00+02:00,326.70001220703125,326.70001220703125,326.54998779296875,326.6000061035156,2988,NOVO-B.CO,Novo Nordisk,Nasdaq Copenhagen,DKK,20260703_140048
2026-07-03 10:02:00+02:00,326.6000061035156,326.6000061035156,326.5,326.54998779296875,845,NOVO-B.CO,Novo Nordisk,Nasdaq Copenhagen,DKK,20260703_140048
2026-07-03 10:03:00+02:00,326.3500061035156,326.54998779296875,326.29998779296875,326.5,5438,NOVO-B.CO,Novo Nordisk,Nasdaq Copenhagen,DKK,20260703_140048
2026-07-03 10:04:00+02:00,326.20001220703125,326.29998779296875,326.1499938964844,326.29998779296875,3839,NOVO-B.CO,Novo Nordisk,Nasdaq Copenhagen,DKK,20260703_140048
2026-07-03 10:05:00+02:00,326.54998779296875,326.8500061035156,326.29998779296875,326.29998779296875,4633,NOVO-B.CO,Novo Nordisk,Nasdaq Copenhagen,DKK,20260703_140048
2026-07-03 10:06:00+02:00,326.8999938964844,326.8999938964844,326.6000061035156,326.6000061035156,596,NOVO-B.CO,Novo Nordisk,Nasdaq Copenhagen,DKK,20260703_140048
2026-07-03 10:07:00+02:00,326.75,326.8500061035156,326.6000061035156,326.8500061035156,3197,NOVO-B.CO,Novo Nordisk,Nasdaq Copenhagen,DKK,20260703_140048
2026-07-03 10:08:00+02:00,326.79998779296875,326.79998779296875,326.5,326.6499938964844,13577,NOVO-B.CO,Novo Nordisk,Nasdaq Copenhagen,DKK,20260703_140048
2026-07-03 10:09:00+02:00,326.70001220703125,326.79998779296875,326.5,326.54998779296875,3323,NOVO-B.CO,Novo Nordisk,Nasdaq Copenhagen,DKK,20260703_140048
2026-07-03 10:10:00+02:00,326.8500061035156,326.95001220703125,326.70001220703125,326.79998779296875,887,NOVO-B.CO,Novo Nordisk,Nasdaq Copenhagen,DKK,20260703_140048
2026-07-03 10:11:00+02:00,326.75,326.79998779296875,326.70001220703125,326.79998779296875,7139,NOVO-B.CO,Novo Nordisk,Nasdaq Copenhagen,DKK,20260703_140048
2026-07-03 10:12:00+02:00,326.70001220703125,326.79998779296875,326.6499938964844,326.6499938964844,794,NOVO-B.CO,Novo Nordisk,Nasdaq Copenhagen,DKK,20260703_140048
2026-07-03 10:13:00+02:00,326.6000061035156,327.75,326.54998779296875,326.6499938964844,21900,NOVO-B.CO,Novo Nordisk,Nasdaq Copenhagen,DKK,20260703_140048
2026-07-03 10:14:00+02:00,326.3999938964844,326.70001220703125,326.0,326.5,32177,NOVO-B.CO,Novo Nordisk,Nasdaq Copenhagen,DKK,20260703_140048
2026-07-03 10:15:00+02:00,326.3500061035156,326.45001220703125,326.0,326.20001220703125,10693,NOVO-B.CO,Novo Nordisk,Nasdaq Copenhagen,DKK,20260703_140048
2026-07-03 10:16:00+02:00,326.25,326.3500061035156,326.20001220703125,326.25,1861,NOVO-B.CO,Novo Nordisk,Nasdaq Copenhagen,DKK,20260703_140048
2026-07-03 10:17:00+02:00,326.04998779296875,326.3500061035156,325.8999938964844,326.3500061035156,5696,NOVO-B.CO,Novo Nordisk,Nasdaq Copenhagen,DKK,20260703_140048
2026-07-03 10:18:00+02:00,326.3500061035156,326.3500061035156,326.20001220703125,326.20001220703125,1109,NOVO-B.CO,Novo Nordisk,Nasdaq Copenhagen,DKK,20260703_140048
2026-07-03 10:19:00+02:00,325.70001220703125,326.3999938964844,325.54998779296875,326.1499938964844,4039,NOVO-B.CO,Novo Nordisk,Nasdaq Copenhagen,DKK,20260703_140048
2026-07-03 10:20:00+02:00,325.75,325.79998779296875,325.54998779296875,325.70001220703125,3235,NOVO-B.CO,Novo Nordisk,Nasdaq Copenhagen,DKK,20260703_140048
2026-07-03 10:21:00+02:00,325.75,325.8999938964844,325.70001220703125,325.8500061035156,827,NOVO-B.CO,Novo Nordisk,Nasdaq Copenhagen,DKK,20260703_140048
2026-07-03 10:22:00+02:00,325.8999938964844,326.20001220703125,325.70001220703125,325.75,6978,NOVO-B.CO,Novo Nordisk,Nasdaq Copenhagen,DKK,20260703_140048
2026-07-03 10:23:00+02:00,325.8500061035156,326.04998779296875,325.8500061035156,325.8999938964844,1368,NOVO-B.CO,Novo Nordisk,Nasdaq Copenhagen,DKK,20260703_140048
2026-07-03 10:24:00+02:00,326.1499938964844,326.1499938964844,325.79998779296875,325.8999938964844,1089,NOVO-B.CO,Novo Nordisk,Nasdaq Copenhagen,DKK,20260703_140048
2026-07-03 10:25:00+02:00,326.1000061035156,326.1499938964844,326.0,326.0,516,NOVO-B.CO,Novo Nordisk,Nasdaq Copenhagen,DKK,20260703_140048
2026-07-03 10:26:00+02:00,326.1000061035156,326.1000061035156,326.1000061035156,326.1000061035156,513,NOVO-B.CO,Novo Nordisk,Nasdaq Copenhagen,DKK,20260703_140048
2026-07-03 10:27:00+02:00,326.29998779296875,326.29998779296875,326.1000061035156,326.1499938964844,1969,NOVO-B.CO,Novo Nordisk,Nasdaq Copenhagen,DKK,20260703_140048
2026-07-03 10:28:00+02:00,326.45001220703125,326.45001220703125,326.20001220703125,326.29998779296875,2609,NOVO-B.CO,Novo Nordisk,Nasdaq Copenhagen,DKK,20260703_140048
2026-07-03 10:29:00+02:00,326.54998779296875,326.54998779296875,326.3999938964844,326.45001220703125,1116,NOVO-B.CO,Novo Nordisk,Nasdaq Copenhagen,DKK,20260703_140048
2026-07-03 10:30:00+02:00,326.6499938964844,326.6499938964844,326.45001220703125,326.45001220703125,1830,NOVO-B.CO,Novo Nordisk,Nasdaq Copenhagen,DKK,20260703_140048
2026-07-03 10:31:00+02:00,326.54998779296875,326.6499938964844,326.45001220703125,326.5,3789,NOVO-B.CO,Novo Nordisk,Nasdaq Copenhagen,DKK,20260703_140048
2026-07-03 10:32:00+02:00,327.0,327.0,326.29998779296875,326.54998779296875,4606,NOVO-B.CO,Novo Nordisk,Nasdaq Copenhagen,DKK,20260703_140048
2026-07-03 10:33:00+02:00,327.04998779296875,327.04998779296875,326.95001220703125,326.95001220703125,724,NOVO-B.CO,Novo Nordisk,Nasdaq Copenhagen,DKK,20260703_140048
2026-07-03 10:34:00+02:00,327.1000061035156,327.3500061035156,326.95001220703125,327.04998779296875,3018,NOVO-B.CO,Novo Nordisk,Nasdaq Copenhagen,DKK,20260703_140048
2026-07-03 10:35:00+02:00,327.54998779296875,327.54998779296875,327.20001220703125,327.25,7209,NOVO-B.CO,Novo Nordisk,Nasdaq Copenhagen,DKK,20260703_140048
2026-07-03 10:36:00+02:00,327.3999938964844,327.70001220703125,327.3999938964844,327.54998779296875,3226,NOVO-B.CO,Novo Nordisk,Nasdaq Copenhagen,DKK,20260703_140048
2026-07-03 10:37:00+02:00,327.1000061035156,327.3999938964844,326.79998779296875,327.3999938964844,2924,NOVO-B.CO,Novo Nordisk,Nasdaq Copenhagen,DKK,20260703_140048
2026-07-03 10:38:00+02:00,327.04998779296875,327.1000061035156,326.95001220703125,326.95001220703125,344,NOVO-B.CO,Novo Nordisk,Nasdaq Copenhagen,DKK,20260703_140048
2026-07-03 10:39:00+02:00,327.04998779296875,327.20001220703125,326.8999938964844,326.95001220703125,630,NOVO-B.CO,Novo Nordisk,Nasdaq Copenhagen,DKK,20260703_140048
2026-07-03 10:40:00+02:00,327.70001220703125,327.8500061035156,327.25,327.25,3021,NOVO-B.CO,Novo Nordisk,Nasdaq Copenhagen,DKK,20260703_140048
2026-07-03 10:41:00+02:00,327.45001220703125,327.5,327.3999938964844,327.5,307,NOVO-B.CO,Novo Nordisk,Nasdaq Copenhagen,DKK,20260703_140048
2026-07-03 10:42:00+02:00,327.3500061035156,327.5,327.3500061035156,327.3999938964844,1284,NOVO-B.CO,Novo Nordisk,Nasdaq Copenhagen,DKK,20260703_140048
2026-07-03 10:43:00+02:00,327.6000061035156,327.6000061035156,327.3500061035156,327.45001220703125,1414,NOVO-B.CO,Novo Nordisk,Nasdaq Copenhagen,DKK,20260703_140048
2026-07-03 10:44:00+02:00,327.3999938964844,327.70001220703125,327.29998779296875,327.70001220703125,3575,NOVO-B.CO,Novo Nordisk,Nasdaq Copenhagen,DKK,20260703_140048
2026-07-03 10:45:00+02:00,327.29998779296875,327.45001220703125,327.29998779296875,327.3999938964844,295,NOVO-B.CO,Novo Nordisk,Nasdaq Copenhagen,DKK,20260703_140048
2026-07-03 10:46:00+02:00,327.29998779296875,327.29998779296875,327.20001220703125,327.25,143,NOVO-B.CO,Novo Nordisk,Nasdaq Copenhagen,DKK,20260703_140048
2026-07-03 10:47:00+02:00,327.1499938964844,327.20001220703125,327.1499938964844,327.20001220703125,400,NOVO-B.CO,Novo Nordisk,Nasdaq Copenhagen,DKK,20260703_140048
2026-07-03 10:48:00+02:00,327.3999938964844,327.3999938964844,327.1499938964844,327.1499938964844,1474,NOVO-B.CO,Novo Nordisk,Nasdaq Copenhagen,DKK,20260703_140048
2026-07-03 10:49:00+02:00,327.04998779296875,327.3999938964844,327.04998779296875,327.3999938964844,1903,NOVO-B.CO,Novo Nordisk,Nasdaq Copenhagen,DKK,20260703_140048
2026-07-03 10:50:00+02:00,327.04998779296875,327.04998779296875,326.95001220703125,327.0,6331,NOVO-B.CO,Novo Nordisk,Nasdaq Copenhagen,DKK,20260703_140048
2026-07-03 10:51:00+02:00,327.1000061035156,327.1499938964844,327.04998779296875,327.04998779296875,385,NOVO-B.CO,Novo Nordisk,Nasdaq Copenhagen,DKK,20260703_140048
2026-07-03 10:52:00+02:00,327.04998779296875,327.04998779296875,326.95001220703125,327.0,695,NOVO-B.CO,Novo Nordisk,Nasdaq Copenhagen,DKK,20260703_140048
2026-07-03 10:53:00+02:00,326.79998779296875,327.04998779296875,326.79998779296875,327.0,1367,NOVO-B.CO,Novo Nordisk,Nasdaq Copenhagen,DKK,20260703_140048
2026-07-03 10:54:00+02:00,326.5,326.75,326.5,326.75,1119,NOVO-B.CO,Novo Nordisk,Nasdaq Copenhagen,DKK,20260703_140048
2026-07-03 10:55:00+02:00,326.5,326.5,326.45001220703125,326.5,1868,NOVO-B.CO,Novo Nordisk,Nasdaq Copenhagen,DKK,20260703_140048
2026-07-03 10:56:00+02:00,326.5,326.6000061035156,326.45001220703125,326.45001220703125,6946,NOVO-B.CO,Novo Nordisk,Nasdaq Copenhagen,DKK,20260703_140048
2026-07-03 10:57:00+02:00,326.29998779296875,326.5,326.29998779296875,326.3999938964844,914,NOVO-B.CO,Novo Nordisk,Nasdaq Copenhagen,DKK,20260703_140048
2026-07-03 10:58:00+02:00,326.3500061035156,326.3999938964844,326.3500061035156,326.3500061035156,433,NOVO-B.CO,Novo Nordisk,Nasdaq Copenhagen,DKK,20260703_140048
2026-07-03 10:59:00+02:00,326.45001220703125,326.45001220703125,326.3500061035156,326.3500061035156,675,NOVO-B.CO,Novo Nordisk,Nasdaq Copenhagen,DKK,20260703_140048
2026-07-03 11:00:00+02:00,326.45001220703125,326.45001220703125,326.3500061035156,326.3500061035156,942,NOVO-B.CO,Novo Nordisk,Nasdaq Copenhagen,DKK,20260703_140048
2026-07-03 11:01:00+02:00,326.3500061035156,326.45001220703125,326.25,326.45001220703125,3396,NOVO-B.CO,Novo Nordisk,Nasdaq Copenhagen,DKK,20260703_140048
2026-07-03 11:02:00+02:00,326.3500061035156,326.3500061035156,326.25,326.3500061035156,320,NOVO-B.CO,Novo Nordisk,Nasdaq Copenhagen,DKK,20260703_140048
2026-07-03 11:03:00+02:00,326.3999938964844,326.45001220703125,326.3500061035156,326.3500061035156,426,NOVO-B.CO,Novo Nordisk,Nasdaq Copenhagen,DKK,20260703_140048
2026-07-03 11:04:00+02:00,326.20001220703125,326.29998779296875,326.20001220703125,326.29998779296875,2058,NOVO-B.CO,Novo Nordisk,Nasdaq Copenhagen,DKK,20260703_140048
2026-07-03 11:05:00+02:00,325.95001220703125,326.25,325.95001220703125,326.20001220703125,7960,NOVO-B.CO,Novo Nordisk,Nasdaq Copenhagen,DKK,20260703_140048
2026-07-03 11:06:00+02:00,325.79998779296875,325.8999938964844,325.70001220703125,325.8999938964844,2459,NOVO-B.CO,Novo Nordisk,Nasdaq Copenhagen,DKK,20260703_140048
2026-07-03 11:07:00+02:00,325.8500061035156,325.8500061035156,325.70001220703125,325.8500061035156,3902,NOVO-B.CO,Novo Nordisk,Nasdaq Copenhagen,DKK,20260703_140048
2026-07-03 11:08:00+02:00,325.79998779296875,325.8500061035156,325.70001220703125,325.79998779296875,365,NOVO-B.CO,Novo Nordisk,Nasdaq Copenhagen,DKK,20260703_140048
2026-07-03 11:09:00+02:00,325.75,325.79998779296875,325.6499938964844,325.75,1364,NOVO-B.CO,Novo Nordisk,Nasdaq Copenhagen,DKK,20260703_140048
2026-07-03 11:10:00+02:00,325.8500061035156,325.8500061035156,325.6499938964844,325.75,677,NOVO-B.CO,Novo Nordisk,Nasdaq Copenhagen,DKK,20260703_140048
2026-07-03 11:11:00+02:00,325.8500061035156,325.8500061035156,325.70001220703125,325.79998779296875,429,NOVO-B.CO,Novo Nordisk,Nasdaq Copenhagen,DKK,20260703_140048
2026-07-03 11:12:00+02:00,325.75,325.8999938964844,325.75,325.8500061035156,1335,NOVO-B.CO,Novo Nordisk,Nasdaq Copenhagen,DKK,20260703_140048
2026-07-03 11:13:00+02:00,325.70001220703125,325.75,325.70001220703125,325.70001220703125,815,NOVO-B.CO,Novo Nordisk,Nasdaq Copenhagen,DKK,20260703_140048
2026-07-03 11:14:00+02:00,325.6000061035156,325.6000061035156,325.5,325.6000061035156,404,NOVO-B.CO,Novo Nordisk,Nasdaq Copenhagen,DKK,20260703_140048
2026-07-03 11:15:00+02:00,325.8500061035156,325.95001220703125,325.6000061035156,325.6000061035156,4220,NOVO-B.CO,Novo Nordisk,Nasdaq Copenhagen,DKK,20260703_140048
2026-07-03 11:16:00+02:00,325.95001220703125,325.95001220703125,325.8500061035156,325.8999938964844,732,NOVO-B.CO,Novo Nordisk,Nasdaq Copenhagen,DKK,20260703_140048
2026-07-03 11:17:00+02:00,326.0,326.04998779296875,325.8500061035156,326.0,2503,NOVO-B.CO,Novo Nordisk,Nasdaq Copenhagen,DKK,20260703_140048
2026-07-03 11:18:00+02:00,325.95001220703125,325.95001220703125,325.8999938964844,325.95001220703125,1334,NOVO-B.CO,Novo Nordisk,Nasdaq Copenhagen,DKK,20260703_140048
2026-07-03 11:19:00+02:00,325.95001220703125,326.0,325.95001220703125,326.0,298,NOVO-B.CO,Novo Nordisk,Nasdaq Copenhagen,DKK,20260703_140048
2026-07-03 11:20:00+02:00,326.04998779296875,326.04998779296875,326.0,326.0,1493,NOVO-B.CO,Novo Nordisk,Nasdaq Copenhagen,DKK,20260703_140048
2026-07-03 11:21:00+02:00,325.95001220703125,326.1000061035156,325.95001220703125,326.04998779296875,2372,NOVO-B.CO,Novo Nordisk,Nasdaq Copenhagen,DKK,20260703_140048
2026-07-03 11:22:00+02:00,325.70001220703125,326.04998779296875,325.70001220703125,326.04998779296875,2199,NOVO-B.CO,Novo Nordisk,Nasdaq Copenhagen,DKK,20260703_140048
2026-07-03 11:23:00+02:00,325.6499938964844,325.70001220703125,325.6499938964844,325.6499938964844,2286,NOVO-B.CO,Novo Nordisk,Nasdaq Copenhagen,DKK,20260703_140048
2026-07-03 11:24:00+02:00,325.54998779296875,325.95001220703125,325.5,325.6499938964844,7611,NOVO-B.CO,Novo Nordisk,Nasdaq Copenhagen,DKK,20260703_140048
2026-07-03 11:25:00+02:00,325.6000061035156,325.6499938964844,325.5,325.6000061035156,1010,NOVO-B.CO,Novo Nordisk,Nasdaq Copenhagen,DKK,20260703_140048
2026-07-03 11:26:00+02:00,325.54998779296875,325.6000061035156,325.5,325.54998779296875,8220,NOVO-B.CO,Novo Nordisk,Nasdaq Copenhagen,DKK,20260703_140048
2026-07-03 11:27:00+02:00,325.5,325.6499938964844,325.5,325.54998779296875,3874,NOVO-B.CO,Novo Nordisk,Nasdaq Copenhagen,DKK,20260703_140048
2026-07-03 11:28:00+02:00,325.54998779296875,325.54998779296875,325.54998779296875,325.54998779296875,379,NOVO-B.CO,Novo Nordisk,Nasdaq Copenhagen,DKK,20260703_140048
2026-07-03 11:29:00+02:00,325.6000061035156,325.70001220703125,325.6000061035156,325.6499938964844,860,NOVO-B.CO,Novo Nordisk,Nasdaq Copenhagen,DKK,20260703_140048
2026-07-03 11:30:00+02:00,325.70001220703125,325.79998779296875,325.6499938964844,325.70001220703125,2121,NOVO-B.CO,Novo Nordisk,Nasdaq Copenhagen,DKK,20260703_140048
2026-07-03 11:31:00+02:00,325.54998779296875,325.70001220703125,325.54998779296875,325.6499938964844,1380,NOVO-B.CO,Novo Nordisk,Nasdaq Copenhagen,DKK,20260703_140048
2026-07-03 11:32:00+02:00,325.54998779296875,325.6000061035156,325.5,325.5,399,NOVO-B.CO,Novo Nordisk,Nasdaq Copenhagen,DKK,20260703_140048
2026-07-03 11:33:00+02:00,325.6499938964844,325.6499938964844,325.54998779296875,325.54998779296875,66,NOVO-B.CO,Novo Nordisk,Nasdaq Copenhagen,DKK,20260703_140048
2026-07-03 11:34:00+02:00,325.8500061035156,325.8500061035156,325.6499938964844,325.6499938964844,2143,NOVO-B.CO,Novo Nordisk,Nasdaq Copenhagen,DKK,20260703_140048
2026-07-03 11:35:00+02:00,325.95001220703125,325.95001220703125,325.79998779296875,325.79998779296875,2976,NOVO-B.CO,Novo Nordisk,Nasdaq Copenhagen,DKK,20260703_140048
2026-07-03 11:36:00+02:00,325.70001220703125,325.8500061035156,325.6499938964844,325.8500061035156,3203,NOVO-B.CO,Novo Nordisk,Nasdaq Copenhagen,DKK,20260703_140048
2026-07-03 11:37:00+02:00,325.6499938964844,325.75,325.6000061035156,325.6499938964844,5295,NOVO-B.CO,Novo Nordisk,Nasdaq Copenhagen,DKK,20260703_140048
2026-07-03 11:38:00+02:00,325.45001220703125,325.75,325.3500061035156,325.6000061035156,18178,NOVO-B.CO,Novo Nordisk,Nasdaq Copenhagen,DKK,20260703_140048
2026-07-03 11:39:00+02:00,325.6499938964844,325.6499938964844,325.3500061035156,325.3500061035156,6642,NOVO-B.CO,Novo Nordisk,Nasdaq Copenhagen,DKK,20260703_140048
2026-07-03 11:40:00+02:00,325.75,325.75,325.6000061035156,325.6000061035156,4853,NOVO-B.CO,Novo Nordisk,Nasdaq Copenhagen,DKK,20260703_140048
2026-07-03 11:41:00+02:00,325.95001220703125,326.0,325.75,325.75,5932,NOVO-B.CO,Novo Nordisk,Nasdaq Copenhagen,DKK,20260703_140048
2026-07-03 11:42:00+02:00,325.95001220703125,326.0,325.8999938964844,325.95001220703125,2617,NOVO-B.CO,Novo Nordisk,Nasdaq Copenhagen,DKK,20260703_140048
2026-07-03 11:43:00+02:00,326.25,326.25,325.95001220703125,326.0,4032,NOVO-B.CO,Novo Nordisk,Nasdaq Copenhagen,DKK,20260703_140048
2026-07-03 11:44:00+02:00,326.20001220703125,326.20001220703125,326.1499938964844,326.20001220703125,2020,NOVO-B.CO,Novo Nordisk,Nasdaq Copenhagen,DKK,20260703_140048
2026-07-03 11:45:00+02:00,326.29998779296875,326.3999938964844,326.25,326.29998779296875,7427,NOVO-B.CO,Novo Nordisk,Nasdaq Copenhagen,DKK,20260703_140048
2026-07-03 11:46:00+02:00,326.29998779296875,326.3999938964844,326.29998779296875,326.3500061035156,551,NOVO-B.CO,Novo Nordisk,Nasdaq Copenhagen,DKK,20260703_140048
2026-07-03 11:47:00+02:00,326.3500061035156,326.3500061035156,326.3500061035156,326.3500061035156,21,NOVO-B.CO,Novo Nordisk,Nasdaq Copenhagen,DKK,20260703_140048
2026-07-03 11:48:00+02:00,326.3999938964844,326.3999938964844,326.3500061035156,326.3500061035156,127,NOVO-B.CO,Novo Nordisk,Nasdaq Copenhagen,DKK,20260703_140048
2026-07-03 11:49:00+02:00,326.3999938964844,326.45001220703125,326.3999938964844,326.3999938964844,557,NOVO-B.CO,Novo Nordisk,Nasdaq Copenhagen,DKK,20260703_140048
2026-07-03 11:50:00+02:00,326.20001220703125,326.3999938964844,326.20001220703125,326.3999938964844,1313,NOVO-B.CO,Novo Nordisk,Nasdaq Copenhagen,DKK,20260703_140048
2026-07-03 11:51:00+02:00,326.3999938964844,326.3999938964844,326.25,326.29998779296875,1266,NOVO-B.CO,Novo Nordisk,Nasdaq Copenhagen,DKK,20260703_140048
2026-07-03 11:52:00+02:00,326.3500061035156,326.3999938964844,326.29998779296875,326.3500061035156,1304,NOVO-B.CO,Novo Nordisk,Nasdaq Copenhagen,DKK,20260703_140048
2026-07-03 11:53:00+02:00,326.3500061035156,326.3500061035156,326.3500061035156,326.3500061035156,141,NOVO-B.CO,Novo Nordisk,Nasdaq Copenhagen,DKK,20260703_140048
2026-07-03 11:54:00+02:00,326.29998779296875,326.3999938964844,326.25,326.3500061035156,1161,NOVO-B.CO,Novo Nordisk,Nasdaq Copenhagen,DKK,20260703_140048
2026-07-03 11:55:00+02:00,326.45001220703125,326.5,326.3999938964844,326.3999938964844,1414,NOVO-B.CO,Novo Nordisk,Nasdaq Copenhagen,DKK,20260703_140048
2026-07-03 11:56:00+02:00,326.6499938964844,326.75,326.54998779296875,326.54998779296875,1071,NOVO-B.CO,Novo Nordisk,Nasdaq Copenhagen,DKK,20260703_140048
2026-07-03 11:57:00+02:00,326.6499938964844,326.79998779296875,326.6499938964844,326.75,586,NOVO-B.CO,Novo Nordisk,Nasdaq Copenhagen,DKK,20260703_140048
2026-07-03 11:58:00+02:00,326.79998779296875,326.79998779296875,326.6000061035156,326.6000061035156,838,NOVO-B.CO,Novo Nordisk,Nasdaq Copenhagen,DKK,20260703_140048
2026-07-03 11:59:00+02:00,326.8500061035156,326.8500061035156,326.70001220703125,326.79998779296875,359,NOVO-B.CO,Novo Nordisk,Nasdaq Copenhagen,DKK,20260703_140048
2026-07-03 12:00:00+02:00,326.75,326.8500061035156,326.75,326.8500061035156,530,NOVO-B.CO,Novo Nordisk,Nasdaq Copenhagen,DKK,20260703_140048
2026-07-03 12:01:00+02:00,326.79998779296875,326.79998779296875,326.70001220703125,326.79998779296875,326,NOVO-B.CO,Novo Nordisk,Nasdaq Copenhagen,DKK,20260703_140048
2026-07-03 12:02:00+02:00,326.75,326.79998779296875,326.75,326.75,33,NOVO-B.CO,Novo Nordisk,Nasdaq Copenhagen,DKK,20260703_140048
2026-07-03 12:03:00+02:00,326.79998779296875,326.79998779296875,326.79998779296875,326.79998779296875,100,NOVO-B.CO,Novo Nordisk,Nasdaq Copenhagen,DKK,20260703_140048
2026-07-03 12:04:00+02:00,327.25,327.25,326.8500061035156,326.8500061035156,13023,NOVO-B.CO,Novo Nordisk,Nasdaq Copenhagen,DKK,20260703_140048
2026-07-03 12:05:00+02:00,327.29998779296875,327.29998779296875,327.25,327.25,694,NOVO-B.CO,Novo Nordisk,Nasdaq Copenhagen,DKK,20260703_140048
2026-07-03 12:06:00+02:00,327.3500061035156,327.3500061035156,327.29998779296875,327.29998779296875,228,NOVO-B.CO,Novo Nordisk,Nasdaq Copenhagen,DKK,20260703_140048
2026-07-03 12:07:00+02:00,327.29998779296875,327.6000061035156,327.29998779296875,327.3999938964844,15723,NOVO-B.CO,Novo Nordisk,Nasdaq Copenhagen,DKK,20260703_140048
2026-07-03 12:08:00+02:00,327.29998779296875,327.3999938964844,327.25,327.29998779296875,1231,NOVO-B.CO,Novo Nordisk,Nasdaq Copenhagen,DKK,20260703_140048
2026-07-03 12:09:00+02:00,327.5,327.5,327.25,327.25,238,NOVO-B.CO,Novo Nordisk,Nasdaq Copenhagen,DKK,20260703_140048
2026-07-03 12:10:00+02:00,327.3999938964844,327.5,327.3500061035156,327.5,1922,NOVO-B.CO,Novo Nordisk,Nasdaq Copenhagen,DKK,20260703_140048
2026-07-03 12:11:00+02:00,327.29998779296875,327.5,327.29998779296875,327.45001220703125,2089,NOVO-B.CO,Novo Nordisk,Nasdaq Copenhagen,DKK,20260703_140048
2026-07-03 12:12:00+02:00,327.3999938964844,327.45001220703125,327.29998779296875,327.45001220703125,15,NOVO-B.CO,Novo Nordisk,Nasdaq Copenhagen,DKK,20260703_140048
2026-07-03 12:13:00+02:00,327.45001220703125,327.5,327.3999938964844,327.3999938964844,5434,NOVO-B.CO,Novo Nordisk,Nasdaq Copenhagen,DKK,20260703_140048
2026-07-03 12:14:00+02:00,327.3999938964844,327.45001220703125,327.3500061035156,327.45001220703125,313,NOVO-B.CO,Novo Nordisk,Nasdaq Copenhagen,DKK,20260703_140048
2026-07-03 12:15:00+02:00,327.3500061035156,327.5,327.3500061035156,327.5,2353,NOVO-B.CO,Novo Nordisk,Nasdaq Copenhagen,DKK,20260703_140048
2026-07-03 12:16:00+02:00,327.29998779296875,327.45001220703125,327.29998779296875,327.45001220703125,716,NOVO-B.CO,Novo Nordisk,Nasdaq Copenhagen,DKK,20260703_140048
2026-07-03 12:17:00+02:00,327.29998779296875,327.3500061035156,327.29998779296875,327.29998779296875,157,NOVO-B.CO,Novo Nordisk,Nasdaq Copenhagen,DKK,20260703_140048
2026-07-03 12:18:00+02:00,327.04998779296875,327.29998779296875,327.04998779296875,327.29998779296875,1055,NOVO-B.CO,Novo Nordisk,Nasdaq Copenhagen,DKK,20260703_140048
2026-07-03 12:19:00+02:00,326.8999938964844,327.04998779296875,326.79998779296875,327.0,3832,NOVO-B.CO,Novo Nordisk,Nasdaq Copenhagen,DKK,20260703_140048
2026-07-03 12:20:00+02:00,326.8500061035156,326.8999938964844,326.75,326.79998779296875,277,NOVO-B.CO,Novo Nordisk,Nasdaq Copenhagen,DKK,20260703_140048
2026-07-03 12:21:00+02:00,326.8500061035156,326.95001220703125,326.8500061035156,326.8999938964844,1117,NOVO-B.CO,Novo Nordisk,Nasdaq Copenhagen,DKK,20260703_140048
2026-07-03 12:22:00+02:00,326.8999938964844,326.8999938964844,326.8500061035156,326.8500061035156,96,NOVO-B.CO,Novo Nordisk,Nasdaq Copenhagen,DKK,20260703_140048
2026-07-03 12:23:00+02:00,326.8999938964844,326.95001220703125,326.8999938964844,326.95001220703125,5,NOVO-B.CO,Novo Nordisk,Nasdaq Copenhagen,DKK,20260703_140048
2026-07-03 12:24:00+02:00,326.8999938964844,327.04998779296875,326.8999938964844,326.95001220703125,819,NOVO-B.CO,Novo Nordisk,Nasdaq Copenhagen,DKK,20260703_140048
2026-07-03 12:25:00+02:00,327.0,327.0,327.0,327.0,16,NOVO-B.CO,Novo Nordisk,Nasdaq Copenhagen,DKK,20260703_140048
2026-07-03 12:26:00+02:00,326.79998779296875,326.8500061035156,326.75,326.8500061035156,789,NOVO-B.CO,Novo Nordisk,Nasdaq Copenhagen,DKK,20260703_140048
2026-07-03 12:27:00+02:00,327.0,327.0,326.8500061035156,326.8500061035156,5556,NOVO-B.CO,Novo Nordisk,Nasdaq Copenhagen,DKK,20260703_140048
2026-07-03 12:28:00+02:00,327.0,327.0,327.0,327.0,6,NOVO-B.CO,Novo Nordisk,Nasdaq Copenhagen,DKK,20260703_140048
2026-07-03 12:29:00+02:00,327.0,327.0,327.0,327.0,290,NOVO-B.CO,Novo Nordisk,Nasdaq Copenhagen,DKK,20260703_140048
2026-07-03 12:30:00+02:00,327.0,327.1000061035156,327.0,327.0,191,NOVO-B.CO,Novo Nordisk,Nasdaq Copenhagen,DKK,20260703_140048
2026-07-03 12:31:00+02:00,327.1499938964844,327.20001220703125,327.04998779296875,327.1000061035156,208,NOVO-B.CO,Novo Nordisk,Nasdaq Copenhagen,DKK,20260703_140048
2026-07-03 12:32:00+02:00,327.1499938964844,327.1499938964844,327.04998779296875,327.1499938964844,200,NOVO-B.CO,Novo Nordisk,Nasdaq Copenhagen,DKK,20260703_140048
2026-07-03 12:33:00+02:00,327.20001220703125,327.20001220703125,327.0,327.04998779296875,11901,NOVO-B.CO,Novo Nordisk,Nasdaq Copenhagen,DKK,20260703_140048
2026-07-03 12:34:00+02:00,327.1000061035156,327.20001220703125,327.1000061035156,327.20001220703125,37,NOVO-B.CO,Novo Nordisk,Nasdaq Copenhagen,DKK,20260703_140048
2026-07-03 12:35:00+02:00,327.0,327.1000061035156,327.0,327.1000061035156,27701,NOVO-B.CO,Novo Nordisk,Nasdaq Copenhagen,DKK,20260703_140048
2026-07-03 12:36:00+02:00,327.0,327.04998779296875,327.0,327.0,424,NOVO-B.CO,Novo Nordisk,Nasdaq Copenhagen,DKK,20260703_140048
2026-07-03 12:37:00+02:00,327.0,327.04998779296875,327.0,327.04998779296875,16477,NOVO-B.CO,Novo Nordisk,Nasdaq Copenhagen,DKK,20260703_140048
2026-07-03 12:38:00+02:00,327.04998779296875,327.04998779296875,327.0,327.0,369,NOVO-B.CO,Novo Nordisk,Nasdaq Copenhagen,DKK,20260703_140048
2026-07-03 12:39:00+02:00,327.0,327.04998779296875,327.0,327.0,21,NOVO-B.CO,Novo Nordisk,Nasdaq Copenhagen,DKK,20260703_140048
2026-07-03 12:40:00+02:00,326.75,327.0,326.6499938964844,327.0,13380,NOVO-B.CO,Novo Nordisk,Nasdaq Copenhagen,DKK,20260703_140048
2026-07-03 12:41:00+02:00,326.6000061035156,326.75,326.6000061035156,326.70001220703125,334,NOVO-B.CO,Novo Nordisk,Nasdaq Copenhagen,DKK,20260703_140048
2026-07-03 12:42:00+02:00,326.5,326.75,326.5,326.6499938964844,1988,NOVO-B.CO,Novo Nordisk,Nasdaq Copenhagen,DKK,20260703_140048
2026-07-03 12:43:00+02:00,326.3999938964844,326.5,326.3999938964844,326.5,446,NOVO-B.CO,Novo Nordisk,Nasdaq Copenhagen,DKK,20260703_140048
2026-07-03 12:44:00+02:00,326.5,326.5,326.29998779296875,326.3999938964844,529,NOVO-B.CO,Novo Nordisk,Nasdaq Copenhagen,DKK,20260703_140048
2026-07-03 12:45:00+02:00,326.5,326.5,326.5,326.5,339,NOVO-B.CO,Novo Nordisk,Nasdaq Copenhagen,DKK,20260703_140048
2026-07-03 12:46:00+02:00,326.5,326.54998779296875,326.45001220703125,326.5,1132,NOVO-B.CO,Novo Nordisk,Nasdaq Copenhagen,DKK,20260703_140048
2026-07-03 12:47:00+02:00,326.3999938964844,326.5,326.3999938964844,326.5,405,NOVO-B.CO,Novo Nordisk,Nasdaq Copenhagen,DKK,20260703_140048
2026-07-03 12:48:00+02:00,326.3500061035156,326.3999938964844,326.3500061035156,326.3999938964844,344,NOVO-B.CO,Novo Nordisk,Nasdaq Copenhagen,DKK,20260703_140048
2026-07-03 12:49:00+02:00,326.3500061035156,326.45001220703125,326.29998779296875,326.45001220703125,711,NOVO-B.CO,Novo Nordisk,Nasdaq Copenhagen,DKK,20260703_140048
2026-07-03 12:50:00+02:00,326.3500061035156,326.45001220703125,326.25,326.45001220703125,2640,NOVO-B.CO,Novo Nordisk,Nasdaq Copenhagen,DKK,20260703_140048
2026-07-03 12:51:00+02:00,326.20001220703125,326.3500061035156,326.20001220703125,326.25,3534,NOVO-B.CO,Novo Nordisk,Nasdaq Copenhagen,DKK,20260703_140048
2026-07-03 12:52:00+02:00,326.25,326.29998779296875,326.20001220703125,326.25,1852,NOVO-B.CO,Novo Nordisk,Nasdaq Copenhagen,DKK,20260703_140048
2026-07-03 12:53:00+02:00,326.20001220703125,326.3500061035156,326.1499938964844,326.25,669,NOVO-B.CO,Novo Nordisk,Nasdaq Copenhagen,DKK,20260703_140048
2026-07-03 12:54:00+02:00,326.20001220703125,326.25,326.1499938964844,326.20001220703125,493,NOVO-B.CO,Novo Nordisk,Nasdaq Copenhagen,DKK,20260703_140048
2026-07-03 12:55:00+02:00,326.3500061035156,326.3500061035156,326.20001220703125,326.20001220703125,264,NOVO-B.CO,Novo Nordisk,Nasdaq Copenhagen,DKK,20260703_140048
2026-07-03 12:56:00+02:00,326.45001220703125,326.45001220703125,326.3500061035156,326.3500061035156,1310,NOVO-B.CO,Novo Nordisk,Nasdaq Copenhagen,DKK,20260703_140048
2026-07-03 12:57:00+02:00,326.45001220703125,326.45001220703125,326.45001220703125,326.45001220703125,515,NOVO-B.CO,Novo Nordisk,Nasdaq Copenhagen,DKK,20260703_140048
2026-07-03 12:58:00+02:00,326.3999938964844,326.45001220703125,326.3999938964844,326.45001220703125,490,NOVO-B.CO,Novo Nordisk,Nasdaq Copenhagen,DKK,20260703_140048
2026-07-03 12:59:00+02:00,326.04998779296875,326.45001220703125,326.0,326.45001220703125,7789,NOVO-B.CO,Novo Nordisk,Nasdaq Copenhagen,DKK,20260703_140048
2026-07-03 13:00:00+02:00,326.04998779296875,326.1000061035156,326.04998779296875,326.1000061035156,344,NOVO-B.CO,Novo Nordisk,Nasdaq Copenhagen,DKK,20260703_140048
2026-07-03 13:01:00+02:00,326.1000061035156,326.1000061035156,326.1000061035156,326.1000061035156,3,NOVO-B.CO,Novo Nordisk,Nasdaq Copenhagen,DKK,20260703_140048
2026-07-03 13:02:00+02:00,326.20001220703125,326.20001220703125,325.95001220703125,326.0,1726,NOVO-B.CO,Novo Nordisk,Nasdaq Copenhagen,DKK,20260703_140048
2026-07-03 13:03:00+02:00,326.0,326.1499938964844,326.0,326.1499938964844,1127,NOVO-B.CO,Novo Nordisk,Nasdaq Copenhagen,DKK,20260703_140048
2026-07-03 13:04:00+02:00,326.0,326.1499938964844,326.0,326.0,1604,NOVO-B.CO,Novo Nordisk,Nasdaq Copenhagen,DKK,20260703_140048
2026-07-03 13:05:00+02:00,325.95001220703125,326.1000061035156,325.8500061035156,326.0,888,NOVO-B.CO,Novo Nordisk,Nasdaq Copenhagen,DKK,20260703_140048
2026-07-03 13:06:00+02:00,326.0,326.0,325.8999938964844,326.0,374,NOVO-B.CO,Novo Nordisk,Nasdaq Copenhagen,DKK,20260703_140048
2026-07-03 13:07:00+02:00,325.79998779296875,325.95001220703125,325.79998779296875,325.8999938964844,135,NOVO-B.CO,Novo Nordisk,Nasdaq Copenhagen,DKK,20260703_140048
2026-07-03 13:08:00+02:00,325.8500061035156,325.8999938964844,325.75,325.75,860,NOVO-B.CO,Novo Nordisk,Nasdaq Copenhagen,DKK,20260703_140048
2026-07-03 13:09:00+02:00,325.8999938964844,325.8999938964844,325.79998779296875,325.8500061035156,723,NOVO-B.CO,Novo Nordisk,Nasdaq Copenhagen,DKK,20260703_140048
2026-07-03 13:10:00+02:00,325.95001220703125,325.95001220703125,325.95001220703125,325.95001220703125,21,NOVO-B.CO,Novo Nordisk,Nasdaq Copenhagen,DKK,20260703_140048
2026-07-03 13:11:00+02:00,326.1499938964844,326.1499938964844,325.95001220703125,325.95001220703125,5127,NOVO-B.CO,Novo Nordisk,Nasdaq Copenhagen,DKK,20260703_140048
2026-07-03 13:12:00+02:00,326.1499938964844,326.20001220703125,326.1499938964844,326.1499938964844,144,NOVO-B.CO,Novo Nordisk,Nasdaq Copenhagen,DKK,20260703_140048
2026-07-03 13:13:00+02:00,326.1000061035156,326.20001220703125,326.04998779296875,326.20001220703125,721,NOVO-B.CO,Novo Nordisk,Nasdaq Copenhagen,DKK,20260703_140048
2026-07-03 13:14:00+02:00,326.0,326.1000061035156,325.95001220703125,326.0,2726,NOVO-B.CO,Novo Nordisk,Nasdaq Copenhagen,DKK,20260703_140048
2026-07-03 13:15:00+02:00,326.1000061035156,326.1000061035156,325.8500061035156,325.8999938964844,4662,NOVO-B.CO,Novo Nordisk,Nasdaq Copenhagen,DKK,20260703_140048
2026-07-03 13:16:00+02:00,326.04998779296875,326.1000061035156,326.04998779296875,326.1000061035156,623,NOVO-B.CO,Novo Nordisk,Nasdaq Copenhagen,DKK,20260703_140048
2026-07-03 13:17:00+02:00,326.0,326.1000061035156,326.0,326.04998779296875,191,NOVO-B.CO,Novo Nordisk,Nasdaq Copenhagen,DKK,20260703_140048
2026-07-03 13:18:00+02:00,326.1000061035156,326.1000061035156,326.0,326.1000061035156,909,NOVO-B.CO,Novo Nordisk,Nasdaq Copenhagen,DKK,20260703_140048
2026-07-03 13:19:00+02:00,326.0,326.1499938964844,325.95001220703125,326.1000061035156,823,NOVO-B.CO,Novo Nordisk,Nasdaq Copenhagen,DKK,20260703_140048
2026-07-03 13:20:00+02:00,325.75,325.95001220703125,325.75,325.95001220703125,1560,NOVO-B.CO,Novo Nordisk,Nasdaq Copenhagen,DKK,20260703_140048
2026-07-03 13:21:00+02:00,325.75,325.79998779296875,325.70001220703125,325.75,1161,NOVO-B.CO,Novo Nordisk,Nasdaq Copenhagen,DKK,20260703_140048
2026-07-03 13:22:00+02:00,325.79998779296875,325.79998779296875,325.70001220703125,325.79998779296875,1167,NOVO-B.CO,Novo Nordisk,Nasdaq Copenhagen,DKK,20260703_140048
2026-07-03 13:23:00+02:00,325.70001220703125,325.75,325.6499938964844,325.75,1624,NOVO-B.CO,Novo Nordisk,Nasdaq Copenhagen,DKK,20260703_140048
2026-07-03 13:24:00+02:00,325.6499938964844,325.75,325.6499938964844,325.6499938964844,8231,NOVO-B.CO,Novo Nordisk,Nasdaq Copenhagen,DKK,20260703_140048
2026-07-03 13:25:00+02:00,325.6000061035156,325.6499938964844,325.54998779296875,325.6000061035156,2285,NOVO-B.CO,Novo Nordisk,Nasdaq Copenhagen,DKK,20260703_140048
2026-07-03 13:26:00+02:00,325.3999938964844,325.6000061035156,325.3500061035156,325.54998779296875,4143,NOVO-B.CO,Novo Nordisk,Nasdaq Copenhagen,DKK,20260703_140048
2026-07-03 13:27:00+02:00,325.29998779296875,325.3500061035156,325.29998779296875,325.3500061035156,564,NOVO-B.CO,Novo Nordisk,Nasdaq Copenhagen,DKK,20260703_140048
2026-07-03 13:28:00+02:00,325.29998779296875,325.3500061035156,325.25,325.3500061035156,1804,NOVO-B.CO,Novo Nordisk,Nasdaq Copenhagen,DKK,20260703_140048
2026-07-03 13:29:00+02:00,325.20001220703125,325.3500061035156,325.1499938964844,325.29998779296875,7614,NOVO-B.CO,Novo Nordisk,Nasdaq Copenhagen,DKK,20260703_140048
2026-07-03 13:30:00+02:00,325.29998779296875,325.29998779296875,325.25,325.25,1202,NOVO-B.CO,Novo Nordisk,Nasdaq Copenhagen,DKK,20260703_140048
2026-07-03 13:31:00+02:00,325.45001220703125,325.45001220703125,325.29998779296875,325.29998779296875,1084,NOVO-B.CO,Novo Nordisk,Nasdaq Copenhagen,DKK,20260703_140048
2026-07-03 13:32:00+02:00,325.45001220703125,325.45001220703125,325.45001220703125,325.45001220703125,434,NOVO-B.CO,Novo Nordisk,Nasdaq Copenhagen,DKK,20260703_140048
2026-07-03 13:33:00+02:00,325.25,325.45001220703125,325.25,325.45001220703125,1103,NOVO-B.CO,Novo Nordisk,Nasdaq Copenhagen,DKK,20260703_140048
2026-07-03 13:34:00+02:00,325.29998779296875,325.3500061035156,325.29998779296875,325.29998779296875,1146,NOVO-B.CO,Novo Nordisk,Nasdaq Copenhagen,DKK,20260703_140048
2026-07-03 13:35:00+02:00,325.45001220703125,325.5,325.29998779296875,325.29998779296875,1461,NOVO-B.CO,Novo Nordisk,Nasdaq Copenhagen,DKK,20260703_140048
2026-07-03 13:36:00+02:00,325.3500061035156,325.45001220703125,325.3500061035156,325.45001220703125,315,NOVO-B.CO,Novo Nordisk,Nasdaq Copenhagen,DKK,20260703_140048
2026-07-03 13:37:00+02:00,325.3999938964844,325.3999938964844,325.3999938964844,325.3999938964844,284,NOVO-B.CO,Novo Nordisk,Nasdaq Copenhagen,DKK,20260703_140048
2026-07-03 13:38:00+02:00,325.3999938964844,325.45001220703125,325.3999938964844,325.3999938964844,134,NOVO-B.CO,Novo Nordisk,Nasdaq Copenhagen,DKK,20260703_140048
2026-07-03 13:39:00+02:00,325.45001220703125,325.45001220703125,325.45001220703125,325.45001220703125,900,NOVO-B.CO,Novo Nordisk,Nasdaq Copenhagen,DKK,20260703_140048
2026-07-03 13:40:00+02:00,325.45001220703125,325.79998779296875,325.3999938964844,325.45001220703125,3503,NOVO-B.CO,Novo Nordisk,Nasdaq Copenhagen,DKK,20260703_140048
2026-07-03 13:41:00+02:00,325.5,325.5,325.45001220703125,325.45001220703125,984,NOVO-B.CO,Novo Nordisk,Nasdaq Copenhagen,DKK,20260703_140048
2026-07-03 13:42:00+02:00,325.3999938964844,325.3999938964844,325.3999938964844,325.3999938964844,90,NOVO-B.CO,Novo Nordisk,Nasdaq Copenhagen,DKK,20260703_140048
2026-07-03 13:43:00+02:00,325.6000061035156,325.6000061035156,325.5,325.5,1040,NOVO-B.CO,Novo Nordisk,Nasdaq Copenhagen,DKK,20260703_140048
2026-07-03 13:44:00+02:00,325.75,325.75,325.6499938964844,325.6499938964844,741,NOVO-B.CO,Novo Nordisk,Nasdaq Copenhagen,DKK,20260703_140048
2026-07-03 13:45:00+02:00,325.6000061035156,325.75,325.6000061035156,325.70001220703125,1642,NOVO-B.CO,Novo Nordisk,Nasdaq Copenhagen,DKK,20260703_140048
2026-07-03 13:46:00+02:00,325.8999938964844,325.8999938964844,325.70001220703125,325.70001220703125,1118,NOVO-B.CO,Novo Nordisk,Nasdaq Copenhagen,DKK,20260703_140048
2026-07-03 13:47:00+02:00,325.95001220703125,325.95001220703125,325.8999938964844,325.8999938964844,523,NOVO-B.CO,Novo Nordisk,Nasdaq Copenhagen,DKK,20260703_140048
2026-07-03 13:48:00+02:00,325.8999938964844,326.0,325.8500061035156,325.95001220703125,2019,NOVO-B.CO,Novo Nordisk,Nasdaq Copenhagen,DKK,20260703_140048
2026-07-03 13:49:00+02:00,325.8999938964844,325.8999938964844,325.79998779296875,325.79998779296875,241,NOVO-B.CO,Novo Nordisk,Nasdaq Copenhagen,DKK,20260703_140048
2026-07-03 13:50:00+02:00,325.8500061035156,325.8500061035156,325.79998779296875,325.8500061035156,344,NOVO-B.CO,Novo Nordisk,Nasdaq Copenhagen,DKK,20260703_140048
2026-07-03 13:51:00+02:00,325.5,325.79998779296875,325.5,325.79998779296875,4730,NOVO-B.CO,Novo Nordisk,Nasdaq Copenhagen,DKK,20260703_140048
2026-07-03 13:52:00+02:00,325.6000061035156,325.6000061035156,325.54998779296875,325.54998779296875,1117,NOVO-B.CO,Novo Nordisk,Nasdaq Copenhagen,DKK,20260703_140048
2026-07-03 13:53:00+02:00,325.70001220703125,325.70001220703125,325.5,325.5,1453,NOVO-B.CO,Novo Nordisk,Nasdaq Copenhagen,DKK,20260703_140048
2026-07-03 13:54:00+02:00,325.70001220703125,325.70001220703125,325.6000061035156,325.70001220703125,310,NOVO-B.CO,Novo Nordisk,Nasdaq Copenhagen,DKK,20260703_140048
2026-07-03 13:55:00+02:00,325.6499938964844,325.6499938964844,325.6000061035156,325.6499938964844,2205,NOVO-B.CO,Novo Nordisk,Nasdaq Copenhagen,DKK,20260703_140048
2026-07-03 13:56:00+02:00,325.70001220703125,325.70001220703125,325.6000061035156,325.70001220703125,1465,NOVO-B.CO,Novo Nordisk,Nasdaq Copenhagen,DKK,20260703_140048
2026-07-03 13:57:00+02:00,325.79998779296875,325.79998779296875,325.6499938964844,325.6499938964844,639,NOVO-B.CO,Novo Nordisk,Nasdaq Copenhagen,DKK,20260703_140048
2026-07-03 13:58:00+02:00,325.20001220703125,325.8500061035156,325.20001220703125,325.79998779296875,4874,NOVO-B.CO,Novo Nordisk,Nasdaq Copenhagen,DKK,20260703_140048
2026-07-03 13:59:00+02:00,325.29998779296875,325.6499938964844,325.20001220703125,325.25,4652,NOVO-B.CO,Novo Nordisk,Nasdaq Copenhagen,DKK,20260703_140048
2026-07-03 14:00:00+02:00,325.54998779296875,325.54998779296875,325.29998779296875,325.29998779296875,480,NOVO-B.CO,Novo Nordisk,Nasdaq Copenhagen,DKK,20260703_140048
2026-07-03 14:01:00+02:00,325.54998779296875,325.54998779296875,325.45001220703125,325.5,808,NOVO-B.CO,Novo Nordisk,Nasdaq Copenhagen,DKK,20260703_140048
2026-07-03 14:02:00+02:00,325.5,325.54998779296875,325.5,325.54998779296875,157,NOVO-B.CO,Novo Nordisk,Nasdaq Copenhagen,DKK,20260703_140048
2026-07-03 14:03:00+02:00,325.54998779296875,325.6000061035156,325.3999938964844,325.3999938964844,135,NOVO-B.CO,Novo Nordisk,Nasdaq Copenhagen,DKK,20260703_140048
2026-07-03 14:04:00+02:00,325.75,325.75,325.6000061035156,325.6000061035156,650,NOVO-B.CO,Novo Nordisk,Nasdaq Copenhagen,DKK,20260703_140048
2026-07-03 14:05:00+02:00,325.6499938964844,325.8500061035156,325.6000061035156,325.6000061035156,2882,NOVO-B.CO,Novo Nordisk,Nasdaq Copenhagen,DKK,20260703_140048
2026-07-03 14:06:00+02:00,325.5,325.6000061035156,325.3999938964844,325.6000061035156,952,NOVO-B.CO,Novo Nordisk,Nasdaq Copenhagen,DKK,20260703_140048
2026-07-03 14:07:00+02:00,325.5,325.5,325.5,325.5,80,NOVO-B.CO,Novo Nordisk,Nasdaq Copenhagen,DKK,20260703_140048
2026-07-03 14:08:00+02:00,325.25,325.3999938964844,325.1499938964844,325.3999938964844,1288,NOVO-B.CO,Novo Nordisk,Nasdaq Copenhagen,DKK,20260703_140048
2026-07-03 14:09:00+02:00,325.20001220703125,325.25,325.1000061035156,325.25,588,NOVO-B.CO,Novo Nordisk,Nasdaq Copenhagen,DKK,20260703_140048
2026-07-03 14:10:00+02:00,325.29998779296875,325.3500061035156,325.20001220703125,325.25,1324,NOVO-B.CO,Novo Nordisk,Nasdaq Copenhagen,DKK,20260703_140048
2026-07-03 14:11:00+02:00,325.3999938964844,325.3999938964844,325.29998779296875,325.29998779296875,1875,NOVO-B.CO,Novo Nordisk,Nasdaq Copenhagen,DKK,20260703_140048
2026-07-03 14:12:00+02:00,325.3500061035156,325.3500061035156,325.3500061035156,325.3500061035156,556,NOVO-B.CO,Novo Nordisk,Nasdaq Copenhagen,DKK,20260703_140048
2026-07-03 14:13:00+02:00,325.5,325.5,325.45001220703125,325.45001220703125,77,NOVO-B.CO,Novo Nordisk,Nasdaq Copenhagen,DKK,20260703_140048
2026-07-03 14:14:00+02:00,325.5,325.5,325.5,325.5,200,NOVO-B.CO,Novo Nordisk,Nasdaq Copenhagen,DKK,20260703_140048
2026-07-03 14:15:00+02:00,325.54998779296875,325.6499938964844,325.54998779296875,325.6000061035156,2227,NOVO-B.CO,Novo Nordisk,Nasdaq Copenhagen,DKK,20260703_140048
2026-07-03 14:16:00+02:00,325.6000061035156,325.6000061035156,325.3500061035156,325.54998779296875,4618,NOVO-B.CO,Novo Nordisk,Nasdaq Copenhagen,DKK,20260703_140048
2026-07-03 14:17:00+02:00,325.6000061035156,325.6000061035156,325.54998779296875,325.54998779296875,236,NOVO-B.CO,Novo Nordisk,Nasdaq Copenhagen,DKK,20260703_140048
2026-07-03 14:18:00+02:00,325.6000061035156,325.6499938964844,325.6000061035156,325.6499938964844,259,NOVO-B.CO,Novo Nordisk,Nasdaq Copenhagen,DKK,20260703_140048
2026-07-03 14:19:00+02:00,325.70001220703125,325.75,325.6499938964844,325.6499938964844,544,NOVO-B.CO,Novo Nordisk,Nasdaq Copenhagen,DKK,20260703_140048
2026-07-03 14:20:00+02:00,325.54998779296875,325.6499938964844,325.5,325.6499938964844,1638,NOVO-B.CO,Novo Nordisk,Nasdaq Copenhagen,DKK,20260703_140048
2026-07-03 14:21:00+02:00,325.8999938964844,325.8999938964844,325.5,325.5,134,NOVO-B.CO,Novo Nordisk,Nasdaq Copenhagen,DKK,20260703_140048
2026-07-03 14:22:00+02:00,325.75,325.8500061035156,325.75,325.8500061035156,698,NOVO-B.CO,Novo Nordisk,Nasdaq Copenhagen,DKK,20260703_140048
2026-07-03 14:23:00+02:00,325.75,325.8500061035156,325.70001220703125,325.75,571,NOVO-B.CO,Novo Nordisk,Nasdaq Copenhagen,DKK,20260703_140048
2026-07-03 14:24:00+02:00,325.8999938964844,325.8999938964844,325.8500061035156,325.8500061035156,368,NOVO-B.CO,Novo Nordisk,Nasdaq Copenhagen,DKK,20260703_140048
2026-07-03 14:25:00+02:00,326.0,326.0,325.8500061035156,325.8999938964844,1270,NOVO-B.CO,Novo Nordisk,Nasdaq Copenhagen,DKK,20260703_140048
2026-07-03 14:26:00+02:00,325.8999938964844,326.0,325.8999938964844,325.95001220703125,1939,NOVO-B.CO,Novo Nordisk,Nasdaq Copenhagen,DKK,20260703_140048
2026-07-03 14:27:00+02:00,325.54998779296875,325.8500061035156,325.54998779296875,325.8500061035156,1012,NOVO-B.CO,Novo Nordisk,Nasdaq Copenhagen,DKK,20260703_140048
2026-07-03 14:28:00+02:00,325.3999938964844,325.5,325.3500061035156,325.5,3190,NOVO-B.CO,Novo Nordisk,Nasdaq Copenhagen,DKK,20260703_140048
2026-07-03 14:29:00+02:00,325.29998779296875,325.45001220703125,325.29998779296875,325.45001220703125,2312,NOVO-B.CO,Novo Nordisk,Nasdaq Copenhagen,DKK,20260703_140048
2026-07-03 14:30:00+02:00,325.45001220703125,325.45001220703125,325.29998779296875,325.3500061035156,1600,NOVO-B.CO,Novo Nordisk,Nasdaq Copenhagen,DKK,20260703_140048
2026-07-03 14:31:00+02:00,325.3500061035156,325.45001220703125,325.3500061035156,325.45001220703125,389,NOVO-B.CO,Novo Nordisk,Nasdaq Copenhagen,DKK,20260703_140048
2026-07-03 14:32:00+02:00,325.5,325.54998779296875,325.29998779296875,325.3500061035156,1455,NOVO-B.CO,Novo Nordisk,Nasdaq Copenhagen,DKK,20260703_140048
2026-07-03 14:33:00+02:00,325.6499938964844,325.6499938964844,325.5,325.5,371,NOVO-B.CO,Novo Nordisk,Nasdaq Copenhagen,DKK,20260703_140048
2026-07-03 14:34:00+02:00,325.6000061035156,325.6000061035156,325.6000061035156,325.6000061035156,4,NOVO-B.CO,Novo Nordisk,Nasdaq Copenhagen,DKK,20260703_140048
2026-07-03 14:35:00+02:00,325.6000061035156,325.6000061035156,325.6000061035156,325.6000061035156,2,NOVO-B.CO,Novo Nordisk,Nasdaq Copenhagen,DKK,20260703_140048
2026-07-03 14:36:00+02:00,325.70001220703125,325.79998779296875,325.6499938964844,325.6499938964844,535,NOVO-B.CO,Novo Nordisk,Nasdaq Copenhagen,DKK,20260703_140048
2026-07-03 14:37:00+02:00,325.54998779296875,325.75,325.45001220703125,325.75,2160,NOVO-B.CO,Novo Nordisk,Nasdaq Copenhagen,DKK,20260703_140048
2026-07-03 14:38:00+02:00,325.5,325.5,325.5,325.5,3,NOVO-B.CO,Novo Nordisk,Nasdaq Copenhagen,DKK,20260703_140048
2026-07-03 14:39:00+02:00,325.6499938964844,325.6499938964844,325.5,325.5,477,NOVO-B.CO,Novo Nordisk,Nasdaq Copenhagen,DKK,20260703_140048
2026-07-03 14:40:00+02:00,325.6499938964844,325.79998779296875,325.6499938964844,325.75,1345,NOVO-B.CO,Novo Nordisk,Nasdaq Copenhagen,DKK,20260703_140048
2026-07-03 14:41:00+02:00,325.95001220703125,325.95001220703125,325.70001220703125,325.70001220703125,373,NOVO-B.CO,Novo Nordisk,Nasdaq Copenhagen,DKK,20260703_140048
2026-07-03 14:42:00+02:00,325.8500061035156,325.95001220703125,325.8500061035156,325.95001220703125,2364,NOVO-B.CO,Novo Nordisk,Nasdaq Copenhagen,DKK,20260703_140048
2026-07-03 14:43:00+02:00,325.8999938964844,325.8999938964844,325.79998779296875,325.79998779296875,237,NOVO-B.CO,Novo Nordisk,Nasdaq Copenhagen,DKK,20260703_140048
2026-07-03 14:44:00+02:00,325.8500061035156,325.8500061035156,325.8500061035156,325.8500061035156,90,NOVO-B.CO,Novo Nordisk,Nasdaq Copenhagen,DKK,20260703_140048
2026-07-03 14:45:00+02:00,325.75,325.8500061035156,325.75,325.8500061035156,1832,NOVO-B.CO,Novo Nordisk,Nasdaq Copenhagen,DKK,20260703_140048
2026-07-03 14:46:00+02:00,325.75,325.79998779296875,325.6499938964844,325.6499938964844,575,NOVO-B.CO,Novo Nordisk,Nasdaq Copenhagen,DKK,20260703_140048
2026-07-03 14:47:00+02:00,325.79998779296875,325.79998779296875,325.79998779296875,325.79998779296875,600,NOVO-B.CO,Novo Nordisk,Nasdaq Copenhagen,DKK,20260703_140048
2026-07-03 14:48:00+02:00,325.95001220703125,326.0,325.8999938964844,325.8999938964844,1127,NOVO-B.CO,Novo Nordisk,Nasdaq Copenhagen,DKK,20260703_140048
2026-07-03 14:49:00+02:00,326.1499938964844,326.20001220703125,326.0,326.0,8224,NOVO-B.CO,Novo Nordisk,Nasdaq Copenhagen,DKK,20260703_140048
2026-07-03 14:50:00+02:00,325.8500061035156,326.20001220703125,325.8500061035156,326.1499938964844,2518,NOVO-B.CO,Novo Nordisk,Nasdaq Copenhagen,DKK,20260703_140048
2026-07-03 14:51:00+02:00,325.75,325.95001220703125,325.75,325.8999938964844,2414,NOVO-B.CO,Novo Nordisk,Nasdaq Copenhagen,DKK,20260703_140048
2026-07-03 14:52:00+02:00,325.75,325.75,325.6499938964844,325.6499938964844,198,NOVO-B.CO,Novo Nordisk,Nasdaq Copenhagen,DKK,20260703_140048
2026-07-03 14:53:00+02:00,325.75,325.75,325.6000061035156,325.6000061035156,431,NOVO-B.CO,Novo Nordisk,Nasdaq Copenhagen,DKK,20260703_140048
2026-07-03 14:54:00+02:00,325.5,325.6499938964844,325.5,325.6000061035156,7999,NOVO-B.CO,Novo Nordisk,Nasdaq Copenhagen,DKK,20260703_140048
2026-07-03 14:55:00+02:00,325.3999938964844,325.45001220703125,325.3999938964844,325.45001220703125,469,NOVO-B.CO,Novo Nordisk,Nasdaq Copenhagen,DKK,20260703_140048
2026-07-03 14:56:00+02:00,325.3500061035156,325.3999938964844,325.29998779296875,325.3999938964844,1923,NOVO-B.CO,Novo Nordisk,Nasdaq Copenhagen,DKK,20260703_140048
2026-07-03 14:57:00+02:00,325.25,325.29998779296875,325.25,325.25,17,NOVO-B.CO,Novo Nordisk,Nasdaq Copenhagen,DKK,20260703_140048
2026-07-03 14:58:00+02:00,325.25,325.25,324.79998779296875,325.25,50756,NOVO-B.CO,Novo Nordisk,Nasdaq Copenhagen,DKK,20260703_140048
2026-07-03 14:59:00+02:00,325.1000061035156,325.20001220703125,325.1000061035156,325.1499938964844,339,NOVO-B.CO,Novo Nordisk,Nasdaq Copenhagen,DKK,20260703_140048
2026-07-03 15:00:00+02:00,325.1499938964844,325.20001220703125,325.1499938964844,325.20001220703125,153,NOVO-B.CO,Novo Nordisk,Nasdaq Copenhagen,DKK,20260703_140048
2026-07-03 15:01:00+02:00,325.1499938964844,325.3999938964844,325.1000061035156,325.29998779296875,1197,NOVO-B.CO,Novo Nordisk,Nasdaq Copenhagen,DKK,20260703_140048
2026-07-03 15:02:00+02:00,325.1000061035156,325.1000061035156,325.1000061035156,325.1000061035156,53,NOVO-B.CO,Novo Nordisk,Nasdaq Copenhagen,DKK,20260703_140048
2026-07-03 15:03:00+02:00,325.1000061035156,325.1000061035156,325.1000061035156,325.1000061035156,119,NOVO-B.CO,Novo Nordisk,Nasdaq Copenhagen,DKK,20260703_140048
2026-07-03 15:04:00+02:00,325.04998779296875,325.25,325.0,325.1000061035156,3750,NOVO-B.CO,Novo Nordisk,Nasdaq Copenhagen,DKK,20260703_140048
2026-07-03 15:05:00+02:00,325.1499938964844,325.1499938964844,325.0,325.0,303,NOVO-B.CO,Novo Nordisk,Nasdaq Copenhagen,DKK,20260703_140048
2026-07-03 15:06:00+02:00,325.5,325.5,325.20001220703125,325.25,2014,NOVO-B.CO,Novo Nordisk,Nasdaq Copenhagen,DKK,20260703_140048
2026-07-03 15:07:00+02:00,325.6000061035156,325.6000061035156,325.5,325.54998779296875,451,NOVO-B.CO,Novo Nordisk,Nasdaq Copenhagen,DKK,20260703_140048
2026-07-03 15:08:00+02:00,325.6000061035156,325.6000061035156,325.54998779296875,325.54998779296875,83,NOVO-B.CO,Novo Nordisk,Nasdaq Copenhagen,DKK,20260703_140048
2026-07-03 15:09:00+02:00,325.5,325.54998779296875,325.5,325.54998779296875,954,NOVO-B.CO,Novo Nordisk,Nasdaq Copenhagen,DKK,20260703_140048
2026-07-03 15:10:00+02:00,325.54998779296875,325.54998779296875,325.54998779296875,325.54998779296875,781,NOVO-B.CO,Novo Nordisk,Nasdaq Copenhagen,DKK,20260703_140048
2026-07-03 15:11:00+02:00,325.5,325.54998779296875,325.5,325.5,314,NOVO-B.CO,Novo Nordisk,Nasdaq Copenhagen,DKK,20260703_140048
2026-07-03 15:12:00+02:00,325.6000061035156,325.6000061035156,325.6000061035156,325.6000061035156,1130,NOVO-B.CO,Novo Nordisk,Nasdaq Copenhagen,DKK,20260703_140048
2026-07-03 15:13:00+02:00,325.3999938964844,325.54998779296875,325.3500061035156,325.54998779296875,2698,NOVO-B.CO,Novo Nordisk,Nasdaq Copenhagen,DKK,20260703_140048
2026-07-03 15:14:00+02:00,325.54998779296875,325.54998779296875,325.5,325.5,1188,NOVO-B.CO,Novo Nordisk,Nasdaq Copenhagen,DKK,20260703_140048
2026-07-03 15:15:00+02:00,325.70001220703125,325.79998779296875,325.6000061035156,325.6000061035156,6465,NOVO-B.CO,Novo Nordisk,Nasdaq Copenhagen,DKK,20260703_140048
2026-07-03 15:16:00+02:00,325.6000061035156,325.70001220703125,325.54998779296875,325.70001220703125,2698,NOVO-B.CO,Novo Nordisk,Nasdaq Copenhagen,DKK,20260703_140048
2026-07-03 15:17:00+02:00,325.5,325.54998779296875,325.5,325.54998779296875,1208,NOVO-B.CO,Novo Nordisk,Nasdaq Copenhagen,DKK,20260703_140048
2026-07-03 15:18:00+02:00,325.54998779296875,325.54998779296875,325.45001220703125,325.54998779296875,2369,NOVO-B.CO,Novo Nordisk,Nasdaq Copenhagen,DKK,20260703_140048
2026-07-03 15:19:00+02:00,325.70001220703125,325.70001220703125,325.54998779296875,325.54998779296875,1004,NOVO-B.CO,Novo Nordisk,Nasdaq Copenhagen,DKK,20260703_140048
2026-07-03 15:20:00+02:00,326.1499938964844,326.1499938964844,325.70001220703125,325.70001220703125,3106,NOVO-B.CO,Novo Nordisk,Nasdaq Copenhagen,DKK,20260703_140048
2026-07-03 15:21:00+02:00,326.1499938964844,326.1499938964844,326.1000061035156,326.1499938964844,990,NOVO-B.CO,Novo Nordisk,Nasdaq Copenhagen,DKK,20260703_140048
2026-07-03 15:22:00+02:00,325.8999938964844,326.20001220703125,325.8999938964844,326.1499938964844,5310,NOVO-B.CO,Novo Nordisk,Nasdaq Copenhagen,DKK,20260703_140048
2026-07-03 15:23:00+02:00,325.8999938964844,326.0,325.8999938964844,325.95001220703125,1109,NOVO-B.CO,Novo Nordisk,Nasdaq Copenhagen,DKK,20260703_140048
2026-07-03 15:24:00+02:00,325.8999938964844,325.8999938964844,325.8999938964844,325.8999938964844,122,NOVO-B.CO,Novo Nordisk,Nasdaq Copenhagen,DKK,20260703_140048
2026-07-03 15:25:00+02:00,326.04998779296875,326.04998779296875,326.0,326.0,1362,NOVO-B.CO,Novo Nordisk,Nasdaq Copenhagen,DKK,20260703_140048
2026-07-03 15:26:00+02:00,326.04998779296875,326.04998779296875,326.04998779296875,326.04998779296875,5,NOVO-B.CO,Novo Nordisk,Nasdaq Copenhagen,DKK,20260703_140048
2026-07-03 15:27:00+02:00,325.95001220703125,326.04998779296875,325.95001220703125,326.04998779296875,1588,NOVO-B.CO,Novo Nordisk,Nasdaq Copenhagen,DKK,20260703_140048
2026-07-03 15:28:00+02:00,326.1000061035156,326.1000061035156,326.0,326.0,1010,NOVO-B.CO,Novo Nordisk,Nasdaq Copenhagen,DKK,20260703_140048
2026-07-03 15:29:00+02:00,325.8999938964844,326.1000061035156,325.8999938964844,326.04998779296875,3676,NOVO-B.CO,Novo Nordisk,Nasdaq Copenhagen,DKK,20260703_140048
2026-07-03 15:30:00+02:00,325.75,325.95001220703125,325.70001220703125,325.8500061035156,3968,NOVO-B.CO,Novo Nordisk,Nasdaq Copenhagen,DKK,20260703_140048
2026-07-03 15:31:00+02:00,325.8500061035156,326.0,325.79998779296875,325.79998779296875,1029,NOVO-B.CO,Novo Nordisk,Nasdaq Copenhagen,DKK,20260703_140048
2026-07-03 15:32:00+02:00,325.75,325.8500061035156,325.70001220703125,325.8500061035156,3183,NOVO-B.CO,Novo Nordisk,Nasdaq Copenhagen,DKK,20260703_140048
2026-07-03 15:33:00+02:00,325.79998779296875,325.79998779296875,325.70001220703125,325.70001220703125,703,NOVO-B.CO,Novo Nordisk,Nasdaq Copenhagen,DKK,20260703_140048
2026-07-03 15:34:00+02:00,325.8500061035156,325.8500061035156,325.79998779296875,325.79998779296875,1448,NOVO-B.CO,Novo Nordisk,Nasdaq Copenhagen,DKK,20260703_140048
2026-07-03 15:35:00+02:00,326.0,326.0,325.8999938964844,325.8999938964844,854,NOVO-B.CO,Novo Nordisk,Nasdaq Copenhagen,DKK,20260703_140048
2026-07-03 15:36:00+02:00,326.04998779296875,326.1499938964844,325.95001220703125,326.0,3325,NOVO-B.CO,Novo Nordisk,Nasdaq Copenhagen,DKK,20260703_140048
2026-07-03 15:37:00+02:00,326.04998779296875,326.1499938964844,326.0,326.04998779296875,2942,NOVO-B.CO,Novo Nordisk,Nasdaq Copenhagen,DKK,20260703_140048
2026-07-03 15:38:00+02:00,326.0,326.04998779296875,326.0,326.04998779296875,1632,NOVO-B.CO,Novo Nordisk,Nasdaq Copenhagen,DKK,20260703_140048
2026-07-03 15:39:00+02:00,326.04998779296875,326.04998779296875,326.04998779296875,326.04998779296875,504,NOVO-B.CO,Novo Nordisk,Nasdaq Copenhagen,DKK,20260703_140048
2026-07-03 15:40:00+02:00,325.6499938964844,326.0,325.5,326.0,6340,NOVO-B.CO,Novo Nordisk,Nasdaq Copenhagen,DKK,20260703_140048
2026-07-03 15:41:00+02:00,325.8500061035156,325.95001220703125,325.70001220703125,325.70001220703125,1027,NOVO-B.CO,Novo Nordisk,Nasdaq Copenhagen,DKK,20260703_140048
2026-07-03 15:42:00+02:00,326.20001220703125,326.20001220703125,325.95001220703125,325.95001220703125,919,NOVO-B.CO,Novo Nordisk,Nasdaq Copenhagen,DKK,20260703_140048
2026-07-03 15:43:00+02:00,326.29998779296875,326.29998779296875,326.25,326.25,748,NOVO-B.CO,Novo Nordisk,Nasdaq Copenhagen,DKK,20260703_140048
2026-07-03 15:44:00+02:00,326.29998779296875,326.3500061035156,326.29998779296875,326.29998779296875,429,NOVO-B.CO,Novo Nordisk,Nasdaq Copenhagen,DKK,20260703_140048
2026-07-03 15:45:00+02:00,326.5,326.5,326.3500061035156,326.3500061035156,1264,NOVO-B.CO,Novo Nordisk,Nasdaq Copenhagen,DKK,20260703_140048
2026-07-03 15:46:00+02:00,326.6000061035156,326.6000061035156,326.5,326.5,888,NOVO-B.CO,Novo Nordisk,Nasdaq Copenhagen,DKK,20260703_140048
2026-07-03 15:47:00+02:00,326.6000061035156,326.70001220703125,326.6000061035156,326.6499938964844,8317,NOVO-B.CO,Novo Nordisk,Nasdaq Copenhagen,DKK,20260703_140048
2026-07-03 15:48:00+02:00,326.29998779296875,326.5,326.25,326.5,6974,NOVO-B.CO,Novo Nordisk,Nasdaq Copenhagen,DKK,20260703_140048
2026-07-03 15:49:00+02:00,326.20001220703125,326.25,326.20001220703125,326.25,467,NOVO-B.CO,Novo Nordisk,Nasdaq Copenhagen,DKK,20260703_140048
2026-07-03 15:50:00+02:00,326.29998779296875,326.29998779296875,326.20001220703125,326.20001220703125,5977,NOVO-B.CO,Novo Nordisk,Nasdaq Copenhagen,DKK,20260703_140048
2026-07-03 15:51:00+02:00,326.25,326.25,326.20001220703125,326.20001220703125,12377,NOVO-B.CO,Novo Nordisk,Nasdaq Copenhagen,DKK,20260703_140048
2026-07-03 15:52:00+02:00,326.0,326.20001220703125,326.0,326.20001220703125,35964,NOVO-B.CO,Novo Nordisk,Nasdaq Copenhagen,DKK,20260703_140048
2026-07-03 15:53:00+02:00,326.1499938964844,326.1499938964844,326.04998779296875,326.04998779296875,1416,NOVO-B.CO,Novo Nordisk,Nasdaq Copenhagen,DKK,20260703_140048
2026-07-03 15:54:00+02:00,326.1000061035156,326.20001220703125,326.1000061035156,326.20001220703125,142,NOVO-B.CO,Novo Nordisk,Nasdaq Copenhagen,DKK,20260703_140048
2026-07-03 15:55:00+02:00,326.1000061035156,326.1000061035156,326.04998779296875,326.1000061035156,1726,NOVO-B.CO,Novo Nordisk,Nasdaq Copenhagen,DKK,20260703_140048
2026-07-03 15:56:00+02:00,326.3500061035156,326.3500061035156,326.1000061035156,326.1000061035156,1430,NOVO-B.CO,Novo Nordisk,Nasdaq Copenhagen,DKK,20260703_140048
2026-07-03 15:57:00+02:00,326.3500061035156,326.3500061035156,326.29998779296875,326.29998779296875,169,NOVO-B.CO,Novo Nordisk,Nasdaq Copenhagen,DKK,20260703_140048
2026-07-03 15:58:00+02:00,326.20001220703125,326.29998779296875,326.20001220703125,326.29998779296875,275,NOVO-B.CO,Novo Nordisk,Nasdaq Copenhagen,DKK,20260703_140048
2026-07-03 15:59:00+02:00,326.3500061035156,326.3500061035156,326.29998779296875,326.29998779296875,825,NOVO-B.CO,Novo Nordisk,Nasdaq Copenhagen,DKK,20260703_140048
2026-07-03 16:00:00+02:00,326.54998779296875,326.54998779296875,326.54998779296875,326.54998779296875,0,NOVO-B.CO,Novo Nordisk,Nasdaq Copenhagen,DKK,20260703_140048
2026-07-03 09:00:00+02:00,330.20001220703125,330.75,329.6499938964844,330.0,0,NOVO-B.CO,Novo Nordisk,Nasdaq Copenhagen,DKK,20260703_160316
2026-07-03 09:01:00+02:00,329.1000061035156,330.0,329.1000061035156,330.0,25999,NOVO-B.CO,Novo Nordisk,Nasdaq Copenhagen,DKK,20260703_160316
2026-07-03 09:02:00+02:00,328.45001220703125,329.25,328.1499938964844,329.20001220703125,30514,NOVO-B.CO,Novo Nordisk,Nasdaq Copenhagen,DKK,20260703_160316
2026-07-03 09:03:00+02:00,328.3999938964844,329.04998779296875,328.25,328.3500061035156,11869,NOVO-B.CO,Novo Nordisk,Nasdaq Copenhagen,DKK,20260703_160316
2026-07-03 09:04:00+02:00,328.04998779296875,328.45001220703125,327.75,328.45001220703125,12872,NOVO-B.CO,Novo Nordisk,Nasdaq Copenhagen,DKK,20260703_160316
2026-07-03 09:05:00+02:00,327.8500061035156,328.3500061035156,327.3999938964844,328.0,17825,NOVO-B.CO,Novo Nordisk,Nasdaq Copenhagen,DKK,20260703_160316
2026-07-03 09:06:00+02:00,327.29998779296875,328.25,327.29998779296875,327.79998779296875,10973,NOVO-B.CO,Novo Nordisk,Nasdaq Copenhagen,DKK,20260703_160316
2026-07-03 09:07:00+02:00,326.6000061035156,327.25,326.0,327.25,26614,NOVO-B.CO,Novo Nordisk,Nasdaq Copenhagen,DKK,20260703_160316
2026-07-03 09:08:00+02:00,327.04998779296875,327.1499938964844,326.6000061035156,326.6000061035156,7380,NOVO-B.CO,Novo Nordisk,Nasdaq Copenhagen,DKK,20260703_160316
2026-07-03 09:09:00+02:00,327.8999938964844,327.95001220703125,327.1000061035156,327.25,16717,NOVO-B.CO,Novo Nordisk,Nasdaq Copenhagen,DKK,20260703_160316
2026-07-03 09:10:00+02:00,327.3999938964844,328.0,327.3999938964844,327.95001220703125,26013,NOVO-B.CO,Novo Nordisk,Nasdaq Copenhagen,DKK,20260703_160316
2026-07-03 09:11:00+02:00,327.0,327.25,326.8999938964844,327.25,14281,NOVO-B.CO,Novo Nordisk,Nasdaq Copenhagen,DKK,20260703_160316
2026-07-03 09:12:00+02:00,327.0,327.1499938964844,326.8500061035156,327.04998779296875,4786,NOVO-B.CO,Novo Nordisk,Nasdaq Copenhagen,DKK,20260703_160316
2026-07-03 09:13:00+02:00,327.54998779296875,327.6499938964844,327.0,327.0,7567,NOVO-B.CO,Novo Nordisk,Nasdaq Copenhagen,DKK,20260703_160316
2026-07-03 09:14:00+02:00,327.6000061035156,327.79998779296875,327.3500061035156,327.54998779296875,9889,NOVO-B.CO,Novo Nordisk,Nasdaq Copenhagen,DKK,20260703_160316
2026-07-03 09:15:00+02:00,327.70001220703125,328.1000061035156,327.54998779296875,327.70001220703125,31110,NOVO-B.CO,Novo Nordisk,Nasdaq Copenhagen,DKK,20260703_160316
2026-07-03 09:16:00+02:00,327.8500061035156,328.0,327.6499938964844,327.70001220703125,5448,NOVO-B.CO,Novo Nordisk,Nasdaq Copenhagen,DKK,20260703_160316
2026-07-03 09:17:00+02:00,327.70001220703125,327.95001220703125,327.54998779296875,327.8500061035156,10407,NOVO-B.CO,Novo Nordisk,Nasdaq Copenhagen,DKK,20260703_160316
2026-07-03 09:18:00+02:00,327.3999938964844,327.8500061035156,327.3999938964844,327.75,9642,NOVO-B.CO,Novo Nordisk,Nasdaq Copenhagen,DKK,20260703_160316
2026-07-03 09:19:00+02:00,327.3999938964844,327.6000061035156,327.29998779296875,327.3999938964844,9536,NOVO-B.CO,Novo Nordisk,Nasdaq Copenhagen,DKK,20260703_160316
2026-07-03 09:20:00+02:00,327.54998779296875,327.6499938964844,327.45001220703125,327.5,5441,NOVO-B.CO,Novo Nordisk,Nasdaq Copenhagen,DKK,20260703_160316
2026-07-03 09:21:00+02:00,327.8500061035156,328.0,327.6000061035156,327.6000061035156,2251,NOVO-B.CO,Novo Nordisk,Nasdaq Copenhagen,DKK,20260703_160316
2026-07-03 09:22:00+02:00,327.54998779296875,328.0,327.54998779296875,327.79998779296875,9673,NOVO-B.CO,Novo Nordisk,Nasdaq Copenhagen,DKK,20260703_160316
2026-07-03 09:23:00+02:00,327.70001220703125,328.0,327.3500061035156,327.5,21964,NOVO-B.CO,Novo Nordisk,Nasdaq Copenhagen,DKK,20260703_160316
2026-07-03 09:24:00+02:00,327.79998779296875,328.1000061035156,327.6000061035156,327.79998779296875,12123,NOVO-B.CO,Novo Nordisk,Nasdaq Copenhagen,DKK,20260703_160316
2026-07-03 09:25:00+02:00,327.8999938964844,327.95001220703125,327.6000061035156,327.75,6079,NOVO-B.CO,Novo Nordisk,Nasdaq Copenhagen,DKK,20260703_160316
2026-07-03 09:26:00+02:00,328.5,328.5,327.8999938964844,327.8999938964844,7472,NOVO-B.CO,Novo Nordisk,Nasdaq Copenhagen,DKK,20260703_160316
2026-07-03 09:27:00+02:00,328.45001220703125,328.6499938964844,328.3999938964844,328.54998779296875,6879,NOVO-B.CO,Novo Nordisk,Nasdaq Copenhagen,DKK,20260703_160316
2026-07-03 09:28:00+02:00,328.3999938964844,328.5,328.3999938964844,328.3999938964844,3648,NOVO-B.CO,Novo Nordisk,Nasdaq Copenhagen,DKK,20260703_160316
2026-07-03 09:29:00+02:00,328.29998779296875,328.45001220703125,328.25,328.3500061035156,5927,NOVO-B.CO,Novo Nordisk,Nasdaq Copenhagen,DKK,20260703_160316
2026-07-03 09:30:00+02:00,328.29998779296875,328.3500061035156,328.20001220703125,328.25,7494,NOVO-B.CO,Novo Nordisk,Nasdaq Copenhagen,DKK,20260703_160316
2026-07-03 09:31:00+02:00,328.1499938964844,328.29998779296875,328.1000061035156,328.1499938964844,13236,NOVO-B.CO,Novo Nordisk,Nasdaq Copenhagen,DKK,20260703_160316
2026-07-03 09:32:00+02:00,328.3999938964844,328.45001220703125,328.20001220703125,328.20001220703125,3361,NOVO-B.CO,Novo Nordisk,Nasdaq Copenhagen,DKK,20260703_160316
2026-07-03 09:33:00+02:00,328.79998779296875,328.79998779296875,328.45001220703125,328.45001220703125,1808,NOVO-B.CO,Novo Nordisk,Nasdaq Copenhagen,DKK,20260703_160316
2026-07-03 09:34:00+02:00,328.6499938964844,328.75,328.6000061035156,328.75,3146,NOVO-B.CO,Novo Nordisk,Nasdaq Copenhagen,DKK,20260703_160316
2026-07-03 09:35:00+02:00,328.70001220703125,328.75,328.6499938964844,328.70001220703125,2928,NOVO-B.CO,Novo Nordisk,Nasdaq Copenhagen,DKK,20260703_160316
2026-07-03 09:36:00+02:00,328.8999938964844,328.8999938964844,328.6499938964844,328.6499938964844,1295,NOVO-B.CO,Novo Nordisk,Nasdaq Copenhagen,DKK,20260703_160316
2026-07-03 09:37:00+02:00,329.1499938964844,329.25,328.95001220703125,328.95001220703125,7355,NOVO-B.CO,Novo Nordisk,Nasdaq Copenhagen,DKK,20260703_160316
2026-07-03 09:38:00+02:00,329.25,329.6000061035156,329.04998779296875,329.20001220703125,6139,NOVO-B.CO,Novo Nordisk,Nasdaq Copenhagen,DKK,20260703_160316
2026-07-03 09:39:00+02:00,329.3500061035156,329.45001220703125,329.1000061035156,329.3500061035156,6378,NOVO-B.CO,Novo Nordisk,Nasdaq Copenhagen,DKK,20260703_160316
2026-07-03 09:40:00+02:00,329.1000061035156,329.20001220703125,329.04998779296875,329.1000061035156,4846,NOVO-B.CO,Novo Nordisk,Nasdaq Copenhagen,DKK,20260703_160316
2026-07-03 09:41:00+02:00,328.8500061035156,329.25,328.8500061035156,329.25,13672,NOVO-B.CO,Novo Nordisk,Nasdaq Copenhagen,DKK,20260703_160316
2026-07-03 09:42:00+02:00,328.79998779296875,328.95001220703125,328.6000061035156,328.8999938964844,2569,NOVO-B.CO,Novo Nordisk,Nasdaq Copenhagen,DKK,20260703_160316
2026-07-03 09:43:00+02:00,328.3500061035156,328.79998779296875,328.25,328.79998779296875,10703,NOVO-B.CO,Novo Nordisk,Nasdaq Copenhagen,DKK,20260703_160316
2026-07-03 09:44:00+02:00,328.6499938964844,328.70001220703125,328.45001220703125,328.45001220703125,1692,NOVO-B.CO,Novo Nordisk,Nasdaq Copenhagen,DKK,20260703_160316
2026-07-03 09:45:00+02:00,328.29998779296875,328.70001220703125,328.1499938964844,328.70001220703125,12913,NOVO-B.CO,Novo Nordisk,Nasdaq Copenhagen,DKK,20260703_160316
2026-07-03 09:46:00+02:00,328.04998779296875,328.29998779296875,328.04998779296875,328.29998779296875,5929,NOVO-B.CO,Novo Nordisk,Nasdaq Copenhagen,DKK,20260703_160316
2026-07-03 09:47:00+02:00,327.8500061035156,328.1000061035156,327.79998779296875,328.04998779296875,2947,NOVO-B.CO,Novo Nordisk,Nasdaq Copenhagen,DKK,20260703_160316
2026-07-03 09:48:00+02:00,327.8500061035156,328.0,327.70001220703125,327.8999938964844,4946,NOVO-B.CO,Novo Nordisk,Nasdaq Copenhagen,DKK,20260703_160316
2026-07-03 09:49:00+02:00,327.54998779296875,327.8999938964844,327.54998779296875,327.8999938964844,4379,NOVO-B.CO,Novo Nordisk,Nasdaq Copenhagen,DKK,20260703_160316
2026-07-03 09:50:00+02:00,327.3500061035156,327.6000061035156,327.3500061035156,327.5,3673,NOVO-B.CO,Novo Nordisk,Nasdaq Copenhagen,DKK,20260703_160316
2026-07-03 09:51:00+02:00,327.1499938964844,327.5,327.1499938964844,327.3999938964844,2799,NOVO-B.CO,Novo Nordisk,Nasdaq Copenhagen,DKK,20260703_160316
2026-07-03 09:52:00+02:00,327.25,327.25,327.1499938964844,327.1499938964844,4767,NOVO-B.CO,Novo Nordisk,Nasdaq Copenhagen,DKK,20260703_160316
2026-07-03 09:53:00+02:00,327.3500061035156,327.3999938964844,327.1499938964844,327.25,3014,NOVO-B.CO,Novo Nordisk,Nasdaq Copenhagen,DKK,20260703_160316
2026-07-03 09:54:00+02:00,327.3500061035156,327.3500061035156,327.20001220703125,327.25,1573,NOVO-B.CO,Novo Nordisk,Nasdaq Copenhagen,DKK,20260703_160316
2026-07-03 09:55:00+02:00,327.3500061035156,327.70001220703125,327.3500061035156,327.45001220703125,1371,NOVO-B.CO,Novo Nordisk,Nasdaq Copenhagen,DKK,20260703_160316
2026-07-03 09:56:00+02:00,327.25,327.3999938964844,327.1499938964844,327.3999938964844,3675,NOVO-B.CO,Novo Nordisk,Nasdaq Copenhagen,DKK,20260703_160316
2026-07-03 09:57:00+02:00,326.95001220703125,327.20001220703125,326.95001220703125,327.20001220703125,6753,NOVO-B.CO,Novo Nordisk,Nasdaq Copenhagen,DKK,20260703_160316
2026-07-03 09:58:00+02:00,326.79998779296875,326.95001220703125,326.6000061035156,326.8999938964844,5782,NOVO-B.CO,Novo Nordisk,Nasdaq Copenhagen,DKK,20260703_160316
2026-07-03 09:59:00+02:00,326.75,326.95001220703125,326.6499938964844,326.79998779296875,3290,NOVO-B.CO,Novo Nordisk,Nasdaq Copenhagen,DKK,20260703_160316
2026-07-03 10:00:00+02:00,326.6000061035156,326.75,326.5,326.75,900,NOVO-B.CO,Novo Nordisk,Nasdaq Copenhagen,DKK,20260703_160316
2026-07-03 10:01:00+02:00,326.70001220703125,326.70001220703125,326.54998779296875,326.6000061035156,2988,NOVO-B.CO,Novo Nordisk,Nasdaq Copenhagen,DKK,20260703_160316
2026-07-03 10:02:00+02:00,326.6000061035156,326.6000061035156,326.5,326.54998779296875,845,NOVO-B.CO,Novo Nordisk,Nasdaq Copenhagen,DKK,20260703_160316
2026-07-03 10:03:00+02:00,326.3500061035156,326.54998779296875,326.29998779296875,326.5,5438,NOVO-B.CO,Novo Nordisk,Nasdaq Copenhagen,DKK,20260703_160316
2026-07-03 10:04:00+02:00,326.20001220703125,326.29998779296875,326.1499938964844,326.29998779296875,3839,NOVO-B.CO,Novo Nordisk,Nasdaq Copenhagen,DKK,20260703_160316
2026-07-03 10:05:00+02:00,326.54998779296875,326.8500061035156,326.29998779296875,326.29998779296875,4633,NOVO-B.CO,Novo Nordisk,Nasdaq Copenhagen,DKK,20260703_160316
2026-07-03 10:06:00+02:00,326.8999938964844,326.8999938964844,326.6000061035156,326.6000061035156,596,NOVO-B.CO,Novo Nordisk,Nasdaq Copenhagen,DKK,20260703_160316
2026-07-03 10:07:00+02:00,326.75,326.8500061035156,326.6000061035156,326.8500061035156,3197,NOVO-B.CO,Novo Nordisk,Nasdaq Copenhagen,DKK,20260703_160316
2026-07-03 10:08:00+02:00,326.79998779296875,326.79998779296875,326.5,326.6499938964844,13577,NOVO-B.CO,Novo Nordisk,Nasdaq Copenhagen,DKK,20260703_160316
2026-07-03 10:09:00+02:00,326.70001220703125,326.79998779296875,326.5,326.54998779296875,3323,NOVO-B.CO,Novo Nordisk,Nasdaq Copenhagen,DKK,20260703_160316
2026-07-03 10:10:00+02:00,326.8500061035156,326.95001220703125,326.70001220703125,326.79998779296875,887,NOVO-B.CO,Novo Nordisk,Nasdaq Copenhagen,DKK,20260703_160316
2026-07-03 10:11:00+02:00,326.75,326.79998779296875,326.70001220703125,326.79998779296875,7139,NOVO-B.CO,Novo Nordisk,Nasdaq Copenhagen,DKK,20260703_160316
2026-07-03 10:12:00+02:00,326.70001220703125,326.79998779296875,326.6499938964844,326.6499938964844,794,NOVO-B.CO,Novo Nordisk,Nasdaq Copenhagen,DKK,20260703_160316
2026-07-03 10:13:00+02:00,326.6000061035156,327.75,326.54998779296875,326.6499938964844,21900,NOVO-B.CO,Novo Nordisk,Nasdaq Copenhagen,DKK,20260703_160316
2026-07-03 10:14:00+02:00,326.3999938964844,326.70001220703125,326.0,326.5,32177,NOVO-B.CO,Novo Nordisk,Nasdaq Copenhagen,DKK,20260703_160316
2026-07-03 10:15:00+02:00,326.3500061035156,326.45001220703125,326.0,326.20001220703125,10693,NOVO-B.CO,Novo Nordisk,Nasdaq Copenhagen,DKK,20260703_160316
2026-07-03 10:16:00+02:00,326.25,326.3500061035156,326.20001220703125,326.25,1861,NOVO-B.CO,Novo Nordisk,Nasdaq Copenhagen,DKK,20260703_160316
2026-07-03 10:17:00+02:00,326.04998779296875,326.3500061035156,325.8999938964844,326.3500061035156,5696,NOVO-B.CO,Novo Nordisk,Nasdaq Copenhagen,DKK,20260703_160316
2026-07-03 10:18:00+02:00,326.3500061035156,326.3500061035156,326.20001220703125,326.20001220703125,1109,NOVO-B.CO,Novo Nordisk,Nasdaq Copenhagen,DKK,20260703_160316
2026-07-03 10:19:00+02:00,325.70001220703125,326.3999938964844,325.54998779296875,326.1499938964844,4039,NOVO-B.CO,Novo Nordisk,Nasdaq Copenhagen,DKK,20260703_160316
2026-07-03 10:20:00+02:00,325.75,325.79998779296875,325.54998779296875,325.70001220703125,3235,NOVO-B.CO,Novo Nordisk,Nasdaq Copenhagen,DKK,20260703_160316
2026-07-03 10:21:00+02:00,325.75,325.8999938964844,325.70001220703125,325.8500061035156,827,NOVO-B.CO,Novo Nordisk,Nasdaq Copenhagen,DKK,20260703_160316
2026-07-03 10:22:00+02:00,325.8999938964844,326.20001220703125,325.70001220703125,325.75,6978,NOVO-B.CO,Novo Nordisk,Nasdaq Copenhagen,DKK,20260703_160316
2026-07-03 10:23:00+02:00,325.8500061035156,326.04998779296875,325.8500061035156,325.8999938964844,1368,NOVO-B.CO,Novo Nordisk,Nasdaq Copenhagen,DKK,20260703_160316
2026-07-03 10:24:00+02:00,326.1499938964844,326.1499938964844,325.79998779296875,325.8999938964844,1089,NOVO-B.CO,Novo Nordisk,Nasdaq Copenhagen,DKK,20260703_160316
2026-07-03 10:25:00+02:00,326.1000061035156,326.1499938964844,326.0,326.0,516,NOVO-B.CO,Novo Nordisk,Nasdaq Copenhagen,DKK,20260703_160316
2026-07-03 10:26:00+02:00,326.1000061035156,326.1000061035156,326.1000061035156,326.1000061035156,513,NOVO-B.CO,Novo Nordisk,Nasdaq Copenhagen,DKK,20260703_160316
2026-07-03 10:27:00+02:00,326.29998779296875,326.29998779296875,326.1000061035156,326.1499938964844,1969,NOVO-B.CO,Novo Nordisk,Nasdaq Copenhagen,DKK,20260703_160316
2026-07-03 10:28:00+02:00,326.45001220703125,326.45001220703125,326.20001220703125,326.29998779296875,2609,NOVO-B.CO,Novo Nordisk,Nasdaq Copenhagen,DKK,20260703_160316
2026-07-03 10:29:00+02:00,326.54998779296875,326.54998779296875,326.3999938964844,326.45001220703125,1116,NOVO-B.CO,Novo Nordisk,Nasdaq Copenhagen,DKK,20260703_160316
2026-07-03 10:30:00+02:00,326.6499938964844,326.6499938964844,326.45001220703125,326.45001220703125,1830,NOVO-B.CO,Novo Nordisk,Nasdaq Copenhagen,DKK,20260703_160316
2026-07-03 10:31:00+02:00,326.54998779296875,326.6499938964844,326.45001220703125,326.5,3789,NOVO-B.CO,Novo Nordisk,Nasdaq Copenhagen,DKK,20260703_160316
2026-07-03 10:32:00+02:00,327.0,327.0,326.29998779296875,326.54998779296875,4606,NOVO-B.CO,Novo Nordisk,Nasdaq Copenhagen,DKK,20260703_160316
2026-07-03 10:33:00+02:00,327.04998779296875,327.04998779296875,326.95001220703125,326.95001220703125,724,NOVO-B.CO,Novo Nordisk,Nasdaq Copenhagen,DKK,20260703_160316
2026-07-03 10:34:00+02:00,327.1000061035156,327.3500061035156,326.95001220703125,327.04998779296875,3018,NOVO-B.CO,Novo Nordisk,Nasdaq Copenhagen,DKK,20260703_160316
2026-07-03 10:35:00+02:00,327.54998779296875,327.54998779296875,327.20001220703125,327.25,7209,NOVO-B.CO,Novo Nordisk,Nasdaq Copenhagen,DKK,20260703_160316
2026-07-03 10:36:00+02:00,327.3999938964844,327.70001220703125,327.3999938964844,327.54998779296875,3226,NOVO-B.CO,Novo Nordisk,Nasdaq Copenhagen,DKK,20260703_160316
2026-07-03 10:37:00+02:00,327.1000061035156,327.3999938964844,326.79998779296875,327.3999938964844,2924,NOVO-B.CO,Novo Nordisk,Nasdaq Copenhagen,DKK,20260703_160316
2026-07-03 10:38:00+02:00,327.04998779296875,327.1000061035156,326.95001220703125,326.95001220703125,344,NOVO-B.CO,Novo Nordisk,Nasdaq Copenhagen,DKK,20260703_160316
2026-07-03 10:39:00+02:00,327.04998779296875,327.20001220703125,326.8999938964844,326.95001220703125,630,NOVO-B.CO,Novo Nordisk,Nasdaq Copenhagen,DKK,20260703_160316
2026-07-03 10:40:00+02:00,327.70001220703125,327.8500061035156,327.25,327.25,3021,NOVO-B.CO,Novo Nordisk,Nasdaq Copenhagen,DKK,20260703_160316
2026-07-03 10:41:00+02:00,327.45001220703125,327.5,327.3999938964844,327.5,307,NOVO-B.CO,Novo Nordisk,Nasdaq Copenhagen,DKK,20260703_160316
2026-07-03 10:42:00+02:00,327.3500061035156,327.5,327.3500061035156,327.3999938964844,1284,NOVO-B.CO,Novo Nordisk,Nasdaq Copenhagen,DKK,20260703_160316
2026-07-03 10:43:00+02:00,327.6000061035156,327.6000061035156,327.3500061035156,327.45001220703125,1414,NOVO-B.CO,Novo Nordisk,Nasdaq Copenhagen,DKK,20260703_160316
2026-07-03 10:44:00+02:00,327.3999938964844,327.70001220703125,327.29998779296875,327.70001220703125,3575,NOVO-B.CO,Novo Nordisk,Nasdaq Copenhagen,DKK,20260703_160316
2026-07-03 10:45:00+02:00,327.29998779296875,327.45001220703125,327.29998779296875,327.3999938964844,295,NOVO-B.CO,Novo Nordisk,Nasdaq Copenhagen,DKK,20260703_160316
2026-07-03 10:46:00+02:00,327.29998779296875,327.29998779296875,327.20001220703125,327.25,143,NOVO-B.CO,Novo Nordisk,Nasdaq Copenhagen,DKK,20260703_160316
2026-07-03 10:47:00+02:00,327.1499938964844,327.20001220703125,327.1499938964844,327.20001220703125,400,NOVO-B.CO,Novo Nordisk,Nasdaq Copenhagen,DKK,20260703_160316
2026-07-03 10:48:00+02:00,327.3999938964844,327.3999938964844,327.1499938964844,327.1499938964844,1474,NOVO-B.CO,Novo Nordisk,Nasdaq Copenhagen,DKK,20260703_160316
2026-07-03 10:49:00+02:00,327.04998779296875,327.3999938964844,327.04998779296875,327.3999938964844,1903,NOVO-B.CO,Novo Nordisk,Nasdaq Copenhagen,DKK,20260703_160316
2026-07-03 10:50:00+02:00,327.04998779296875,327.04998779296875,326.95001220703125,327.0,6331,NOVO-B.CO,Novo Nordisk,Nasdaq Copenhagen,DKK,20260703_160316
2026-07-03 10:51:00+02:00,327.1000061035156,327.1499938964844,327.04998779296875,327.04998779296875,385,NOVO-B.CO,Novo Nordisk,Nasdaq Copenhagen,DKK,20260703_160316
2026-07-03 10:52:00+02:00,327.04998779296875,327.04998779296875,326.95001220703125,327.0,695,NOVO-B.CO,Novo Nordisk,Nasdaq Copenhagen,DKK,20260703_160316
2026-07-03 10:53:00+02:00,326.79998779296875,327.04998779296875,326.79998779296875,327.0,1367,NOVO-B.CO,Novo Nordisk,Nasdaq Copenhagen,DKK,20260703_160316
2026-07-03 10:54:00+02:00,326.5,326.75,326.5,326.75,1119,NOVO-B.CO,Novo Nordisk,Nasdaq Copenhagen,DKK,20260703_160316
2026-07-03 10:55:00+02:00,326.5,326.5,326.45001220703125,326.5,1868,NOVO-B.CO,Novo Nordisk,Nasdaq Copenhagen,DKK,20260703_160316
2026-07-03 10:56:00+02:00,326.5,326.6000061035156,326.45001220703125,326.45001220703125,6946,NOVO-B.CO,Novo Nordisk,Nasdaq Copenhagen,DKK,20260703_160316
2026-07-03 10:57:00+02:00,326.29998779296875,326.5,326.29998779296875,326.3999938964844,914,NOVO-B.CO,Novo Nordisk,Nasdaq Copenhagen,DKK,20260703_160316
2026-07-03 10:58:00+02:00,326.3500061035156,326.3999938964844,326.3500061035156,326.3500061035156,433,NOVO-B.CO,Novo Nordisk,Nasdaq Copenhagen,DKK,20260703_160316
2026-07-03 10:59:00+02:00,326.45001220703125,326.45001220703125,326.3500061035156,326.3500061035156,675,NOVO-B.CO,Novo Nordisk,Nasdaq Copenhagen,DKK,20260703_160316
2026-07-03 11:00:00+02:00,326.45001220703125,326.45001220703125,326.3500061035156,326.3500061035156,942,NOVO-B.CO,Novo Nordisk,Nasdaq Copenhagen,DKK,20260703_160316
2026-07-03 11:01:00+02:00,326.3500061035156,326.45001220703125,326.25,326.45001220703125,3396,NOVO-B.CO,Novo Nordisk,Nasdaq Copenhagen,DKK,20260703_160316
2026-07-03 11:02:00+02:00,326.3500061035156,326.3500061035156,326.25,326.3500061035156,320,NOVO-B.CO,Novo Nordisk,Nasdaq Copenhagen,DKK,20260703_160316
2026-07-03 11:03:00+02:00,326.3999938964844,326.45001220703125,326.3500061035156,326.3500061035156,426,NOVO-B.CO,Novo Nordisk,Nasdaq Copenhagen,DKK,20260703_160316
2026-07-03 11:04:00+02:00,326.20001220703125,326.29998779296875,326.20001220703125,326.29998779296875,2058,NOVO-B.CO,Novo Nordisk,Nasdaq Copenhagen,DKK,20260703_160316
2026-07-03 11:05:00+02:00,325.95001220703125,326.25,325.95001220703125,326.20001220703125,7960,NOVO-B.CO,Novo Nordisk,Nasdaq Copenhagen,DKK,20260703_160316
2026-07-03 11:06:00+02:00,325.79998779296875,325.8999938964844,325.70001220703125,325.8999938964844,2459,NOVO-B.CO,Novo Nordisk,Nasdaq Copenhagen,DKK,20260703_160316
2026-07-03 11:07:00+02:00,325.8500061035156,325.8500061035156,325.70001220703125,325.8500061035156,3902,NOVO-B.CO,Novo Nordisk,Nasdaq Copenhagen,DKK,20260703_160316
2026-07-03 11:08:00+02:00,325.79998779296875,325.8500061035156,325.70001220703125,325.79998779296875,365,NOVO-B.CO,Novo Nordisk,Nasdaq Copenhagen,DKK,20260703_160316
2026-07-03 11:09:00+02:00,325.75,325.79998779296875,325.6499938964844,325.75,1364,NOVO-B.CO,Novo Nordisk,Nasdaq Copenhagen,DKK,20260703_160316
2026-07-03 11:10:00+02:00,325.8500061035156,325.8500061035156,325.6499938964844,325.75,677,NOVO-B.CO,Novo Nordisk,Nasdaq Copenhagen,DKK,20260703_160316
2026-07-03 11:11:00+02:00,325.8500061035156,325.8500061035156,325.70001220703125,325.79998779296875,429,NOVO-B.CO,Novo Nordisk,Nasdaq Copenhagen,DKK,20260703_160316
2026-07-03 11:12:00+02:00,325.75,325.8999938964844,325.75,325.8500061035156,1335,NOVO-B.CO,Novo Nordisk,Nasdaq Copenhagen,DKK,20260703_160316
2026-07-03 11:13:00+02:00,325.70001220703125,325.75,325.70001220703125,325.70001220703125,815,NOVO-B.CO,Novo Nordisk,Nasdaq Copenhagen,DKK,20260703_160316
2026-07-03 11:14:00+02:00,325.6000061035156,325.6000061035156,325.5,325.6000061035156,404,NOVO-B.CO,Novo Nordisk,Nasdaq Copenhagen,DKK,20260703_160316
2026-07-03 11:15:00+02:00,325.8500061035156,325.95001220703125,325.6000061035156,325.6000061035156,4220,NOVO-B.CO,Novo Nordisk,Nasdaq Copenhagen,DKK,20260703_160316
2026-07-03 11:16:00+02:00,325.95001220703125,325.95001220703125,325.8500061035156,325.8999938964844,732,NOVO-B.CO,Novo Nordisk,Nasdaq Copenhagen,DKK,20260703_160316
2026-07-03 11:17:00+02:00,326.0,326.04998779296875,325.8500061035156,326.0,2503,NOVO-B.CO,Novo Nordisk,Nasdaq Copenhagen,DKK,20260703_160316
2026-07-03 11:18:00+02:00,325.95001220703125,325.95001220703125,325.8999938964844,325.95001220703125,1334,NOVO-B.CO,Novo Nordisk,Nasdaq Copenhagen,DKK,20260703_160316
2026-07-03 11:19:00+02:00,325.95001220703125,326.0,325.95001220703125,326.0,298,NOVO-B.CO,Novo Nordisk,Nasdaq Copenhagen,DKK,20260703_160316
2026-07-03 11:20:00+02:00,326.04998779296875,326.04998779296875,326.0,326.0,1493,NOVO-B.CO,Novo Nordisk,Nasdaq Copenhagen,DKK,20260703_160316
2026-07-03 11:21:00+02:00,325.95001220703125,326.1000061035156,325.95001220703125,326.04998779296875,2372,NOVO-B.CO,Novo Nordisk,Nasdaq Copenhagen,DKK,20260703_160316
2026-07-03 11:22:00+02:00,325.70001220703125,326.04998779296875,325.70001220703125,326.04998779296875,2199,NOVO-B.CO,Novo Nordisk,Nasdaq Copenhagen,DKK,20260703_160316
2026-07-03 11:23:00+02:00,325.6499938964844,325.70001220703125,325.6499938964844,325.6499938964844,2286,NOVO-B.CO,Novo Nordisk,Nasdaq Copenhagen,DKK,20260703_160316
2026-07-03 11:24:00+02:00,325.54998779296875,325.95001220703125,325.5,325.6499938964844,7611,NOVO-B.CO,Novo Nordisk,Nasdaq Copenhagen,DKK,20260703_160316
2026-07-03 11:25:00+02:00,325.6000061035156,325.6499938964844,325.5,325.6000061035156,1010,NOVO-B.CO,Novo Nordisk,Nasdaq Copenhagen,DKK,20260703_160316
2026-07-03 11:26:00+02:00,325.54998779296875,325.6000061035156,325.5,325.54998779296875,8220,NOVO-B.CO,Novo Nordisk,Nasdaq Copenhagen,DKK,20260703_160316
2026-07-03 11:27:00+02:00,325.5,325.6499938964844,325.5,325.54998779296875,3874,NOVO-B.CO,Novo Nordisk,Nasdaq Copenhagen,DKK,20260703_160316
2026-07-03 11:28:00+02:00,325.54998779296875,325.54998779296875,325.54998779296875,325.54998779296875,379,NOVO-B.CO,Novo Nordisk,Nasdaq Copenhagen,DKK,20260703_160316
2026-07-03 11:29:00+02:00,325.6000061035156,325.70001220703125,325.6000061035156,325.6499938964844,860,NOVO-B.CO,Novo Nordisk,Nasdaq Copenhagen,DKK,20260703_160316
2026-07-03 11:30:00+02:00,325.70001220703125,325.79998779296875,325.6499938964844,325.70001220703125,2121,NOVO-B.CO,Novo Nordisk,Nasdaq Copenhagen,DKK,20260703_160316
2026-07-03 11:31:00+02:00,325.54998779296875,325.70001220703125,325.54998779296875,325.6499938964844,1380,NOVO-B.CO,Novo Nordisk,Nasdaq Copenhagen,DKK,20260703_160316
2026-07-03 11:32:00+02:00,325.54998779296875,325.6000061035156,325.5,325.5,399,NOVO-B.CO,Novo Nordisk,Nasdaq Copenhagen,DKK,20260703_160316
2026-07-03 11:33:00+02:00,325.6499938964844,325.6499938964844,325.54998779296875,325.54998779296875,66,NOVO-B.CO,Novo Nordisk,Nasdaq Copenhagen,DKK,20260703_160316
2026-07-03 11:34:00+02:00,325.8500061035156,325.8500061035156,325.6499938964844,325.6499938964844,2143,NOVO-B.CO,Novo Nordisk,Nasdaq Copenhagen,DKK,20260703_160316
2026-07-03 11:35:00+02:00,325.95001220703125,325.95001220703125,325.79998779296875,325.79998779296875,2976,NOVO-B.CO,Novo Nordisk,Nasdaq Copenhagen,DKK,20260703_160316
2026-07-03 11:36:00+02:00,325.70001220703125,325.8500061035156,325.6499938964844,325.8500061035156,3203,NOVO-B.CO,Novo Nordisk,Nasdaq Copenhagen,DKK,20260703_160316
2026-07-03 11:37:00+02:00,325.6499938964844,325.75,325.6000061035156,325.6499938964844,5295,NOVO-B.CO,Novo Nordisk,Nasdaq Copenhagen,DKK,20260703_160316
2026-07-03 11:38:00+02:00,325.45001220703125,325.75,325.3500061035156,325.6000061035156,18178,NOVO-B.CO,Novo Nordisk,Nasdaq Copenhagen,DKK,20260703_160316
2026-07-03 11:39:00+02:00,325.6499938964844,325.6499938964844,325.3500061035156,325.3500061035156,6642,NOVO-B.CO,Novo Nordisk,Nasdaq Copenhagen,DKK,20260703_160316
2026-07-03 11:40:00+02:00,325.75,325.75,325.6000061035156,325.6000061035156,4853,NOVO-B.CO,Novo Nordisk,Nasdaq Copenhagen,DKK,20260703_160316
2026-07-03 11:41:00+02:00,325.95001220703125,326.0,325.75,325.75,5932,NOVO-B.CO,Novo Nordisk,Nasdaq Copenhagen,DKK,20260703_160316
2026-07-03 11:42:00+02:00,325.95001220703125,326.0,325.8999938964844,325.95001220703125,2617,NOVO-B.CO,Novo Nordisk,Nasdaq Copenhagen,DKK,20260703_160316
2026-07-03 11:43:00+02:00,326.25,326.25,325.95001220703125,326.0,4032,NOVO-B.CO,Novo Nordisk,Nasdaq Copenhagen,DKK,20260703_160316
2026-07-03 11:44:00+02:00,326.20001220703125,326.20001220703125,326.1499938964844,326.20001220703125,2020,NOVO-B.CO,Novo Nordisk,Nasdaq Copenhagen,DKK,20260703_160316
2026-07-03 11:45:00+02:00,326.29998779296875,326.3999938964844,326.25,326.29998779296875,7427,NOVO-B.CO,Novo Nordisk,Nasdaq Copenhagen,DKK,20260703_160316
2026-07-03 11:46:00+02:00,326.29998779296875,326.3999938964844,326.29998779296875,326.3500061035156,551,NOVO-B.CO,Novo Nordisk,Nasdaq Copenhagen,DKK,20260703_160316
2026-07-03 11:47:00+02:00,326.3500061035156,326.3500061035156,326.3500061035156,326.3500061035156,21,NOVO-B.CO,Novo Nordisk,Nasdaq Copenhagen,DKK,20260703_160316
2026-07-03 11:48:00+02:00,326.3999938964844,326.3999938964844,326.3500061035156,326.3500061035156,127,NOVO-B.CO,Novo Nordisk,Nasdaq Copenhagen,DKK,20260703_160316
2026-07-03 11:49:00+02:00,326.3999938964844,326.45001220703125,326.3999938964844,326.3999938964844,557,NOVO-B.CO,Novo Nordisk,Nasdaq Copenhagen,DKK,20260703_160316
2026-07-03 11:50:00+02:00,326.20001220703125,326.3999938964844,326.20001220703125,326.3999938964844,1313,NOVO-B.CO,Novo Nordisk,Nasdaq Copenhagen,DKK,20260703_160316
2026-07-03 11:51:00+02:00,326.3999938964844,326.3999938964844,326.25,326.29998779296875,1266,NOVO-B.CO,Novo Nordisk,Nasdaq Copenhagen,DKK,20260703_160316
2026-07-03 11:52:00+02:00,326.3500061035156,326.3999938964844,326.29998779296875,326.3500061035156,1304,NOVO-B.CO,Novo Nordisk,Nasdaq Copenhagen,DKK,20260703_160316
2026-07-03 11:53:00+02:00,326.3500061035156,326.3500061035156,326.3500061035156,326.3500061035156,141,NOVO-B.CO,Novo Nordisk,Nasdaq Copenhagen,DKK,20260703_160316
2026-07-03 11:54:00+02:00,326.29998779296875,326.3999938964844,326.25,326.3500061035156,1161,NOVO-B.CO,Novo Nordisk,Nasdaq Copenhagen,DKK,20260703_160316
2026-07-03 11:55:00+02:00,326.45001220703125,326.5,326.3999938964844,326.3999938964844,1414,NOVO-B.CO,Novo Nordisk,Nasdaq Copenhagen,DKK,20260703_160316
2026-07-03 11:56:00+02:00,326.6499938964844,326.75,326.54998779296875,326.54998779296875,1071,NOVO-B.CO,Novo Nordisk,Nasdaq Copenhagen,DKK,20260703_160316
2026-07-03 11:57:00+02:00,326.6499938964844,326.79998779296875,326.6499938964844,326.75,586,NOVO-B.CO,Novo Nordisk,Nasdaq Copenhagen,DKK,20260703_160316
2026-07-03 11:58:00+02:00,326.79998779296875,326.79998779296875,326.6000061035156,326.6000061035156,838,NOVO-B.CO,Novo Nordisk,Nasdaq Copenhagen,DKK,20260703_160316
2026-07-03 11:59:00+02:00,326.8500061035156,326.8500061035156,326.70001220703125,326.79998779296875,359,NOVO-B.CO,Novo Nordisk,Nasdaq Copenhagen,DKK,20260703_160316
2026-07-03 12:00:00+02:00,326.75,326.8500061035156,326.75,326.8500061035156,530,NOVO-B.CO,Novo Nordisk,Nasdaq Copenhagen,DKK,20260703_160316
2026-07-03 12:01:00+02:00,326.79998779296875,326.79998779296875,326.70001220703125,326.79998779296875,326,NOVO-B.CO,Novo Nordisk,Nasdaq Copenhagen,DKK,20260703_160316
2026-07-03 12:02:00+02:00,326.75,326.79998779296875,326.75,326.75,33,NOVO-B.CO,Novo Nordisk,Nasdaq Copenhagen,DKK,20260703_160316
2026-07-03 12:03:00+02:00,326.79998779296875,326.79998779296875,326.79998779296875,326.79998779296875,100,NOVO-B.CO,Novo Nordisk,Nasdaq Copenhagen,DKK,20260703_160316
2026-07-03 12:04:00+02:00,327.25,327.25,326.8500061035156,326.8500061035156,13023,NOVO-B.CO,Novo Nordisk,Nasdaq Copenhagen,DKK,20260703_160316
2026-07-03 12:05:00+02:00,327.29998779296875,327.29998779296875,327.25,327.25,694,NOVO-B.CO,Novo Nordisk,Nasdaq Copenhagen,DKK,20260703_160316
2026-07-03 12:06:00+02:00,327.3500061035156,327.3500061035156,327.29998779296875,327.29998779296875,228,NOVO-B.CO,Novo Nordisk,Nasdaq Copenhagen,DKK,20260703_160316
2026-07-03 12:07:00+02:00,327.29998779296875,327.6000061035156,327.29998779296875,327.3999938964844,15723,NOVO-B.CO,Novo Nordisk,Nasdaq Copenhagen,DKK,20260703_160316
2026-07-03 12:08:00+02:00,327.29998779296875,327.3999938964844,327.25,327.29998779296875,1231,NOVO-B.CO,Novo Nordisk,Nasdaq Copenhagen,DKK,20260703_160316
2026-07-03 12:09:00+02:00,327.5,327.5,327.25,327.25,238,NOVO-B.CO,Novo Nordisk,Nasdaq Copenhagen,DKK,20260703_160316
2026-07-03 12:10:00+02:00,327.3999938964844,327.5,327.3500061035156,327.5,1922,NOVO-B.CO,Novo Nordisk,Nasdaq Copenhagen,DKK,20260703_160316
2026-07-03 12:11:00+02:00,327.29998779296875,327.5,327.29998779296875,327.45001220703125,2089,NOVO-B.CO,Novo Nordisk,Nasdaq Copenhagen,DKK,20260703_160316
2026-07-03 12:12:00+02:00,327.3999938964844,327.45001220703125,327.29998779296875,327.45001220703125,15,NOVO-B.CO,Novo Nordisk,Nasdaq Copenhagen,DKK,20260703_160316
2026-07-03 12:13:00+02:00,327.45001220703125,327.5,327.3999938964844,327.3999938964844,5434,NOVO-B.CO,Novo Nordisk,Nasdaq Copenhagen,DKK,20260703_160316
2026-07-03 12:14:00+02:00,327.3999938964844,327.45001220703125,327.3500061035156,327.45001220703125,313,NOVO-B.CO,Novo Nordisk,Nasdaq Copenhagen,DKK,20260703_160316
2026-07-03 12:15:00+02:00,327.3500061035156,327.5,327.3500061035156,327.5,2353,NOVO-B.CO,Novo Nordisk,Nasdaq Copenhagen,DKK,20260703_160316
2026-07-03 12:16:00+02:00,327.29998779296875,327.45001220703125,327.29998779296875,327.45001220703125,716,NOVO-B.CO,Novo Nordisk,Nasdaq Copenhagen,DKK,20260703_160316
2026-07-03 12:17:00+02:00,327.29998779296875,327.3500061035156,327.29998779296875,327.29998779296875,157,NOVO-B.CO,Novo Nordisk,Nasdaq Copenhagen,DKK,20260703_160316
2026-07-03 12:18:00+02:00,327.04998779296875,327.29998779296875,327.04998779296875,327.29998779296875,1055,NOVO-B.CO,Novo Nordisk,Nasdaq Copenhagen,DKK,20260703_160316
2026-07-03 12:19:00+02:00,326.8999938964844,327.04998779296875,326.79998779296875,327.0,3832,NOVO-B.CO,Novo Nordisk,Nasdaq Copenhagen,DKK,20260703_160316
2026-07-03 12:20:00+02:00,326.8500061035156,326.8999938964844,326.75,326.79998779296875,277,NOVO-B.CO,Novo Nordisk,Nasdaq Copenhagen,DKK,20260703_160316
2026-07-03 12:21:00+02:00,326.8500061035156,326.95001220703125,326.8500061035156,326.8999938964844,1117,NOVO-B.CO,Novo Nordisk,Nasdaq Copenhagen,DKK,20260703_160316
2026-07-03 12:22:00+02:00,326.8999938964844,326.8999938964844,326.8500061035156,326.8500061035156,96,NOVO-B.CO,Novo Nordisk,Nasdaq Copenhagen,DKK,20260703_160316
2026-07-03 12:23:00+02:00,326.8999938964844,326.95001220703125,326.8999938964844,326.95001220703125,5,NOVO-B.CO,Novo Nordisk,Nasdaq Copenhagen,DKK,20260703_160316
2026-07-03 12:24:00+02:00,326.8999938964844,327.04998779296875,326.8999938964844,326.95001220703125,819,NOVO-B.CO,Novo Nordisk,Nasdaq Copenhagen,DKK,20260703_160316
2026-07-03 12:25:00+02:00,327.0,327.0,327.0,327.0,16,NOVO-B.CO,Novo Nordisk,Nasdaq Copenhagen,DKK,20260703_160316
2026-07-03 12:26:00+02:00,326.79998779296875,326.8500061035156,326.75,326.8500061035156,789,NOVO-B.CO,Novo Nordisk,Nasdaq Copenhagen,DKK,20260703_160316
2026-07-03 12:27:00+02:00,327.0,327.0,326.8500061035156,326.8500061035156,5556,NOVO-B.CO,Novo Nordisk,Nasdaq Copenhagen,DKK,20260703_160316
2026-07-03 12:28:00+02:00,327.0,327.0,327.0,327.0,6,NOVO-B.CO,Novo Nordisk,Nasdaq Copenhagen,DKK,20260703_160316
2026-07-03 12:29:00+02:00,327.0,327.0,327.0,327.0,290,NOVO-B.CO,Novo Nordisk,Nasdaq Copenhagen,DKK,20260703_160316
2026-07-03 12:30:00+02:00,327.0,327.1000061035156,327.0,327.0,191,NOVO-B.CO,Novo Nordisk,Nasdaq Copenhagen,DKK,20260703_160316
2026-07-03 12:31:00+02:00,327.1499938964844,327.20001220703125,327.04998779296875,327.1000061035156,208,NOVO-B.CO,Novo Nordisk,Nasdaq Copenhagen,DKK,20260703_160316
2026-07-03 12:32:00+02:00,327.1499938964844,327.1499938964844,327.04998779296875,327.1499938964844,200,NOVO-B.CO,Novo Nordisk,Nasdaq Copenhagen,DKK,20260703_160316
2026-07-03 12:33:00+02:00,327.20001220703125,327.20001220703125,327.0,327.04998779296875,11901,NOVO-B.CO,Novo Nordisk,Nasdaq Copenhagen,DKK,20260703_160316
2026-07-03 12:34:00+02:00,327.1000061035156,327.20001220703125,327.1000061035156,327.20001220703125,37,NOVO-B.CO,Novo Nordisk,Nasdaq Copenhagen,DKK,20260703_160316
2026-07-03 12:35:00+02:00,327.0,327.1000061035156,327.0,327.1000061035156,27701,NOVO-B.CO,Novo Nordisk,Nasdaq Copenhagen,DKK,20260703_160316
2026-07-03 12:36:00+02:00,327.0,327.04998779296875,327.0,327.0,424,NOVO-B.CO,Novo Nordisk,Nasdaq Copenhagen,DKK,20260703_160316
2026-07-03 12:37:00+02:00,327.0,327.04998779296875,327.0,327.04998779296875,16477,NOVO-B.CO,Novo Nordisk,Nasdaq Copenhagen,DKK,20260703_160316
2026-07-03 12:38:00+02:00,327.04998779296875,327.04998779296875,327.0,327.0,369,NOVO-B.CO,Novo Nordisk,Nasdaq Copenhagen,DKK,20260703_160316
2026-07-03 12:39:00+02:00,327.0,327.04998779296875,327.0,327.0,21,NOVO-B.CO,Novo Nordisk,Nasdaq Copenhagen,DKK,20260703_160316
2026-07-03 12:40:00+02:00,326.75,327.0,326.6499938964844,327.0,13380,NOVO-B.CO,Novo Nordisk,Nasdaq Copenhagen,DKK,20260703_160316
2026-07-03 12:41:00+02:00,326.6000061035156,326.75,326.6000061035156,326.70001220703125,334,NOVO-B.CO,Novo Nordisk,Nasdaq Copenhagen,DKK,20260703_160316
2026-07-03 12:42:00+02:00,326.5,326.75,326.5,326.6499938964844,1988,NOVO-B.CO,Novo Nordisk,Nasdaq Copenhagen,DKK,20260703_160316
2026-07-03 12:43:00+02:00,326.3999938964844,326.5,326.3999938964844,326.5,446,NOVO-B.CO,Novo Nordisk,Nasdaq Copenhagen,DKK,20260703_160316
2026-07-03 12:44:00+02:00,326.5,326.5,326.29998779296875,326.3999938964844,529,NOVO-B.CO,Novo Nordisk,Nasdaq Copenhagen,DKK,20260703_160316
2026-07-03 12:45:00+02:00,326.5,326.5,326.5,326.5,339,NOVO-B.CO,Novo Nordisk,Nasdaq Copenhagen,DKK,20260703_160316
2026-07-03 12:46:00+02:00,326.5,326.54998779296875,326.45001220703125,326.5,1132,NOVO-B.CO,Novo Nordisk,Nasdaq Copenhagen,DKK,20260703_160316
2026-07-03 12:47:00+02:00,326.3999938964844,326.5,326.3999938964844,326.5,405,NOVO-B.CO,Novo Nordisk,Nasdaq Copenhagen,DKK,20260703_160316
2026-07-03 12:48:00+02:00,326.3500061035156,326.3999938964844,326.3500061035156,326.3999938964844,344,NOVO-B.CO,Novo Nordisk,Nasdaq Copenhagen,DKK,20260703_160316
2026-07-03 12:49:00+02:00,326.3500061035156,326.45001220703125,326.29998779296875,326.45001220703125,711,NOVO-B.CO,Novo Nordisk,Nasdaq Copenhagen,DKK,20260703_160316
2026-07-03 12:50:00+02:00,326.3500061035156,326.45001220703125,326.25,326.45001220703125,2640,NOVO-B.CO,Novo Nordisk,Nasdaq Copenhagen,DKK,20260703_160316
2026-07-03 12:51:00+02:00,326.20001220703125,326.3500061035156,326.20001220703125,326.25,3534,NOVO-B.CO,Novo Nordisk,Nasdaq Copenhagen,DKK,20260703_160316
2026-07-03 12:52:00+02:00,326.25,326.29998779296875,326.20001220703125,326.25,1852,NOVO-B.CO,Novo Nordisk,Nasdaq Copenhagen,DKK,20260703_160316
2026-07-03 12:53:00+02:00,326.20001220703125,326.3500061035156,326.1499938964844,326.25,669,NOVO-B.CO,Novo Nordisk,Nasdaq Copenhagen,DKK,20260703_160316
2026-07-03 12:54:00+02:00,326.20001220703125,326.25,326.1499938964844,326.20001220703125,493,NOVO-B.CO,Novo Nordisk,Nasdaq Copenhagen,DKK,20260703_160316
2026-07-03 12:55:00+02:00,326.3500061035156,326.3500061035156,326.20001220703125,326.20001220703125,264,NOVO-B.CO,Novo Nordisk,Nasdaq Copenhagen,DKK,20260703_160316
2026-07-03 12:56:00+02:00,326.45001220703125,326.45001220703125,326.3500061035156,326.3500061035156,1310,NOVO-B.CO,Novo Nordisk,Nasdaq Copenhagen,DKK,20260703_160316
2026-07-03 12:57:00+02:00,326.45001220703125,326.45001220703125,326.45001220703125,326.45001220703125,515,NOVO-B.CO,Novo Nordisk,Nasdaq Copenhagen,DKK,20260703_160316
2026-07-03 12:58:00+02:00,326.3999938964844,326.45001220703125,326.3999938964844,326.45001220703125,490,NOVO-B.CO,Novo Nordisk,Nasdaq Copenhagen,DKK,20260703_160316
2026-07-03 12:59:00+02:00,326.04998779296875,326.45001220703125,326.0,326.45001220703125,7789,NOVO-B.CO,Novo Nordisk,Nasdaq Copenhagen,DKK,20260703_160316
2026-07-03 13:00:00+02:00,326.04998779296875,326.1000061035156,326.04998779296875,326.1000061035156,344,NOVO-B.CO,Novo Nordisk,Nasdaq Copenhagen,DKK,20260703_160316
2026-07-03 13:01:00+02:00,326.1000061035156,326.1000061035156,326.1000061035156,326.1000061035156,3,NOVO-B.CO,Novo Nordisk,Nasdaq Copenhagen,DKK,20260703_160316
2026-07-03 13:02:00+02:00,326.20001220703125,326.20001220703125,325.95001220703125,326.0,1726,NOVO-B.CO,Novo Nordisk,Nasdaq Copenhagen,DKK,20260703_160316
2026-07-03 13:03:00+02:00,326.0,326.1499938964844,326.0,326.1499938964844,1127,NOVO-B.CO,Novo Nordisk,Nasdaq Copenhagen,DKK,20260703_160316
2026-07-03 13:04:00+02:00,326.0,326.1499938964844,326.0,326.0,1604,NOVO-B.CO,Novo Nordisk,Nasdaq Copenhagen,DKK,20260703_160316
2026-07-03 13:05:00+02:00,325.95001220703125,326.1000061035156,325.8500061035156,326.0,888,NOVO-B.CO,Novo Nordisk,Nasdaq Copenhagen,DKK,20260703_160316
2026-07-03 13:06:00+02:00,326.0,326.0,325.8999938964844,326.0,374,NOVO-B.CO,Novo Nordisk,Nasdaq Copenhagen,DKK,20260703_160316
2026-07-03 13:07:00+02:00,325.79998779296875,325.95001220703125,325.79998779296875,325.8999938964844,135,NOVO-B.CO,Novo Nordisk,Nasdaq Copenhagen,DKK,20260703_160316
2026-07-03 13:08:00+02:00,325.8500061035156,325.8999938964844,325.75,325.75,860,NOVO-B.CO,Novo Nordisk,Nasdaq Copenhagen,DKK,20260703_160316
2026-07-03 13:09:00+02:00,325.8999938964844,325.8999938964844,325.79998779296875,325.8500061035156,723,NOVO-B.CO,Novo Nordisk,Nasdaq Copenhagen,DKK,20260703_160316
2026-07-03 13:10:00+02:00,325.95001220703125,325.95001220703125,325.95001220703125,325.95001220703125,21,NOVO-B.CO,Novo Nordisk,Nasdaq Copenhagen,DKK,20260703_160316
2026-07-03 13:11:00+02:00,326.1499938964844,326.1499938964844,325.95001220703125,325.95001220703125,5127,NOVO-B.CO,Novo Nordisk,Nasdaq Copenhagen,DKK,20260703_160316
2026-07-03 13:12:00+02:00,326.1499938964844,326.20001220703125,326.1499938964844,326.1499938964844,144,NOVO-B.CO,Novo Nordisk,Nasdaq Copenhagen,DKK,20260703_160316
2026-07-03 13:13:00+02:00,326.1000061035156,326.20001220703125,326.04998779296875,326.20001220703125,721,NOVO-B.CO,Novo Nordisk,Nasdaq Copenhagen,DKK,20260703_160316
2026-07-03 13:14:00+02:00,326.0,326.1000061035156,325.95001220703125,326.0,2726,NOVO-B.CO,Novo Nordisk,Nasdaq Copenhagen,DKK,20260703_160316
2026-07-03 13:15:00+02:00,326.1000061035156,326.1000061035156,325.8500061035156,325.8999938964844,4662,NOVO-B.CO,Novo Nordisk,Nasdaq Copenhagen,DKK,20260703_160316
2026-07-03 13:16:00+02:00,326.04998779296875,326.1000061035156,326.04998779296875,326.1000061035156,623,NOVO-B.CO,Novo Nordisk,Nasdaq Copenhagen,DKK,20260703_160316
2026-07-03 13:17:00+02:00,326.0,326.1000061035156,326.0,326.04998779296875,191,NOVO-B.CO,Novo Nordisk,Nasdaq Copenhagen,DKK,20260703_160316
2026-07-03 13:18:00+02:00,326.1000061035156,326.1000061035156,326.0,326.1000061035156,909,NOVO-B.CO,Novo Nordisk,Nasdaq Copenhagen,DKK,20260703_160316
2026-07-03 13:19:00+02:00,326.0,326.1499938964844,325.95001220703125,326.1000061035156,823,NOVO-B.CO,Novo Nordisk,Nasdaq Copenhagen,DKK,20260703_160316
2026-07-03 13:20:00+02:00,325.75,325.95001220703125,325.75,325.95001220703125,1560,NOVO-B.CO,Novo Nordisk,Nasdaq Copenhagen,DKK,20260703_160316
2026-07-03 13:21:00+02:00,325.75,325.79998779296875,325.70001220703125,325.75,1161,NOVO-B.CO,Novo Nordisk,Nasdaq Copenhagen,DKK,20260703_160316
2026-07-03 13:22:00+02:00,325.79998779296875,325.79998779296875,325.70001220703125,325.79998779296875,1167,NOVO-B.CO,Novo Nordisk,Nasdaq Copenhagen,DKK,20260703_160316
2026-07-03 13:23:00+02:00,325.70001220703125,325.75,325.6499938964844,325.75,1624,NOVO-B.CO,Novo Nordisk,Nasdaq Copenhagen,DKK,20260703_160316
2026-07-03 13:24:00+02:00,325.6499938964844,325.75,325.6499938964844,325.6499938964844,8231,NOVO-B.CO,Novo Nordisk,Nasdaq Copenhagen,DKK,20260703_160316
2026-07-03 13:25:00+02:00,325.6000061035156,325.6499938964844,325.54998779296875,325.6000061035156,2285,NOVO-B.CO,Novo Nordisk,Nasdaq Copenhagen,DKK,20260703_160316
2026-07-03 13:26:00+02:00,325.3999938964844,325.6000061035156,325.3500061035156,325.54998779296875,4143,NOVO-B.CO,Novo Nordisk,Nasdaq Copenhagen,DKK,20260703_160316
2026-07-03 13:27:00+02:00,325.29998779296875,325.3500061035156,325.29998779296875,325.3500061035156,564,NOVO-B.CO,Novo Nordisk,Nasdaq Copenhagen,DKK,20260703_160316
2026-07-03 13:28:00+02:00,325.29998779296875,325.3500061035156,325.25,325.3500061035156,1804,NOVO-B.CO,Novo Nordisk,Nasdaq Copenhagen,DKK,20260703_160316
2026-07-03 13:29:00+02:00,325.20001220703125,325.3500061035156,325.1499938964844,325.29998779296875,7614,NOVO-B.CO,Novo Nordisk,Nasdaq Copenhagen,DKK,20260703_160316
2026-07-03 13:30:00+02:00,325.29998779296875,325.29998779296875,325.25,325.25,1202,NOVO-B.CO,Novo Nordisk,Nasdaq Copenhagen,DKK,20260703_160316
2026-07-03 13:31:00+02:00,325.45001220703125,325.45001220703125,325.29998779296875,325.29998779296875,1084,NOVO-B.CO,Novo Nordisk,Nasdaq Copenhagen,DKK,20260703_160316
2026-07-03 13:32:00+02:00,325.45001220703125,325.45001220703125,325.45001220703125,325.45001220703125,434,NOVO-B.CO,Novo Nordisk,Nasdaq Copenhagen,DKK,20260703_160316
2026-07-03 13:33:00+02:00,325.25,325.45001220703125,325.25,325.45001220703125,1103,NOVO-B.CO,Novo Nordisk,Nasdaq Copenhagen,DKK,20260703_160316
2026-07-03 13:34:00+02:00,325.29998779296875,325.3500061035156,325.29998779296875,325.29998779296875,1146,NOVO-B.CO,Novo Nordisk,Nasdaq Copenhagen,DKK,20260703_160316
2026-07-03 13:35:00+02:00,325.45001220703125,325.5,325.29998779296875,325.29998779296875,1461,NOVO-B.CO,Novo Nordisk,Nasdaq Copenhagen,DKK,20260703_160316
2026-07-03 13:36:00+02:00,325.3500061035156,325.45001220703125,325.3500061035156,325.45001220703125,315,NOVO-B.CO,Novo Nordisk,Nasdaq Copenhagen,DKK,20260703_160316
2026-07-03 13:37:00+02:00,325.3999938964844,325.3999938964844,325.3999938964844,325.3999938964844,284,NOVO-B.CO,Novo Nordisk,Nasdaq Copenhagen,DKK,20260703_160316
2026-07-03 13:38:00+02:00,325.3999938964844,325.45001220703125,325.3999938964844,325.3999938964844,134,NOVO-B.CO,Novo Nordisk,Nasdaq Copenhagen,DKK,20260703_160316
2026-07-03 13:39:00+02:00,325.45001220703125,325.45001220703125,325.45001220703125,325.45001220703125,900,NOVO-B.CO,Novo Nordisk,Nasdaq Copenhagen,DKK,20260703_160316
2026-07-03 13:40:00+02:00,325.45001220703125,325.79998779296875,325.3999938964844,325.45001220703125,3503,NOVO-B.CO,Novo Nordisk,Nasdaq Copenhagen,DKK,20260703_160316
2026-07-03 13:41:00+02:00,325.5,325.5,325.45001220703125,325.45001220703125,984,NOVO-B.CO,Novo Nordisk,Nasdaq Copenhagen,DKK,20260703_160316
2026-07-03 13:42:00+02:00,325.3999938964844,325.3999938964844,325.3999938964844,325.3999938964844,90,NOVO-B.CO,Novo Nordisk,Nasdaq Copenhagen,DKK,20260703_160316
2026-07-03 13:43:00+02:00,325.6000061035156,325.6000061035156,325.5,325.5,1040,NOVO-B.CO,Novo Nordisk,Nasdaq Copenhagen,DKK,20260703_160316
2026-07-03 13:44:00+02:00,325.75,325.75,325.6499938964844,325.6499938964844,741,NOVO-B.CO,Novo Nordisk,Nasdaq Copenhagen,DKK,20260703_160316
2026-07-03 13:45:00+02:00,325.6000061035156,325.75,325.6000061035156,325.70001220703125,1642,NOVO-B.CO,Novo Nordisk,Nasdaq Copenhagen,DKK,20260703_160316
2026-07-03 13:46:00+02:00,325.8999938964844,325.8999938964844,325.70001220703125,325.70001220703125,1118,NOVO-B.CO,Novo Nordisk,Nasdaq Copenhagen,DKK,20260703_160316
2026-07-03 13:47:00+02:00,325.95001220703125,325.95001220703125,325.8999938964844,325.8999938964844,523,NOVO-B.CO,Novo Nordisk,Nasdaq Copenhagen,DKK,20260703_160316
2026-07-03 13:48:00+02:00,325.8999938964844,326.0,325.8500061035156,325.95001220703125,2019,NOVO-B.CO,Novo Nordisk,Nasdaq Copenhagen,DKK,20260703_160316
2026-07-03 13:49:00+02:00,325.8999938964844,325.8999938964844,325.79998779296875,325.79998779296875,241,NOVO-B.CO,Novo Nordisk,Nasdaq Copenhagen,DKK,20260703_160316
2026-07-03 13:50:00+02:00,325.8500061035156,325.8500061035156,325.79998779296875,325.8500061035156,344,NOVO-B.CO,Novo Nordisk,Nasdaq Copenhagen,DKK,20260703_160316
2026-07-03 13:51:00+02:00,325.5,325.79998779296875,325.5,325.79998779296875,4730,NOVO-B.CO,Novo Nordisk,Nasdaq Copenhagen,DKK,20260703_160316
2026-07-03 13:52:00+02:00,325.6000061035156,325.6000061035156,325.54998779296875,325.54998779296875,1117,NOVO-B.CO,Novo Nordisk,Nasdaq Copenhagen,DKK,20260703_160316
2026-07-03 13:53:00+02:00,325.70001220703125,325.70001220703125,325.5,325.5,1453,NOVO-B.CO,Novo Nordisk,Nasdaq Copenhagen,DKK,20260703_160316
2026-07-03 13:54:00+02:00,325.70001220703125,325.70001220703125,325.6000061035156,325.70001220703125,310,NOVO-B.CO,Novo Nordisk,Nasdaq Copenhagen,DKK,20260703_160316
2026-07-03 13:55:00+02:00,325.6499938964844,325.6499938964844,325.6000061035156,325.6499938964844,2205,NOVO-B.CO,Novo Nordisk,Nasdaq Copenhagen,DKK,20260703_160316
2026-07-03 13:56:00+02:00,325.70001220703125,325.70001220703125,325.6000061035156,325.70001220703125,1465,NOVO-B.CO,Novo Nordisk,Nasdaq Copenhagen,DKK,20260703_160316
2026-07-03 13:57:00+02:00,325.79998779296875,325.79998779296875,325.6499938964844,325.6499938964844,639,NOVO-B.CO,Novo Nordisk,Nasdaq Copenhagen,DKK,20260703_160316
2026-07-03 13:58:00+02:00,325.20001220703125,325.8500061035156,325.20001220703125,325.79998779296875,4874,NOVO-B.CO,Novo Nordisk,Nasdaq Copenhagen,DKK,20260703_160316
2026-07-03 13:59:00+02:00,325.29998779296875,325.6499938964844,325.20001220703125,325.25,4652,NOVO-B.CO,Novo Nordisk,Nasdaq Copenhagen,DKK,20260703_160316
2026-07-03 14:00:00+02:00,325.54998779296875,325.54998779296875,325.29998779296875,325.29998779296875,480,NOVO-B.CO,Novo Nordisk,Nasdaq Copenhagen,DKK,20260703_160316
2026-07-03 14:01:00+02:00,325.54998779296875,325.54998779296875,325.45001220703125,325.5,808,NOVO-B.CO,Novo Nordisk,Nasdaq Copenhagen,DKK,20260703_160316
2026-07-03 14:02:00+02:00,325.5,325.54998779296875,325.5,325.54998779296875,157,NOVO-B.CO,Novo Nordisk,Nasdaq Copenhagen,DKK,20260703_160316
2026-07-03 14:03:00+02:00,325.54998779296875,325.6000061035156,325.3999938964844,325.3999938964844,135,NOVO-B.CO,Novo Nordisk,Nasdaq Copenhagen,DKK,20260703_160316
2026-07-03 14:04:00+02:00,325.75,325.75,325.6000061035156,325.6000061035156,650,NOVO-B.CO,Novo Nordisk,Nasdaq Copenhagen,DKK,20260703_160316
2026-07-03 14:05:00+02:00,325.6499938964844,325.8500061035156,325.6000061035156,325.6000061035156,2882,NOVO-B.CO,Novo Nordisk,Nasdaq Copenhagen,DKK,20260703_160316
2026-07-03 14:06:00+02:00,325.5,325.6000061035156,325.3999938964844,325.6000061035156,952,NOVO-B.CO,Novo Nordisk,Nasdaq Copenhagen,DKK,20260703_160316
2026-07-03 14:07:00+02:00,325.5,325.5,325.5,325.5,80,NOVO-B.CO,Novo Nordisk,Nasdaq Copenhagen,DKK,20260703_160316
2026-07-03 14:08:00+02:00,325.25,325.3999938964844,325.1499938964844,325.3999938964844,1288,NOVO-B.CO,Novo Nordisk,Nasdaq Copenhagen,DKK,20260703_160316
2026-07-03 14:09:00+02:00,325.20001220703125,325.25,325.1000061035156,325.25,588,NOVO-B.CO,Novo Nordisk,Nasdaq Copenhagen,DKK,20260703_160316
2026-07-03 14:10:00+02:00,325.29998779296875,325.3500061035156,325.20001220703125,325.25,1324,NOVO-B.CO,Novo Nordisk,Nasdaq Copenhagen,DKK,20260703_160316
2026-07-03 14:11:00+02:00,325.3999938964844,325.3999938964844,325.29998779296875,325.29998779296875,1875,NOVO-B.CO,Novo Nordisk,Nasdaq Copenhagen,DKK,20260703_160316
2026-07-03 14:12:00+02:00,325.3500061035156,325.3500061035156,325.3500061035156,325.3500061035156,556,NOVO-B.CO,Novo Nordisk,Nasdaq Copenhagen,DKK,20260703_160316
2026-07-03 14:13:00+02:00,325.5,325.5,325.45001220703125,325.45001220703125,77,NOVO-B.CO,Novo Nordisk,Nasdaq Copenhagen,DKK,20260703_160316
2026-07-03 14:14:00+02:00,325.5,325.5,325.5,325.5,200,NOVO-B.CO,Novo Nordisk,Nasdaq Copenhagen,DKK,20260703_160316
2026-07-03 14:15:00+02:00,325.54998779296875,325.6499938964844,325.54998779296875,325.6000061035156,2227,NOVO-B.CO,Novo Nordisk,Nasdaq Copenhagen,DKK,20260703_160316
2026-07-03 14:16:00+02:00,325.6000061035156,325.6000061035156,325.3500061035156,325.54998779296875,4618,NOVO-B.CO,Novo Nordisk,Nasdaq Copenhagen,DKK,20260703_160316
2026-07-03 14:17:00+02:00,325.6000061035156,325.6000061035156,325.54998779296875,325.54998779296875,236,NOVO-B.CO,Novo Nordisk,Nasdaq Copenhagen,DKK,20260703_160316
2026-07-03 14:18:00+02:00,325.6000061035156,325.6499938964844,325.6000061035156,325.6499938964844,259,NOVO-B.CO,Novo Nordisk,Nasdaq Copenhagen,DKK,20260703_160316
2026-07-03 14:19:00+02:00,325.70001220703125,325.75,325.6499938964844,325.6499938964844,544,NOVO-B.CO,Novo Nordisk,Nasdaq Copenhagen,DKK,20260703_160316
2026-07-03 14:20:00+02:00,325.54998779296875,325.6499938964844,325.5,325.6499938964844,1638,NOVO-B.CO,Novo Nordisk,Nasdaq Copenhagen,DKK,20260703_160316
2026-07-03 14:21:00+02:00,325.8999938964844,325.8999938964844,325.5,325.5,134,NOVO-B.CO,Novo Nordisk,Nasdaq Copenhagen,DKK,20260703_160316
2026-07-03 14:22:00+02:00,325.75,325.8500061035156,325.75,325.8500061035156,698,NOVO-B.CO,Novo Nordisk,Nasdaq Copenhagen,DKK,20260703_160316
2026-07-03 14:23:00+02:00,325.75,325.8500061035156,325.70001220703125,325.75,571,NOVO-B.CO,Novo Nordisk,Nasdaq Copenhagen,DKK,20260703_160316
2026-07-03 14:24:00+02:00,325.8999938964844,325.8999938964844,325.8500061035156,325.8500061035156,368,NOVO-B.CO,Novo Nordisk,Nasdaq Copenhagen,DKK,20260703_160316
2026-07-03 14:25:00+02:00,326.0,326.0,325.8500061035156,325.8999938964844,1270,NOVO-B.CO,Novo Nordisk,Nasdaq Copenhagen,DKK,20260703_160316
2026-07-03 14:26:00+02:00,325.8999938964844,326.0,325.8999938964844,325.95001220703125,1939,NOVO-B.CO,Novo Nordisk,Nasdaq Copenhagen,DKK,20260703_160316
2026-07-03 14:27:00+02:00,325.54998779296875,325.8500061035156,325.54998779296875,325.8500061035156,1012,NOVO-B.CO,Novo Nordisk,Nasdaq Copenhagen,DKK,20260703_160316
2026-07-03 14:28:00+02:00,325.3999938964844,325.5,325.3500061035156,325.5,3190,NOVO-B.CO,Novo Nordisk,Nasdaq Copenhagen,DKK,20260703_160316
2026-07-03 14:29:00+02:00,325.29998779296875,325.45001220703125,325.29998779296875,325.45001220703125,2312,NOVO-B.CO,Novo Nordisk,Nasdaq Copenhagen,DKK,20260703_160316
2026-07-03 14:30:00+02:00,325.45001220703125,325.45001220703125,325.29998779296875,325.3500061035156,1600,NOVO-B.CO,Novo Nordisk,Nasdaq Copenhagen,DKK,20260703_160316
2026-07-03 14:31:00+02:00,325.3500061035156,325.45001220703125,325.3500061035156,325.45001220703125,389,NOVO-B.CO,Novo Nordisk,Nasdaq Copenhagen,DKK,20260703_160316
2026-07-03 14:32:00+02:00,325.5,325.54998779296875,325.29998779296875,325.3500061035156,1455,NOVO-B.CO,Novo Nordisk,Nasdaq Copenhagen,DKK,20260703_160316
2026-07-03 14:33:00+02:00,325.6499938964844,325.6499938964844,325.5,325.5,371,NOVO-B.CO,Novo Nordisk,Nasdaq Copenhagen,DKK,20260703_160316
2026-07-03 14:34:00+02:00,325.6000061035156,325.6000061035156,325.6000061035156,325.6000061035156,4,NOVO-B.CO,Novo Nordisk,Nasdaq Copenhagen,DKK,20260703_160316
2026-07-03 14:35:00+02:00,325.6000061035156,325.6000061035156,325.6000061035156,325.6000061035156,2,NOVO-B.CO,Novo Nordisk,Nasdaq Copenhagen,DKK,20260703_160316
2026-07-03 14:36:00+02:00,325.70001220703125,325.79998779296875,325.6499938964844,325.6499938964844,535,NOVO-B.CO,Novo Nordisk,Nasdaq Copenhagen,DKK,20260703_160316
2026-07-03 14:37:00+02:00,325.54998779296875,325.75,325.45001220703125,325.75,2160,NOVO-B.CO,Novo Nordisk,Nasdaq Copenhagen,DKK,20260703_160316
2026-07-03 14:38:00+02:00,325.5,325.5,325.5,325.5,3,NOVO-B.CO,Novo Nordisk,Nasdaq Copenhagen,DKK,20260703_160316
2026-07-03 14:39:00+02:00,325.6499938964844,325.6499938964844,325.5,325.5,477,NOVO-B.CO,Novo Nordisk,Nasdaq Copenhagen,DKK,20260703_160316
2026-07-03 14:40:00+02:00,325.6499938964844,325.79998779296875,325.6499938964844,325.75,1345,NOVO-B.CO,Novo Nordisk,Nasdaq Copenhagen,DKK,20260703_160316
2026-07-03 14:41:00+02:00,325.95001220703125,325.95001220703125,325.70001220703125,325.70001220703125,373,NOVO-B.CO,Novo Nordisk,Nasdaq Copenhagen,DKK,20260703_160316
2026-07-03 14:42:00+02:00,325.8500061035156,325.95001220703125,325.8500061035156,325.95001220703125,2364,NOVO-B.CO,Novo Nordisk,Nasdaq Copenhagen,DKK,20260703_160316
2026-07-03 14:43:00+02:00,325.8999938964844,325.8999938964844,325.79998779296875,325.79998779296875,237,NOVO-B.CO,Novo Nordisk,Nasdaq Copenhagen,DKK,20260703_160316
2026-07-03 14:44:00+02:00,325.8500061035156,325.8500061035156,325.8500061035156,325.8500061035156,90,NOVO-B.CO,Novo Nordisk,Nasdaq Copenhagen,DKK,20260703_160316
2026-07-03 14:45:00+02:00,325.75,325.8500061035156,325.75,325.8500061035156,1832,NOVO-B.CO,Novo Nordisk,Nasdaq Copenhagen,DKK,20260703_160316
2026-07-03 14:46:00+02:00,325.75,325.79998779296875,325.6499938964844,325.6499938964844,575,NOVO-B.CO,Novo Nordisk,Nasdaq Copenhagen,DKK,20260703_160316
2026-07-03 14:47:00+02:00,325.79998779296875,325.79998779296875,325.79998779296875,325.79998779296875,600,NOVO-B.CO,Novo Nordisk,Nasdaq Copenhagen,DKK,20260703_160316
2026-07-03 14:48:00+02:00,325.95001220703125,326.0,325.8999938964844,325.8999938964844,1127,NOVO-B.CO,Novo Nordisk,Nasdaq Copenhagen,DKK,20260703_160316
2026-07-03 14:49:00+02:00,326.1499938964844,326.20001220703125,326.0,326.0,8224,NOVO-B.CO,Novo Nordisk,Nasdaq Copenhagen,DKK,20260703_160316
2026-07-03 14:50:00+02:00,325.8500061035156,326.20001220703125,325.8500061035156,326.1499938964844,2518,NOVO-B.CO,Novo Nordisk,Nasdaq Copenhagen,DKK,20260703_160316
2026-07-03 14:51:00+02:00,325.75,325.95001220703125,325.75,325.8999938964844,2414,NOVO-B.CO,Novo Nordisk,Nasdaq Copenhagen,DKK,20260703_160316
2026-07-03 14:52:00+02:00,325.75,325.75,325.6499938964844,325.6499938964844,198,NOVO-B.CO,Novo Nordisk,Nasdaq Copenhagen,DKK,20260703_160316
2026-07-03 14:53:00+02:00,325.75,325.75,325.6000061035156,325.6000061035156,431,NOVO-B.CO,Novo Nordisk,Nasdaq Copenhagen,DKK,20260703_160316
2026-07-03 14:54:00+02:00,325.5,325.6499938964844,325.5,325.6000061035156,7999,NOVO-B.CO,Novo Nordisk,Nasdaq Copenhagen,DKK,20260703_160316
2026-07-03 14:55:00+02:00,325.3999938964844,325.45001220703125,325.3999938964844,325.45001220703125,469,NOVO-B.CO,Novo Nordisk,Nasdaq Copenhagen,DKK,20260703_160316
2026-07-03 14:56:00+02:00,325.3500061035156,325.3999938964844,325.29998779296875,325.3999938964844,1923,NOVO-B.CO,Novo Nordisk,Nasdaq Copenhagen,DKK,20260703_160316
2026-07-03 14:57:00+02:00,325.25,325.29998779296875,325.25,325.25,17,NOVO-B.CO,Novo Nordisk,Nasdaq Copenhagen,DKK,20260703_160316
2026-07-03 14:58:00+02:00,325.25,325.25,324.79998779296875,325.25,50756,NOVO-B.CO,Novo Nordisk,Nasdaq Copenhagen,DKK,20260703_160316
2026-07-03 14:59:00+02:00,325.1000061035156,325.20001220703125,325.1000061035156,325.1499938964844,339,NOVO-B.CO,Novo Nordisk,Nasdaq Copenhagen,DKK,20260703_160316
2026-07-03 15:00:00+02:00,325.1499938964844,325.20001220703125,325.1499938964844,325.20001220703125,153,NOVO-B.CO,Novo Nordisk,Nasdaq Copenhagen,DKK,20260703_160316
2026-07-03 15:01:00+02:00,325.1499938964844,325.3999938964844,325.1000061035156,325.29998779296875,1197,NOVO-B.CO,Novo Nordisk,Nasdaq Copenhagen,DKK,20260703_160316
2026-07-03 15:02:00+02:00,325.1000061035156,325.1000061035156,325.1000061035156,325.1000061035156,53,NOVO-B.CO,Novo Nordisk,Nasdaq Copenhagen,DKK,20260703_160316
2026-07-03 15:03:00+02:00,325.1000061035156,325.1000061035156,325.1000061035156,325.1000061035156,119,NOVO-B.CO,Novo Nordisk,Nasdaq Copenhagen,DKK,20260703_160316
2026-07-03 15:04:00+02:00,325.04998779296875,325.25,325.0,325.1000061035156,3750,NOVO-B.CO,Novo Nordisk,Nasdaq Copenhagen,DKK,20260703_160316
2026-07-03 15:05:00+02:00,325.1499938964844,325.1499938964844,325.0,325.0,303,NOVO-B.CO,Novo Nordisk,Nasdaq Copenhagen,DKK,20260703_160316
2026-07-03 15:06:00+02:00,325.5,325.5,325.20001220703125,325.25,2014,NOVO-B.CO,Novo Nordisk,Nasdaq Copenhagen,DKK,20260703_160316
2026-07-03 15:07:00+02:00,325.6000061035156,325.6000061035156,325.5,325.54998779296875,451,NOVO-B.CO,Novo Nordisk,Nasdaq Copenhagen,DKK,20260703_160316
2026-07-03 15:08:00+02:00,325.6000061035156,325.6000061035156,325.54998779296875,325.54998779296875,83,NOVO-B.CO,Novo Nordisk,Nasdaq Copenhagen,DKK,20260703_160316
2026-07-03 15:09:00+02:00,325.5,325.54998779296875,325.5,325.54998779296875,954,NOVO-B.CO,Novo Nordisk,Nasdaq Copenhagen,DKK,20260703_160316
2026-07-03 15:10:00+02:00,325.54998779296875,325.54998779296875,325.54998779296875,325.54998779296875,781,NOVO-B.CO,Novo Nordisk,Nasdaq Copenhagen,DKK,20260703_160316
2026-07-03 15:11:00+02:00,325.5,325.54998779296875,325.5,325.5,314,NOVO-B.CO,Novo Nordisk,Nasdaq Copenhagen,DKK,20260703_160316
2026-07-03 15:12:00+02:00,325.6000061035156,325.6000061035156,325.6000061035156,325.6000061035156,1130,NOVO-B.CO,Novo Nordisk,Nasdaq Copenhagen,DKK,20260703_160316
2026-07-03 15:13:00+02:00,325.3999938964844,325.54998779296875,325.3500061035156,325.54998779296875,2698,NOVO-B.CO,Novo Nordisk,Nasdaq Copenhagen,DKK,20260703_160316
2026-07-03 15:14:00+02:00,325.54998779296875,325.54998779296875,325.5,325.5,1188,NOVO-B.CO,Novo Nordisk,Nasdaq Copenhagen,DKK,20260703_160316
2026-07-03 15:15:00+02:00,325.70001220703125,325.79998779296875,325.6000061035156,325.6000061035156,6465,NOVO-B.CO,Novo Nordisk,Nasdaq Copenhagen,DKK,20260703_160316
2026-07-03 15:16:00+02:00,325.6000061035156,325.70001220703125,325.54998779296875,325.70001220703125,2698,NOVO-B.CO,Novo Nordisk,Nasdaq Copenhagen,DKK,20260703_160316
2026-07-03 15:17:00+02:00,325.5,325.54998779296875,325.5,325.54998779296875,1208,NOVO-B.CO,Novo Nordisk,Nasdaq Copenhagen,DKK,20260703_160316
2026-07-03 15:18:00+02:00,325.54998779296875,325.54998779296875,325.45001220703125,325.54998779296875,2369,NOVO-B.CO,Novo Nordisk,Nasdaq Copenhagen,DKK,20260703_160316
2026-07-03 15:19:00+02:00,325.70001220703125,325.70001220703125,325.54998779296875,325.54998779296875,1004,NOVO-B.CO,Novo Nordisk,Nasdaq Copenhagen,DKK,20260703_160316
2026-07-03 15:20:00+02:00,326.1499938964844,326.1499938964844,325.70001220703125,325.70001220703125,3106,NOVO-B.CO,Novo Nordisk,Nasdaq Copenhagen,DKK,20260703_160316
2026-07-03 15:21:00+02:00,326.1499938964844,326.1499938964844,326.1000061035156,326.1499938964844,990,NOVO-B.CO,Novo Nordisk,Nasdaq Copenhagen,DKK,20260703_160316
2026-07-03 15:22:00+02:00,325.8999938964844,326.20001220703125,325.8999938964844,326.1499938964844,5310,NOVO-B.CO,Novo Nordisk,Nasdaq Copenhagen,DKK,20260703_160316
2026-07-03 15:23:00+02:00,325.8999938964844,326.0,325.8999938964844,325.95001220703125,1109,NOVO-B.CO,Novo Nordisk,Nasdaq Copenhagen,DKK,20260703_160316
2026-07-03 15:24:00+02:00,325.8999938964844,325.8999938964844,325.8999938964844,325.8999938964844,122,NOVO-B.CO,Novo Nordisk,Nasdaq Copenhagen,DKK,20260703_160316
2026-07-03 15:25:00+02:00,326.04998779296875,326.04998779296875,326.0,326.0,1362,NOVO-B.CO,Novo Nordisk,Nasdaq Copenhagen,DKK,20260703_160316
2026-07-03 15:26:00+02:00,326.04998779296875,326.04998779296875,326.04998779296875,326.04998779296875,5,NOVO-B.CO,Novo Nordisk,Nasdaq Copenhagen,DKK,20260703_160316
2026-07-03 15:27:00+02:00,325.95001220703125,326.04998779296875,325.95001220703125,326.04998779296875,1588,NOVO-B.CO,Novo Nordisk,Nasdaq Copenhagen,DKK,20260703_160316
2026-07-03 15:28:00+02:00,326.1000061035156,326.1000061035156,326.0,326.0,1010,NOVO-B.CO,Novo Nordisk,Nasdaq Copenhagen,DKK,20260703_160316
2026-07-03 15:29:00+02:00,325.8999938964844,326.1000061035156,325.8999938964844,326.04998779296875,3676,NOVO-B.CO,Novo Nordisk,Nasdaq Copenhagen,DKK,20260703_160316
2026-07-03 15:30:00+02:00,325.75,325.95001220703125,325.70001220703125,325.8500061035156,3968,NOVO-B.CO,Novo Nordisk,Nasdaq Copenhagen,DKK,20260703_160316
2026-07-03 15:31:00+02:00,325.8500061035156,326.0,325.79998779296875,325.79998779296875,1029,NOVO-B.CO,Novo Nordisk,Nasdaq Copenhagen,DKK,20260703_160316
2026-07-03 15:32:00+02:00,325.75,325.8500061035156,325.70001220703125,325.8500061035156,3183,NOVO-B.CO,Novo Nordisk,Nasdaq Copenhagen,DKK,20260703_160316
2026-07-03 15:33:00+02:00,325.79998779296875,325.79998779296875,325.70001220703125,325.70001220703125,703,NOVO-B.CO,Novo Nordisk,Nasdaq Copenhagen,DKK,20260703_160316
2026-07-03 15:34:00+02:00,325.8500061035156,325.8500061035156,325.79998779296875,325.79998779296875,1448,NOVO-B.CO,Novo Nordisk,Nasdaq Copenhagen,DKK,20260703_160316
2026-07-03 15:35:00+02:00,326.0,326.0,325.8999938964844,325.8999938964844,854,NOVO-B.CO,Novo Nordisk,Nasdaq Copenhagen,DKK,20260703_160316
2026-07-03 15:36:00+02:00,326.04998779296875,326.1499938964844,325.95001220703125,326.0,3325,NOVO-B.CO,Novo Nordisk,Nasdaq Copenhagen,DKK,20260703_160316
2026-07-03 15:37:00+02:00,326.04998779296875,326.1499938964844,326.0,326.04998779296875,2942,NOVO-B.CO,Novo Nordisk,Nasdaq Copenhagen,DKK,20260703_160316
2026-07-03 15:38:00+02:00,326.0,326.04998779296875,326.0,326.04998779296875,1632,NOVO-B.CO,Novo Nordisk,Nasdaq Copenhagen,DKK,20260703_160316
2026-07-03 15:39:00+02:00,326.04998779296875,326.04998779296875,326.04998779296875,326.04998779296875,504,NOVO-B.CO,Novo Nordisk,Nasdaq Copenhagen,DKK,20260703_160316
2026-07-03 15:40:00+02:00,325.6499938964844,326.0,325.5,326.0,6340,NOVO-B.CO,Novo Nordisk,Nasdaq Copenhagen,DKK,20260703_160316
2026-07-03 15:41:00+02:00,325.8500061035156,325.95001220703125,325.70001220703125,325.70001220703125,1027,NOVO-B.CO,Novo Nordisk,Nasdaq Copenhagen,DKK,20260703_160316
2026-07-03 15:42:00+02:00,326.20001220703125,326.20001220703125,325.95001220703125,325.95001220703125,919,NOVO-B.CO,Novo Nordisk,Nasdaq Copenhagen,DKK,20260703_160316
2026-07-03 15:43:00+02:00,326.29998779296875,326.29998779296875,326.25,326.25,748,NOVO-B.CO,Novo Nordisk,Nasdaq Copenhagen,DKK,20260703_160316
2026-07-03 15:44:00+02:00,326.29998779296875,326.3500061035156,326.29998779296875,326.29998779296875,429,NOVO-B.CO,Novo Nordisk,Nasdaq Copenhagen,DKK,20260703_160316
2026-07-03 15:45:00+02:00,326.5,326.5,326.3500061035156,326.3500061035156,1264,NOVO-B.CO,Novo Nordisk,Nasdaq Copenhagen,DKK,20260703_160316
2026-07-03 15:46:00+02:00,326.6000061035156,326.6000061035156,326.5,326.5,888,NOVO-B.CO,Novo Nordisk,Nasdaq Copenhagen,DKK,20260703_160316
2026-07-03 15:47:00+02:00,326.6000061035156,326.70001220703125,326.6000061035156,326.6499938964844,8317,NOVO-B.CO,Novo Nordisk,Nasdaq Copenhagen,DKK,20260703_160316
2026-07-03 15:48:00+02:00,326.29998779296875,326.5,326.25,326.5,6974,NOVO-B.CO,Novo Nordisk,Nasdaq Copenhagen,DKK,20260703_160316
2026-07-03 15:49:00+02:00,326.20001220703125,326.25,326.20001220703125,326.25,467,NOVO-B.CO,Novo Nordisk,Nasdaq Copenhagen,DKK,20260703_160316
2026-07-03 15:50:00+02:00,326.29998779296875,326.29998779296875,326.20001220703125,326.20001220703125,5977,NOVO-B.CO,Novo Nordisk,Nasdaq Copenhagen,DKK,20260703_160316
2026-07-03 15:51:00+02:00,326.25,326.25,326.20001220703125,326.20001220703125,12377,NOVO-B.CO,Novo Nordisk,Nasdaq Copenhagen,DKK,20260703_160316
2026-07-03 15:52:00+02:00,326.0,326.20001220703125,326.0,326.20001220703125,35964,NOVO-B.CO,Novo Nordisk,Nasdaq Copenhagen,DKK,20260703_160316
2026-07-03 15:53:00+02:00,326.1499938964844,326.1499938964844,326.04998779296875,326.04998779296875,1416,NOVO-B.CO,Novo Nordisk,Nasdaq Copenhagen,DKK,20260703_160316
2026-07-03 15:54:00+02:00,326.1000061035156,326.20001220703125,326.1000061035156,326.20001220703125,142,NOVO-B.CO,Novo Nordisk,Nasdaq Copenhagen,DKK,20260703_160316
2026-07-03 15:55:00+02:00,326.1000061035156,326.1000061035156,326.04998779296875,326.1000061035156,1726,NOVO-B.CO,Novo Nordisk,Nasdaq Copenhagen,DKK,20260703_160316
2026-07-03 15:56:00+02:00,326.3500061035156,326.3500061035156,326.1000061035156,326.1000061035156,1430,NOVO-B.CO,Novo Nordisk,Nasdaq Copenhagen,DKK,20260703_160316
2026-07-03 15:57:00+02:00,326.3500061035156,326.3500061035156,326.29998779296875,326.29998779296875,169,NOVO-B.CO,Novo Nordisk,Nasdaq Copenhagen,DKK,20260703_160316
2026-07-03 15:58:00+02:00,326.20001220703125,326.29998779296875,326.20001220703125,326.29998779296875,275,NOVO-B.CO,Novo Nordisk,Nasdaq Copenhagen,DKK,20260703_160316
2026-07-03 15:59:00+02:00,326.3500061035156,326.3500061035156,326.29998779296875,326.29998779296875,825,NOVO-B.CO,Novo Nordisk,Nasdaq Copenhagen,DKK,20260703_160316
2026-07-03 16:00:00+02:00,326.5,326.54998779296875,326.29998779296875,326.29998779296875,2057,NOVO-B.CO,Novo Nordisk,Nasdaq Copenhagen,DKK,20260703_160316
2026-07-03 16:01:00+02:00,326.20001220703125,326.5,326.1499938964844,326.5,2460,NOVO-B.CO,Novo Nordisk,Nasdaq Copenhagen,DKK,20260703_160316
2026-07-03 16:02:00+02:00,326.20001220703125,326.20001220703125,326.1000061035156,326.1499938964844,1295,NOVO-B.CO,Novo Nordisk,Nasdaq Copenhagen,DKK,20260703_160316
2026-07-03 16:03:00+02:00,326.3999938964844,326.3999938964844,326.25,326.25,50,NOVO-B.CO,Novo Nordisk,Nasdaq Copenhagen,DKK,20260703_160316
2026-07-03 16:04:00+02:00,326.3999938964844,326.3999938964844,326.25,326.29998779296875,1426,NOVO-B.CO,Novo Nordisk,Nasdaq Copenhagen,DKK,20260703_160316
2026-07-03 16:05:00+02:00,326.3999938964844,326.45001220703125,326.3999938964844,326.45001220703125,11,NOVO-B.CO,Novo Nordisk,Nasdaq Copenhagen,DKK,20260703_160316
2026-07-03 16:06:00+02:00,326.29998779296875,326.3999938964844,326.20001220703125,326.3999938964844,1466,NOVO-B.CO,Novo Nordisk,Nasdaq Copenhagen,DKK,20260703_160316
2026-07-03 16:07:00+02:00,326.20001220703125,326.25,326.20001220703125,326.25,560,NOVO-B.CO,Novo Nordisk,Nasdaq Copenhagen,DKK,20260703_160316
2026-07-03 16:08:00+02:00,326.1499938964844,326.25,326.1499938964844,326.20001220703125,1044,NOVO-B.CO,Novo Nordisk,Nasdaq Copenhagen,DKK,20260703_160316
2026-07-03 16:09:00+02:00,326.29998779296875,326.3500061035156,326.25,326.29998779296875,982,NOVO-B.CO,Novo Nordisk,Nasdaq Copenhagen,DKK,20260703_160316
2026-07-03 16:10:00+02:00,326.45001220703125,326.45001220703125,326.25,326.29998779296875,916,NOVO-B.CO,Novo Nordisk,Nasdaq Copenhagen,DKK,20260703_160316
2026-07-03 16:11:00+02:00,326.3500061035156,326.45001220703125,326.3500061035156,326.45001220703125,737,NOVO-B.CO,Novo Nordisk,Nasdaq Copenhagen,DKK,20260703_160316
2026-07-03 16:12:00+02:00,326.3999938964844,326.3999938964844,326.3500061035156,326.3500061035156,60,NOVO-B.CO,Novo Nordisk,Nasdaq Copenhagen,DKK,20260703_160316
2026-07-03 16:13:00+02:00,326.1000061035156,326.3500061035156,325.95001220703125,326.3500061035156,5800,NOVO-B.CO,Novo Nordisk,Nasdaq Copenhagen,DKK,20260703_160316
2026-07-03 16:14:00+02:00,325.95001220703125,326.0,325.8999938964844,326.0,918,NOVO-B.CO,Novo Nordisk,Nasdaq Copenhagen,DKK,20260703_160316
2026-07-03 16:15:00+02:00,326.0,326.0,325.8999938964844,325.95001220703125,886,NOVO-B.CO,Novo Nordisk,Nasdaq Copenhagen,DKK,20260703_160316
2026-07-03 16:16:00+02:00,326.04998779296875,326.1499938964844,325.95001220703125,326.04998779296875,9709,NOVO-B.CO,Novo Nordisk,Nasdaq Copenhagen,DKK,20260703_160316
2026-07-03 16:17:00+02:00,326.04998779296875,326.04998779296875,325.95001220703125,326.04998779296875,2537,NOVO-B.CO,Novo Nordisk,Nasdaq Copenhagen,DKK,20260703_160316
2026-07-03 16:18:00+02:00,326.0,326.1499938964844,326.0,326.1499938964844,754,NOVO-B.CO,Novo Nordisk,Nasdaq Copenhagen,DKK,20260703_160316
2026-07-03 16:19:00+02:00,326.0,326.25,326.0,326.1000061035156,1498,NOVO-B.CO,Novo Nordisk,Nasdaq Copenhagen,DKK,20260703_160316
2026-07-03 16:20:00+02:00,326.0,326.0,325.8999938964844,325.95001220703125,1390,NOVO-B.CO,Novo Nordisk,Nasdaq Copenhagen,DKK,20260703_160316
2026-07-03 16:21:00+02:00,325.79998779296875,326.0,325.79998779296875,326.0,688,NOVO-B.CO,Novo Nordisk,Nasdaq Copenhagen,DKK,20260703_160316
2026-07-03 16:22:00+02:00,325.75,325.8500061035156,325.70001220703125,325.79998779296875,1003,NOVO-B.CO,Novo Nordisk,Nasdaq Copenhagen,DKK,20260703_160316
2026-07-03 16:23:00+02:00,325.75,325.75,325.75,325.75,745,NOVO-B.CO,Novo Nordisk,Nasdaq Copenhagen,DKK,20260703_160316
2026-07-03 16:24:00+02:00,325.6499938964844,325.75,325.6499938964844,325.75,813,NOVO-B.CO,Novo Nordisk,Nasdaq Copenhagen,DKK,20260703_160316
2026-07-03 16:25:00+02:00,325.75,325.75,325.6499938964844,325.6499938964844,230,NOVO-B.CO,Novo Nordisk,Nasdaq Copenhagen,DKK,20260703_160316
2026-07-03 16:26:00+02:00,325.6000061035156,325.70001220703125,325.6000061035156,325.70001220703125,299,NOVO-B.CO,Novo Nordisk,Nasdaq Copenhagen,DKK,20260703_160316
2026-07-03 16:27:00+02:00,325.75,325.75,325.6499938964844,325.6499938964844,1780,NOVO-B.CO,Novo Nordisk,Nasdaq Copenhagen,DKK,20260703_160316
2026-07-03 16:28:00+02:00,325.95001220703125,325.95001220703125,325.79998779296875,325.79998779296875,646,NOVO-B.CO,Novo Nordisk,Nasdaq Copenhagen,DKK,20260703_160316
2026-07-03 16:29:00+02:00,325.6499938964844,325.8999938964844,325.6499938964844,325.8999938964844,5416,NOVO-B.CO,Novo Nordisk,Nasdaq Copenhagen,DKK,20260703_160316
2026-07-03 16:30:00+02:00,325.8500061035156,325.8500061035156,325.6499938964844,325.75,1600,NOVO-B.CO,Novo Nordisk,Nasdaq Copenhagen,DKK,20260703_160316
2026-07-03 16:31:00+02:00,326.1499938964844,326.1499938964844,325.70001220703125,325.79998779296875,4571,NOVO-B.CO,Novo Nordisk,Nasdaq Copenhagen,DKK,20260703_160316
2026-07-03 16:32:00+02:00,326.1000061035156,326.20001220703125,326.1000061035156,326.1499938964844,4331,NOVO-B.CO,Novo Nordisk,Nasdaq Copenhagen,DKK,20260703_160316
2026-07-03 16:33:00+02:00,326.04998779296875,326.1000061035156,326.0,326.1000061035156,788,NOVO-B.CO,Novo Nordisk,Nasdaq Copenhagen,DKK,20260703_160316
2026-07-03 16:34:00+02:00,325.75,325.95001220703125,325.6000061035156,325.95001220703125,3573,NOVO-B.CO,Novo Nordisk,Nasdaq Copenhagen,DKK,20260703_160316
2026-07-03 16:35:00+02:00,325.6499938964844,325.8500061035156,325.6499938964844,325.8500061035156,3644,NOVO-B.CO,Novo Nordisk,Nasdaq Copenhagen,DKK,20260703_160316
2026-07-03 16:36:00+02:00,325.29998779296875,325.6499938964844,325.29998779296875,325.6499938964844,5375,NOVO-B.CO,Novo Nordisk,Nasdaq Copenhagen,DKK,20260703_160316
2026-07-03 16:37:00+02:00,325.25,325.25,325.1499938964844,325.20001220703125,755,NOVO-B.CO,Novo Nordisk,Nasdaq Copenhagen,DKK,20260703_160316
2026-07-03 16:38:00+02:00,325.3999938964844,325.3999938964844,325.25,325.25,2506,NOVO-B.CO,Novo Nordisk,Nasdaq Copenhagen,DKK,20260703_160316
2026-07-03 16:39:00+02:00,325.29998779296875,325.3999938964844,325.29998779296875,325.3999938964844,656,NOVO-B.CO,Novo Nordisk,Nasdaq Copenhagen,DKK,20260703_160316
2026-07-03 16:40:00+02:00,325.29998779296875,325.3500061035156,325.25,325.3500061035156,2131,NOVO-B.CO,Novo Nordisk,Nasdaq Copenhagen,DKK,20260703_160316
2026-07-03 16:41:00+02:00,325.3999938964844,325.45001220703125,325.3999938964844,325.3999938964844,1074,NOVO-B.CO,Novo Nordisk,Nasdaq Copenhagen,DKK,20260703_160316
2026-07-03 16:42:00+02:00,325.29998779296875,325.5,325.29998779296875,325.5,818,NOVO-B.CO,Novo Nordisk,Nasdaq Copenhagen,DKK,20260703_160316
2026-07-03 16:43:00+02:00,325.3999938964844,325.3999938964844,325.29998779296875,325.29998779296875,431,NOVO-B.CO,Novo Nordisk,Nasdaq Copenhagen,DKK,20260703_160316
2026-07-03 16:44:00+02:00,325.45001220703125,325.45001220703125,325.29998779296875,325.45001220703125,3894,NOVO-B.CO,Novo Nordisk,Nasdaq Copenhagen,DKK,20260703_160316
2026-07-03 16:45:00+02:00,325.54998779296875,325.54998779296875,325.29998779296875,325.45001220703125,2721,NOVO-B.CO,Novo Nordisk,Nasdaq Copenhagen,DKK,20260703_160316
2026-07-03 16:46:00+02:00,325.6000061035156,325.6499938964844,325.6000061035156,325.6000061035156,501,NOVO-B.CO,Novo Nordisk,Nasdaq Copenhagen,DKK,20260703_160316
2026-07-03 16:47:00+02:00,325.70001220703125,325.79998779296875,325.54998779296875,325.6000061035156,1749,NOVO-B.CO,Novo Nordisk,Nasdaq Copenhagen,DKK,20260703_160316
2026-07-03 16:48:00+02:00,325.75,325.79998779296875,325.70001220703125,325.70001220703125,711,NOVO-B.CO,Novo Nordisk,Nasdaq Copenhagen,DKK,20260703_160316
2026-07-03 16:49:00+02:00,325.6499938964844,325.79998779296875,325.6499938964844,325.75,2211,NOVO-B.CO,Novo Nordisk,Nasdaq Copenhagen,DKK,20260703_160316
2026-07-03 16:50:00+02:00,325.54998779296875,325.8500061035156,325.54998779296875,325.70001220703125,1326,NOVO-B.CO,Novo Nordisk,Nasdaq Copenhagen,DKK,20260703_160316
2026-07-03 16:51:00+02:00,325.70001220703125,325.70001220703125,325.5,325.54998779296875,3274,NOVO-B.CO,Novo Nordisk,Nasdaq Copenhagen,DKK,20260703_160316
2026-07-03 16:52:00+02:00,325.70001220703125,325.75,325.54998779296875,325.6499938964844,3398,NOVO-B.CO,Novo Nordisk,Nasdaq Copenhagen,DKK,20260703_160316
2026-07-03 16:53:00+02:00,325.8500061035156,325.8999938964844,325.70001220703125,325.70001220703125,4141,NOVO-B.CO,Novo Nordisk,Nasdaq Copenhagen,DKK,20260703_160316
2026-07-03 16:54:00+02:00,326.1000061035156,326.1000061035156,325.79998779296875,325.8500061035156,12169,NOVO-B.CO,Novo Nordisk,Nasdaq Copenhagen,DKK,20260703_160316
2026-07-03 16:59:00+02:00,326.8999938964844,326.8999938964844,326.8999938964844,326.8999938964844,790994,NOVO-B.CO,Novo Nordisk,Nasdaq Copenhagen,DKK,20260703_160316
2026-07-03 09:00:00+02:00,330.20001220703125,330.75,329.6499938964844,330.0,0,NOVO-B.CO,Novo Nordisk,Nasdaq Copenhagen,DKK,20260703_175410
2026-07-03 09:01:00+02:00,329.1000061035156,330.0,329.1000061035156,330.0,25999,NOVO-B.CO,Novo Nordisk,Nasdaq Copenhagen,DKK,20260703_175410
2026-07-03 09:02:00+02:00,328.45001220703125,329.25,328.1499938964844,329.20001220703125,30514,NOVO-B.CO,Novo Nordisk,Nasdaq Copenhagen,DKK,20260703_175410
2026-07-03 09:03:00+02:00,328.3999938964844,329.04998779296875,328.25,328.3500061035156,11869,NOVO-B.CO,Novo Nordisk,Nasdaq Copenhagen,DKK,20260703_175410
2026-07-03 09:04:00+02:00,328.04998779296875,328.45001220703125,327.75,328.45001220703125,12872,NOVO-B.CO,Novo Nordisk,Nasdaq Copenhagen,DKK,20260703_175410
2026-07-03 09:05:00+02:00,327.8500061035156,328.3500061035156,327.3999938964844,328.0,17825,NOVO-B.CO,Novo Nordisk,Nasdaq Copenhagen,DKK,20260703_175410
2026-07-03 09:06:00+02:00,327.29998779296875,328.25,327.29998779296875,327.79998779296875,10973,NOVO-B.CO,Novo Nordisk,Nasdaq Copenhagen,DKK,20260703_175410
2026-07-03 09:07:00+02:00,326.6000061035156,327.25,326.0,327.25,26614,NOVO-B.CO,Novo Nordisk,Nasdaq Copenhagen,DKK,20260703_175410
2026-07-03 09:08:00+02:00,327.04998779296875,327.1499938964844,326.6000061035156,326.6000061035156,7380,NOVO-B.CO,Novo Nordisk,Nasdaq Copenhagen,DKK,20260703_175410
2026-07-03 09:09:00+02:00,327.8999938964844,327.95001220703125,327.1000061035156,327.25,16717,NOVO-B.CO,Novo Nordisk,Nasdaq Copenhagen,DKK,20260703_175410
2026-07-03 09:10:00+02:00,327.3999938964844,328.0,327.3999938964844,327.95001220703125,26013,NOVO-B.CO,Novo Nordisk,Nasdaq Copenhagen,DKK,20260703_175410
2026-07-03 09:11:00+02:00,327.0,327.25,326.8999938964844,327.25,14281,NOVO-B.CO,Novo Nordisk,Nasdaq Copenhagen,DKK,20260703_175410
2026-07-03 09:12:00+02:00,327.0,327.1499938964844,326.8500061035156,327.04998779296875,4786,NOVO-B.CO,Novo Nordisk,Nasdaq Copenhagen,DKK,20260703_175410
2026-07-03 09:13:00+02:00,327.54998779296875,327.6499938964844,327.0,327.0,7567,NOVO-B.CO,Novo Nordisk,Nasdaq Copenhagen,DKK,20260703_175410
2026-07-03 09:14:00+02:00,327.6000061035156,327.79998779296875,327.3500061035156,327.54998779296875,9889,NOVO-B.CO,Novo Nordisk,Nasdaq Copenhagen,DKK,20260703_175410
2026-07-03 09:15:00+02:00,327.70001220703125,328.1000061035156,327.54998779296875,327.70001220703125,31110,NOVO-B.CO,Novo Nordisk,Nasdaq Copenhagen,DKK,20260703_175410
2026-07-03 09:16:00+02:00,327.8500061035156,328.0,327.6499938964844,327.70001220703125,5448,NOVO-B.CO,Novo Nordisk,Nasdaq Copenhagen,DKK,20260703_175410
2026-07-03 09:17:00+02:00,327.70001220703125,327.95001220703125,327.54998779296875,327.8500061035156,10407,NOVO-B.CO,Novo Nordisk,Nasdaq Copenhagen,DKK,20260703_175410
2026-07-03 09:18:00+02:00,327.3999938964844,327.8500061035156,327.3999938964844,327.75,9642,NOVO-B.CO,Novo Nordisk,Nasdaq Copenhagen,DKK,20260703_175410
2026-07-03 09:19:00+02:00,327.3999938964844,327.6000061035156,327.29998779296875,327.3999938964844,9536,NOVO-B.CO,Novo Nordisk,Nasdaq Copenhagen,DKK,20260703_175410
2026-07-03 09:20:00+02:00,327.54998779296875,327.6499938964844,327.45001220703125,327.5,5441,NOVO-B.CO,Novo Nordisk,Nasdaq Copenhagen,DKK,20260703_175410
2026-07-03 09:21:00+02:00,327.8500061035156,328.0,327.6000061035156,327.6000061035156,2251,NOVO-B.CO,Novo Nordisk,Nasdaq Copenhagen,DKK,20260703_175410
2026-07-03 09:22:00+02:00,327.54998779296875,328.0,327.54998779296875,327.79998779296875,9673,NOVO-B.CO,Novo Nordisk,Nasdaq Copenhagen,DKK,20260703_175410
2026-07-03 09:23:00+02:00,327.70001220703125,328.0,327.3500061035156,327.5,21964,NOVO-B.CO,Novo Nordisk,Nasdaq Copenhagen,DKK,20260703_175410
2026-07-03 09:24:00+02:00,327.79998779296875,328.1000061035156,327.6000061035156,327.79998779296875,12123,NOVO-B.CO,Novo Nordisk,Nasdaq Copenhagen,DKK,20260703_175410
2026-07-03 09:25:00+02:00,327.8999938964844,327.95001220703125,327.6000061035156,327.75,6079,NOVO-B.CO,Novo Nordisk,Nasdaq Copenhagen,DKK,20260703_175410
2026-07-03 09:26:00+02:00,328.5,328.5,327.8999938964844,327.8999938964844,7472,NOVO-B.CO,Novo Nordisk,Nasdaq Copenhagen,DKK,20260703_175410
2026-07-03 09:27:00+02:00,328.45001220703125,328.6499938964844,328.3999938964844,328.54998779296875,6879,NOVO-B.CO,Novo Nordisk,Nasdaq Copenhagen,DKK,20260703_175410
2026-07-03 09:28:00+02:00,328.3999938964844,328.5,328.3999938964844,328.3999938964844,3648,NOVO-B.CO,Novo Nordisk,Nasdaq Copenhagen,DKK,20260703_175410
2026-07-03 09:29:00+02:00,328.29998779296875,328.45001220703125,328.25,328.3500061035156,5927,NOVO-B.CO,Novo Nordisk,Nasdaq Copenhagen,DKK,20260703_175410
2026-07-03 09:30:00+02:00,328.29998779296875,328.3500061035156,328.20001220703125,328.25,7494,NOVO-B.CO,Novo Nordisk,Nasdaq Copenhagen,DKK,20260703_175410
2026-07-03 09:31:00+02:00,328.1499938964844,328.29998779296875,328.1000061035156,328.1499938964844,13236,NOVO-B.CO,Novo Nordisk,Nasdaq Copenhagen,DKK,20260703_175410
2026-07-03 09:32:00+02:00,328.3999938964844,328.45001220703125,328.20001220703125,328.20001220703125,3361,NOVO-B.CO,Novo Nordisk,Nasdaq Copenhagen,DKK,20260703_175410
2026-07-03 09:33:00+02:00,328.79998779296875,328.79998779296875,328.45001220703125,328.45001220703125,1808,NOVO-B.CO,Novo Nordisk,Nasdaq Copenhagen,DKK,20260703_175410
2026-07-03 09:34:00+02:00,328.6499938964844,328.75,328.6000061035156,328.75,3146,NOVO-B.CO,Novo Nordisk,Nasdaq Copenhagen,DKK,20260703_175410
2026-07-03 09:35:00+02:00,328.70001220703125,328.75,328.6499938964844,328.70001220703125,2928,NOVO-B.CO,Novo Nordisk,Nasdaq Copenhagen,DKK,20260703_175410
2026-07-03 09:36:00+02:00,328.8999938964844,328.8999938964844,328.6499938964844,328.6499938964844,1295,NOVO-B.CO,Novo Nordisk,Nasdaq Copenhagen,DKK,20260703_175410
2026-07-03 09:37:00+02:00,329.1499938964844,329.25,328.95001220703125,328.95001220703125,7355,NOVO-B.CO,Novo Nordisk,Nasdaq Copenhagen,DKK,20260703_175410
2026-07-03 09:38:00+02:00,329.25,329.6000061035156,329.04998779296875,329.20001220703125,6139,NOVO-B.CO,Novo Nordisk,Nasdaq Copenhagen,DKK,20260703_175410
2026-07-03 09:39:00+02:00,329.3500061035156,329.45001220703125,329.1000061035156,329.3500061035156,6378,NOVO-B.CO,Novo Nordisk,Nasdaq Copenhagen,DKK,20260703_175410
2026-07-03 09:40:00+02:00,329.1000061035156,329.20001220703125,329.04998779296875,329.1000061035156,4846,NOVO-B.CO,Novo Nordisk,Nasdaq Copenhagen,DKK,20260703_175410
2026-07-03 09:41:00+02:00,328.8500061035156,329.25,328.8500061035156,329.25,13672,NOVO-B.CO,Novo Nordisk,Nasdaq Copenhagen,DKK,20260703_175410
2026-07-03 09:42:00+02:00,328.79998779296875,328.95001220703125,328.6000061035156,328.8999938964844,2569,NOVO-B.CO,Novo Nordisk,Nasdaq Copenhagen,DKK,20260703_175410
2026-07-03 09:43:00+02:00,328.3500061035156,328.79998779296875,328.25,328.79998779296875,10703,NOVO-B.CO,Novo Nordisk,Nasdaq Copenhagen,DKK,20260703_175410
2026-07-03 09:44:00+02:00,328.6499938964844,328.70001220703125,328.45001220703125,328.45001220703125,1692,NOVO-B.CO,Novo Nordisk,Nasdaq Copenhagen,DKK,20260703_175410
2026-07-03 09:45:00+02:00,328.29998779296875,328.70001220703125,328.1499938964844,328.70001220703125,12913,NOVO-B.CO,Novo Nordisk,Nasdaq Copenhagen,DKK,20260703_175410
2026-07-03 09:46:00+02:00,328.04998779296875,328.29998779296875,328.04998779296875,328.29998779296875,5929,NOVO-B.CO,Novo Nordisk,Nasdaq Copenhagen,DKK,20260703_175410
2026-07-03 09:47:00+02:00,327.8500061035156,328.1000061035156,327.79998779296875,328.04998779296875,2947,NOVO-B.CO,Novo Nordisk,Nasdaq Copenhagen,DKK,20260703_175410
2026-07-03 09:48:00+02:00,327.8500061035156,328.0,327.70001220703125,327.8999938964844,4946,NOVO-B.CO,Novo Nordisk,Nasdaq Copenhagen,DKK,20260703_175410
2026-07-03 09:49:00+02:00,327.54998779296875,327.8999938964844,327.54998779296875,327.8999938964844,4379,NOVO-B.CO,Novo Nordisk,Nasdaq Copenhagen,DKK,20260703_175410
2026-07-03 09:50:00+02:00,327.3500061035156,327.6000061035156,327.3500061035156,327.5,3673,NOVO-B.CO,Novo Nordisk,Nasdaq Copenhagen,DKK,20260703_175410
2026-07-03 09:51:00+02:00,327.1499938964844,327.5,327.1499938964844,327.3999938964844,2799,NOVO-B.CO,Novo Nordisk,Nasdaq Copenhagen,DKK,20260703_175410
2026-07-03 09:52:00+02:00,327.25,327.25,327.1499938964844,327.1499938964844,4767,NOVO-B.CO,Novo Nordisk,Nasdaq Copenhagen,DKK,20260703_175410
2026-07-03 09:53:00+02:00,327.3500061035156,327.3999938964844,327.1499938964844,327.25,3014,NOVO-B.CO,Novo Nordisk,Nasdaq Copenhagen,DKK,20260703_175410
2026-07-03 09:54:00+02:00,327.3500061035156,327.3500061035156,327.20001220703125,327.25,1573,NOVO-B.CO,Novo Nordisk,Nasdaq Copenhagen,DKK,20260703_175410
2026-07-03 09:55:00+02:00,327.3500061035156,327.70001220703125,327.3500061035156,327.45001220703125,1371,NOVO-B.CO,Novo Nordisk,Nasdaq Copenhagen,DKK,20260703_175410
2026-07-03 09:56:00+02:00,327.25,327.3999938964844,327.1499938964844,327.3999938964844,3675,NOVO-B.CO,Novo Nordisk,Nasdaq Copenhagen,DKK,20260703_175410
2026-07-03 09:57:00+02:00,326.95001220703125,327.20001220703125,326.95001220703125,327.20001220703125,6753,NOVO-B.CO,Novo Nordisk,Nasdaq Copenhagen,DKK,20260703_175410
2026-07-03 09:58:00+02:00,326.79998779296875,326.95001220703125,326.6000061035156,326.8999938964844,5782,NOVO-B.CO,Novo Nordisk,Nasdaq Copenhagen,DKK,20260703_175410
2026-07-03 09:59:00+02:00,326.75,326.95001220703125,326.6499938964844,326.79998779296875,3290,NOVO-B.CO,Novo Nordisk,Nasdaq Copenhagen,DKK,20260703_175410
2026-07-03 10:00:00+02:00,326.6000061035156,326.75,326.5,326.75,900,NOVO-B.CO,Novo Nordisk,Nasdaq Copenhagen,DKK,20260703_175410
2026-07-03 10:01:00+02:00,326.70001220703125,326.70001220703125,326.54998779296875,326.6000061035156,2988,NOVO-B.CO,Novo Nordisk,Nasdaq Copenhagen,DKK,20260703_175410
2026-07-03 10:02:00+02:00,326.6000061035156,326.6000061035156,326.5,326.54998779296875,845,NOVO-B.CO,Novo Nordisk,Nasdaq Copenhagen,DKK,20260703_175410
2026-07-03 10:03:00+02:00,326.3500061035156,326.54998779296875,326.29998779296875,326.5,5438,NOVO-B.CO,Novo Nordisk,Nasdaq Copenhagen,DKK,20260703_175410
2026-07-03 10:04:00+02:00,326.20001220703125,326.29998779296875,326.1499938964844,326.29998779296875,3839,NOVO-B.CO,Novo Nordisk,Nasdaq Copenhagen,DKK,20260703_175410
2026-07-03 10:05:00+02:00,326.54998779296875,326.8500061035156,326.29998779296875,326.29998779296875,4633,NOVO-B.CO,Novo Nordisk,Nasdaq Copenhagen,DKK,20260703_175410
2026-07-03 10:06:00+02:00,326.8999938964844,326.8999938964844,326.6000061035156,326.6000061035156,596,NOVO-B.CO,Novo Nordisk,Nasdaq Copenhagen,DKK,20260703_175410
2026-07-03 10:07:00+02:00,326.75,326.8500061035156,326.6000061035156,326.8500061035156,3197,NOVO-B.CO,Novo Nordisk,Nasdaq Copenhagen,DKK,20260703_175410
2026-07-03 10:08:00+02:00,326.79998779296875,326.79998779296875,326.5,326.6499938964844,13577,NOVO-B.CO,Novo Nordisk,Nasdaq Copenhagen,DKK,20260703_175410
2026-07-03 10:09:00+02:00,326.70001220703125,326.79998779296875,326.5,326.54998779296875,3323,NOVO-B.CO,Novo Nordisk,Nasdaq Copenhagen,DKK,20260703_175410
2026-07-03 10:10:00+02:00,326.8500061035156,326.95001220703125,326.70001220703125,326.79998779296875,887,NOVO-B.CO,Novo Nordisk,Nasdaq Copenhagen,DKK,20260703_175410
2026-07-03 10:11:00+02:00,326.75,326.79998779296875,326.70001220703125,326.79998779296875,7139,NOVO-B.CO,Novo Nordisk,Nasdaq Copenhagen,DKK,20260703_175410
2026-07-03 10:12:00+02:00,326.70001220703125,326.79998779296875,326.6499938964844,326.6499938964844,794,NOVO-B.CO,Novo Nordisk,Nasdaq Copenhagen,DKK,20260703_175410
2026-07-03 10:13:00+02:00,326.6000061035156,327.75,326.54998779296875,326.6499938964844,21900,NOVO-B.CO,Novo Nordisk,Nasdaq Copenhagen,DKK,20260703_175410
2026-07-03 10:14:00+02:00,326.3999938964844,326.70001220703125,326.0,326.5,32177,NOVO-B.CO,Novo Nordisk,Nasdaq Copenhagen,DKK,20260703_175410
2026-07-03 10:15:00+02:00,326.3500061035156,326.45001220703125,326.0,326.20001220703125,10693,NOVO-B.CO,Novo Nordisk,Nasdaq Copenhagen,DKK,20260703_175410
2026-07-03 10:16:00+02:00,326.25,326.3500061035156,326.20001220703125,326.25,1861,NOVO-B.CO,Novo Nordisk,Nasdaq Copenhagen,DKK,20260703_175410
2026-07-03 10:17:00+02:00,326.04998779296875,326.3500061035156,325.8999938964844,326.3500061035156,5696,NOVO-B.CO,Novo Nordisk,Nasdaq Copenhagen,DKK,20260703_175410
2026-07-03 10:18:00+02:00,326.3500061035156,326.3500061035156,326.20001220703125,326.20001220703125,1109,NOVO-B.CO,Novo Nordisk,Nasdaq Copenhagen,DKK,20260703_175410
2026-07-03 10:19:00+02:00,325.70001220703125,326.3999938964844,325.54998779296875,326.1499938964844,4039,NOVO-B.CO,Novo Nordisk,Nasdaq Copenhagen,DKK,20260703_175410
2026-07-03 10:20:00+02:00,325.75,325.79998779296875,325.54998779296875,325.70001220703125,3235,NOVO-B.CO,Novo Nordisk,Nasdaq Copenhagen,DKK,20260703_175410
2026-07-03 10:21:00+02:00,325.75,325.8999938964844,325.70001220703125,325.8500061035156,827,NOVO-B.CO,Novo Nordisk,Nasdaq Copenhagen,DKK,20260703_175410
2026-07-03 10:22:00+02:00,325.8999938964844,326.20001220703125,325.70001220703125,325.75,6978,NOVO-B.CO,Novo Nordisk,Nasdaq Copenhagen,DKK,20260703_175410
2026-07-03 10:23:00+02:00,325.8500061035156,326.04998779296875,325.8500061035156,325.8999938964844,1368,NOVO-B.CO,Novo Nordisk,Nasdaq Copenhagen,DKK,20260703_175410
2026-07-03 10:24:00+02:00,326.1499938964844,326.1499938964844,325.79998779296875,325.8999938964844,1089,NOVO-B.CO,Novo Nordisk,Nasdaq Copenhagen,DKK,20260703_175410
2026-07-03 10:25:00+02:00,326.1000061035156,326.1499938964844,326.0,326.0,516,NOVO-B.CO,Novo Nordisk,Nasdaq Copenhagen,DKK,20260703_175410
2026-07-03 10:26:00+02:00,326.1000061035156,326.1000061035156,326.1000061035156,326.1000061035156,513,NOVO-B.CO,Novo Nordisk,Nasdaq Copenhagen,DKK,20260703_175410
2026-07-03 10:27:00+02:00,326.29998779296875,326.29998779296875,326.1000061035156,326.1499938964844,1969,NOVO-B.CO,Novo Nordisk,Nasdaq Copenhagen,DKK,20260703_175410
2026-07-03 10:28:00+02:00,326.45001220703125,326.45001220703125,326.20001220703125,326.29998779296875,2609,NOVO-B.CO,Novo Nordisk,Nasdaq Copenhagen,DKK,20260703_175410
2026-07-03 10:29:00+02:00,326.54998779296875,326.54998779296875,326.3999938964844,326.45001220703125,1116,NOVO-B.CO,Novo Nordisk,Nasdaq Copenhagen,DKK,20260703_175410
2026-07-03 10:30:00+02:00,326.6499938964844,326.6499938964844,326.45001220703125,326.45001220703125,1830,NOVO-B.CO,Novo Nordisk,Nasdaq Copenhagen,DKK,20260703_175410
2026-07-03 10:31:00+02:00,326.54998779296875,326.6499938964844,326.45001220703125,326.5,3789,NOVO-B.CO,Novo Nordisk,Nasdaq Copenhagen,DKK,20260703_175410
2026-07-03 10:32:00+02:00,327.0,327.0,326.29998779296875,326.54998779296875,4606,NOVO-B.CO,Novo Nordisk,Nasdaq Copenhagen,DKK,20260703_175410
2026-07-03 10:33:00+02:00,327.04998779296875,327.04998779296875,326.95001220703125,326.95001220703125,724,NOVO-B.CO,Novo Nordisk,Nasdaq Copenhagen,DKK,20260703_175410
2026-07-03 10:34:00+02:00,327.1000061035156,327.3500061035156,326.95001220703125,327.04998779296875,3018,NOVO-B.CO,Novo Nordisk,Nasdaq Copenhagen,DKK,20260703_175410
2026-07-03 10:35:00+02:00,327.54998779296875,327.54998779296875,327.20001220703125,327.25,7209,NOVO-B.CO,Novo Nordisk,Nasdaq Copenhagen,DKK,20260703_175410
2026-07-03 10:36:00+02:00,327.3999938964844,327.70001220703125,327.3999938964844,327.54998779296875,3226,NOVO-B.CO,Novo Nordisk,Nasdaq Copenhagen,DKK,20260703_175410
2026-07-03 10:37:00+02:00,327.1000061035156,327.3999938964844,326.79998779296875,327.3999938964844,2924,NOVO-B.CO,Novo Nordisk,Nasdaq Copenhagen,DKK,20260703_175410
2026-07-03 10:38:00+02:00,327.04998779296875,327.1000061035156,326.95001220703125,326.95001220703125,344,NOVO-B.CO,Novo Nordisk,Nasdaq Copenhagen,DKK,20260703_175410
2026-07-03 10:39:00+02:00,327.04998779296875,327.20001220703125,326.8999938964844,326.95001220703125,630,NOVO-B.CO,Novo Nordisk,Nasdaq Copenhagen,DKK,20260703_175410
2026-07-03 10:40:00+02:00,327.70001220703125,327.8500061035156,327.25,327.25,3021,NOVO-B.CO,Novo Nordisk,Nasdaq Copenhagen,DKK,20260703_175410
2026-07-03 10:41:00+02:00,327.45001220703125,327.5,327.3999938964844,327.5,307,NOVO-B.CO,Novo Nordisk,Nasdaq Copenhagen,DKK,20260703_175410
2026-07-03 10:42:00+02:00,327.3500061035156,327.5,327.3500061035156,327.3999938964844,1284,NOVO-B.CO,Novo Nordisk,Nasdaq Copenhagen,DKK,20260703_175410
2026-07-03 10:43:00+02:00,327.6000061035156,327.6000061035156,327.3500061035156,327.45001220703125,1414,NOVO-B.CO,Novo Nordisk,Nasdaq Copenhagen,DKK,20260703_175410
2026-07-03 10:44:00+02:00,327.3999938964844,327.70001220703125,327.29998779296875,327.70001220703125,3575,NOVO-B.CO,Novo Nordisk,Nasdaq Copenhagen,DKK,20260703_175410
2026-07-03 10:45:00+02:00,327.29998779296875,327.45001220703125,327.29998779296875,327.3999938964844,295,NOVO-B.CO,Novo Nordisk,Nasdaq Copenhagen,DKK,20260703_175410
2026-07-03 10:46:00+02:00,327.29998779296875,327.29998779296875,327.20001220703125,327.25,143,NOVO-B.CO,Novo Nordisk,Nasdaq Copenhagen,DKK,20260703_175410
2026-07-03 10:47:00+02:00,327.1499938964844,327.20001220703125,327.1499938964844,327.20001220703125,400,NOVO-B.CO,Novo Nordisk,Nasdaq Copenhagen,DKK,20260703_175410
2026-07-03 10:48:00+02:00,327.3999938964844,327.3999938964844,327.1499938964844,327.1499938964844,1474,NOVO-B.CO,Novo Nordisk,Nasdaq Copenhagen,DKK,20260703_175410
2026-07-03 10:49:00+02:00,327.04998779296875,327.3999938964844,327.04998779296875,327.3999938964844,1903,NOVO-B.CO,Novo Nordisk,Nasdaq Copenhagen,DKK,20260703_175410
2026-07-03 10:50:00+02:00,327.04998779296875,327.04998779296875,326.95001220703125,327.0,6331,NOVO-B.CO,Novo Nordisk,Nasdaq Copenhagen,DKK,20260703_175410
2026-07-03 10:51:00+02:00,327.1000061035156,327.1499938964844,327.04998779296875,327.04998779296875,385,NOVO-B.CO,Novo Nordisk,Nasdaq Copenhagen,DKK,20260703_175410
2026-07-03 10:52:00+02:00,327.04998779296875,327.04998779296875,326.95001220703125,327.0,695,NOVO-B.CO,Novo Nordisk,Nasdaq Copenhagen,DKK,20260703_175410
2026-07-03 10:53:00+02:00,326.79998779296875,327.04998779296875,326.79998779296875,327.0,1367,NOVO-B.CO,Novo Nordisk,Nasdaq Copenhagen,DKK,20260703_175410
2026-07-03 10:54:00+02:00,326.5,326.75,326.5,326.75,1119,NOVO-B.CO,Novo Nordisk,Nasdaq Copenhagen,DKK,20260703_175410
2026-07-03 10:55:00+02:00,326.5,326.5,326.45001220703125,326.5,1868,NOVO-B.CO,Novo Nordisk,Nasdaq Copenhagen,DKK,20260703_175410
2026-07-03 10:56:00+02:00,326.5,326.6000061035156,326.45001220703125,326.45001220703125,6946,NOVO-B.CO,Novo Nordisk,Nasdaq Copenhagen,DKK,20260703_175410
2026-07-03 10:57:00+02:00,326.29998779296875,326.5,326.29998779296875,326.3999938964844,914,NOVO-B.CO,Novo Nordisk,Nasdaq Copenhagen,DKK,20260703_175410
2026-07-03 10:58:00+02:00,326.3500061035156,326.3999938964844,326.3500061035156,326.3500061035156,433,NOVO-B.CO,Novo Nordisk,Nasdaq Copenhagen,DKK,20260703_175410
2026-07-03 10:59:00+02:00,326.45001220703125,326.45001220703125,326.3500061035156,326.3500061035156,675,NOVO-B.CO,Novo Nordisk,Nasdaq Copenhagen,DKK,20260703_175410
2026-07-03 11:00:00+02:00,326.45001220703125,326.45001220703125,326.3500061035156,326.3500061035156,942,NOVO-B.CO,Novo Nordisk,Nasdaq Copenhagen,DKK,20260703_175410
2026-07-03 11:01:00+02:00,326.3500061035156,326.45001220703125,326.25,326.45001220703125,3396,NOVO-B.CO,Novo Nordisk,Nasdaq Copenhagen,DKK,20260703_175410
2026-07-03 11:02:00+02:00,326.3500061035156,326.3500061035156,326.25,326.3500061035156,320,NOVO-B.CO,Novo Nordisk,Nasdaq Copenhagen,DKK,20260703_175410
2026-07-03 11:03:00+02:00,326.3999938964844,326.45001220703125,326.3500061035156,326.3500061035156,426,NOVO-B.CO,Novo Nordisk,Nasdaq Copenhagen,DKK,20260703_175410
2026-07-03 11:04:00+02:00,326.20001220703125,326.29998779296875,326.20001220703125,326.29998779296875,2058,NOVO-B.CO,Novo Nordisk,Nasdaq Copenhagen,DKK,20260703_175410
2026-07-03 11:05:00+02:00,325.95001220703125,326.25,325.95001220703125,326.20001220703125,7960,NOVO-B.CO,Novo Nordisk,Nasdaq Copenhagen,DKK,20260703_175410
2026-07-03 11:06:00+02:00,325.79998779296875,325.8999938964844,325.70001220703125,325.8999938964844,2459,NOVO-B.CO,Novo Nordisk,Nasdaq Copenhagen,DKK,20260703_175410
2026-07-03 11:07:00+02:00,325.8500061035156,325.8500061035156,325.70001220703125,325.8500061035156,3902,NOVO-B.CO,Novo Nordisk,Nasdaq Copenhagen,DKK,20260703_175410
2026-07-03 11:08:00+02:00,325.79998779296875,325.8500061035156,325.70001220703125,325.79998779296875,365,NOVO-B.CO,Novo Nordisk,Nasdaq Copenhagen,DKK,20260703_175410
2026-07-03 11:09:00+02:00,325.75,325.79998779296875,325.6499938964844,325.75,1364,NOVO-B.CO,Novo Nordisk,Nasdaq Copenhagen,DKK,20260703_175410
2026-07-03 11:10:00+02:00,325.8500061035156,325.8500061035156,325.6499938964844,325.75,677,NOVO-B.CO,Novo Nordisk,Nasdaq Copenhagen,DKK,20260703_175410
2026-07-03 11:11:00+02:00,325.8500061035156,325.8500061035156,325.70001220703125,325.79998779296875,429,NOVO-B.CO,Novo Nordisk,Nasdaq Copenhagen,DKK,20260703_175410
2026-07-03 11:12:00+02:00,325.75,325.8999938964844,325.75,325.8500061035156,1335,NOVO-B.CO,Novo Nordisk,Nasdaq Copenhagen,DKK,20260703_175410
2026-07-03 11:13:00+02:00,325.70001220703125,325.75,325.70001220703125,325.70001220703125,815,NOVO-B.CO,Novo Nordisk,Nasdaq Copenhagen,DKK,20260703_175410
2026-07-03 11:14:00+02:00,325.6000061035156,325.6000061035156,325.5,325.6000061035156,404,NOVO-B.CO,Novo Nordisk,Nasdaq Copenhagen,DKK,20260703_175410
2026-07-03 11:15:00+02:00,325.8500061035156,325.95001220703125,325.6000061035156,325.6000061035156,4220,NOVO-B.CO,Novo Nordisk,Nasdaq Copenhagen,DKK,20260703_175410
2026-07-03 11:16:00+02:00,325.95001220703125,325.95001220703125,325.8500061035156,325.8999938964844,732,NOVO-B.CO,Novo Nordisk,Nasdaq Copenhagen,DKK,20260703_175410
2026-07-03 11:17:00+02:00,326.0,326.04998779296875,325.8500061035156,326.0,2503,NOVO-B.CO,Novo Nordisk,Nasdaq Copenhagen,DKK,20260703_175410
2026-07-03 11:18:00+02:00,325.95001220703125,325.95001220703125,325.8999938964844,325.95001220703125,1334,NOVO-B.CO,Novo Nordisk,Nasdaq Copenhagen,DKK,20260703_175410
2026-07-03 11:19:00+02:00,325.95001220703125,326.0,325.95001220703125,326.0,298,NOVO-B.CO,Novo Nordisk,Nasdaq Copenhagen,DKK,20260703_175410
2026-07-03 11:20:00+02:00,326.04998779296875,326.04998779296875,326.0,326.0,1493,NOVO-B.CO,Novo Nordisk,Nasdaq Copenhagen,DKK,20260703_175410
2026-07-03 11:21:00+02:00,325.95001220703125,326.1000061035156,325.95001220703125,326.04998779296875,2372,NOVO-B.CO,Novo Nordisk,Nasdaq Copenhagen,DKK,20260703_175410
2026-07-03 11:22:00+02:00,325.70001220703125,326.04998779296875,325.70001220703125,326.04998779296875,2199,NOVO-B.CO,Novo Nordisk,Nasdaq Copenhagen,DKK,20260703_175410
2026-07-03 11:23:00+02:00,325.6499938964844,325.70001220703125,325.6499938964844,325.6499938964844,2286,NOVO-B.CO,Novo Nordisk,Nasdaq Copenhagen,DKK,20260703_175410
2026-07-03 11:24:00+02:00,325.54998779296875,325.95001220703125,325.5,325.6499938964844,7611,NOVO-B.CO,Novo Nordisk,Nasdaq Copenhagen,DKK,20260703_175410
2026-07-03 11:25:00+02:00,325.6000061035156,325.6499938964844,325.5,325.6000061035156,1010,NOVO-B.CO,Novo Nordisk,Nasdaq Copenhagen,DKK,20260703_175410
2026-07-03 11:26:00+02:00,325.54998779296875,325.6000061035156,325.5,325.54998779296875,8220,NOVO-B.CO,Novo Nordisk,Nasdaq Copenhagen,DKK,20260703_175410
2026-07-03 11:27:00+02:00,325.5,325.6499938964844,325.5,325.54998779296875,3874,NOVO-B.CO,Novo Nordisk,Nasdaq Copenhagen,DKK,20260703_175410
2026-07-03 11:28:00+02:00,325.54998779296875,325.54998779296875,325.54998779296875,325.54998779296875,379,NOVO-B.CO,Novo Nordisk,Nasdaq Copenhagen,DKK,20260703_175410
2026-07-03 11:29:00+02:00,325.6000061035156,325.70001220703125,325.6000061035156,325.6499938964844,860,NOVO-B.CO,Novo Nordisk,Nasdaq Copenhagen,DKK,20260703_175410
2026-07-03 11:30:00+02:00,325.70001220703125,325.79998779296875,325.6499938964844,325.70001220703125,2121,NOVO-B.CO,Novo Nordisk,Nasdaq Copenhagen,DKK,20260703_175410
2026-07-03 11:31:00+02:00,325.54998779296875,325.70001220703125,325.54998779296875,325.6499938964844,1380,NOVO-B.CO,Novo Nordisk,Nasdaq Copenhagen,DKK,20260703_175410
2026-07-03 11:32:00+02:00,325.54998779296875,325.6000061035156,325.5,325.5,399,NOVO-B.CO,Novo Nordisk,Nasdaq Copenhagen,DKK,20260703_175410
2026-07-03 11:33:00+02:00,325.6499938964844,325.6499938964844,325.54998779296875,325.54998779296875,66,NOVO-B.CO,Novo Nordisk,Nasdaq Copenhagen,DKK,20260703_175410
2026-07-03 11:34:00+02:00,325.8500061035156,325.8500061035156,325.6499938964844,325.6499938964844,2143,NOVO-B.CO,Novo Nordisk,Nasdaq Copenhagen,DKK,20260703_175410
2026-07-03 11:35:00+02:00,325.95001220703125,325.95001220703125,325.79998779296875,325.79998779296875,2976,NOVO-B.CO,Novo Nordisk,Nasdaq Copenhagen,DKK,20260703_175410
2026-07-03 11:36:00+02:00,325.70001220703125,325.8500061035156,325.6499938964844,325.8500061035156,3203,NOVO-B.CO,Novo Nordisk,Nasdaq Copenhagen,DKK,20260703_175410
2026-07-03 11:37:00+02:00,325.6499938964844,325.75,325.6000061035156,325.6499938964844,5295,NOVO-B.CO,Novo Nordisk,Nasdaq Copenhagen,DKK,20260703_175410
2026-07-03 11:38:00+02:00,325.45001220703125,325.75,325.3500061035156,325.6000061035156,18178,NOVO-B.CO,Novo Nordisk,Nasdaq Copenhagen,DKK,20260703_175410
2026-07-03 11:39:00+02:00,325.6499938964844,325.6499938964844,325.3500061035156,325.3500061035156,6642,NOVO-B.CO,Novo Nordisk,Nasdaq Copenhagen,DKK,20260703_175410
2026-07-03 11:40:00+02:00,325.75,325.75,325.6000061035156,325.6000061035156,4853,NOVO-B.CO,Novo Nordisk,Nasdaq Copenhagen,DKK,20260703_175410
2026-07-03 11:41:00+02:00,325.95001220703125,326.0,325.75,325.75,5932,NOVO-B.CO,Novo Nordisk,Nasdaq Copenhagen,DKK,20260703_175410
2026-07-03 11:42:00+02:00,325.95001220703125,326.0,325.8999938964844,325.95001220703125,2617,NOVO-B.CO,Novo Nordisk,Nasdaq Copenhagen,DKK,20260703_175410
2026-07-03 11:43:00+02:00,326.25,326.25,325.95001220703125,326.0,4032,NOVO-B.CO,Novo Nordisk,Nasdaq Copenhagen,DKK,20260703_175410
2026-07-03 11:44:00+02:00,326.20001220703125,326.20001220703125,326.1499938964844,326.20001220703125,2020,NOVO-B.CO,Novo Nordisk,Nasdaq Copenhagen,DKK,20260703_175410
2026-07-03 11:45:00+02:00,326.29998779296875,326.3999938964844,326.25,326.29998779296875,7427,NOVO-B.CO,Novo Nordisk,Nasdaq Copenhagen,DKK,20260703_175410
2026-07-03 11:46:00+02:00,326.29998779296875,326.3999938964844,326.29998779296875,326.3500061035156,551,NOVO-B.CO,Novo Nordisk,Nasdaq Copenhagen,DKK,20260703_175410
2026-07-03 11:47:00+02:00,326.3500061035156,326.3500061035156,326.3500061035156,326.3500061035156,21,NOVO-B.CO,Novo Nordisk,Nasdaq Copenhagen,DKK,20260703_175410
2026-07-03 11:48:00+02:00,326.3999938964844,326.3999938964844,326.3500061035156,326.3500061035156,127,NOVO-B.CO,Novo Nordisk,Nasdaq Copenhagen,DKK,20260703_175410
2026-07-03 11:49:00+02:00,326.3999938964844,326.45001220703125,326.3999938964844,326.3999938964844,557,NOVO-B.CO,Novo Nordisk,Nasdaq Copenhagen,DKK,20260703_175410
2026-07-03 11:50:00+02:00,326.20001220703125,326.3999938964844,326.20001220703125,326.3999938964844,1313,NOVO-B.CO,Novo Nordisk,Nasdaq Copenhagen,DKK,20260703_175410
2026-07-03 11:51:00+02:00,326.3999938964844,326.3999938964844,326.25,326.29998779296875,1266,NOVO-B.CO,Novo Nordisk,Nasdaq Copenhagen,DKK,20260703_175410
2026-07-03 11:52:00+02:00,326.3500061035156,326.3999938964844,326.29998779296875,326.3500061035156,1304,NOVO-B.CO,Novo Nordisk,Nasdaq Copenhagen,DKK,20260703_175410
2026-07-03 11:53:00+02:00,326.3500061035156,326.3500061035156,326.3500061035156,326.3500061035156,141,NOVO-B.CO,Novo Nordisk,Nasdaq Copenhagen,DKK,20260703_175410
2026-07-03 11:54:00+02:00,326.29998779296875,326.3999938964844,326.25,326.3500061035156,1161,NOVO-B.CO,Novo Nordisk,Nasdaq Copenhagen,DKK,20260703_175410
2026-07-03 11:55:00+02:00,326.45001220703125,326.5,326.3999938964844,326.3999938964844,1414,NOVO-B.CO,Novo Nordisk,Nasdaq Copenhagen,DKK,20260703_175410
2026-07-03 11:56:00+02:00,326.6499938964844,326.75,326.54998779296875,326.54998779296875,1071,NOVO-B.CO,Novo Nordisk,Nasdaq Copenhagen,DKK,20260703_175410
2026-07-03 11:57:00+02:00,326.6499938964844,326.79998779296875,326.6499938964844,326.75,586,NOVO-B.CO,Novo Nordisk,Nasdaq Copenhagen,DKK,20260703_175410
2026-07-03 11:58:00+02:00,326.79998779296875,326.79998779296875,326.6000061035156,326.6000061035156,838,NOVO-B.CO,Novo Nordisk,Nasdaq Copenhagen,DKK,20260703_175410
2026-07-03 11:59:00+02:00,326.8500061035156,326.8500061035156,326.70001220703125,326.79998779296875,359,NOVO-B.CO,Novo Nordisk,Nasdaq Copenhagen,DKK,20260703_175410
2026-07-03 12:00:00+02:00,326.75,326.8500061035156,326.75,326.8500061035156,530,NOVO-B.CO,Novo Nordisk,Nasdaq Copenhagen,DKK,20260703_175410
2026-07-03 12:01:00+02:00,326.79998779296875,326.79998779296875,326.70001220703125,326.79998779296875,326,NOVO-B.CO,Novo Nordisk,Nasdaq Copenhagen,DKK,20260703_175410
2026-07-03 12:02:00+02:00,326.75,326.79998779296875,326.75,326.75,33,NOVO-B.CO,Novo Nordisk,Nasdaq Copenhagen,DKK,20260703_175410
2026-07-03 12:03:00+02:00,326.79998779296875,326.79998779296875,326.79998779296875,326.79998779296875,100,NOVO-B.CO,Novo Nordisk,Nasdaq Copenhagen,DKK,20260703_175410
2026-07-03 12:04:00+02:00,327.25,327.25,326.8500061035156,326.8500061035156,13023,NOVO-B.CO,Novo Nordisk,Nasdaq Copenhagen,DKK,20260703_175410
2026-07-03 12:05:00+02:00,327.29998779296875,327.29998779296875,327.25,327.25,694,NOVO-B.CO,Novo Nordisk,Nasdaq Copenhagen,DKK,20260703_175410
2026-07-03 12:06:00+02:00,327.3500061035156,327.3500061035156,327.29998779296875,327.29998779296875,228,NOVO-B.CO,Novo Nordisk,Nasdaq Copenhagen,DKK,20260703_175410
2026-07-03 12:07:00+02:00,327.29998779296875,327.6000061035156,327.29998779296875,327.3999938964844,15723,NOVO-B.CO,Novo Nordisk,Nasdaq Copenhagen,DKK,20260703_175410
2026-07-03 12:08:00+02:00,327.29998779296875,327.3999938964844,327.25,327.29998779296875,1231,NOVO-B.CO,Novo Nordisk,Nasdaq Copenhagen,DKK,20260703_175410
2026-07-03 12:09:00+02:00,327.5,327.5,327.25,327.25,238,NOVO-B.CO,Novo Nordisk,Nasdaq Copenhagen,DKK,20260703_175410
2026-07-03 12:10:00+02:00,327.3999938964844,327.5,327.3500061035156,327.5,1922,NOVO-B.CO,Novo Nordisk,Nasdaq Copenhagen,DKK,20260703_175410
2026-07-03 12:11:00+02:00,327.29998779296875,327.5,327.29998779296875,327.45001220703125,2089,NOVO-B.CO,Novo Nordisk,Nasdaq Copenhagen,DKK,20260703_175410
2026-07-03 12:12:00+02:00,327.3999938964844,327.45001220703125,327.29998779296875,327.45001220703125,15,NOVO-B.CO,Novo Nordisk,Nasdaq Copenhagen,DKK,20260703_175410
2026-07-03 12:13:00+02:00,327.45001220703125,327.5,327.3999938964844,327.3999938964844,5434,NOVO-B.CO,Novo Nordisk,Nasdaq Copenhagen,DKK,20260703_175410
2026-07-03 12:14:00+02:00,327.3999938964844,327.45001220703125,327.3500061035156,327.45001220703125,313,NOVO-B.CO,Novo Nordisk,Nasdaq Copenhagen,DKK,20260703_175410
2026-07-03 12:15:00+02:00,327.3500061035156,327.5,327.3500061035156,327.5,2353,NOVO-B.CO,Novo Nordisk,Nasdaq Copenhagen,DKK,20260703_175410
2026-07-03 12:16:00+02:00,327.29998779296875,327.45001220703125,327.29998779296875,327.45001220703125,716,NOVO-B.CO,Novo Nordisk,Nasdaq Copenhagen,DKK,20260703_175410
2026-07-03 12:17:00+02:00,327.29998779296875,327.3500061035156,327.29998779296875,327.29998779296875,157,NOVO-B.CO,Novo Nordisk,Nasdaq Copenhagen,DKK,20260703_175410
2026-07-03 12:18:00+02:00,327.04998779296875,327.29998779296875,327.04998779296875,327.29998779296875,1055,NOVO-B.CO,Novo Nordisk,Nasdaq Copenhagen,DKK,20260703_175410
2026-07-03 12:19:00+02:00,326.8999938964844,327.04998779296875,326.79998779296875,327.0,3832,NOVO-B.CO,Novo Nordisk,Nasdaq Copenhagen,DKK,20260703_175410
2026-07-03 12:20:00+02:00,326.8500061035156,326.8999938964844,326.75,326.79998779296875,277,NOVO-B.CO,Novo Nordisk,Nasdaq Copenhagen,DKK,20260703_175410
2026-07-03 12:21:00+02:00,326.8500061035156,326.95001220703125,326.8500061035156,326.8999938964844,1117,NOVO-B.CO,Novo Nordisk,Nasdaq Copenhagen,DKK,20260703_175410
2026-07-03 12:22:00+02:00,326.8999938964844,326.8999938964844,326.8500061035156,326.8500061035156,96,NOVO-B.CO,Novo Nordisk,Nasdaq Copenhagen,DKK,20260703_175410
2026-07-03 12:23:00+02:00,326.8999938964844,326.95001220703125,326.8999938964844,326.95001220703125,5,NOVO-B.CO,Novo Nordisk,Nasdaq Copenhagen,DKK,20260703_175410
2026-07-03 12:24:00+02:00,326.8999938964844,327.04998779296875,326.8999938964844,326.95001220703125,819,NOVO-B.CO,Novo Nordisk,Nasdaq Copenhagen,DKK,20260703_175410
2026-07-03 12:25:00+02:00,327.0,327.0,327.0,327.0,16,NOVO-B.CO,Novo Nordisk,Nasdaq Copenhagen,DKK,20260703_175410
2026-07-03 12:26:00+02:00,326.79998779296875,326.8500061035156,326.75,326.8500061035156,789,NOVO-B.CO,Novo Nordisk,Nasdaq Copenhagen,DKK,20260703_175410
2026-07-03 12:27:00+02:00,327.0,327.0,326.8500061035156,326.8500061035156,5556,NOVO-B.CO,Novo Nordisk,Nasdaq Copenhagen,DKK,20260703_175410
2026-07-03 12:28:00+02:00,327.0,327.0,327.0,327.0,6,NOVO-B.CO,Novo Nordisk,Nasdaq Copenhagen,DKK,20260703_175410
2026-07-03 12:29:00+02:00,327.0,327.0,327.0,327.0,290,NOVO-B.CO,Novo Nordisk,Nasdaq Copenhagen,DKK,20260703_175410
2026-07-03 12:30:00+02:00,327.0,327.1000061035156,327.0,327.0,191,NOVO-B.CO,Novo Nordisk,Nasdaq Copenhagen,DKK,20260703_175410
2026-07-03 12:31:00+02:00,327.1499938964844,327.20001220703125,327.04998779296875,327.1000061035156,208,NOVO-B.CO,Novo Nordisk,Nasdaq Copenhagen,DKK,20260703_175410
2026-07-03 12:32:00+02:00,327.1499938964844,327.1499938964844,327.04998779296875,327.1499938964844,200,NOVO-B.CO,Novo Nordisk,Nasdaq Copenhagen,DKK,20260703_175410
2026-07-03 12:33:00+02:00,327.20001220703125,327.20001220703125,327.0,327.04998779296875,11901,NOVO-B.CO,Novo Nordisk,Nasdaq Copenhagen,DKK,20260703_175410
2026-07-03 12:34:00+02:00,327.1000061035156,327.20001220703125,327.1000061035156,327.20001220703125,37,NOVO-B.CO,Novo Nordisk,Nasdaq Copenhagen,DKK,20260703_175410
2026-07-03 12:35:00+02:00,327.0,327.1000061035156,327.0,327.1000061035156,27701,NOVO-B.CO,Novo Nordisk,Nasdaq Copenhagen,DKK,20260703_175410
2026-07-03 12:36:00+02:00,327.0,327.04998779296875,327.0,327.0,424,NOVO-B.CO,Novo Nordisk,Nasdaq Copenhagen,DKK,20260703_175410
2026-07-03 12:37:00+02:00,327.0,327.04998779296875,327.0,327.04998779296875,16477,NOVO-B.CO,Novo Nordisk,Nasdaq Copenhagen,DKK,20260703_175410
2026-07-03 12:38:00+02:00,327.04998779296875,327.04998779296875,327.0,327.0,369,NOVO-B.CO,Novo Nordisk,Nasdaq Copenhagen,DKK,20260703_175410
2026-07-03 12:39:00+02:00,327.0,327.04998779296875,327.0,327.0,21,NOVO-B.CO,Novo Nordisk,Nasdaq Copenhagen,DKK,20260703_175410
2026-07-03 12:40:00+02:00,326.75,327.0,326.6499938964844,327.0,13380,NOVO-B.CO,Novo Nordisk,Nasdaq Copenhagen,DKK,20260703_175410
2026-07-03 12:41:00+02:00,326.6000061035156,326.75,326.6000061035156,326.70001220703125,334,NOVO-B.CO,Novo Nordisk,Nasdaq Copenhagen,DKK,20260703_175410
2026-07-03 12:42:00+02:00,326.5,326.75,326.5,326.6499938964844,1988,NOVO-B.CO,Novo Nordisk,Nasdaq Copenhagen,DKK,20260703_175410
2026-07-03 12:43:00+02:00,326.3999938964844,326.5,326.3999938964844,326.5,446,NOVO-B.CO,Novo Nordisk,Nasdaq Copenhagen,DKK,20260703_175410
2026-07-03 12:44:00+02:00,326.5,326.5,326.29998779296875,326.3999938964844,529,NOVO-B.CO,Novo Nordisk,Nasdaq Copenhagen,DKK,20260703_175410
2026-07-03 12:45:00+02:00,326.5,326.5,326.5,326.5,339,NOVO-B.CO,Novo Nordisk,Nasdaq Copenhagen,DKK,20260703_175410
2026-07-03 12:46:00+02:00,326.5,326.54998779296875,326.45001220703125,326.5,1132,NOVO-B.CO,Novo Nordisk,Nasdaq Copenhagen,DKK,20260703_175410
2026-07-03 12:47:00+02:00,326.3999938964844,326.5,326.3999938964844,326.5,405,NOVO-B.CO,Novo Nordisk,Nasdaq Copenhagen,DKK,20260703_175410
2026-07-03 12:48:00+02:00,326.3500061035156,326.3999938964844,326.3500061035156,326.3999938964844,344,NOVO-B.CO,Novo Nordisk,Nasdaq Copenhagen,DKK,20260703_175410
2026-07-03 12:49:00+02:00,326.3500061035156,326.45001220703125,326.29998779296875,326.45001220703125,711,NOVO-B.CO,Novo Nordisk,Nasdaq Copenhagen,DKK,20260703_175410
2026-07-03 12:50:00+02:00,326.3500061035156,326.45001220703125,326.25,326.45001220703125,2640,NOVO-B.CO,Novo Nordisk,Nasdaq Copenhagen,DKK,20260703_175410
2026-07-03 12:51:00+02:00,326.20001220703125,326.3500061035156,326.20001220703125,326.25,3534,NOVO-B.CO,Novo Nordisk,Nasdaq Copenhagen,DKK,20260703_175410
2026-07-03 12:52:00+02:00,326.25,326.29998779296875,326.20001220703125,326.25,1852,NOVO-B.CO,Novo Nordisk,Nasdaq Copenhagen,DKK,20260703_175410
2026-07-03 12:53:00+02:00,326.20001220703125,326.3500061035156,326.1499938964844,326.25,669,NOVO-B.CO,Novo Nordisk,Nasdaq Copenhagen,DKK,20260703_175410
2026-07-03 12:54:00+02:00,326.20001220703125,326.25,326.1499938964844,326.20001220703125,493,NOVO-B.CO,Novo Nordisk,Nasdaq Copenhagen,DKK,20260703_175410
2026-07-03 12:55:00+02:00,326.3500061035156,326.3500061035156,326.20001220703125,326.20001220703125,264,NOVO-B.CO,Novo Nordisk,Nasdaq Copenhagen,DKK,20260703_175410
2026-07-03 12:56:00+02:00,326.45001220703125,326.45001220703125,326.3500061035156,326.3500061035156,1310,NOVO-B.CO,Novo Nordisk,Nasdaq Copenhagen,DKK,20260703_175410
2026-07-03 12:57:00+02:00,326.45001220703125,326.45001220703125,326.45001220703125,326.45001220703125,515,NOVO-B.CO,Novo Nordisk,Nasdaq Copenhagen,DKK,20260703_175410
2026-07-03 12:58:00+02:00,326.3999938964844,326.45001220703125,326.3999938964844,326.45001220703125,490,NOVO-B.CO,Novo Nordisk,Nasdaq Copenhagen,DKK,20260703_175410
2026-07-03 12:59:00+02:00,326.04998779296875,326.45001220703125,326.0,326.45001220703125,7789,NOVO-B.CO,Novo Nordisk,Nasdaq Copenhagen,DKK,20260703_175410
2026-07-03 13:00:00+02:00,326.04998779296875,326.1000061035156,326.04998779296875,326.1000061035156,344,NOVO-B.CO,Novo Nordisk,Nasdaq Copenhagen,DKK,20260703_175410
2026-07-03 13:01:00+02:00,326.1000061035156,326.1000061035156,326.1000061035156,326.1000061035156,3,NOVO-B.CO,Novo Nordisk,Nasdaq Copenhagen,DKK,20260703_175410
2026-07-03 13:02:00+02:00,326.20001220703125,326.20001220703125,325.95001220703125,326.0,1726,NOVO-B.CO,Novo Nordisk,Nasdaq Copenhagen,DKK,20260703_175410
2026-07-03 13:03:00+02:00,326.0,326.1499938964844,326.0,326.1499938964844,1127,NOVO-B.CO,Novo Nordisk,Nasdaq Copenhagen,DKK,20260703_175410
2026-07-03 13:04:00+02:00,326.0,326.1499938964844,326.0,326.0,1604,NOVO-B.CO,Novo Nordisk,Nasdaq Copenhagen,DKK,20260703_175410
2026-07-03 13:05:00+02:00,325.95001220703125,326.1000061035156,325.8500061035156,326.0,888,NOVO-B.CO,Novo Nordisk,Nasdaq Copenhagen,DKK,20260703_175410
2026-07-03 13:06:00+02:00,326.0,326.0,325.8999938964844,326.0,374,NOVO-B.CO,Novo Nordisk,Nasdaq Copenhagen,DKK,20260703_175410
2026-07-03 13:07:00+02:00,325.79998779296875,325.95001220703125,325.79998779296875,325.8999938964844,135,NOVO-B.CO,Novo Nordisk,Nasdaq Copenhagen,DKK,20260703_175410
2026-07-03 13:08:00+02:00,325.8500061035156,325.8999938964844,325.75,325.75,860,NOVO-B.CO,Novo Nordisk,Nasdaq Copenhagen,DKK,20260703_175410
2026-07-03 13:09:00+02:00,325.8999938964844,325.8999938964844,325.79998779296875,325.8500061035156,723,NOVO-B.CO,Novo Nordisk,Nasdaq Copenhagen,DKK,20260703_175410
2026-07-03 13:10:00+02:00,325.95001220703125,325.95001220703125,325.95001220703125,325.95001220703125,21,NOVO-B.CO,Novo Nordisk,Nasdaq Copenhagen,DKK,20260703_175410
2026-07-03 13:11:00+02:00,326.1499938964844,326.1499938964844,325.95001220703125,325.95001220703125,5127,NOVO-B.CO,Novo Nordisk,Nasdaq Copenhagen,DKK,20260703_175410
2026-07-03 13:12:00+02:00,326.1499938964844,326.20001220703125,326.1499938964844,326.1499938964844,144,NOVO-B.CO,Novo Nordisk,Nasdaq Copenhagen,DKK,20260703_175410
2026-07-03 13:13:00+02:00,326.1000061035156,326.20001220703125,326.04998779296875,326.20001220703125,721,NOVO-B.CO,Novo Nordisk,Nasdaq Copenhagen,DKK,20260703_175410
2026-07-03 13:14:00+02:00,326.0,326.1000061035156,325.95001220703125,326.0,2726,NOVO-B.CO,Novo Nordisk,Nasdaq Copenhagen,DKK,20260703_175410
2026-07-03 13:15:00+02:00,326.1000061035156,326.1000061035156,325.8500061035156,325.8999938964844,4662,NOVO-B.CO,Novo Nordisk,Nasdaq Copenhagen,DKK,20260703_175410
2026-07-03 13:16:00+02:00,326.04998779296875,326.1000061035156,326.04998779296875,326.1000061035156,623,NOVO-B.CO,Novo Nordisk,Nasdaq Copenhagen,DKK,20260703_175410
2026-07-03 13:17:00+02:00,326.0,326.1000061035156,326.0,326.04998779296875,191,NOVO-B.CO,Novo Nordisk,Nasdaq Copenhagen,DKK,20260703_175410
2026-07-03 13:18:00+02:00,326.1000061035156,326.1000061035156,326.0,326.1000061035156,909,NOVO-B.CO,Novo Nordisk,Nasdaq Copenhagen,DKK,20260703_175410
2026-07-03 13:19:00+02:00,326.0,326.1499938964844,325.95001220703125,326.1000061035156,823,NOVO-B.CO,Novo Nordisk,Nasdaq Copenhagen,DKK,20260703_175410
2026-07-03 13:20:00+02:00,325.75,325.95001220703125,325.75,325.95001220703125,1560,NOVO-B.CO,Novo Nordisk,Nasdaq Copenhagen,DKK,20260703_175410
2026-07-03 13:21:00+02:00,325.75,325.79998779296875,325.70001220703125,325.75,1161,NOVO-B.CO,Novo Nordisk,Nasdaq Copenhagen,DKK,20260703_175410
2026-07-03 13:22:00+02:00,325.79998779296875,325.79998779296875,325.70001220703125,325.79998779296875,1167,NOVO-B.CO,Novo Nordisk,Nasdaq Copenhagen,DKK,20260703_175410
2026-07-03 13:23:00+02:00,325.70001220703125,325.75,325.6499938964844,325.75,1624,NOVO-B.CO,Novo Nordisk,Nasdaq Copenhagen,DKK,20260703_175410
2026-07-03 13:24:00+02:00,325.6499938964844,325.75,325.6499938964844,325.6499938964844,8231,NOVO-B.CO,Novo Nordisk,Nasdaq Copenhagen,DKK,20260703_175410
2026-07-03 13:25:00+02:00,325.6000061035156,325.6499938964844,325.54998779296875,325.6000061035156,2285,NOVO-B.CO,Novo Nordisk,Nasdaq Copenhagen,DKK,20260703_175410
2026-07-03 13:26:00+02:00,325.3999938964844,325.6000061035156,325.3500061035156,325.54998779296875,4143,NOVO-B.CO,Novo Nordisk,Nasdaq Copenhagen,DKK,20260703_175410
2026-07-03 13:27:00+02:00,325.29998779296875,325.3500061035156,325.29998779296875,325.3500061035156,564,NOVO-B.CO,Novo Nordisk,Nasdaq Copenhagen,DKK,20260703_175410
2026-07-03 13:28:00+02:00,325.29998779296875,325.3500061035156,325.25,325.3500061035156,1804,NOVO-B.CO,Novo Nordisk,Nasdaq Copenhagen,DKK,20260703_175410
2026-07-03 13:29:00+02:00,325.20001220703125,325.3500061035156,325.1499938964844,325.29998779296875,7614,NOVO-B.CO,Novo Nordisk,Nasdaq Copenhagen,DKK,20260703_175410
2026-07-03 13:30:00+02:00,325.29998779296875,325.29998779296875,325.25,325.25,1202,NOVO-B.CO,Novo Nordisk,Nasdaq Copenhagen,DKK,20260703_175410
2026-07-03 13:31:00+02:00,325.45001220703125,325.45001220703125,325.29998779296875,325.29998779296875,1084,NOVO-B.CO,Novo Nordisk,Nasdaq Copenhagen,DKK,20260703_175410
2026-07-03 13:32:00+02:00,325.45001220703125,325.45001220703125,325.45001220703125,325.45001220703125,434,NOVO-B.CO,Novo Nordisk,Nasdaq Copenhagen,DKK,20260703_175410
2026-07-03 13:33:00+02:00,325.25,325.45001220703125,325.25,325.45001220703125,1103,NOVO-B.CO,Novo Nordisk,Nasdaq Copenhagen,DKK,20260703_175410
2026-07-03 13:34:00+02:00,325.29998779296875,325.3500061035156,325.29998779296875,325.29998779296875,1146,NOVO-B.CO,Novo Nordisk,Nasdaq Copenhagen,DKK,20260703_175410
2026-07-03 13:35:00+02:00,325.45001220703125,325.5,325.29998779296875,325.29998779296875,1461,NOVO-B.CO,Novo Nordisk,Nasdaq Copenhagen,DKK,20260703_175410
2026-07-03 13:36:00+02:00,325.3500061035156,325.45001220703125,325.3500061035156,325.45001220703125,315,NOVO-B.CO,Novo Nordisk,Nasdaq Copenhagen,DKK,20260703_175410
2026-07-03 13:37:00+02:00,325.3999938964844,325.3999938964844,325.3999938964844,325.3999938964844,284,NOVO-B.CO,Novo Nordisk,Nasdaq Copenhagen,DKK,20260703_175410
2026-07-03 13:38:00+02:00,325.3999938964844,325.45001220703125,325.3999938964844,325.3999938964844,134,NOVO-B.CO,Novo Nordisk,Nasdaq Copenhagen,DKK,20260703_175410
2026-07-03 13:39:00+02:00,325.45001220703125,325.45001220703125,325.45001220703125,325.45001220703125,900,NOVO-B.CO,Novo Nordisk,Nasdaq Copenhagen,DKK,20260703_175410
2026-07-03 13:40:00+02:00,325.45001220703125,325.79998779296875,325.3999938964844,325.45001220703125,3503,NOVO-B.CO,Novo Nordisk,Nasdaq Copenhagen,DKK,20260703_175410
2026-07-03 13:41:00+02:00,325.5,325.5,325.45001220703125,325.45001220703125,984,NOVO-B.CO,Novo Nordisk,Nasdaq Copenhagen,DKK,20260703_175410
2026-07-03 13:42:00+02:00,325.3999938964844,325.3999938964844,325.3999938964844,325.3999938964844,90,NOVO-B.CO,Novo Nordisk,Nasdaq Copenhagen,DKK,20260703_175410
2026-07-03 13:43:00+02:00,325.6000061035156,325.6000061035156,325.5,325.5,1040,NOVO-B.CO,Novo Nordisk,Nasdaq Copenhagen,DKK,20260703_175410
2026-07-03 13:44:00+02:00,325.75,325.75,325.6499938964844,325.6499938964844,741,NOVO-B.CO,Novo Nordisk,Nasdaq Copenhagen,DKK,20260703_175410
2026-07-03 13:45:00+02:00,325.6000061035156,325.75,325.6000061035156,325.70001220703125,1642,NOVO-B.CO,Novo Nordisk,Nasdaq Copenhagen,DKK,20260703_175410
2026-07-03 13:46:00+02:00,325.8999938964844,325.8999938964844,325.70001220703125,325.70001220703125,1118,NOVO-B.CO,Novo Nordisk,Nasdaq Copenhagen,DKK,20260703_175410
2026-07-03 13:47:00+02:00,325.95001220703125,325.95001220703125,325.8999938964844,325.8999938964844,523,NOVO-B.CO,Novo Nordisk,Nasdaq Copenhagen,DKK,20260703_175410
2026-07-03 13:48:00+02:00,325.8999938964844,326.0,325.8500061035156,325.95001220703125,2019,NOVO-B.CO,Novo Nordisk,Nasdaq Copenhagen,DKK,20260703_175410
2026-07-03 13:49:00+02:00,325.8999938964844,325.8999938964844,325.79998779296875,325.79998779296875,241,NOVO-B.CO,Novo Nordisk,Nasdaq Copenhagen,DKK,20260703_175410
2026-07-03 13:50:00+02:00,325.8500061035156,325.8500061035156,325.79998779296875,325.8500061035156,344,NOVO-B.CO,Novo Nordisk,Nasdaq Copenhagen,DKK,20260703_175410
2026-07-03 13:51:00+02:00,325.5,325.79998779296875,325.5,325.79998779296875,4730,NOVO-B.CO,Novo Nordisk,Nasdaq Copenhagen,DKK,20260703_175410
2026-07-03 13:52:00+02:00,325.6000061035156,325.6000061035156,325.54998779296875,325.54998779296875,1117,NOVO-B.CO,Novo Nordisk,Nasdaq Copenhagen,DKK,20260703_175410
2026-07-03 13:53:00+02:00,325.70001220703125,325.70001220703125,325.5,325.5,1453,NOVO-B.CO,Novo Nordisk,Nasdaq Copenhagen,DKK,20260703_175410
2026-07-03 13:54:00+02:00,325.70001220703125,325.70001220703125,325.6000061035156,325.70001220703125,310,NOVO-B.CO,Novo Nordisk,Nasdaq Copenhagen,DKK,20260703_175410
2026-07-03 13:55:00+02:00,325.6499938964844,325.6499938964844,325.6000061035156,325.6499938964844,2205,NOVO-B.CO,Novo Nordisk,Nasdaq Copenhagen,DKK,20260703_175410
2026-07-03 13:56:00+02:00,325.70001220703125,325.70001220703125,325.6000061035156,325.70001220703125,1465,NOVO-B.CO,Novo Nordisk,Nasdaq Copenhagen,DKK,20260703_175410
2026-07-03 13:57:00+02:00,325.79998779296875,325.79998779296875,325.6499938964844,325.6499938964844,639,NOVO-B.CO,Novo Nordisk,Nasdaq Copenhagen,DKK,20260703_175410
2026-07-03 13:58:00+02:00,325.20001220703125,325.8500061035156,325.20001220703125,325.79998779296875,4874,NOVO-B.CO,Novo Nordisk,Nasdaq Copenhagen,DKK,20260703_175410
2026-07-03 13:59:00+02:00,325.29998779296875,325.6499938964844,325.20001220703125,325.25,4652,NOVO-B.CO,Novo Nordisk,Nasdaq Copenhagen,DKK,20260703_175410
2026-07-03 14:00:00+02:00,325.54998779296875,325.54998779296875,325.29998779296875,325.29998779296875,480,NOVO-B.CO,Novo Nordisk,Nasdaq Copenhagen,DKK,20260703_175410
2026-07-03 14:01:00+02:00,325.54998779296875,325.54998779296875,325.45001220703125,325.5,808,NOVO-B.CO,Novo Nordisk,Nasdaq Copenhagen,DKK,20260703_175410
2026-07-03 14:02:00+02:00,325.5,325.54998779296875,325.5,325.54998779296875,157,NOVO-B.CO,Novo Nordisk,Nasdaq Copenhagen,DKK,20260703_175410
2026-07-03 14:03:00+02:00,325.54998779296875,325.6000061035156,325.3999938964844,325.3999938964844,135,NOVO-B.CO,Novo Nordisk,Nasdaq Copenhagen,DKK,20260703_175410
2026-07-03 14:04:00+02:00,325.75,325.75,325.6000061035156,325.6000061035156,650,NOVO-B.CO,Novo Nordisk,Nasdaq Copenhagen,DKK,20260703_175410
2026-07-03 14:05:00+02:00,325.6499938964844,325.8500061035156,325.6000061035156,325.6000061035156,2882,NOVO-B.CO,Novo Nordisk,Nasdaq Copenhagen,DKK,20260703_175410
2026-07-03 14:06:00+02:00,325.5,325.6000061035156,325.3999938964844,325.6000061035156,952,NOVO-B.CO,Novo Nordisk,Nasdaq Copenhagen,DKK,20260703_175410
2026-07-03 14:07:00+02:00,325.5,325.5,325.5,325.5,80,NOVO-B.CO,Novo Nordisk,Nasdaq Copenhagen,DKK,20260703_175410
2026-07-03 14:08:00+02:00,325.25,325.3999938964844,325.1499938964844,325.3999938964844,1288,NOVO-B.CO,Novo Nordisk,Nasdaq Copenhagen,DKK,20260703_175410
2026-07-03 14:09:00+02:00,325.20001220703125,325.25,325.1000061035156,325.25,588,NOVO-B.CO,Novo Nordisk,Nasdaq Copenhagen,DKK,20260703_175410
2026-07-03 14:10:00+02:00,325.29998779296875,325.3500061035156,325.20001220703125,325.25,1324,NOVO-B.CO,Novo Nordisk,Nasdaq Copenhagen,DKK,20260703_175410
2026-07-03 14:11:00+02:00,325.3999938964844,325.3999938964844,325.29998779296875,325.29998779296875,1875,NOVO-B.CO,Novo Nordisk,Nasdaq Copenhagen,DKK,20260703_175410
2026-07-03 14:12:00+02:00,325.3500061035156,325.3500061035156,325.3500061035156,325.3500061035156,556,NOVO-B.CO,Novo Nordisk,Nasdaq Copenhagen,DKK,20260703_175410
2026-07-03 14:13:00+02:00,325.5,325.5,325.45001220703125,325.45001220703125,77,NOVO-B.CO,Novo Nordisk,Nasdaq Copenhagen,DKK,20260703_175410
2026-07-03 14:14:00+02:00,325.5,325.5,325.5,325.5,200,NOVO-B.CO,Novo Nordisk,Nasdaq Copenhagen,DKK,20260703_175410
2026-07-03 14:15:00+02:00,325.54998779296875,325.6499938964844,325.54998779296875,325.6000061035156,2227,NOVO-B.CO,Novo Nordisk,Nasdaq Copenhagen,DKK,20260703_175410
2026-07-03 14:16:00+02:00,325.6000061035156,325.6000061035156,325.3500061035156,325.54998779296875,4618,NOVO-B.CO,Novo Nordisk,Nasdaq Copenhagen,DKK,20260703_175410
2026-07-03 14:17:00+02:00,325.6000061035156,325.6000061035156,325.54998779296875,325.54998779296875,236,NOVO-B.CO,Novo Nordisk,Nasdaq Copenhagen,DKK,20260703_175410
2026-07-03 14:18:00+02:00,325.6000061035156,325.6499938964844,325.6000061035156,325.6499938964844,259,NOVO-B.CO,Novo Nordisk,Nasdaq Copenhagen,DKK,20260703_175410
2026-07-03 14:19:00+02:00,325.70001220703125,325.75,325.6499938964844,325.6499938964844,544,NOVO-B.CO,Novo Nordisk,Nasdaq Copenhagen,DKK,20260703_175410
2026-07-03 14:20:00+02:00,325.54998779296875,325.6499938964844,325.5,325.6499938964844,1638,NOVO-B.CO,Novo Nordisk,Nasdaq Copenhagen,DKK,20260703_175410
2026-07-03 14:21:00+02:00,325.8999938964844,325.8999938964844,325.5,325.5,134,NOVO-B.CO,Novo Nordisk,Nasdaq Copenhagen,DKK,20260703_175410
2026-07-03 14:22:00+02:00,325.75,325.8500061035156,325.75,325.8500061035156,698,NOVO-B.CO,Novo Nordisk,Nasdaq Copenhagen,DKK,20260703_175410
2026-07-03 14:23:00+02:00,325.75,325.8500061035156,325.70001220703125,325.75,571,NOVO-B.CO,Novo Nordisk,Nasdaq Copenhagen,DKK,20260703_175410
2026-07-03 14:24:00+02:00,325.8999938964844,325.8999938964844,325.8500061035156,325.8500061035156,368,NOVO-B.CO,Novo Nordisk,Nasdaq Copenhagen,DKK,20260703_175410
2026-07-03 14:25:00+02:00,326.0,326.0,325.8500061035156,325.8999938964844,1270,NOVO-B.CO,Novo Nordisk,Nasdaq Copenhagen,DKK,20260703_175410
2026-07-03 14:26:00+02:00,325.8999938964844,326.0,325.8999938964844,325.95001220703125,1939,NOVO-B.CO,Novo Nordisk,Nasdaq Copenhagen,DKK,20260703_175410
2026-07-03 14:27:00+02:00,325.54998779296875,325.8500061035156,325.54998779296875,325.8500061035156,1012,NOVO-B.CO,Novo Nordisk,Nasdaq Copenhagen,DKK,20260703_175410
2026-07-03 14:28:00+02:00,325.3999938964844,325.5,325.3500061035156,325.5,3190,NOVO-B.CO,Novo Nordisk,Nasdaq Copenhagen,DKK,20260703_175410
2026-07-03 14:29:00+02:00,325.29998779296875,325.45001220703125,325.29998779296875,325.45001220703125,2312,NOVO-B.CO,Novo Nordisk,Nasdaq Copenhagen,DKK,20260703_175410
2026-07-03 14:30:00+02:00,325.45001220703125,325.45001220703125,325.29998779296875,325.3500061035156,1600,NOVO-B.CO,Novo Nordisk,Nasdaq Copenhagen,DKK,20260703_175410
2026-07-03 14:31:00+02:00,325.3500061035156,325.45001220703125,325.3500061035156,325.45001220703125,389,NOVO-B.CO,Novo Nordisk,Nasdaq Copenhagen,DKK,20260703_175410
2026-07-03 14:32:00+02:00,325.5,325.54998779296875,325.29998779296875,325.3500061035156,1455,NOVO-B.CO,Novo Nordisk,Nasdaq Copenhagen,DKK,20260703_175410
2026-07-03 14:33:00+02:00,325.6499938964844,325.6499938964844,325.5,325.5,371,NOVO-B.CO,Novo Nordisk,Nasdaq Copenhagen,DKK,20260703_175410
2026-07-03 14:34:00+02:00,325.6000061035156,325.6000061035156,325.6000061035156,325.6000061035156,4,NOVO-B.CO,Novo Nordisk,Nasdaq Copenhagen,DKK,20260703_175410
2026-07-03 14:35:00+02:00,325.6000061035156,325.6000061035156,325.6000061035156,325.6000061035156,2,NOVO-B.CO,Novo Nordisk,Nasdaq Copenhagen,DKK,20260703_175410
2026-07-03 14:36:00+02:00,325.70001220703125,325.79998779296875,325.6499938964844,325.6499938964844,535,NOVO-B.CO,Novo Nordisk,Nasdaq Copenhagen,DKK,20260703_175410
2026-07-03 14:37:00+02:00,325.54998779296875,325.75,325.45001220703125,325.75,2160,NOVO-B.CO,Novo Nordisk,Nasdaq Copenhagen,DKK,20260703_175410
2026-07-03 14:38:00+02:00,325.5,325.5,325.5,325.5,3,NOVO-B.CO,Novo Nordisk,Nasdaq Copenhagen,DKK,20260703_175410
2026-07-03 14:39:00+02:00,325.6499938964844,325.6499938964844,325.5,325.5,477,NOVO-B.CO,Novo Nordisk,Nasdaq Copenhagen,DKK,20260703_175410
2026-07-03 14:40:00+02:00,325.6499938964844,325.79998779296875,325.6499938964844,325.75,1345,NOVO-B.CO,Novo Nordisk,Nasdaq Copenhagen,DKK,20260703_175410
2026-07-03 14:41:00+02:00,325.95001220703125,325.95001220703125,325.70001220703125,325.70001220703125,373,NOVO-B.CO,Novo Nordisk,Nasdaq Copenhagen,DKK,20260703_175410
2026-07-03 14:42:00+02:00,325.8500061035156,325.95001220703125,325.8500061035156,325.95001220703125,2364,NOVO-B.CO,Novo Nordisk,Nasdaq Copenhagen,DKK,20260703_175410
2026-07-03 14:43:00+02:00,325.8999938964844,325.8999938964844,325.79998779296875,325.79998779296875,237,NOVO-B.CO,Novo Nordisk,Nasdaq Copenhagen,DKK,20260703_175410
2026-07-03 14:44:00+02:00,325.8500061035156,325.8500061035156,325.8500061035156,325.8500061035156,90,NOVO-B.CO,Novo Nordisk,Nasdaq Copenhagen,DKK,20260703_175410
2026-07-03 14:45:00+02:00,325.75,325.8500061035156,325.75,325.8500061035156,1832,NOVO-B.CO,Novo Nordisk,Nasdaq Copenhagen,DKK,20260703_175410
2026-07-03 14:46:00+02:00,325.75,325.79998779296875,325.6499938964844,325.6499938964844,575,NOVO-B.CO,Novo Nordisk,Nasdaq Copenhagen,DKK,20260703_175410
2026-07-03 14:47:00+02:00,325.79998779296875,325.79998779296875,325.79998779296875,325.79998779296875,600,NOVO-B.CO,Novo Nordisk,Nasdaq Copenhagen,DKK,20260703_175410
2026-07-03 14:48:00+02:00,325.95001220703125,326.0,325.8999938964844,325.8999938964844,1127,NOVO-B.CO,Novo Nordisk,Nasdaq Copenhagen,DKK,20260703_175410
2026-07-03 14:49:00+02:00,326.1499938964844,326.20001220703125,326.0,326.0,8224,NOVO-B.CO,Novo Nordisk,Nasdaq Copenhagen,DKK,20260703_175410
2026-07-03 14:50:00+02:00,325.8500061035156,326.20001220703125,325.8500061035156,326.1499938964844,2518,NOVO-B.CO,Novo Nordisk,Nasdaq Copenhagen,DKK,20260703_175410
2026-07-03 14:51:00+02:00,325.75,325.95001220703125,325.75,325.8999938964844,2414,NOVO-B.CO,Novo Nordisk,Nasdaq Copenhagen,DKK,20260703_175410
2026-07-03 14:52:00+02:00,325.75,325.75,325.6499938964844,325.6499938964844,198,NOVO-B.CO,Novo Nordisk,Nasdaq Copenhagen,DKK,20260703_175410
2026-07-03 14:53:00+02:00,325.75,325.75,325.6000061035156,325.6000061035156,431,NOVO-B.CO,Novo Nordisk,Nasdaq Copenhagen,DKK,20260703_175410
2026-07-03 14:54:00+02:00,325.5,325.6499938964844,325.5,325.6000061035156,7999,NOVO-B.CO,Novo Nordisk,Nasdaq Copenhagen,DKK,20260703_175410
2026-07-03 14:55:00+02:00,325.3999938964844,325.45001220703125,325.3999938964844,325.45001220703125,469,NOVO-B.CO,Novo Nordisk,Nasdaq Copenhagen,DKK,20260703_175410
2026-07-03 14:56:00+02:00,325.3500061035156,325.3999938964844,325.29998779296875,325.3999938964844,1923,NOVO-B.CO,Novo Nordisk,Nasdaq Copenhagen,DKK,20260703_175410
2026-07-03 14:57:00+02:00,325.25,325.29998779296875,325.25,325.25,17,NOVO-B.CO,Novo Nordisk,Nasdaq Copenhagen,DKK,20260703_175410
2026-07-03 14:58:00+02:00,325.25,325.25,324.79998779296875,325.25,50756,NOVO-B.CO,Novo Nordisk,Nasdaq Copenhagen,DKK,20260703_175410
2026-07-03 14:59:00+02:00,325.1000061035156,325.20001220703125,325.1000061035156,325.1499938964844,339,NOVO-B.CO,Novo Nordisk,Nasdaq Copenhagen,DKK,20260703_175410
2026-07-03 15:00:00+02:00,325.1499938964844,325.20001220703125,325.1499938964844,325.20001220703125,153,NOVO-B.CO,Novo Nordisk,Nasdaq Copenhagen,DKK,20260703_175410
2026-07-03 15:01:00+02:00,325.1499938964844,325.3999938964844,325.1000061035156,325.29998779296875,1197,NOVO-B.CO,Novo Nordisk,Nasdaq Copenhagen,DKK,20260703_175410
2026-07-03 15:02:00+02:00,325.1000061035156,325.1000061035156,325.1000061035156,325.1000061035156,53,NOVO-B.CO,Novo Nordisk,Nasdaq Copenhagen,DKK,20260703_175410
2026-07-03 15:03:00+02:00,325.1000061035156,325.1000061035156,325.1000061035156,325.1000061035156,119,NOVO-B.CO,Novo Nordisk,Nasdaq Copenhagen,DKK,20260703_175410
2026-07-03 15:04:00+02:00,325.04998779296875,325.25,325.0,325.1000061035156,3750,NOVO-B.CO,Novo Nordisk,Nasdaq Copenhagen,DKK,20260703_175410
2026-07-03 15:05:00+02:00,325.1499938964844,325.1499938964844,325.0,325.0,303,NOVO-B.CO,Novo Nordisk,Nasdaq Copenhagen,DKK,20260703_175410
2026-07-03 15:06:00+02:00,325.5,325.5,325.20001220703125,325.25,2014,NOVO-B.CO,Novo Nordisk,Nasdaq Copenhagen,DKK,20260703_175410
2026-07-03 15:07:00+02:00,325.6000061035156,325.6000061035156,325.5,325.54998779296875,451,NOVO-B.CO,Novo Nordisk,Nasdaq Copenhagen,DKK,20260703_175410
2026-07-03 15:08:00+02:00,325.6000061035156,325.6000061035156,325.54998779296875,325.54998779296875,83,NOVO-B.CO,Novo Nordisk,Nasdaq Copenhagen,DKK,20260703_175410
2026-07-03 15:09:00+02:00,325.5,325.54998779296875,325.5,325.54998779296875,954,NOVO-B.CO,Novo Nordisk,Nasdaq Copenhagen,DKK,20260703_175410
2026-07-03 15:10:00+02:00,325.54998779296875,325.54998779296875,325.54998779296875,325.54998779296875,781,NOVO-B.CO,Novo Nordisk,Nasdaq Copenhagen,DKK,20260703_175410
2026-07-03 15:11:00+02:00,325.5,325.54998779296875,325.5,325.5,314,NOVO-B.CO,Novo Nordisk,Nasdaq Copenhagen,DKK,20260703_175410
2026-07-03 15:12:00+02:00,325.6000061035156,325.6000061035156,325.6000061035156,325.6000061035156,1130,NOVO-B.CO,Novo Nordisk,Nasdaq Copenhagen,DKK,20260703_175410
2026-07-03 15:13:00+02:00,325.3999938964844,325.54998779296875,325.3500061035156,325.54998779296875,2698,NOVO-B.CO,Novo Nordisk,Nasdaq Copenhagen,DKK,20260703_175410
2026-07-03 15:14:00+02:00,325.54998779296875,325.54998779296875,325.5,325.5,1188,NOVO-B.CO,Novo Nordisk,Nasdaq Copenhagen,DKK,20260703_175410
2026-07-03 15:15:00+02:00,325.70001220703125,325.79998779296875,325.6000061035156,325.6000061035156,6465,NOVO-B.CO,Novo Nordisk,Nasdaq Copenhagen,DKK,20260703_175410
2026-07-03 15:16:00+02:00,325.6000061035156,325.70001220703125,325.54998779296875,325.70001220703125,2698,NOVO-B.CO,Novo Nordisk,Nasdaq Copenhagen,DKK,20260703_175410
2026-07-03 15:17:00+02:00,325.5,325.54998779296875,325.5,325.54998779296875,1208,NOVO-B.CO,Novo Nordisk,Nasdaq Copenhagen,DKK,20260703_175410
2026-07-03 15:18:00+02:00,325.54998779296875,325.54998779296875,325.45001220703125,325.54998779296875,2369,NOVO-B.CO,Novo Nordisk,Nasdaq Copenhagen,DKK,20260703_175410
2026-07-03 15:19:00+02:00,325.70001220703125,325.70001220703125,325.54998779296875,325.54998779296875,1004,NOVO-B.CO,Novo Nordisk,Nasdaq Copenhagen,DKK,20260703_175410
2026-07-03 15:20:00+02:00,326.1499938964844,326.1499938964844,325.70001220703125,325.70001220703125,3106,NOVO-B.CO,Novo Nordisk,Nasdaq Copenhagen,DKK,20260703_175410
2026-07-03 15:21:00+02:00,326.1499938964844,326.1499938964844,326.1000061035156,326.1499938964844,990,NOVO-B.CO,Novo Nordisk,Nasdaq Copenhagen,DKK,20260703_175410
2026-07-03 15:22:00+02:00,325.8999938964844,326.20001220703125,325.8999938964844,326.1499938964844,5310,NOVO-B.CO,Novo Nordisk,Nasdaq Copenhagen,DKK,20260703_175410
2026-07-03 15:23:00+02:00,325.8999938964844,326.0,325.8999938964844,325.95001220703125,1109,NOVO-B.CO,Novo Nordisk,Nasdaq Copenhagen,DKK,20260703_175410
2026-07-03 15:24:00+02:00,325.8999938964844,325.8999938964844,325.8999938964844,325.8999938964844,122,NOVO-B.CO,Novo Nordisk,Nasdaq Copenhagen,DKK,20260703_175410
2026-07-03 15:25:00+02:00,326.04998779296875,326.04998779296875,326.0,326.0,1362,NOVO-B.CO,Novo Nordisk,Nasdaq Copenhagen,DKK,20260703_175410
2026-07-03 15:26:00+02:00,326.04998779296875,326.04998779296875,326.04998779296875,326.04998779296875,5,NOVO-B.CO,Novo Nordisk,Nasdaq Copenhagen,DKK,20260703_175410
2026-07-03 15:27:00+02:00,325.95001220703125,326.04998779296875,325.95001220703125,326.04998779296875,1588,NOVO-B.CO,Novo Nordisk,Nasdaq Copenhagen,DKK,20260703_175410
2026-07-03 15:28:00+02:00,326.1000061035156,326.1000061035156,326.0,326.0,1010,NOVO-B.CO,Novo Nordisk,Nasdaq Copenhagen,DKK,20260703_175410
2026-07-03 15:29:00+02:00,325.8999938964844,326.1000061035156,325.8999938964844,326.04998779296875,3676,NOVO-B.CO,Novo Nordisk,Nasdaq Copenhagen,DKK,20260703_175410
2026-07-03 15:30:00+02:00,325.75,325.95001220703125,325.70001220703125,325.8500061035156,3968,NOVO-B.CO,Novo Nordisk,Nasdaq Copenhagen,DKK,20260703_175410
2026-07-03 15:31:00+02:00,325.8500061035156,326.0,325.79998779296875,325.79998779296875,1029,NOVO-B.CO,Novo Nordisk,Nasdaq Copenhagen,DKK,20260703_175410
2026-07-03 15:32:00+02:00,325.75,325.8500061035156,325.70001220703125,325.8500061035156,3183,NOVO-B.CO,Novo Nordisk,Nasdaq Copenhagen,DKK,20260703_175410
2026-07-03 15:33:00+02:00,325.79998779296875,325.79998779296875,325.70001220703125,325.70001220703125,703,NOVO-B.CO,Novo Nordisk,Nasdaq Copenhagen,DKK,20260703_175410
2026-07-03 15:34:00+02:00,325.8500061035156,325.8500061035156,325.79998779296875,325.79998779296875,1448,NOVO-B.CO,Novo Nordisk,Nasdaq Copenhagen,DKK,20260703_175410
2026-07-03 15:35:00+02:00,326.0,326.0,325.8999938964844,325.8999938964844,854,NOVO-B.CO,Novo Nordisk,Nasdaq Copenhagen,DKK,20260703_175410
2026-07-03 15:36:00+02:00,326.04998779296875,326.1499938964844,325.95001220703125,326.0,3325,NOVO-B.CO,Novo Nordisk,Nasdaq Copenhagen,DKK,20260703_175410
2026-07-03 15:37:00+02:00,326.04998779296875,326.1499938964844,326.0,326.04998779296875,2942,NOVO-B.CO,Novo Nordisk,Nasdaq Copenhagen,DKK,20260703_175410
2026-07-03 15:38:00+02:00,326.0,326.04998779296875,326.0,326.04998779296875,1632,NOVO-B.CO,Novo Nordisk,Nasdaq Copenhagen,DKK,20260703_175410
2026-07-03 15:39:00+02:00,326.04998779296875,326.04998779296875,326.04998779296875,326.04998779296875,504,NOVO-B.CO,Novo Nordisk,Nasdaq Copenhagen,DKK,20260703_175410
2026-07-03 15:40:00+02:00,325.6499938964844,326.0,325.5,326.0,6340,NOVO-B.CO,Novo Nordisk,Nasdaq Copenhagen,DKK,20260703_175410
2026-07-03 15:41:00+02:00,325.8500061035156,325.95001220703125,325.70001220703125,325.70001220703125,1027,NOVO-B.CO,Novo Nordisk,Nasdaq Copenhagen,DKK,20260703_175410
2026-07-03 15:42:00+02:00,326.20001220703125,326.20001220703125,325.95001220703125,325.95001220703125,919,NOVO-B.CO,Novo Nordisk,Nasdaq Copenhagen,DKK,20260703_175410
2026-07-03 15:43:00+02:00,326.29998779296875,326.29998779296875,326.25,326.25,748,NOVO-B.CO,Novo Nordisk,Nasdaq Copenhagen,DKK,20260703_175410
2026-07-03 15:44:00+02:00,326.29998779296875,326.3500061035156,326.29998779296875,326.29998779296875,429,NOVO-B.CO,Novo Nordisk,Nasdaq Copenhagen,DKK,20260703_175410
2026-07-03 15:45:00+02:00,326.5,326.5,326.3500061035156,326.3500061035156,1264,NOVO-B.CO,Novo Nordisk,Nasdaq Copenhagen,DKK,20260703_175410
2026-07-03 15:46:00+02:00,326.6000061035156,326.6000061035156,326.5,326.5,888,NOVO-B.CO,Novo Nordisk,Nasdaq Copenhagen,DKK,20260703_175410
2026-07-03 15:47:00+02:00,326.6000061035156,326.70001220703125,326.6000061035156,326.6499938964844,8317,NOVO-B.CO,Novo Nordisk,Nasdaq Copenhagen,DKK,20260703_175410
2026-07-03 15:48:00+02:00,326.29998779296875,326.5,326.25,326.5,6974,NOVO-B.CO,Novo Nordisk,Nasdaq Copenhagen,DKK,20260703_175410
2026-07-03 15:49:00+02:00,326.20001220703125,326.25,326.20001220703125,326.25,467,NOVO-B.CO,Novo Nordisk,Nasdaq Copenhagen,DKK,20260703_175410
2026-07-03 15:50:00+02:00,326.29998779296875,326.29998779296875,326.20001220703125,326.20001220703125,5977,NOVO-B.CO,Novo Nordisk,Nasdaq Copenhagen,DKK,20260703_175410
2026-07-03 15:51:00+02:00,326.25,326.25,326.20001220703125,326.20001220703125,12377,NOVO-B.CO,Novo Nordisk,Nasdaq Copenhagen,DKK,20260703_175410
2026-07-03 15:52:00+02:00,326.0,326.20001220703125,326.0,326.20001220703125,35964,NOVO-B.CO,Novo Nordisk,Nasdaq Copenhagen,DKK,20260703_175410
2026-07-03 15:53:00+02:00,326.1499938964844,326.1499938964844,326.04998779296875,326.04998779296875,1416,NOVO-B.CO,Novo Nordisk,Nasdaq Copenhagen,DKK,20260703_175410
2026-07-03 15:54:00+02:00,326.1000061035156,326.20001220703125,326.1000061035156,326.20001220703125,142,NOVO-B.CO,Novo Nordisk,Nasdaq Copenhagen,DKK,20260703_175410
2026-07-03 15:55:00+02:00,326.1000061035156,326.1000061035156,326.04998779296875,326.1000061035156,1726,NOVO-B.CO,Novo Nordisk,Nasdaq Copenhagen,DKK,20260703_175410
2026-07-03 15:56:00+02:00,326.3500061035156,326.3500061035156,326.1000061035156,326.1000061035156,1430,NOVO-B.CO,Novo Nordisk,Nasdaq Copenhagen,DKK,20260703_175410
2026-07-03 15:57:00+02:00,326.3500061035156,326.3500061035156,326.29998779296875,326.29998779296875,169,NOVO-B.CO,Novo Nordisk,Nasdaq Copenhagen,DKK,20260703_175410
2026-07-03 15:58:00+02:00,326.20001220703125,326.29998779296875,326.20001220703125,326.29998779296875,275,NOVO-B.CO,Novo Nordisk,Nasdaq Copenhagen,DKK,20260703_175410
2026-07-03 15:59:00+02:00,326.3500061035156,326.3500061035156,326.29998779296875,326.29998779296875,825,NOVO-B.CO,Novo Nordisk,Nasdaq Copenhagen,DKK,20260703_175410
2026-07-03 16:00:00+02:00,326.5,326.54998779296875,326.29998779296875,326.29998779296875,2057,NOVO-B.CO,Novo Nordisk,Nasdaq Copenhagen,DKK,20260703_175410
2026-07-03 16:01:00+02:00,326.20001220703125,326.5,326.1499938964844,326.5,2460,NOVO-B.CO,Novo Nordisk,Nasdaq Copenhagen,DKK,20260703_175410
2026-07-03 16:02:00+02:00,326.20001220703125,326.20001220703125,326.1000061035156,326.1499938964844,1295,NOVO-B.CO,Novo Nordisk,Nasdaq Copenhagen,DKK,20260703_175410
2026-07-03 16:03:00+02:00,326.3999938964844,326.3999938964844,326.25,326.25,50,NOVO-B.CO,Novo Nordisk,Nasdaq Copenhagen,DKK,20260703_175410
2026-07-03 16:04:00+02:00,326.3999938964844,326.3999938964844,326.25,326.29998779296875,1426,NOVO-B.CO,Novo Nordisk,Nasdaq Copenhagen,DKK,20260703_175410
2026-07-03 16:05:00+02:00,326.3999938964844,326.45001220703125,326.3999938964844,326.45001220703125,11,NOVO-B.CO,Novo Nordisk,Nasdaq Copenhagen,DKK,20260703_175410
2026-07-03 16:06:00+02:00,326.29998779296875,326.3999938964844,326.20001220703125,326.3999938964844,1466,NOVO-B.CO,Novo Nordisk,Nasdaq Copenhagen,DKK,20260703_175410
2026-07-03 16:07:00+02:00,326.20001220703125,326.25,326.20001220703125,326.25,560,NOVO-B.CO,Novo Nordisk,Nasdaq Copenhagen,DKK,20260703_175410
2026-07-03 16:08:00+02:00,326.1499938964844,326.25,326.1499938964844,326.20001220703125,1044,NOVO-B.CO,Novo Nordisk,Nasdaq Copenhagen,DKK,20260703_175410
2026-07-03 16:09:00+02:00,326.29998779296875,326.3500061035156,326.25,326.29998779296875,982,NOVO-B.CO,Novo Nordisk,Nasdaq Copenhagen,DKK,20260703_175410
2026-07-03 16:10:00+02:00,326.45001220703125,326.45001220703125,326.25,326.29998779296875,916,NOVO-B.CO,Novo Nordisk,Nasdaq Copenhagen,DKK,20260703_175410
2026-07-03 16:11:00+02:00,326.3500061035156,326.45001220703125,326.3500061035156,326.45001220703125,737,NOVO-B.CO,Novo Nordisk,Nasdaq Copenhagen,DKK,20260703_175410
2026-07-03 16:12:00+02:00,326.3999938964844,326.3999938964844,326.3500061035156,326.3500061035156,60,NOVO-B.CO,Novo Nordisk,Nasdaq Copenhagen,DKK,20260703_175410
2026-07-03 16:13:00+02:00,326.1000061035156,326.3500061035156,325.95001220703125,326.3500061035156,5800,NOVO-B.CO,Novo Nordisk,Nasdaq Copenhagen,DKK,20260703_175410
2026-07-03 16:14:00+02:00,325.95001220703125,326.0,325.8999938964844,326.0,918,NOVO-B.CO,Novo Nordisk,Nasdaq Copenhagen,DKK,20260703_175410
2026-07-03 16:15:00+02:00,326.0,326.0,325.8999938964844,325.95001220703125,886,NOVO-B.CO,Novo Nordisk,Nasdaq Copenhagen,DKK,20260703_175410
2026-07-03 16:16:00+02:00,326.04998779296875,326.1499938964844,325.95001220703125,326.04998779296875,9709,NOVO-B.CO,Novo Nordisk,Nasdaq Copenhagen,DKK,20260703_175410
2026-07-03 16:17:00+02:00,326.04998779296875,326.04998779296875,325.95001220703125,326.04998779296875,2537,NOVO-B.CO,Novo Nordisk,Nasdaq Copenhagen,DKK,20260703_175410
2026-07-03 16:18:00+02:00,326.0,326.1499938964844,326.0,326.1499938964844,754,NOVO-B.CO,Novo Nordisk,Nasdaq Copenhagen,DKK,20260703_175410
2026-07-03 16:19:00+02:00,326.0,326.25,326.0,326.1000061035156,1498,NOVO-B.CO,Novo Nordisk,Nasdaq Copenhagen,DKK,20260703_175410
2026-07-03 16:20:00+02:00,326.0,326.0,325.8999938964844,325.95001220703125,1390,NOVO-B.CO,Novo Nordisk,Nasdaq Copenhagen,DKK,20260703_175410
2026-07-03 16:21:00+02:00,325.79998779296875,326.0,325.79998779296875,326.0,688,NOVO-B.CO,Novo Nordisk,Nasdaq Copenhagen,DKK,20260703_175410
2026-07-03 16:22:00+02:00,325.75,325.8500061035156,325.70001220703125,325.79998779296875,1003,NOVO-B.CO,Novo Nordisk,Nasdaq Copenhagen,DKK,20260703_175410
2026-07-03 16:23:00+02:00,325.75,325.75,325.75,325.75,745,NOVO-B.CO,Novo Nordisk,Nasdaq Copenhagen,DKK,20260703_175410
2026-07-03 16:24:00+02:00,325.6499938964844,325.75,325.6499938964844,325.75,813,NOVO-B.CO,Novo Nordisk,Nasdaq Copenhagen,DKK,20260703_175410
2026-07-03 16:25:00+02:00,325.75,325.75,325.6499938964844,325.6499938964844,230,NOVO-B.CO,Novo Nordisk,Nasdaq Copenhagen,DKK,20260703_175410
2026-07-03 16:26:00+02:00,325.6000061035156,325.70001220703125,325.6000061035156,325.70001220703125,299,NOVO-B.CO,Novo Nordisk,Nasdaq Copenhagen,DKK,20260703_175410
2026-07-03 16:27:00+02:00,325.75,325.75,325.6499938964844,325.6499938964844,1780,NOVO-B.CO,Novo Nordisk,Nasdaq Copenhagen,DKK,20260703_175410
2026-07-03 16:28:00+02:00,325.95001220703125,325.95001220703125,325.79998779296875,325.79998779296875,646,NOVO-B.CO,Novo Nordisk,Nasdaq Copenhagen,DKK,20260703_175410
2026-07-03 16:29:00+02:00,325.6499938964844,325.8999938964844,325.6499938964844,325.8999938964844,5416,NOVO-B.CO,Novo Nordisk,Nasdaq Copenhagen,DKK,20260703_175410
2026-07-03 16:30:00+02:00,325.8500061035156,325.8500061035156,325.6499938964844,325.75,1600,NOVO-B.CO,Novo Nordisk,Nasdaq Copenhagen,DKK,20260703_175410
2026-07-03 16:31:00+02:00,326.1499938964844,326.1499938964844,325.70001220703125,325.79998779296875,4571,NOVO-B.CO,Novo Nordisk,Nasdaq Copenhagen,DKK,20260703_175410
2026-07-03 16:32:00+02:00,326.1000061035156,326.20001220703125,326.1000061035156,326.1499938964844,4331,NOVO-B.CO,Novo Nordisk,Nasdaq Copenhagen,DKK,20260703_175410
2026-07-03 16:33:00+02:00,326.04998779296875,326.1000061035156,326.0,326.1000061035156,788,NOVO-B.CO,Novo Nordisk,Nasdaq Copenhagen,DKK,20260703_175410
2026-07-03 16:34:00+02:00,325.75,325.95001220703125,325.6000061035156,325.95001220703125,3573,NOVO-B.CO,Novo Nordisk,Nasdaq Copenhagen,DKK,20260703_175410
2026-07-03 16:35:00+02:00,325.6499938964844,325.8500061035156,325.6499938964844,325.8500061035156,3644,NOVO-B.CO,Novo Nordisk,Nasdaq Copenhagen,DKK,20260703_175410
2026-07-03 16:36:00+02:00,325.29998779296875,325.6499938964844,325.29998779296875,325.6499938964844,5375,NOVO-B.CO,Novo Nordisk,Nasdaq Copenhagen,DKK,20260703_175410
2026-07-03 16:37:00+02:00,325.25,325.25,325.1499938964844,325.20001220703125,755,NOVO-B.CO,Novo Nordisk,Nasdaq Copenhagen,DKK,20260703_175410
2026-07-03 16:38:00+02:00,325.3999938964844,325.3999938964844,325.25,325.25,2506,NOVO-B.CO,Novo Nordisk,Nasdaq Copenhagen,DKK,20260703_175410
2026-07-03 16:39:00+02:00,325.29998779296875,325.3999938964844,325.29998779296875,325.3999938964844,656,NOVO-B.CO,Novo Nordisk,Nasdaq Copenhagen,DKK,20260703_175410
2026-07-03 16:40:00+02:00,325.29998779296875,325.3500061035156,325.25,325.3500061035156,2131,NOVO-B.CO,Novo Nordisk,Nasdaq Copenhagen,DKK,20260703_175410
2026-07-03 16:41:00+02:00,325.3999938964844,325.45001220703125,325.3999938964844,325.3999938964844,1074,NOVO-B.CO,Novo Nordisk,Nasdaq Copenhagen,DKK,20260703_175410
2026-07-03 16:42:00+02:00,325.29998779296875,325.5,325.29998779296875,325.5,818,NOVO-B.CO,Novo Nordisk,Nasdaq Copenhagen,DKK,20260703_175410
2026-07-03 16:43:00+02:00,325.3999938964844,325.3999938964844,325.29998779296875,325.29998779296875,431,NOVO-B.CO,Novo Nordisk,Nasdaq Copenhagen,DKK,20260703_175410
2026-07-03 16:44:00+02:00,325.45001220703125,325.45001220703125,325.29998779296875,325.45001220703125,3894,NOVO-B.CO,Novo Nordisk,Nasdaq Copenhagen,DKK,20260703_175410
2026-07-03 16:45:00+02:00,325.54998779296875,325.54998779296875,325.29998779296875,325.45001220703125,2721,NOVO-B.CO,Novo Nordisk,Nasdaq Copenhagen,DKK,20260703_175410
2026-07-03 16:46:00+02:00,325.6000061035156,325.6499938964844,325.6000061035156,325.6000061035156,501,NOVO-B.CO,Novo Nordisk,Nasdaq Copenhagen,DKK,20260703_175410
2026-07-03 16:47:00+02:00,325.70001220703125,325.79998779296875,325.54998779296875,325.6000061035156,1749,NOVO-B.CO,Novo Nordisk,Nasdaq Copenhagen,DKK,20260703_175410
2026-07-03 16:48:00+02:00,325.75,325.79998779296875,325.70001220703125,325.70001220703125,711,NOVO-B.CO,Novo Nordisk,Nasdaq Copenhagen,DKK,20260703_175410
2026-07-03 16:49:00+02:00,325.6499938964844,325.79998779296875,325.6499938964844,325.75,2211,NOVO-B.CO,Novo Nordisk,Nasdaq Copenhagen,DKK,20260703_175410
2026-07-03 16:50:00+02:00,325.54998779296875,325.8500061035156,325.54998779296875,325.70001220703125,1326,NOVO-B.CO,Novo Nordisk,Nasdaq Copenhagen,DKK,20260703_175410
2026-07-03 16:51:00+02:00,325.70001220703125,325.70001220703125,325.5,325.54998779296875,3274,NOVO-B.CO,Novo Nordisk,Nasdaq Copenhagen,DKK,20260703_175410
2026-07-03 16:52:00+02:00,325.70001220703125,325.75,325.54998779296875,325.6499938964844,3398,NOVO-B.CO,Novo Nordisk,Nasdaq Copenhagen,DKK,20260703_175410
2026-07-03 16:53:00+02:00,325.8500061035156,325.8999938964844,325.70001220703125,325.70001220703125,4141,NOVO-B.CO,Novo Nordisk,Nasdaq Copenhagen,DKK,20260703_175410
2026-07-03 16:54:00+02:00,326.1000061035156,326.1000061035156,325.79998779296875,325.8500061035156,12169,NOVO-B.CO,Novo Nordisk,Nasdaq Copenhagen,DKK,20260703_175410
2026-07-03 16:59:00+02:00,326.8999938964844,326.8999938964844,326.8999938964844,326.8999938964844,790994,NOVO-B.CO,Novo Nordisk,Nasdaq Copenhagen,DKK,20260703_175410
2026-07-03 09:00:00+02:00,330.20001220703125,330.75,329.6499938964844,330.0,0,NOVO-B.CO,Novo Nordisk,Nasdaq Copenhagen,DKK,20260703_185835
2026-07-03 09:01:00+02:00,329.1000061035156,330.0,329.1000061035156,330.0,25999,NOVO-B.CO,Novo Nordisk,Nasdaq Copenhagen,DKK,20260703_185835
2026-07-03 09:02:00+02:00,328.45001220703125,329.25,328.1499938964844,329.20001220703125,30514,NOVO-B.CO,Novo Nordisk,Nasdaq Copenhagen,DKK,20260703_185835
2026-07-03 09:03:00+02:00,328.3999938964844,329.04998779296875,328.25,328.3500061035156,11869,NOVO-B.CO,Novo Nordisk,Nasdaq Copenhagen,DKK,20260703_185835
2026-07-03 09:04:00+02:00,328.04998779296875,328.45001220703125,327.75,328.45001220703125,12872,NOVO-B.CO,Novo Nordisk,Nasdaq Copenhagen,DKK,20260703_185835
2026-07-03 09:05:00+02:00,327.8500061035156,328.3500061035156,327.3999938964844,328.0,17825,NOVO-B.CO,Novo Nordisk,Nasdaq Copenhagen,DKK,20260703_185835
2026-07-03 09:06:00+02:00,327.29998779296875,328.25,327.29998779296875,327.79998779296875,10973,NOVO-B.CO,Novo Nordisk,Nasdaq Copenhagen,DKK,20260703_185835
2026-07-03 09:07:00+02:00,326.6000061035156,327.25,326.0,327.25,26614,NOVO-B.CO,Novo Nordisk,Nasdaq Copenhagen,DKK,20260703_185835
2026-07-03 09:08:00+02:00,327.04998779296875,327.1499938964844,326.6000061035156,326.6000061035156,7380,NOVO-B.CO,Novo Nordisk,Nasdaq Copenhagen,DKK,20260703_185835
2026-07-03 09:09:00+02:00,327.8999938964844,327.95001220703125,327.1000061035156,327.25,16717,NOVO-B.CO,Novo Nordisk,Nasdaq Copenhagen,DKK,20260703_185835
2026-07-03 09:10:00+02:00,327.3999938964844,328.0,327.3999938964844,327.95001220703125,26013,NOVO-B.CO,Novo Nordisk,Nasdaq Copenhagen,DKK,20260703_185835
2026-07-03 09:11:00+02:00,327.0,327.25,326.8999938964844,327.25,14281,NOVO-B.CO,Novo Nordisk,Nasdaq Copenhagen,DKK,20260703_185835
2026-07-03 09:12:00+02:00,327.0,327.1499938964844,326.8500061035156,327.04998779296875,4786,NOVO-B.CO,Novo Nordisk,Nasdaq Copenhagen,DKK,20260703_185835
2026-07-03 09:13:00+02:00,327.54998779296875,327.6499938964844,327.0,327.0,7567,NOVO-B.CO,Novo Nordisk,Nasdaq Copenhagen,DKK,20260703_185835
2026-07-03 09:14:00+02:00,327.6000061035156,327.79998779296875,327.3500061035156,327.54998779296875,9889,NOVO-B.CO,Novo Nordisk,Nasdaq Copenhagen,DKK,20260703_185835
2026-07-03 09:15:00+02:00,327.70001220703125,328.1000061035156,327.54998779296875,327.70001220703125,31110,NOVO-B.CO,Novo Nordisk,Nasdaq Copenhagen,DKK,20260703_185835
2026-07-03 09:16:00+02:00,327.8500061035156,328.0,327.6499938964844,327.70001220703125,5448,NOVO-B.CO,Novo Nordisk,Nasdaq Copenhagen,DKK,20260703_185835
2026-07-03 09:17:00+02:00,327.70001220703125,327.95001220703125,327.54998779296875,327.8500061035156,10407,NOVO-B.CO,Novo Nordisk,Nasdaq Copenhagen,DKK,20260703_185835
2026-07-03 09:18:00+02:00,327.3999938964844,327.8500061035156,327.3999938964844,327.75,9642,NOVO-B.CO,Novo Nordisk,Nasdaq Copenhagen,DKK,20260703_185835
2026-07-03 09:19:00+02:00,327.3999938964844,327.6000061035156,327.29998779296875,327.3999938964844,9536,NOVO-B.CO,Novo Nordisk,Nasdaq Copenhagen,DKK,20260703_185835
2026-07-03 09:20:00+02:00,327.54998779296875,327.6499938964844,327.45001220703125,327.5,5441,NOVO-B.CO,Novo Nordisk,Nasdaq Copenhagen,DKK,20260703_185835
2026-07-03 09:21:00+02:00,327.8500061035156,328.0,327.6000061035156,327.6000061035156,2251,NOVO-B.CO,Novo Nordisk,Nasdaq Copenhagen,DKK,20260703_185835
2026-07-03 09:22:00+02:00,327.54998779296875,328.0,327.54998779296875,327.79998779296875,9673,NOVO-B.CO,Novo Nordisk,Nasdaq Copenhagen,DKK,20260703_185835
2026-07-03 09:23:00+02:00,327.70001220703125,328.0,327.3500061035156,327.5,21964,NOVO-B.CO,Novo Nordisk,Nasdaq Copenhagen,DKK,20260703_185835
2026-07-03 09:24:00+02:00,327.79998779296875,328.1000061035156,327.6000061035156,327.79998779296875,12123,NOVO-B.CO,Novo Nordisk,Nasdaq Copenhagen,DKK,20260703_185835
2026-07-03 09:25:00+02:00,327.8999938964844,327.95001220703125,327.6000061035156,327.75,6079,NOVO-B.CO,Novo Nordisk,Nasdaq Copenhagen,DKK,20260703_185835
2026-07-03 09:26:00+02:00,328.5,328.5,327.8999938964844,327.8999938964844,7472,NOVO-B.CO,Novo Nordisk,Nasdaq Copenhagen,DKK,20260703_185835
2026-07-03 09:27:00+02:00,328.45001220703125,328.6499938964844,328.3999938964844,328.54998779296875,6879,NOVO-B.CO,Novo Nordisk,Nasdaq Copenhagen,DKK,20260703_185835
2026-07-03 09:28:00+02:00,328.3999938964844,328.5,328.3999938964844,328.3999938964844,3648,NOVO-B.CO,Novo Nordisk,Nasdaq Copenhagen,DKK,20260703_185835
2026-07-03 09:29:00+02:00,328.29998779296875,328.45001220703125,328.25,328.3500061035156,5927,NOVO-B.CO,Novo Nordisk,Nasdaq Copenhagen,DKK,20260703_185835
2026-07-03 09:30:00+02:00,328.29998779296875,328.3500061035156,328.20001220703125,328.25,7494,NOVO-B.CO,Novo Nordisk,Nasdaq Copenhagen,DKK,20260703_185835
2026-07-03 09:31:00+02:00,328.1499938964844,328.29998779296875,328.1000061035156,328.1499938964844,13236,NOVO-B.CO,Novo Nordisk,Nasdaq Copenhagen,DKK,20260703_185835
2026-07-03 09:32:00+02:00,328.3999938964844,328.45001220703125,328.20001220703125,328.20001220703125,3361,NOVO-B.CO,Novo Nordisk,Nasdaq Copenhagen,DKK,20260703_185835
2026-07-03 09:33:00+02:00,328.79998779296875,328.79998779296875,328.45001220703125,328.45001220703125,1808,NOVO-B.CO,Novo Nordisk,Nasdaq Copenhagen,DKK,20260703_185835
2026-07-03 09:34:00+02:00,328.6499938964844,328.75,328.6000061035156,328.75,3146,NOVO-B.CO,Novo Nordisk,Nasdaq Copenhagen,DKK,20260703_185835
2026-07-03 09:35:00+02:00,328.70001220703125,328.75,328.6499938964844,328.70001220703125,2928,NOVO-B.CO,Novo Nordisk,Nasdaq Copenhagen,DKK,20260703_185835
2026-07-03 09:36:00+02:00,328.8999938964844,328.8999938964844,328.6499938964844,328.6499938964844,1295,NOVO-B.CO,Novo Nordisk,Nasdaq Copenhagen,DKK,20260703_185835
2026-07-03 09:37:00+02:00,329.1499938964844,329.25,328.95001220703125,328.95001220703125,7355,NOVO-B.CO,Novo Nordisk,Nasdaq Copenhagen,DKK,20260703_185835
2026-07-03 09:38:00+02:00,329.25,329.6000061035156,329.04998779296875,329.20001220703125,6139,NOVO-B.CO,Novo Nordisk,Nasdaq Copenhagen,DKK,20260703_185835
2026-07-03 09:39:00+02:00,329.3500061035156,329.45001220703125,329.1000061035156,329.3500061035156,6378,NOVO-B.CO,Novo Nordisk,Nasdaq Copenhagen,DKK,20260703_185835
2026-07-03 09:40:00+02:00,329.1000061035156,329.20001220703125,329.04998779296875,329.1000061035156,4846,NOVO-B.CO,Novo Nordisk,Nasdaq Copenhagen,DKK,20260703_185835
2026-07-03 09:41:00+02:00,328.8500061035156,329.25,328.8500061035156,329.25,13672,NOVO-B.CO,Novo Nordisk,Nasdaq Copenhagen,DKK,20260703_185835
2026-07-03 09:42:00+02:00,328.79998779296875,328.95001220703125,328.6000061035156,328.8999938964844,2569,NOVO-B.CO,Novo Nordisk,Nasdaq Copenhagen,DKK,20260703_185835
2026-07-03 09:43:00+02:00,328.3500061035156,328.79998779296875,328.25,328.79998779296875,10703,NOVO-B.CO,Novo Nordisk,Nasdaq Copenhagen,DKK,20260703_185835
2026-07-03 09:44:00+02:00,328.6499938964844,328.70001220703125,328.45001220703125,328.45001220703125,1692,NOVO-B.CO,Novo Nordisk,Nasdaq Copenhagen,DKK,20260703_185835
2026-07-03 09:45:00+02:00,328.29998779296875,328.70001220703125,328.1499938964844,328.70001220703125,12913,NOVO-B.CO,Novo Nordisk,Nasdaq Copenhagen,DKK,20260703_185835
2026-07-03 09:46:00+02:00,328.04998779296875,328.29998779296875,328.04998779296875,328.29998779296875,5929,NOVO-B.CO,Novo Nordisk,Nasdaq Copenhagen,DKK,20260703_185835
2026-07-03 09:47:00+02:00,327.8500061035156,328.1000061035156,327.79998779296875,328.04998779296875,2947,NOVO-B.CO,Novo Nordisk,Nasdaq Copenhagen,DKK,20260703_185835
2026-07-03 09:48:00+02:00,327.8500061035156,328.0,327.70001220703125,327.8999938964844,4946,NOVO-B.CO,Novo Nordisk,Nasdaq Copenhagen,DKK,20260703_185835
2026-07-03 09:49:00+02:00,327.54998779296875,327.8999938964844,327.54998779296875,327.8999938964844,4379,NOVO-B.CO,Novo Nordisk,Nasdaq Copenhagen,DKK,20260703_185835
2026-07-03 09:50:00+02:00,327.3500061035156,327.6000061035156,327.3500061035156,327.5,3673,NOVO-B.CO,Novo Nordisk,Nasdaq Copenhagen,DKK,20260703_185835
2026-07-03 09:51:00+02:00,327.1499938964844,327.5,327.1499938964844,327.3999938964844,2799,NOVO-B.CO,Novo Nordisk,Nasdaq Copenhagen,DKK,20260703_185835
2026-07-03 09:52:00+02:00,327.25,327.25,327.1499938964844,327.1499938964844,4767,NOVO-B.CO,Novo Nordisk,Nasdaq Copenhagen,DKK,20260703_185835
2026-07-03 09:53:00+02:00,327.3500061035156,327.3999938964844,327.1499938964844,327.25,3014,NOVO-B.CO,Novo Nordisk,Nasdaq Copenhagen,DKK,20260703_185835
2026-07-03 09:54:00+02:00,327.3500061035156,327.3500061035156,327.20001220703125,327.25,1573,NOVO-B.CO,Novo Nordisk,Nasdaq Copenhagen,DKK,20260703_185835
2026-07-03 09:55:00+02:00,327.3500061035156,327.70001220703125,327.3500061035156,327.45001220703125,1371,NOVO-B.CO,Novo Nordisk,Nasdaq Copenhagen,DKK,20260703_185835
2026-07-03 09:56:00+02:00,327.25,327.3999938964844,327.1499938964844,327.3999938964844,3675,NOVO-B.CO,Novo Nordisk,Nasdaq Copenhagen,DKK,20260703_185835
2026-07-03 09:57:00+02:00,326.95001220703125,327.20001220703125,326.95001220703125,327.20001220703125,6753,NOVO-B.CO,Novo Nordisk,Nasdaq Copenhagen,DKK,20260703_185835
2026-07-03 09:58:00+02:00,326.79998779296875,326.95001220703125,326.6000061035156,326.8999938964844,5782,NOVO-B.CO,Novo Nordisk,Nasdaq Copenhagen,DKK,20260703_185835
2026-07-03 09:59:00+02:00,326.75,326.95001220703125,326.6499938964844,326.79998779296875,3290,NOVO-B.CO,Novo Nordisk,Nasdaq Copenhagen,DKK,20260703_185835
2026-07-03 10:00:00+02:00,326.6000061035156,326.75,326.5,326.75,900,NOVO-B.CO,Novo Nordisk,Nasdaq Copenhagen,DKK,20260703_185835
2026-07-03 10:01:00+02:00,326.70001220703125,326.70001220703125,326.54998779296875,326.6000061035156,2988,NOVO-B.CO,Novo Nordisk,Nasdaq Copenhagen,DKK,20260703_185835
2026-07-03 10:02:00+02:00,326.6000061035156,326.6000061035156,326.5,326.54998779296875,845,NOVO-B.CO,Novo Nordisk,Nasdaq Copenhagen,DKK,20260703_185835
2026-07-03 10:03:00+02:00,326.3500061035156,326.54998779296875,326.29998779296875,326.5,5438,NOVO-B.CO,Novo Nordisk,Nasdaq Copenhagen,DKK,20260703_185835
2026-07-03 10:04:00+02:00,326.20001220703125,326.29998779296875,326.1499938964844,326.29998779296875,3839,NOVO-B.CO,Novo Nordisk,Nasdaq Copenhagen,DKK,20260703_185835
2026-07-03 10:05:00+02:00,326.54998779296875,326.8500061035156,326.29998779296875,326.29998779296875,4633,NOVO-B.CO,Novo Nordisk,Nasdaq Copenhagen,DKK,20260703_185835
2026-07-03 10:06:00+02:00,326.8999938964844,326.8999938964844,326.6000061035156,326.6000061035156,596,NOVO-B.CO,Novo Nordisk,Nasdaq Copenhagen,DKK,20260703_185835
2026-07-03 10:07:00+02:00,326.75,326.8500061035156,326.6000061035156,326.8500061035156,3197,NOVO-B.CO,Novo Nordisk,Nasdaq Copenhagen,DKK,20260703_185835
2026-07-03 10:08:00+02:00,326.79998779296875,326.79998779296875,326.5,326.6499938964844,13577,NOVO-B.CO,Novo Nordisk,Nasdaq Copenhagen,DKK,20260703_185835
2026-07-03 10:09:00+02:00,326.70001220703125,326.79998779296875,326.5,326.54998779296875,3323,NOVO-B.CO,Novo Nordisk,Nasdaq Copenhagen,DKK,20260703_185835
2026-07-03 10:10:00+02:00,326.8500061035156,326.95001220703125,326.70001220703125,326.79998779296875,887,NOVO-B.CO,Novo Nordisk,Nasdaq Copenhagen,DKK,20260703_185835
2026-07-03 10:11:00+02:00,326.75,326.79998779296875,326.70001220703125,326.79998779296875,7139,NOVO-B.CO,Novo Nordisk,Nasdaq Copenhagen,DKK,20260703_185835
2026-07-03 10:12:00+02:00,326.70001220703125,326.79998779296875,326.6499938964844,326.6499938964844,794,NOVO-B.CO,Novo Nordisk,Nasdaq Copenhagen,DKK,20260703_185835
2026-07-03 10:13:00+02:00,326.6000061035156,327.75,326.54998779296875,326.6499938964844,21900,NOVO-B.CO,Novo Nordisk,Nasdaq Copenhagen,DKK,20260703_185835
2026-07-03 10:14:00+02:00,326.3999938964844,326.70001220703125,326.0,326.5,32177,NOVO-B.CO,Novo Nordisk,Nasdaq Copenhagen,DKK,20260703_185835
2026-07-03 10:15:00+02:00,326.3500061035156,326.45001220703125,326.0,326.20001220703125,10693,NOVO-B.CO,Novo Nordisk,Nasdaq Copenhagen,DKK,20260703_185835
2026-07-03 10:16:00+02:00,326.25,326.3500061035156,326.20001220703125,326.25,1861,NOVO-B.CO,Novo Nordisk,Nasdaq Copenhagen,DKK,20260703_185835
2026-07-03 10:17:00+02:00,326.04998779296875,326.3500061035156,325.8999938964844,326.3500061035156,5696,NOVO-B.CO,Novo Nordisk,Nasdaq Copenhagen,DKK,20260703_185835
2026-07-03 10:18:00+02:00,326.3500061035156,326.3500061035156,326.20001220703125,326.20001220703125,1109,NOVO-B.CO,Novo Nordisk,Nasdaq Copenhagen,DKK,20260703_185835
2026-07-03 10:19:00+02:00,325.70001220703125,326.3999938964844,325.54998779296875,326.1499938964844,4039,NOVO-B.CO,Novo Nordisk,Nasdaq Copenhagen,DKK,20260703_185835
2026-07-03 10:20:00+02:00,325.75,325.79998779296875,325.54998779296875,325.70001220703125,3235,NOVO-B.CO,Novo Nordisk,Nasdaq Copenhagen,DKK,20260703_185835
2026-07-03 10:21:00+02:00,325.75,325.8999938964844,325.70001220703125,325.8500061035156,827,NOVO-B.CO,Novo Nordisk,Nasdaq Copenhagen,DKK,20260703_185835
2026-07-03 10:22:00+02:00,325.8999938964844,326.20001220703125,325.70001220703125,325.75,6978,NOVO-B.CO,Novo Nordisk,Nasdaq Copenhagen,DKK,20260703_185835
2026-07-03 10:23:00+02:00,325.8500061035156,326.04998779296875,325.8500061035156,325.8999938964844,1368,NOVO-B.CO,Novo Nordisk,Nasdaq Copenhagen,DKK,20260703_185835
2026-07-03 10:24:00+02:00,326.1499938964844,326.1499938964844,325.79998779296875,325.8999938964844,1089,NOVO-B.CO,Novo Nordisk,Nasdaq Copenhagen,DKK,20260703_185835
2026-07-03 10:25:00+02:00,326.1000061035156,326.1499938964844,326.0,326.0,516,NOVO-B.CO,Novo Nordisk,Nasdaq Copenhagen,DKK,20260703_185835
2026-07-03 10:26:00+02:00,326.1000061035156,326.1000061035156,326.1000061035156,326.1000061035156,513,NOVO-B.CO,Novo Nordisk,Nasdaq Copenhagen,DKK,20260703_185835
2026-07-03 10:27:00+02:00,326.29998779296875,326.29998779296875,326.1000061035156,326.1499938964844,1969,NOVO-B.CO,Novo Nordisk,Nasdaq Copenhagen,DKK,20260703_185835
2026-07-03 10:28:00+02:00,326.45001220703125,326.45001220703125,326.20001220703125,326.29998779296875,2609,NOVO-B.CO,Novo Nordisk,Nasdaq Copenhagen,DKK,20260703_185835
2026-07-03 10:29:00+02:00,326.54998779296875,326.54998779296875,326.3999938964844,326.45001220703125,1116,NOVO-B.CO,Novo Nordisk,Nasdaq Copenhagen,DKK,20260703_185835
2026-07-03 10:30:00+02:00,326.6499938964844,326.6499938964844,326.45001220703125,326.45001220703125,1830,NOVO-B.CO,Novo Nordisk,Nasdaq Copenhagen,DKK,20260703_185835
2026-07-03 10:31:00+02:00,326.54998779296875,326.6499938964844,326.45001220703125,326.5,3789,NOVO-B.CO,Novo Nordisk,Nasdaq Copenhagen,DKK,20260703_185835
2026-07-03 10:32:00+02:00,327.0,327.0,326.29998779296875,326.54998779296875,4606,NOVO-B.CO,Novo Nordisk,Nasdaq Copenhagen,DKK,20260703_185835
2026-07-03 10:33:00+02:00,327.04998779296875,327.04998779296875,326.95001220703125,326.95001220703125,724,NOVO-B.CO,Novo Nordisk,Nasdaq Copenhagen,DKK,20260703_185835
2026-07-03 10:34:00+02:00,327.1000061035156,327.3500061035156,326.95001220703125,327.04998779296875,3018,NOVO-B.CO,Novo Nordisk,Nasdaq Copenhagen,DKK,20260703_185835
2026-07-03 10:35:00+02:00,327.54998779296875,327.54998779296875,327.20001220703125,327.25,7209,NOVO-B.CO,Novo Nordisk,Nasdaq Copenhagen,DKK,20260703_185835
2026-07-03 10:36:00+02:00,327.3999938964844,327.70001220703125,327.3999938964844,327.54998779296875,3226,NOVO-B.CO,Novo Nordisk,Nasdaq Copenhagen,DKK,20260703_185835
2026-07-03 10:37:00+02:00,327.1000061035156,327.3999938964844,326.79998779296875,327.3999938964844,2924,NOVO-B.CO,Novo Nordisk,Nasdaq Copenhagen,DKK,20260703_185835
2026-07-03 10:38:00+02:00,327.04998779296875,327.1000061035156,326.95001220703125,326.95001220703125,344,NOVO-B.CO,Novo Nordisk,Nasdaq Copenhagen,DKK,20260703_185835
2026-07-03 10:39:00+02:00,327.04998779296875,327.20001220703125,326.8999938964844,326.95001220703125,630,NOVO-B.CO,Novo Nordisk,Nasdaq Copenhagen,DKK,20260703_185835
2026-07-03 10:40:00+02:00,327.70001220703125,327.8500061035156,327.25,327.25,3021,NOVO-B.CO,Novo Nordisk,Nasdaq Copenhagen,DKK,20260703_185835
2026-07-03 10:41:00+02:00,327.45001220703125,327.5,327.3999938964844,327.5,307,NOVO-B.CO,Novo Nordisk,Nasdaq Copenhagen,DKK,20260703_185835
2026-07-03 10:42:00+02:00,327.3500061035156,327.5,327.3500061035156,327.3999938964844,1284,NOVO-B.CO,Novo Nordisk,Nasdaq Copenhagen,DKK,20260703_185835
2026-07-03 10:43:00+02:00,327.6000061035156,327.6000061035156,327.3500061035156,327.45001220703125,1414,NOVO-B.CO,Novo Nordisk,Nasdaq Copenhagen,DKK,20260703_185835
2026-07-03 10:44:00+02:00,327.3999938964844,327.70001220703125,327.29998779296875,327.70001220703125,3575,NOVO-B.CO,Novo Nordisk,Nasdaq Copenhagen,DKK,20260703_185835
2026-07-03 10:45:00+02:00,327.29998779296875,327.45001220703125,327.29998779296875,327.3999938964844,295,NOVO-B.CO,Novo Nordisk,Nasdaq Copenhagen,DKK,20260703_185835
2026-07-03 10:46:00+02:00,327.29998779296875,327.29998779296875,327.20001220703125,327.25,143,NOVO-B.CO,Novo Nordisk,Nasdaq Copenhagen,DKK,20260703_185835
2026-07-03 10:47:00+02:00,327.1499938964844,327.20001220703125,327.1499938964844,327.20001220703125,400,NOVO-B.CO,Novo Nordisk,Nasdaq Copenhagen,DKK,20260703_185835
2026-07-03 10:48:00+02:00,327.3999938964844,327.3999938964844,327.1499938964844,327.1499938964844,1474,NOVO-B.CO,Novo Nordisk,Nasdaq Copenhagen,DKK,20260703_185835
2026-07-03 10:49:00+02:00,327.04998779296875,327.3999938964844,327.04998779296875,327.3999938964844,1903,NOVO-B.CO,Novo Nordisk,Nasdaq Copenhagen,DKK,20260703_185835
2026-07-03 10:50:00+02:00,327.04998779296875,327.04998779296875,326.95001220703125,327.0,6331,NOVO-B.CO,Novo Nordisk,Nasdaq Copenhagen,DKK,20260703_185835
2026-07-03 10:51:00+02:00,327.1000061035156,327.1499938964844,327.04998779296875,327.04998779296875,385,NOVO-B.CO,Novo Nordisk,Nasdaq Copenhagen,DKK,20260703_185835
2026-07-03 10:52:00+02:00,327.04998779296875,327.04998779296875,326.95001220703125,327.0,695,NOVO-B.CO,Novo Nordisk,Nasdaq Copenhagen,DKK,20260703_185835
2026-07-03 10:53:00+02:00,326.79998779296875,327.04998779296875,326.79998779296875,327.0,1367,NOVO-B.CO,Novo Nordisk,Nasdaq Copenhagen,DKK,20260703_185835
2026-07-03 10:54:00+02:00,326.5,326.75,326.5,326.75,1119,NOVO-B.CO,Novo Nordisk,Nasdaq Copenhagen,DKK,20260703_185835
2026-07-03 10:55:00+02:00,326.5,326.5,326.45001220703125,326.5,1868,NOVO-B.CO,Novo Nordisk,Nasdaq Copenhagen,DKK,20260703_185835
2026-07-03 10:56:00+02:00,326.5,326.6000061035156,326.45001220703125,326.45001220703125,6946,NOVO-B.CO,Novo Nordisk,Nasdaq Copenhagen,DKK,20260703_185835
2026-07-03 10:57:00+02:00,326.29998779296875,326.5,326.29998779296875,326.3999938964844,914,NOVO-B.CO,Novo Nordisk,Nasdaq Copenhagen,DKK,20260703_185835
2026-07-03 10:58:00+02:00,326.3500061035156,326.3999938964844,326.3500061035156,326.3500061035156,433,NOVO-B.CO,Novo Nordisk,Nasdaq Copenhagen,DKK,20260703_185835
2026-07-03 10:59:00+02:00,326.45001220703125,326.45001220703125,326.3500061035156,326.3500061035156,675,NOVO-B.CO,Novo Nordisk,Nasdaq Copenhagen,DKK,20260703_185835
2026-07-03 11:00:00+02:00,326.45001220703125,326.45001220703125,326.3500061035156,326.3500061035156,942,NOVO-B.CO,Novo Nordisk,Nasdaq Copenhagen,DKK,20260703_185835
2026-07-03 11:01:00+02:00,326.3500061035156,326.45001220703125,326.25,326.45001220703125,3396,NOVO-B.CO,Novo Nordisk,Nasdaq Copenhagen,DKK,20260703_185835
2026-07-03 11:02:00+02:00,326.3500061035156,326.3500061035156,326.25,326.3500061035156,320,NOVO-B.CO,Novo Nordisk,Nasdaq Copenhagen,DKK,20260703_185835
2026-07-03 11:03:00+02:00,326.3999938964844,326.45001220703125,326.3500061035156,326.3500061035156,426,NOVO-B.CO,Novo Nordisk,Nasdaq Copenhagen,DKK,20260703_185835
2026-07-03 11:04:00+02:00,326.20001220703125,326.29998779296875,326.20001220703125,326.29998779296875,2058,NOVO-B.CO,Novo Nordisk,Nasdaq Copenhagen,DKK,20260703_185835
2026-07-03 11:05:00+02:00,325.95001220703125,326.25,325.95001220703125,326.20001220703125,7960,NOVO-B.CO,Novo Nordisk,Nasdaq Copenhagen,DKK,20260703_185835
2026-07-03 11:06:00+02:00,325.79998779296875,325.8999938964844,325.70001220703125,325.8999938964844,2459,NOVO-B.CO,Novo Nordisk,Nasdaq Copenhagen,DKK,20260703_185835
2026-07-03 11:07:00+02:00,325.8500061035156,325.8500061035156,325.70001220703125,325.8500061035156,3902,NOVO-B.CO,Novo Nordisk,Nasdaq Copenhagen,DKK,20260703_185835
2026-07-03 11:08:00+02:00,325.79998779296875,325.8500061035156,325.70001220703125,325.79998779296875,365,NOVO-B.CO,Novo Nordisk,Nasdaq Copenhagen,DKK,20260703_185835
2026-07-03 11:09:00+02:00,325.75,325.79998779296875,325.6499938964844,325.75,1364,NOVO-B.CO,Novo Nordisk,Nasdaq Copenhagen,DKK,20260703_185835
2026-07-03 11:10:00+02:00,325.8500061035156,325.8500061035156,325.6499938964844,325.75,677,NOVO-B.CO,Novo Nordisk,Nasdaq Copenhagen,DKK,20260703_185835
2026-07-03 11:11:00+02:00,325.8500061035156,325.8500061035156,325.70001220703125,325.79998779296875,429,NOVO-B.CO,Novo Nordisk,Nasdaq Copenhagen,DKK,20260703_185835
2026-07-03 11:12:00+02:00,325.75,325.8999938964844,325.75,325.8500061035156,1335,NOVO-B.CO,Novo Nordisk,Nasdaq Copenhagen,DKK,20260703_185835
2026-07-03 11:13:00+02:00,325.70001220703125,325.75,325.70001220703125,325.70001220703125,815,NOVO-B.CO,Novo Nordisk,Nasdaq Copenhagen,DKK,20260703_185835
2026-07-03 11:14:00+02:00,325.6000061035156,325.6000061035156,325.5,325.6000061035156,404,NOVO-B.CO,Novo Nordisk,Nasdaq Copenhagen,DKK,20260703_185835
2026-07-03 11:15:00+02:00,325.8500061035156,325.95001220703125,325.6000061035156,325.6000061035156,4220,NOVO-B.CO,Novo Nordisk,Nasdaq Copenhagen,DKK,20260703_185835
2026-07-03 11:16:00+02:00,325.95001220703125,325.95001220703125,325.8500061035156,325.8999938964844,732,NOVO-B.CO,Novo Nordisk,Nasdaq Copenhagen,DKK,20260703_185835
2026-07-03 11:17:00+02:00,326.0,326.04998779296875,325.8500061035156,326.0,2503,NOVO-B.CO,Novo Nordisk,Nasdaq Copenhagen,DKK,20260703_185835
2026-07-03 11:18:00+02:00,325.95001220703125,325.95001220703125,325.8999938964844,325.95001220703125,1334,NOVO-B.CO,Novo Nordisk,Nasdaq Copenhagen,DKK,20260703_185835
2026-07-03 11:19:00+02:00,325.95001220703125,326.0,325.95001220703125,326.0,298,NOVO-B.CO,Novo Nordisk,Nasdaq Copenhagen,DKK,20260703_185835
2026-07-03 11:20:00+02:00,326.04998779296875,326.04998779296875,326.0,326.0,1493,NOVO-B.CO,Novo Nordisk,Nasdaq Copenhagen,DKK,20260703_185835
2026-07-03 11:21:00+02:00,325.95001220703125,326.1000061035156,325.95001220703125,326.04998779296875,2372,NOVO-B.CO,Novo Nordisk,Nasdaq Copenhagen,DKK,20260703_185835
2026-07-03 11:22:00+02:00,325.70001220703125,326.04998779296875,325.70001220703125,326.04998779296875,2199,NOVO-B.CO,Novo Nordisk,Nasdaq Copenhagen,DKK,20260703_185835
2026-07-03 11:23:00+02:00,325.6499938964844,325.70001220703125,325.6499938964844,325.6499938964844,2286,NOVO-B.CO,Novo Nordisk,Nasdaq Copenhagen,DKK,20260703_185835
2026-07-03 11:24:00+02:00,325.54998779296875,325.95001220703125,325.5,325.6499938964844,7611,NOVO-B.CO,Novo Nordisk,Nasdaq Copenhagen,DKK,20260703_185835
2026-07-03 11:25:00+02:00,325.6000061035156,325.6499938964844,325.5,325.6000061035156,1010,NOVO-B.CO,Novo Nordisk,Nasdaq Copenhagen,DKK,20260703_185835
2026-07-03 11:26:00+02:00,325.54998779296875,325.6000061035156,325.5,325.54998779296875,8220,NOVO-B.CO,Novo Nordisk,Nasdaq Copenhagen,DKK,20260703_185835
2026-07-03 11:27:00+02:00,325.5,325.6499938964844,325.5,325.54998779296875,3874,NOVO-B.CO,Novo Nordisk,Nasdaq Copenhagen,DKK,20260703_185835
2026-07-03 11:28:00+02:00,325.54998779296875,325.54998779296875,325.54998779296875,325.54998779296875,379,NOVO-B.CO,Novo Nordisk,Nasdaq Copenhagen,DKK,20260703_185835
2026-07-03 11:29:00+02:00,325.6000061035156,325.70001220703125,325.6000061035156,325.6499938964844,860,NOVO-B.CO,Novo Nordisk,Nasdaq Copenhagen,DKK,20260703_185835
2026-07-03 11:30:00+02:00,325.70001220703125,325.79998779296875,325.6499938964844,325.70001220703125,2121,NOVO-B.CO,Novo Nordisk,Nasdaq Copenhagen,DKK,20260703_185835
2026-07-03 11:31:00+02:00,325.54998779296875,325.70001220703125,325.54998779296875,325.6499938964844,1380,NOVO-B.CO,Novo Nordisk,Nasdaq Copenhagen,DKK,20260703_185835
2026-07-03 11:32:00+02:00,325.54998779296875,325.6000061035156,325.5,325.5,399,NOVO-B.CO,Novo Nordisk,Nasdaq Copenhagen,DKK,20260703_185835
2026-07-03 11:33:00+02:00,325.6499938964844,325.6499938964844,325.54998779296875,325.54998779296875,66,NOVO-B.CO,Novo Nordisk,Nasdaq Copenhagen,DKK,20260703_185835
2026-07-03 11:34:00+02:00,325.8500061035156,325.8500061035156,325.6499938964844,325.6499938964844,2143,NOVO-B.CO,Novo Nordisk,Nasdaq Copenhagen,DKK,20260703_185835
2026-07-03 11:35:00+02:00,325.95001220703125,325.95001220703125,325.79998779296875,325.79998779296875,2976,NOVO-B.CO,Novo Nordisk,Nasdaq Copenhagen,DKK,20260703_185835
2026-07-03 11:36:00+02:00,325.70001220703125,325.8500061035156,325.6499938964844,325.8500061035156,3203,NOVO-B.CO,Novo Nordisk,Nasdaq Copenhagen,DKK,20260703_185835
2026-07-03 11:37:00+02:00,325.6499938964844,325.75,325.6000061035156,325.6499938964844,5295,NOVO-B.CO,Novo Nordisk,Nasdaq Copenhagen,DKK,20260703_185835
2026-07-03 11:38:00+02:00,325.45001220703125,325.75,325.3500061035156,325.6000061035156,18178,NOVO-B.CO,Novo Nordisk,Nasdaq Copenhagen,DKK,20260703_185835
2026-07-03 11:39:00+02:00,325.6499938964844,325.6499938964844,325.3500061035156,325.3500061035156,6642,NOVO-B.CO,Novo Nordisk,Nasdaq Copenhagen,DKK,20260703_185835
2026-07-03 11:40:00+02:00,325.75,325.75,325.6000061035156,325.6000061035156,4853,NOVO-B.CO,Novo Nordisk,Nasdaq Copenhagen,DKK,20260703_185835
2026-07-03 11:41:00+02:00,325.95001220703125,326.0,325.75,325.75,5932,NOVO-B.CO,Novo Nordisk,Nasdaq Copenhagen,DKK,20260703_185835
2026-07-03 11:42:00+02:00,325.95001220703125,326.0,325.8999938964844,325.95001220703125,2617,NOVO-B.CO,Novo Nordisk,Nasdaq Copenhagen,DKK,20260703_185835
2026-07-03 11:43:00+02:00,326.25,326.25,325.95001220703125,326.0,4032,NOVO-B.CO,Novo Nordisk,Nasdaq Copenhagen,DKK,20260703_185835
2026-07-03 11:44:00+02:00,326.20001220703125,326.20001220703125,326.1499938964844,326.20001220703125,2020,NOVO-B.CO,Novo Nordisk,Nasdaq Copenhagen,DKK,20260703_185835
2026-07-03 11:45:00+02:00,326.29998779296875,326.3999938964844,326.25,326.29998779296875,7427,NOVO-B.CO,Novo Nordisk,Nasdaq Copenhagen,DKK,20260703_185835
2026-07-03 11:46:00+02:00,326.29998779296875,326.3999938964844,326.29998779296875,326.3500061035156,551,NOVO-B.CO,Novo Nordisk,Nasdaq Copenhagen,DKK,20260703_185835
2026-07-03 11:47:00+02:00,326.3500061035156,326.3500061035156,326.3500061035156,326.3500061035156,21,NOVO-B.CO,Novo Nordisk,Nasdaq Copenhagen,DKK,20260703_185835
2026-07-03 11:48:00+02:00,326.3999938964844,326.3999938964844,326.3500061035156,326.3500061035156,127,NOVO-B.CO,Novo Nordisk,Nasdaq Copenhagen,DKK,20260703_185835
2026-07-03 11:49:00+02:00,326.3999938964844,326.45001220703125,326.3999938964844,326.3999938964844,557,NOVO-B.CO,Novo Nordisk,Nasdaq Copenhagen,DKK,20260703_185835
2026-07-03 11:50:00+02:00,326.20001220703125,326.3999938964844,326.20001220703125,326.3999938964844,1313,NOVO-B.CO,Novo Nordisk,Nasdaq Copenhagen,DKK,20260703_185835
2026-07-03 11:51:00+02:00,326.3999938964844,326.3999938964844,326.25,326.29998779296875,1266,NOVO-B.CO,Novo Nordisk,Nasdaq Copenhagen,DKK,20260703_185835
2026-07-03 11:52:00+02:00,326.3500061035156,326.3999938964844,326.29998779296875,326.3500061035156,1304,NOVO-B.CO,Novo Nordisk,Nasdaq Copenhagen,DKK,20260703_185835
2026-07-03 11:53:00+02:00,326.3500061035156,326.3500061035156,326.3500061035156,326.3500061035156,141,NOVO-B.CO,Novo Nordisk,Nasdaq Copenhagen,DKK,20260703_185835
2026-07-03 11:54:00+02:00,326.29998779296875,326.3999938964844,326.25,326.3500061035156,1161,NOVO-B.CO,Novo Nordisk,Nasdaq Copenhagen,DKK,20260703_185835
2026-07-03 11:55:00+02:00,326.45001220703125,326.5,326.3999938964844,326.3999938964844,1414,NOVO-B.CO,Novo Nordisk,Nasdaq Copenhagen,DKK,20260703_185835
2026-07-03 11:56:00+02:00,326.6499938964844,326.75,326.54998779296875,326.54998779296875,1071,NOVO-B.CO,Novo Nordisk,Nasdaq Copenhagen,DKK,20260703_185835
2026-07-03 11:57:00+02:00,326.6499938964844,326.79998779296875,326.6499938964844,326.75,586,NOVO-B.CO,Novo Nordisk,Nasdaq Copenhagen,DKK,20260703_185835
2026-07-03 11:58:00+02:00,326.79998779296875,326.79998779296875,326.6000061035156,326.6000061035156,838,NOVO-B.CO,Novo Nordisk,Nasdaq Copenhagen,DKK,20260703_185835
2026-07-03 11:59:00+02:00,326.8500061035156,326.8500061035156,326.70001220703125,326.79998779296875,359,NOVO-B.CO,Novo Nordisk,Nasdaq Copenhagen,DKK,20260703_185835
2026-07-03 12:00:00+02:00,326.75,326.8500061035156,326.75,326.8500061035156,530,NOVO-B.CO,Novo Nordisk,Nasdaq Copenhagen,DKK,20260703_185835
2026-07-03 12:01:00+02:00,326.79998779296875,326.79998779296875,326.70001220703125,326.79998779296875,326,NOVO-B.CO,Novo Nordisk,Nasdaq Copenhagen,DKK,20260703_185835
2026-07-03 12:02:00+02:00,326.75,326.79998779296875,326.75,326.75,33,NOVO-B.CO,Novo Nordisk,Nasdaq Copenhagen,DKK,20260703_185835
2026-07-03 12:03:00+02:00,326.79998779296875,326.79998779296875,326.79998779296875,326.79998779296875,100,NOVO-B.CO,Novo Nordisk,Nasdaq Copenhagen,DKK,20260703_185835
2026-07-03 12:04:00+02:00,327.25,327.25,326.8500061035156,326.8500061035156,13023,NOVO-B.CO,Novo Nordisk,Nasdaq Copenhagen,DKK,20260703_185835
2026-07-03 12:05:00+02:00,327.29998779296875,327.29998779296875,327.25,327.25,694,NOVO-B.CO,Novo Nordisk,Nasdaq Copenhagen,DKK,20260703_185835
2026-07-03 12:06:00+02:00,327.3500061035156,327.3500061035156,327.29998779296875,327.29998779296875,228,NOVO-B.CO,Novo Nordisk,Nasdaq Copenhagen,DKK,20260703_185835
2026-07-03 12:07:00+02:00,327.29998779296875,327.6000061035156,327.29998779296875,327.3999938964844,15723,NOVO-B.CO,Novo Nordisk,Nasdaq Copenhagen,DKK,20260703_185835
2026-07-03 12:08:00+02:00,327.29998779296875,327.3999938964844,327.25,327.29998779296875,1231,NOVO-B.CO,Novo Nordisk,Nasdaq Copenhagen,DKK,20260703_185835
2026-07-03 12:09:00+02:00,327.5,327.5,327.25,327.25,238,NOVO-B.CO,Novo Nordisk,Nasdaq Copenhagen,DKK,20260703_185835
2026-07-03 12:10:00+02:00,327.3999938964844,327.5,327.3500061035156,327.5,1922,NOVO-B.CO,Novo Nordisk,Nasdaq Copenhagen,DKK,20260703_185835
2026-07-03 12:11:00+02:00,327.29998779296875,327.5,327.29998779296875,327.45001220703125,2089,NOVO-B.CO,Novo Nordisk,Nasdaq Copenhagen,DKK,20260703_185835
2026-07-03 12:12:00+02:00,327.3999938964844,327.45001220703125,327.29998779296875,327.45001220703125,15,NOVO-B.CO,Novo Nordisk,Nasdaq Copenhagen,DKK,20260703_185835
2026-07-03 12:13:00+02:00,327.45001220703125,327.5,327.3999938964844,327.3999938964844,5434,NOVO-B.CO,Novo Nordisk,Nasdaq Copenhagen,DKK,20260703_185835
2026-07-03 12:14:00+02:00,327.3999938964844,327.45001220703125,327.3500061035156,327.45001220703125,313,NOVO-B.CO,Novo Nordisk,Nasdaq Copenhagen,DKK,20260703_185835
2026-07-03 12:15:00+02:00,327.3500061035156,327.5,327.3500061035156,327.5,2353,NOVO-B.CO,Novo Nordisk,Nasdaq Copenhagen,DKK,20260703_185835
2026-07-03 12:16:00+02:00,327.29998779296875,327.45001220703125,327.29998779296875,327.45001220703125,716,NOVO-B.CO,Novo Nordisk,Nasdaq Copenhagen,DKK,20260703_185835
2026-07-03 12:17:00+02:00,327.29998779296875,327.3500061035156,327.29998779296875,327.29998779296875,157,NOVO-B.CO,Novo Nordisk,Nasdaq Copenhagen,DKK,20260703_185835
2026-07-03 12:18:00+02:00,327.04998779296875,327.29998779296875,327.04998779296875,327.29998779296875,1055,NOVO-B.CO,Novo Nordisk,Nasdaq Copenhagen,DKK,20260703_185835
2026-07-03 12:19:00+02:00,326.8999938964844,327.04998779296875,326.79998779296875,327.0,3832,NOVO-B.CO,Novo Nordisk,Nasdaq Copenhagen,DKK,20260703_185835
2026-07-03 12:20:00+02:00,326.8500061035156,326.8999938964844,326.75,326.79998779296875,277,NOVO-B.CO,Novo Nordisk,Nasdaq Copenhagen,DKK,20260703_185835
2026-07-03 12:21:00+02:00,326.8500061035156,326.95001220703125,326.8500061035156,326.8999938964844,1117,NOVO-B.CO,Novo Nordisk,Nasdaq Copenhagen,DKK,20260703_185835
2026-07-03 12:22:00+02:00,326.8999938964844,326.8999938964844,326.8500061035156,326.8500061035156,96,NOVO-B.CO,Novo Nordisk,Nasdaq Copenhagen,DKK,20260703_185835
2026-07-03 12:23:00+02:00,326.8999938964844,326.95001220703125,326.8999938964844,326.95001220703125,5,NOVO-B.CO,Novo Nordisk,Nasdaq Copenhagen,DKK,20260703_185835
2026-07-03 12:24:00+02:00,326.8999938964844,327.04998779296875,326.8999938964844,326.95001220703125,819,NOVO-B.CO,Novo Nordisk,Nasdaq Copenhagen,DKK,20260703_185835
2026-07-03 12:25:00+02:00,327.0,327.0,327.0,327.0,16,NOVO-B.CO,Novo Nordisk,Nasdaq Copenhagen,DKK,20260703_185835
2026-07-03 12:26:00+02:00,326.79998779296875,326.8500061035156,326.75,326.8500061035156,789,NOVO-B.CO,Novo Nordisk,Nasdaq Copenhagen,DKK,20260703_185835
2026-07-03 12:27:00+02:00,327.0,327.0,326.8500061035156,326.8500061035156,5556,NOVO-B.CO,Novo Nordisk,Nasdaq Copenhagen,DKK,20260703_185835
2026-07-03 12:28:00+02:00,327.0,327.0,327.0,327.0,6,NOVO-B.CO,Novo Nordisk,Nasdaq Copenhagen,DKK,20260703_185835
2026-07-03 12:29:00+02:00,327.0,327.0,327.0,327.0,290,NOVO-B.CO,Novo Nordisk,Nasdaq Copenhagen,DKK,20260703_185835
2026-07-03 12:30:00+02:00,327.0,327.1000061035156,327.0,327.0,191,NOVO-B.CO,Novo Nordisk,Nasdaq Copenhagen,DKK,20260703_185835
2026-07-03 12:31:00+02:00,327.1499938964844,327.20001220703125,327.04998779296875,327.1000061035156,208,NOVO-B.CO,Novo Nordisk,Nasdaq Copenhagen,DKK,20260703_185835
2026-07-03 12:32:00+02:00,327.1499938964844,327.1499938964844,327.04998779296875,327.1499938964844,200,NOVO-B.CO,Novo Nordisk,Nasdaq Copenhagen,DKK,20260703_185835
2026-07-03 12:33:00+02:00,327.20001220703125,327.20001220703125,327.0,327.04998779296875,11901,NOVO-B.CO,Novo Nordisk,Nasdaq Copenhagen,DKK,20260703_185835
2026-07-03 12:34:00+02:00,327.1000061035156,327.20001220703125,327.1000061035156,327.20001220703125,37,NOVO-B.CO,Novo Nordisk,Nasdaq Copenhagen,DKK,20260703_185835
2026-07-03 12:35:00+02:00,327.0,327.1000061035156,327.0,327.1000061035156,27701,NOVO-B.CO,Novo Nordisk,Nasdaq Copenhagen,DKK,20260703_185835
2026-07-03 12:36:00+02:00,327.0,327.04998779296875,327.0,327.0,424,NOVO-B.CO,Novo Nordisk,Nasdaq Copenhagen,DKK,20260703_185835
2026-07-03 12:37:00+02:00,327.0,327.04998779296875,327.0,327.04998779296875,16477,NOVO-B.CO,Novo Nordisk,Nasdaq Copenhagen,DKK,20260703_185835
2026-07-03 12:38:00+02:00,327.04998779296875,327.04998779296875,327.0,327.0,369,NOVO-B.CO,Novo Nordisk,Nasdaq Copenhagen,DKK,20260703_185835
2026-07-03 12:39:00+02:00,327.0,327.04998779296875,327.0,327.0,21,NOVO-B.CO,Novo Nordisk,Nasdaq Copenhagen,DKK,20260703_185835
2026-07-03 12:40:00+02:00,326.75,327.0,326.6499938964844,327.0,13380,NOVO-B.CO,Novo Nordisk,Nasdaq Copenhagen,DKK,20260703_185835
2026-07-03 12:41:00+02:00,326.6000061035156,326.75,326.6000061035156,326.70001220703125,334,NOVO-B.CO,Novo Nordisk,Nasdaq Copenhagen,DKK,20260703_185835
2026-07-03 12:42:00+02:00,326.5,326.75,326.5,326.6499938964844,1988,NOVO-B.CO,Novo Nordisk,Nasdaq Copenhagen,DKK,20260703_185835
2026-07-03 12:43:00+02:00,326.3999938964844,326.5,326.3999938964844,326.5,446,NOVO-B.CO,Novo Nordisk,Nasdaq Copenhagen,DKK,20260703_185835
2026-07-03 12:44:00+02:00,326.5,326.5,326.29998779296875,326.3999938964844,529,NOVO-B.CO,Novo Nordisk,Nasdaq Copenhagen,DKK,20260703_185835
2026-07-03 12:45:00+02:00,326.5,326.5,326.5,326.5,339,NOVO-B.CO,Novo Nordisk,Nasdaq Copenhagen,DKK,20260703_185835
2026-07-03 12:46:00+02:00,326.5,326.54998779296875,326.45001220703125,326.5,1132,NOVO-B.CO,Novo Nordisk,Nasdaq Copenhagen,DKK,20260703_185835
2026-07-03 12:47:00+02:00,326.3999938964844,326.5,326.3999938964844,326.5,405,NOVO-B.CO,Novo Nordisk,Nasdaq Copenhagen,DKK,20260703_185835
2026-07-03 12:48:00+02:00,326.3500061035156,326.3999938964844,326.3500061035156,326.3999938964844,344,NOVO-B.CO,Novo Nordisk,Nasdaq Copenhagen,DKK,20260703_185835
2026-07-03 12:49:00+02:00,326.3500061035156,326.45001220703125,326.29998779296875,326.45001220703125,711,NOVO-B.CO,Novo Nordisk,Nasdaq Copenhagen,DKK,20260703_185835
2026-07-03 12:50:00+02:00,326.3500061035156,326.45001220703125,326.25,326.45001220703125,2640,NOVO-B.CO,Novo Nordisk,Nasdaq Copenhagen,DKK,20260703_185835
2026-07-03 12:51:00+02:00,326.20001220703125,326.3500061035156,326.20001220703125,326.25,3534,NOVO-B.CO,Novo Nordisk,Nasdaq Copenhagen,DKK,20260703_185835
2026-07-03 12:52:00+02:00,326.25,326.29998779296875,326.20001220703125,326.25,1852,NOVO-B.CO,Novo Nordisk,Nasdaq Copenhagen,DKK,20260703_185835
2026-07-03 12:53:00+02:00,326.20001220703125,326.3500061035156,326.1499938964844,326.25,669,NOVO-B.CO,Novo Nordisk,Nasdaq Copenhagen,DKK,20260703_185835
2026-07-03 12:54:00+02:00,326.20001220703125,326.25,326.1499938964844,326.20001220703125,493,NOVO-B.CO,Novo Nordisk,Nasdaq Copenhagen,DKK,20260703_185835
2026-07-03 12:55:00+02:00,326.3500061035156,326.3500061035156,326.20001220703125,326.20001220703125,264,NOVO-B.CO,Novo Nordisk,Nasdaq Copenhagen,DKK,20260703_185835
2026-07-03 12:56:00+02:00,326.45001220703125,326.45001220703125,326.3500061035156,326.3500061035156,1310,NOVO-B.CO,Novo Nordisk,Nasdaq Copenhagen,DKK,20260703_185835
2026-07-03 12:57:00+02:00,326.45001220703125,326.45001220703125,326.45001220703125,326.45001220703125,515,NOVO-B.CO,Novo Nordisk,Nasdaq Copenhagen,DKK,20260703_185835
2026-07-03 12:58:00+02:00,326.3999938964844,326.45001220703125,326.3999938964844,326.45001220703125,490,NOVO-B.CO,Novo Nordisk,Nasdaq Copenhagen,DKK,20260703_185835
2026-07-03 12:59:00+02:00,326.04998779296875,326.45001220703125,326.0,326.45001220703125,7789,NOVO-B.CO,Novo Nordisk,Nasdaq Copenhagen,DKK,20260703_185835
2026-07-03 13:00:00+02:00,326.04998779296875,326.1000061035156,326.04998779296875,326.1000061035156,344,NOVO-B.CO,Novo Nordisk,Nasdaq Copenhagen,DKK,20260703_185835
2026-07-03 13:01:00+02:00,326.1000061035156,326.1000061035156,326.1000061035156,326.1000061035156,3,NOVO-B.CO,Novo Nordisk,Nasdaq Copenhagen,DKK,20260703_185835
2026-07-03 13:02:00+02:00,326.20001220703125,326.20001220703125,325.95001220703125,326.0,1726,NOVO-B.CO,Novo Nordisk,Nasdaq Copenhagen,DKK,20260703_185835
2026-07-03 13:03:00+02:00,326.0,326.1499938964844,326.0,326.1499938964844,1127,NOVO-B.CO,Novo Nordisk,Nasdaq Copenhagen,DKK,20260703_185835
2026-07-03 13:04:00+02:00,326.0,326.1499938964844,326.0,326.0,1604,NOVO-B.CO,Novo Nordisk,Nasdaq Copenhagen,DKK,20260703_185835
2026-07-03 13:05:00+02:00,325.95001220703125,326.1000061035156,325.8500061035156,326.0,888,NOVO-B.CO,Novo Nordisk,Nasdaq Copenhagen,DKK,20260703_185835
2026-07-03 13:06:00+02:00,326.0,326.0,325.8999938964844,326.0,374,NOVO-B.CO,Novo Nordisk,Nasdaq Copenhagen,DKK,20260703_185835
2026-07-03 13:07:00+02:00,325.79998779296875,325.95001220703125,325.79998779296875,325.8999938964844,135,NOVO-B.CO,Novo Nordisk,Nasdaq Copenhagen,DKK,20260703_185835
2026-07-03 13:08:00+02:00,325.8500061035156,325.8999938964844,325.75,325.75,860,NOVO-B.CO,Novo Nordisk,Nasdaq Copenhagen,DKK,20260703_185835
2026-07-03 13:09:00+02:00,325.8999938964844,325.8999938964844,325.79998779296875,325.8500061035156,723,NOVO-B.CO,Novo Nordisk,Nasdaq Copenhagen,DKK,20260703_185835
2026-07-03 13:10:00+02:00,325.95001220703125,325.95001220703125,325.95001220703125,325.95001220703125,21,NOVO-B.CO,Novo Nordisk,Nasdaq Copenhagen,DKK,20260703_185835
2026-07-03 13:11:00+02:00,326.1499938964844,326.1499938964844,325.95001220703125,325.95001220703125,5127,NOVO-B.CO,Novo Nordisk,Nasdaq Copenhagen,DKK,20260703_185835
2026-07-03 13:12:00+02:00,326.1499938964844,326.20001220703125,326.1499938964844,326.1499938964844,144,NOVO-B.CO,Novo Nordisk,Nasdaq Copenhagen,DKK,20260703_185835
2026-07-03 13:13:00+02:00,326.1000061035156,326.20001220703125,326.04998779296875,326.20001220703125,721,NOVO-B.CO,Novo Nordisk,Nasdaq Copenhagen,DKK,20260703_185835
2026-07-03 13:14:00+02:00,326.0,326.1000061035156,325.95001220703125,326.0,2726,NOVO-B.CO,Novo Nordisk,Nasdaq Copenhagen,DKK,20260703_185835
2026-07-03 13:15:00+02:00,326.1000061035156,326.1000061035156,325.8500061035156,325.8999938964844,4662,NOVO-B.CO,Novo Nordisk,Nasdaq Copenhagen,DKK,20260703_185835
2026-07-03 13:16:00+02:00,326.04998779296875,326.1000061035156,326.04998779296875,326.1000061035156,623,NOVO-B.CO,Novo Nordisk,Nasdaq Copenhagen,DKK,20260703_185835
2026-07-03 13:17:00+02:00,326.0,326.1000061035156,326.0,326.04998779296875,191,NOVO-B.CO,Novo Nordisk,Nasdaq Copenhagen,DKK,20260703_185835
2026-07-03 13:18:00+02:00,326.1000061035156,326.1000061035156,326.0,326.1000061035156,909,NOVO-B.CO,Novo Nordisk,Nasdaq Copenhagen,DKK,20260703_185835
2026-07-03 13:19:00+02:00,326.0,326.1499938964844,325.95001220703125,326.1000061035156,823,NOVO-B.CO,Novo Nordisk,Nasdaq Copenhagen,DKK,20260703_185835
2026-07-03 13:20:00+02:00,325.75,325.95001220703125,325.75,325.95001220703125,1560,NOVO-B.CO,Novo Nordisk,Nasdaq Copenhagen,DKK,20260703_185835
2026-07-03 13:21:00+02:00,325.75,325.79998779296875,325.70001220703125,325.75,1161,NOVO-B.CO,Novo Nordisk,Nasdaq Copenhagen,DKK,20260703_185835
2026-07-03 13:22:00+02:00,325.79998779296875,325.79998779296875,325.70001220703125,325.79998779296875,1167,NOVO-B.CO,Novo Nordisk,Nasdaq Copenhagen,DKK,20260703_185835
2026-07-03 13:23:00+02:00,325.70001220703125,325.75,325.6499938964844,325.75,1624,NOVO-B.CO,Novo Nordisk,Nasdaq Copenhagen,DKK,20260703_185835
2026-07-03 13:24:00+02:00,325.6499938964844,325.75,325.6499938964844,325.6499938964844,8231,NOVO-B.CO,Novo Nordisk,Nasdaq Copenhagen,DKK,20260703_185835
2026-07-03 13:25:00+02:00,325.6000061035156,325.6499938964844,325.54998779296875,325.6000061035156,2285,NOVO-B.CO,Novo Nordisk,Nasdaq Copenhagen,DKK,20260703_185835
2026-07-03 13:26:00+02:00,325.3999938964844,325.6000061035156,325.3500061035156,325.54998779296875,4143,NOVO-B.CO,Novo Nordisk,Nasdaq Copenhagen,DKK,20260703_185835
2026-07-03 13:27:00+02:00,325.29998779296875,325.3500061035156,325.29998779296875,325.3500061035156,564,NOVO-B.CO,Novo Nordisk,Nasdaq Copenhagen,DKK,20260703_185835
2026-07-03 13:28:00+02:00,325.29998779296875,325.3500061035156,325.25,325.3500061035156,1804,NOVO-B.CO,Novo Nordisk,Nasdaq Copenhagen,DKK,20260703_185835
2026-07-03 13:29:00+02:00,325.20001220703125,325.3500061035156,325.1499938964844,325.29998779296875,7614,NOVO-B.CO,Novo Nordisk,Nasdaq Copenhagen,DKK,20260703_185835
2026-07-03 13:30:00+02:00,325.29998779296875,325.29998779296875,325.25,325.25,1202,NOVO-B.CO,Novo Nordisk,Nasdaq Copenhagen,DKK,20260703_185835
2026-07-03 13:31:00+02:00,325.45001220703125,325.45001220703125,325.29998779296875,325.29998779296875,1084,NOVO-B.CO,Novo Nordisk,Nasdaq Copenhagen,DKK,20260703_185835
2026-07-03 13:32:00+02:00,325.45001220703125,325.45001220703125,325.45001220703125,325.45001220703125,434,NOVO-B.CO,Novo Nordisk,Nasdaq Copenhagen,DKK,20260703_185835
2026-07-03 13:33:00+02:00,325.25,325.45001220703125,325.25,325.45001220703125,1103,NOVO-B.CO,Novo Nordisk,Nasdaq Copenhagen,DKK,20260703_185835
2026-07-03 13:34:00+02:00,325.29998779296875,325.3500061035156,325.29998779296875,325.29998779296875,1146,NOVO-B.CO,Novo Nordisk,Nasdaq Copenhagen,DKK,20260703_185835
2026-07-03 13:35:00+02:00,325.45001220703125,325.5,325.29998779296875,325.29998779296875,1461,NOVO-B.CO,Novo Nordisk,Nasdaq Copenhagen,DKK,20260703_185835
2026-07-03 13:36:00+02:00,325.3500061035156,325.45001220703125,325.3500061035156,325.45001220703125,315,NOVO-B.CO,Novo Nordisk,Nasdaq Copenhagen,DKK,20260703_185835
2026-07-03 13:37:00+02:00,325.3999938964844,325.3999938964844,325.3999938964844,325.3999938964844,284,NOVO-B.CO,Novo Nordisk,Nasdaq Copenhagen,DKK,20260703_185835
2026-07-03 13:38:00+02:00,325.3999938964844,325.45001220703125,325.3999938964844,325.3999938964844,134,NOVO-B.CO,Novo Nordisk,Nasdaq Copenhagen,DKK,20260703_185835
2026-07-03 13:39:00+02:00,325.45001220703125,325.45001220703125,325.45001220703125,325.45001220703125,900,NOVO-B.CO,Novo Nordisk,Nasdaq Copenhagen,DKK,20260703_185835
2026-07-03 13:40:00+02:00,325.45001220703125,325.79998779296875,325.3999938964844,325.45001220703125,3503,NOVO-B.CO,Novo Nordisk,Nasdaq Copenhagen,DKK,20260703_185835
2026-07-03 13:41:00+02:00,325.5,325.5,325.45001220703125,325.45001220703125,984,NOVO-B.CO,Novo Nordisk,Nasdaq Copenhagen,DKK,20260703_185835
2026-07-03 13:42:00+02:00,325.3999938964844,325.3999938964844,325.3999938964844,325.3999938964844,90,NOVO-B.CO,Novo Nordisk,Nasdaq Copenhagen,DKK,20260703_185835
2026-07-03 13:43:00+02:00,325.6000061035156,325.6000061035156,325.5,325.5,1040,NOVO-B.CO,Novo Nordisk,Nasdaq Copenhagen,DKK,20260703_185835
2026-07-03 13:44:00+02:00,325.75,325.75,325.6499938964844,325.6499938964844,741,NOVO-B.CO,Novo Nordisk,Nasdaq Copenhagen,DKK,20260703_185835
2026-07-03 13:45:00+02:00,325.6000061035156,325.75,325.6000061035156,325.70001220703125,1642,NOVO-B.CO,Novo Nordisk,Nasdaq Copenhagen,DKK,20260703_185835
2026-07-03 13:46:00+02:00,325.8999938964844,325.8999938964844,325.70001220703125,325.70001220703125,1118,NOVO-B.CO,Novo Nordisk,Nasdaq Copenhagen,DKK,20260703_185835
2026-07-03 13:47:00+02:00,325.95001220703125,325.95001220703125,325.8999938964844,325.8999938964844,523,NOVO-B.CO,Novo Nordisk,Nasdaq Copenhagen,DKK,20260703_185835
2026-07-03 13:48:00+02:00,325.8999938964844,326.0,325.8500061035156,325.95001220703125,2019,NOVO-B.CO,Novo Nordisk,Nasdaq Copenhagen,DKK,20260703_185835
2026-07-03 13:49:00+02:00,325.8999938964844,325.8999938964844,325.79998779296875,325.79998779296875,241,NOVO-B.CO,Novo Nordisk,Nasdaq Copenhagen,DKK,20260703_185835
2026-07-03 13:50:00+02:00,325.8500061035156,325.8500061035156,325.79998779296875,325.8500061035156,344,NOVO-B.CO,Novo Nordisk,Nasdaq Copenhagen,DKK,20260703_185835
2026-07-03 13:51:00+02:00,325.5,325.79998779296875,325.5,325.79998779296875,4730,NOVO-B.CO,Novo Nordisk,Nasdaq Copenhagen,DKK,20260703_185835
2026-07-03 13:52:00+02:00,325.6000061035156,325.6000061035156,325.54998779296875,325.54998779296875,1117,NOVO-B.CO,Novo Nordisk,Nasdaq Copenhagen,DKK,20260703_185835
2026-07-03 13:53:00+02:00,325.70001220703125,325.70001220703125,325.5,325.5,1453,NOVO-B.CO,Novo Nordisk,Nasdaq Copenhagen,DKK,20260703_185835
2026-07-03 13:54:00+02:00,325.70001220703125,325.70001220703125,325.6000061035156,325.70001220703125,310,NOVO-B.CO,Novo Nordisk,Nasdaq Copenhagen,DKK,20260703_185835
2026-07-03 13:55:00+02:00,325.6499938964844,325.6499938964844,325.6000061035156,325.6499938964844,2205,NOVO-B.CO,Novo Nordisk,Nasdaq Copenhagen,DKK,20260703_185835
2026-07-03 13:56:00+02:00,325.70001220703125,325.70001220703125,325.6000061035156,325.70001220703125,1465,NOVO-B.CO,Novo Nordisk,Nasdaq Copenhagen,DKK,20260703_185835
2026-07-03 13:57:00+02:00,325.79998779296875,325.79998779296875,325.6499938964844,325.6499938964844,639,NOVO-B.CO,Novo Nordisk,Nasdaq Copenhagen,DKK,20260703_185835
2026-07-03 13:58:00+02:00,325.20001220703125,325.8500061035156,325.20001220703125,325.79998779296875,4874,NOVO-B.CO,Novo Nordisk,Nasdaq Copenhagen,DKK,20260703_185835
2026-07-03 13:59:00+02:00,325.29998779296875,325.6499938964844,325.20001220703125,325.25,4652,NOVO-B.CO,Novo Nordisk,Nasdaq Copenhagen,DKK,20260703_185835
2026-07-03 14:00:00+02:00,325.54998779296875,325.54998779296875,325.29998779296875,325.29998779296875,480,NOVO-B.CO,Novo Nordisk,Nasdaq Copenhagen,DKK,20260703_185835
2026-07-03 14:01:00+02:00,325.54998779296875,325.54998779296875,325.45001220703125,325.5,808,NOVO-B.CO,Novo Nordisk,Nasdaq Copenhagen,DKK,20260703_185835
2026-07-03 14:02:00+02:00,325.5,325.54998779296875,325.5,325.54998779296875,157,NOVO-B.CO,Novo Nordisk,Nasdaq Copenhagen,DKK,20260703_185835
2026-07-03 14:03:00+02:00,325.54998779296875,325.6000061035156,325.3999938964844,325.3999938964844,135,NOVO-B.CO,Novo Nordisk,Nasdaq Copenhagen,DKK,20260703_185835
2026-07-03 14:04:00+02:00,325.75,325.75,325.6000061035156,325.6000061035156,650,NOVO-B.CO,Novo Nordisk,Nasdaq Copenhagen,DKK,20260703_185835
2026-07-03 14:05:00+02:00,325.6499938964844,325.8500061035156,325.6000061035156,325.6000061035156,2882,NOVO-B.CO,Novo Nordisk,Nasdaq Copenhagen,DKK,20260703_185835
2026-07-03 14:06:00+02:00,325.5,325.6000061035156,325.3999938964844,325.6000061035156,952,NOVO-B.CO,Novo Nordisk,Nasdaq Copenhagen,DKK,20260703_185835
2026-07-03 14:07:00+02:00,325.5,325.5,325.5,325.5,80,NOVO-B.CO,Novo Nordisk,Nasdaq Copenhagen,DKK,20260703_185835
2026-07-03 14:08:00+02:00,325.25,325.3999938964844,325.1499938964844,325.3999938964844,1288,NOVO-B.CO,Novo Nordisk,Nasdaq Copenhagen,DKK,20260703_185835
2026-07-03 14:09:00+02:00,325.20001220703125,325.25,325.1000061035156,325.25,588,NOVO-B.CO,Novo Nordisk,Nasdaq Copenhagen,DKK,20260703_185835
2026-07-03 14:10:00+02:00,325.29998779296875,325.3500061035156,325.20001220703125,325.25,1324,NOVO-B.CO,Novo Nordisk,Nasdaq Copenhagen,DKK,20260703_185835
2026-07-03 14:11:00+02:00,325.3999938964844,325.3999938964844,325.29998779296875,325.29998779296875,1875,NOVO-B.CO,Novo Nordisk,Nasdaq Copenhagen,DKK,20260703_185835
2026-07-03 14:12:00+02:00,325.3500061035156,325.3500061035156,325.3500061035156,325.3500061035156,556,NOVO-B.CO,Novo Nordisk,Nasdaq Copenhagen,DKK,20260703_185835
2026-07-03 14:13:00+02:00,325.5,325.5,325.45001220703125,325.45001220703125,77,NOVO-B.CO,Novo Nordisk,Nasdaq Copenhagen,DKK,20260703_185835
2026-07-03 14:14:00+02:00,325.5,325.5,325.5,325.5,200,NOVO-B.CO,Novo Nordisk,Nasdaq Copenhagen,DKK,20260703_185835
2026-07-03 14:15:00+02:00,325.54998779296875,325.6499938964844,325.54998779296875,325.6000061035156,2227,NOVO-B.CO,Novo Nordisk,Nasdaq Copenhagen,DKK,20260703_185835
2026-07-03 14:16:00+02:00,325.6000061035156,325.6000061035156,325.3500061035156,325.54998779296875,4618,NOVO-B.CO,Novo Nordisk,Nasdaq Copenhagen,DKK,20260703_185835
2026-07-03 14:17:00+02:00,325.6000061035156,325.6000061035156,325.54998779296875,325.54998779296875,236,NOVO-B.CO,Novo Nordisk,Nasdaq Copenhagen,DKK,20260703_185835
2026-07-03 14:18:00+02:00,325.6000061035156,325.6499938964844,325.6000061035156,325.6499938964844,259,NOVO-B.CO,Novo Nordisk,Nasdaq Copenhagen,DKK,20260703_185835
2026-07-03 14:19:00+02:00,325.70001220703125,325.75,325.6499938964844,325.6499938964844,544,NOVO-B.CO,Novo Nordisk,Nasdaq Copenhagen,DKK,20260703_185835
2026-07-03 14:20:00+02:00,325.54998779296875,325.6499938964844,325.5,325.6499938964844,1638,NOVO-B.CO,Novo Nordisk,Nasdaq Copenhagen,DKK,20260703_185835
2026-07-03 14:21:00+02:00,325.8999938964844,325.8999938964844,325.5,325.5,134,NOVO-B.CO,Novo Nordisk,Nasdaq Copenhagen,DKK,20260703_185835
2026-07-03 14:22:00+02:00,325.75,325.8500061035156,325.75,325.8500061035156,698,NOVO-B.CO,Novo Nordisk,Nasdaq Copenhagen,DKK,20260703_185835
2026-07-03 14:23:00+02:00,325.75,325.8500061035156,325.70001220703125,325.75,571,NOVO-B.CO,Novo Nordisk,Nasdaq Copenhagen,DKK,20260703_185835
2026-07-03 14:24:00+02:00,325.8999938964844,325.8999938964844,325.8500061035156,325.8500061035156,368,NOVO-B.CO,Novo Nordisk,Nasdaq Copenhagen,DKK,20260703_185835
2026-07-03 14:25:00+02:00,326.0,326.0,325.8500061035156,325.8999938964844,1270,NOVO-B.CO,Novo Nordisk,Nasdaq Copenhagen,DKK,20260703_185835
2026-07-03 14:26:00+02:00,325.8999938964844,326.0,325.8999938964844,325.95001220703125,1939,NOVO-B.CO,Novo Nordisk,Nasdaq Copenhagen,DKK,20260703_185835
2026-07-03 14:27:00+02:00,325.54998779296875,325.8500061035156,325.54998779296875,325.8500061035156,1012,NOVO-B.CO,Novo Nordisk,Nasdaq Copenhagen,DKK,20260703_185835
2026-07-03 14:28:00+02:00,325.3999938964844,325.5,325.3500061035156,325.5,3190,NOVO-B.CO,Novo Nordisk,Nasdaq Copenhagen,DKK,20260703_185835
2026-07-03 14:29:00+02:00,325.29998779296875,325.45001220703125,325.29998779296875,325.45001220703125,2312,NOVO-B.CO,Novo Nordisk,Nasdaq Copenhagen,DKK,20260703_185835
2026-07-03 14:30:00+02:00,325.45001220703125,325.45001220703125,325.29998779296875,325.3500061035156,1600,NOVO-B.CO,Novo Nordisk,Nasdaq Copenhagen,DKK,20260703_185835
2026-07-03 14:31:00+02:00,325.3500061035156,325.45001220703125,325.3500061035156,325.45001220703125,389,NOVO-B.CO,Novo Nordisk,Nasdaq Copenhagen,DKK,20260703_185835
2026-07-03 14:32:00+02:00,325.5,325.54998779296875,325.29998779296875,325.3500061035156,1455,NOVO-B.CO,Novo Nordisk,Nasdaq Copenhagen,DKK,20260703_185835
2026-07-03 14:33:00+02:00,325.6499938964844,325.6499938964844,325.5,325.5,371,NOVO-B.CO,Novo Nordisk,Nasdaq Copenhagen,DKK,20260703_185835
2026-07-03 14:34:00+02:00,325.6000061035156,325.6000061035156,325.6000061035156,325.6000061035156,4,NOVO-B.CO,Novo Nordisk,Nasdaq Copenhagen,DKK,20260703_185835
2026-07-03 14:35:00+02:00,325.6000061035156,325.6000061035156,325.6000061035156,325.6000061035156,2,NOVO-B.CO,Novo Nordisk,Nasdaq Copenhagen,DKK,20260703_185835
2026-07-03 14:36:00+02:00,325.70001220703125,325.79998779296875,325.6499938964844,325.6499938964844,535,NOVO-B.CO,Novo Nordisk,Nasdaq Copenhagen,DKK,20260703_185835
2026-07-03 14:37:00+02:00,325.54998779296875,325.75,325.45001220703125,325.75,2160,NOVO-B.CO,Novo Nordisk,Nasdaq Copenhagen,DKK,20260703_185835
2026-07-03 14:38:00+02:00,325.5,325.5,325.5,325.5,3,NOVO-B.CO,Novo Nordisk,Nasdaq Copenhagen,DKK,20260703_185835
2026-07-03 14:39:00+02:00,325.6499938964844,325.6499938964844,325.5,325.5,477,NOVO-B.CO,Novo Nordisk,Nasdaq Copenhagen,DKK,20260703_185835
2026-07-03 14:40:00+02:00,325.6499938964844,325.79998779296875,325.6499938964844,325.75,1345,NOVO-B.CO,Novo Nordisk,Nasdaq Copenhagen,DKK,20260703_185835
2026-07-03 14:41:00+02:00,325.95001220703125,325.95001220703125,325.70001220703125,325.70001220703125,373,NOVO-B.CO,Novo Nordisk,Nasdaq Copenhagen,DKK,20260703_185835
2026-07-03 14:42:00+02:00,325.8500061035156,325.95001220703125,325.8500061035156,325.95001220703125,2364,NOVO-B.CO,Novo Nordisk,Nasdaq Copenhagen,DKK,20260703_185835
2026-07-03 14:43:00+02:00,325.8999938964844,325.8999938964844,325.79998779296875,325.79998779296875,237,NOVO-B.CO,Novo Nordisk,Nasdaq Copenhagen,DKK,20260703_185835
2026-07-03 14:44:00+02:00,325.8500061035156,325.8500061035156,325.8500061035156,325.8500061035156,90,NOVO-B.CO,Novo Nordisk,Nasdaq Copenhagen,DKK,20260703_185835
2026-07-03 14:45:00+02:00,325.75,325.8500061035156,325.75,325.8500061035156,1832,NOVO-B.CO,Novo Nordisk,Nasdaq Copenhagen,DKK,20260703_185835
2026-07-03 14:46:00+02:00,325.75,325.79998779296875,325.6499938964844,325.6499938964844,575,NOVO-B.CO,Novo Nordisk,Nasdaq Copenhagen,DKK,20260703_185835
2026-07-03 14:47:00+02:00,325.79998779296875,325.79998779296875,325.79998779296875,325.79998779296875,600,NOVO-B.CO,Novo Nordisk,Nasdaq Copenhagen,DKK,20260703_185835
2026-07-03 14:48:00+02:00,325.95001220703125,326.0,325.8999938964844,325.8999938964844,1127,NOVO-B.CO,Novo Nordisk,Nasdaq Copenhagen,DKK,20260703_185835
2026-07-03 14:49:00+02:00,326.1499938964844,326.20001220703125,326.0,326.0,8224,NOVO-B.CO,Novo Nordisk,Nasdaq Copenhagen,DKK,20260703_185835
2026-07-03 14:50:00+02:00,325.8500061035156,326.20001220703125,325.8500061035156,326.1499938964844,2518,NOVO-B.CO,Novo Nordisk,Nasdaq Copenhagen,DKK,20260703_185835
2026-07-03 14:51:00+02:00,325.75,325.95001220703125,325.75,325.8999938964844,2414,NOVO-B.CO,Novo Nordisk,Nasdaq Copenhagen,DKK,20260703_185835
2026-07-03 14:52:00+02:00,325.75,325.75,325.6499938964844,325.6499938964844,198,NOVO-B.CO,Novo Nordisk,Nasdaq Copenhagen,DKK,20260703_185835
2026-07-03 14:53:00+02:00,325.75,325.75,325.6000061035156,325.6000061035156,431,NOVO-B.CO,Novo Nordisk,Nasdaq Copenhagen,DKK,20260703_185835
2026-07-03 14:54:00+02:00,325.5,325.6499938964844,325.5,325.6000061035156,7999,NOVO-B.CO,Novo Nordisk,Nasdaq Copenhagen,DKK,20260703_185835
2026-07-03 14:55:00+02:00,325.3999938964844,325.45001220703125,325.3999938964844,325.45001220703125,469,NOVO-B.CO,Novo Nordisk,Nasdaq Copenhagen,DKK,20260703_185835
2026-07-03 14:56:00+02:00,325.3500061035156,325.3999938964844,325.29998779296875,325.3999938964844,1923,NOVO-B.CO,Novo Nordisk,Nasdaq Copenhagen,DKK,20260703_185835
2026-07-03 14:57:00+02:00,325.25,325.29998779296875,325.25,325.25,17,NOVO-B.CO,Novo Nordisk,Nasdaq Copenhagen,DKK,20260703_185835
2026-07-03 14:58:00+02:00,325.25,325.25,324.79998779296875,325.25,50756,NOVO-B.CO,Novo Nordisk,Nasdaq Copenhagen,DKK,20260703_185835
2026-07-03 14:59:00+02:00,325.1000061035156,325.20001220703125,325.1000061035156,325.1499938964844,339,NOVO-B.CO,Novo Nordisk,Nasdaq Copenhagen,DKK,20260703_185835
2026-07-03 15:00:00+02:00,325.1499938964844,325.20001220703125,325.1499938964844,325.20001220703125,153,NOVO-B.CO,Novo Nordisk,Nasdaq Copenhagen,DKK,20260703_185835
2026-07-03 15:01:00+02:00,325.1499938964844,325.3999938964844,325.1000061035156,325.29998779296875,1197,NOVO-B.CO,Novo Nordisk,Nasdaq Copenhagen,DKK,20260703_185835
2026-07-03 15:02:00+02:00,325.1000061035156,325.1000061035156,325.1000061035156,325.1000061035156,53,NOVO-B.CO,Novo Nordisk,Nasdaq Copenhagen,DKK,20260703_185835
2026-07-03 15:03:00+02:00,325.1000061035156,325.1000061035156,325.1000061035156,325.1000061035156,119,NOVO-B.CO,Novo Nordisk,Nasdaq Copenhagen,DKK,20260703_185835
2026-07-03 15:04:00+02:00,325.04998779296875,325.25,325.0,325.1000061035156,3750,NOVO-B.CO,Novo Nordisk,Nasdaq Copenhagen,DKK,20260703_185835
2026-07-03 15:05:00+02:00,325.1499938964844,325.1499938964844,325.0,325.0,303,NOVO-B.CO,Novo Nordisk,Nasdaq Copenhagen,DKK,20260703_185835
2026-07-03 15:06:00+02:00,325.5,325.5,325.20001220703125,325.25,2014,NOVO-B.CO,Novo Nordisk,Nasdaq Copenhagen,DKK,20260703_185835
2026-07-03 15:07:00+02:00,325.6000061035156,325.6000061035156,325.5,325.54998779296875,451,NOVO-B.CO,Novo Nordisk,Nasdaq Copenhagen,DKK,20260703_185835
2026-07-03 15:08:00+02:00,325.6000061035156,325.6000061035156,325.54998779296875,325.54998779296875,83,NOVO-B.CO,Novo Nordisk,Nasdaq Copenhagen,DKK,20260703_185835
2026-07-03 15:09:00+02:00,325.5,325.54998779296875,325.5,325.54998779296875,954,NOVO-B.CO,Novo Nordisk,Nasdaq Copenhagen,DKK,20260703_185835
2026-07-03 15:10:00+02:00,325.54998779296875,325.54998779296875,325.54998779296875,325.54998779296875,781,NOVO-B.CO,Novo Nordisk,Nasdaq Copenhagen,DKK,20260703_185835
2026-07-03 15:11:00+02:00,325.5,325.54998779296875,325.5,325.5,314,NOVO-B.CO,Novo Nordisk,Nasdaq Copenhagen,DKK,20260703_185835
2026-07-03 15:12:00+02:00,325.6000061035156,325.6000061035156,325.6000061035156,325.6000061035156,1130,NOVO-B.CO,Novo Nordisk,Nasdaq Copenhagen,DKK,20260703_185835
2026-07-03 15:13:00+02:00,325.3999938964844,325.54998779296875,325.3500061035156,325.54998779296875,2698,NOVO-B.CO,Novo Nordisk,Nasdaq Copenhagen,DKK,20260703_185835
2026-07-03 15:14:00+02:00,325.54998779296875,325.54998779296875,325.5,325.5,1188,NOVO-B.CO,Novo Nordisk,Nasdaq Copenhagen,DKK,20260703_185835
2026-07-03 15:15:00+02:00,325.70001220703125,325.79998779296875,325.6000061035156,325.6000061035156,6465,NOVO-B.CO,Novo Nordisk,Nasdaq Copenhagen,DKK,20260703_185835
2026-07-03 15:16:00+02:00,325.6000061035156,325.70001220703125,325.54998779296875,325.70001220703125,2698,NOVO-B.CO,Novo Nordisk,Nasdaq Copenhagen,DKK,20260703_185835
2026-07-03 15:17:00+02:00,325.5,325.54998779296875,325.5,325.54998779296875,1208,NOVO-B.CO,Novo Nordisk,Nasdaq Copenhagen,DKK,20260703_185835
2026-07-03 15:18:00+02:00,325.54998779296875,325.54998779296875,325.45001220703125,325.54998779296875,2369,NOVO-B.CO,Novo Nordisk,Nasdaq Copenhagen,DKK,20260703_185835
2026-07-03 15:19:00+02:00,325.70001220703125,325.70001220703125,325.54998779296875,325.54998779296875,1004,NOVO-B.CO,Novo Nordisk,Nasdaq Copenhagen,DKK,20260703_185835
2026-07-03 15:20:00+02:00,326.1499938964844,326.1499938964844,325.70001220703125,325.70001220703125,3106,NOVO-B.CO,Novo Nordisk,Nasdaq Copenhagen,DKK,20260703_185835
2026-07-03 15:21:00+02:00,326.1499938964844,326.1499938964844,326.1000061035156,326.1499938964844,990,NOVO-B.CO,Novo Nordisk,Nasdaq Copenhagen,DKK,20260703_185835
2026-07-03 15:22:00+02:00,325.8999938964844,326.20001220703125,325.8999938964844,326.1499938964844,5310,NOVO-B.CO,Novo Nordisk,Nasdaq Copenhagen,DKK,20260703_185835
2026-07-03 15:23:00+02:00,325.8999938964844,326.0,325.8999938964844,325.95001220703125,1109,NOVO-B.CO,Novo Nordisk,Nasdaq Copenhagen,DKK,20260703_185835
2026-07-03 15:24:00+02:00,325.8999938964844,325.8999938964844,325.8999938964844,325.8999938964844,122,NOVO-B.CO,Novo Nordisk,Nasdaq Copenhagen,DKK,20260703_185835
2026-07-03 15:25:00+02:00,326.04998779296875,326.04998779296875,326.0,326.0,1362,NOVO-B.CO,Novo Nordisk,Nasdaq Copenhagen,DKK,20260703_185835
2026-07-03 15:26:00+02:00,326.04998779296875,326.04998779296875,326.04998779296875,326.04998779296875,5,NOVO-B.CO,Novo Nordisk,Nasdaq Copenhagen,DKK,20260703_185835
2026-07-03 15:27:00+02:00,325.95001220703125,326.04998779296875,325.95001220703125,326.04998779296875,1588,NOVO-B.CO,Novo Nordisk,Nasdaq Copenhagen,DKK,20260703_185835
2026-07-03 15:28:00+02:00,326.1000061035156,326.1000061035156,326.0,326.0,1010,NOVO-B.CO,Novo Nordisk,Nasdaq Copenhagen,DKK,20260703_185835
2026-07-03 15:29:00+02:00,325.8999938964844,326.1000061035156,325.8999938964844,326.04998779296875,3676,NOVO-B.CO,Novo Nordisk,Nasdaq Copenhagen,DKK,20260703_185835
2026-07-03 15:30:00+02:00,325.75,325.95001220703125,325.70001220703125,325.8500061035156,3968,NOVO-B.CO,Novo Nordisk,Nasdaq Copenhagen,DKK,20260703_185835
2026-07-03 15:31:00+02:00,325.8500061035156,326.0,325.79998779296875,325.79998779296875,1029,NOVO-B.CO,Novo Nordisk,Nasdaq Copenhagen,DKK,20260703_185835
2026-07-03 15:32:00+02:00,325.75,325.8500061035156,325.70001220703125,325.8500061035156,3183,NOVO-B.CO,Novo Nordisk,Nasdaq Copenhagen,DKK,20260703_185835
2026-07-03 15:33:00+02:00,325.79998779296875,325.79998779296875,325.70001220703125,325.70001220703125,703,NOVO-B.CO,Novo Nordisk,Nasdaq Copenhagen,DKK,20260703_185835
2026-07-03 15:34:00+02:00,325.8500061035156,325.8500061035156,325.79998779296875,325.79998779296875,1448,NOVO-B.CO,Novo Nordisk,Nasdaq Copenhagen,DKK,20260703_185835
2026-07-03 15:35:00+02:00,326.0,326.0,325.8999938964844,325.8999938964844,854,NOVO-B.CO,Novo Nordisk,Nasdaq Copenhagen,DKK,20260703_185835
2026-07-03 15:36:00+02:00,326.04998779296875,326.1499938964844,325.95001220703125,326.0,3325,NOVO-B.CO,Novo Nordisk,Nasdaq Copenhagen,DKK,20260703_185835
2026-07-03 15:37:00+02:00,326.04998779296875,326.1499938964844,326.0,326.04998779296875,2942,NOVO-B.CO,Novo Nordisk,Nasdaq Copenhagen,DKK,20260703_185835
2026-07-03 15:38:00+02:00,326.0,326.04998779296875,326.0,326.04998779296875,1632,NOVO-B.CO,Novo Nordisk,Nasdaq Copenhagen,DKK,20260703_185835
2026-07-03 15:39:00+02:00,326.04998779296875,326.04998779296875,326.04998779296875,326.04998779296875,504,NOVO-B.CO,Novo Nordisk,Nasdaq Copenhagen,DKK,20260703_185835
2026-07-03 15:40:00+02:00,325.6499938964844,326.0,325.5,326.0,6340,NOVO-B.CO,Novo Nordisk,Nasdaq Copenhagen,DKK,20260703_185835
2026-07-03 15:41:00+02:00,325.8500061035156,325.95001220703125,325.70001220703125,325.70001220703125,1027,NOVO-B.CO,Novo Nordisk,Nasdaq Copenhagen,DKK,20260703_185835
2026-07-03 15:42:00+02:00,326.20001220703125,326.20001220703125,325.95001220703125,325.95001220703125,919,NOVO-B.CO,Novo Nordisk,Nasdaq Copenhagen,DKK,20260703_185835
2026-07-03 15:43:00+02:00,326.29998779296875,326.29998779296875,326.25,326.25,748,NOVO-B.CO,Novo Nordisk,Nasdaq Copenhagen,DKK,20260703_185835
2026-07-03 15:44:00+02:00,326.29998779296875,326.3500061035156,326.29998779296875,326.29998779296875,429,NOVO-B.CO,Novo Nordisk,Nasdaq Copenhagen,DKK,20260703_185835
2026-07-03 15:45:00+02:00,326.5,326.5,326.3500061035156,326.3500061035156,1264,NOVO-B.CO,Novo Nordisk,Nasdaq Copenhagen,DKK,20260703_185835
2026-07-03 15:46:00+02:00,326.6000061035156,326.6000061035156,326.5,326.5,888,NOVO-B.CO,Novo Nordisk,Nasdaq Copenhagen,DKK,20260703_185835
2026-07-03 15:47:00+02:00,326.6000061035156,326.70001220703125,326.6000061035156,326.6499938964844,8317,NOVO-B.CO,Novo Nordisk,Nasdaq Copenhagen,DKK,20260703_185835
2026-07-03 15:48:00+02:00,326.29998779296875,326.5,326.25,326.5,6974,NOVO-B.CO,Novo Nordisk,Nasdaq Copenhagen,DKK,20260703_185835
2026-07-03 15:49:00+02:00,326.20001220703125,326.25,326.20001220703125,326.25,467,NOVO-B.CO,Novo Nordisk,Nasdaq Copenhagen,DKK,20260703_185835
2026-07-03 15:50:00+02:00,326.29998779296875,326.29998779296875,326.20001220703125,326.20001220703125,5977,NOVO-B.CO,Novo Nordisk,Nasdaq Copenhagen,DKK,20260703_185835
2026-07-03 15:51:00+02:00,326.25,326.25,326.20001220703125,326.20001220703125,12377,NOVO-B.CO,Novo Nordisk,Nasdaq Copenhagen,DKK,20260703_185835
2026-07-03 15:52:00+02:00,326.0,326.20001220703125,326.0,326.20001220703125,35964,NOVO-B.CO,Novo Nordisk,Nasdaq Copenhagen,DKK,20260703_185835
2026-07-03 15:53:00+02:00,326.1499938964844,326.1499938964844,326.04998779296875,326.04998779296875,1416,NOVO-B.CO,Novo Nordisk,Nasdaq Copenhagen,DKK,20260703_185835
2026-07-03 15:54:00+02:00,326.1000061035156,326.20001220703125,326.1000061035156,326.20001220703125,142,NOVO-B.CO,Novo Nordisk,Nasdaq Copenhagen,DKK,20260703_185835
2026-07-03 15:55:00+02:00,326.1000061035156,326.1000061035156,326.04998779296875,326.1000061035156,1726,NOVO-B.CO,Novo Nordisk,Nasdaq Copenhagen,DKK,20260703_185835
2026-07-03 15:56:00+02:00,326.3500061035156,326.3500061035156,326.1000061035156,326.1000061035156,1430,NOVO-B.CO,Novo Nordisk,Nasdaq Copenhagen,DKK,20260703_185835
2026-07-03 15:57:00+02:00,326.3500061035156,326.3500061035156,326.29998779296875,326.29998779296875,169,NOVO-B.CO,Novo Nordisk,Nasdaq Copenhagen,DKK,20260703_185835
2026-07-03 15:58:00+02:00,326.20001220703125,326.29998779296875,326.20001220703125,326.29998779296875,275,NOVO-B.CO,Novo Nordisk,Nasdaq Copenhagen,DKK,20260703_185835
2026-07-03 15:59:00+02:00,326.3500061035156,326.3500061035156,326.29998779296875,326.29998779296875,825,NOVO-B.CO,Novo Nordisk,Nasdaq Copenhagen,DKK,20260703_185835
2026-07-03 16:00:00+02:00,326.5,326.54998779296875,326.29998779296875,326.29998779296875,2057,NOVO-B.CO,Novo Nordisk,Nasdaq Copenhagen,DKK,20260703_185835
2026-07-03 16:01:00+02:00,326.20001220703125,326.5,326.1499938964844,326.5,2460,NOVO-B.CO,Novo Nordisk,Nasdaq Copenhagen,DKK,20260703_185835
2026-07-03 16:02:00+02:00,326.20001220703125,326.20001220703125,326.1000061035156,326.1499938964844,1295,NOVO-B.CO,Novo Nordisk,Nasdaq Copenhagen,DKK,20260703_185835
2026-07-03 16:03:00+02:00,326.3999938964844,326.3999938964844,326.25,326.25,50,NOVO-B.CO,Novo Nordisk,Nasdaq Copenhagen,DKK,20260703_185835
2026-07-03 16:04:00+02:00,326.3999938964844,326.3999938964844,326.25,326.29998779296875,1426,NOVO-B.CO,Novo Nordisk,Nasdaq Copenhagen,DKK,20260703_185835
2026-07-03 16:05:00+02:00,326.3999938964844,326.45001220703125,326.3999938964844,326.45001220703125,11,NOVO-B.CO,Novo Nordisk,Nasdaq Copenhagen,DKK,20260703_185835
2026-07-03 16:06:00+02:00,326.29998779296875,326.3999938964844,326.20001220703125,326.3999938964844,1466,NOVO-B.CO,Novo Nordisk,Nasdaq Copenhagen,DKK,20260703_185835
2026-07-03 16:07:00+02:00,326.20001220703125,326.25,326.20001220703125,326.25,560,NOVO-B.CO,Novo Nordisk,Nasdaq Copenhagen,DKK,20260703_185835
2026-07-03 16:08:00+02:00,326.1499938964844,326.25,326.1499938964844,326.20001220703125,1044,NOVO-B.CO,Novo Nordisk,Nasdaq Copenhagen,DKK,20260703_185835
2026-07-03 16:09:00+02:00,326.29998779296875,326.3500061035156,326.25,326.29998779296875,982,NOVO-B.CO,Novo Nordisk,Nasdaq Copenhagen,DKK,20260703_185835
2026-07-03 16:10:00+02:00,326.45001220703125,326.45001220703125,326.25,326.29998779296875,916,NOVO-B.CO,Novo Nordisk,Nasdaq Copenhagen,DKK,20260703_185835
2026-07-03 16:11:00+02:00,326.3500061035156,326.45001220703125,326.3500061035156,326.45001220703125,737,NOVO-B.CO,Novo Nordisk,Nasdaq Copenhagen,DKK,20260703_185835
2026-07-03 16:12:00+02:00,326.3999938964844,326.3999938964844,326.3500061035156,326.3500061035156,60,NOVO-B.CO,Novo Nordisk,Nasdaq Copenhagen,DKK,20260703_185835
2026-07-03 16:13:00+02:00,326.1000061035156,326.3500061035156,325.95001220703125,326.3500061035156,5800,NOVO-B.CO,Novo Nordisk,Nasdaq Copenhagen,DKK,20260703_185835
2026-07-03 16:14:00+02:00,325.95001220703125,326.0,325.8999938964844,326.0,918,NOVO-B.CO,Novo Nordisk,Nasdaq Copenhagen,DKK,20260703_185835
2026-07-03 16:15:00+02:00,326.0,326.0,325.8999938964844,325.95001220703125,886,NOVO-B.CO,Novo Nordisk,Nasdaq Copenhagen,DKK,20260703_185835
2026-07-03 16:16:00+02:00,326.04998779296875,326.1499938964844,325.95001220703125,326.04998779296875,9709,NOVO-B.CO,Novo Nordisk,Nasdaq Copenhagen,DKK,20260703_185835
2026-07-03 16:17:00+02:00,326.04998779296875,326.04998779296875,325.95001220703125,326.04998779296875,2537,NOVO-B.CO,Novo Nordisk,Nasdaq Copenhagen,DKK,20260703_185835
2026-07-03 16:18:00+02:00,326.0,326.1499938964844,326.0,326.1499938964844,754,NOVO-B.CO,Novo Nordisk,Nasdaq Copenhagen,DKK,20260703_185835
2026-07-03 16:19:00+02:00,326.0,326.25,326.0,326.1000061035156,1498,NOVO-B.CO,Novo Nordisk,Nasdaq Copenhagen,DKK,20260703_185835
2026-07-03 16:20:00+02:00,326.0,326.0,325.8999938964844,325.95001220703125,1390,NOVO-B.CO,Novo Nordisk,Nasdaq Copenhagen,DKK,20260703_185835
2026-07-03 16:21:00+02:00,325.79998779296875,326.0,325.79998779296875,326.0,688,NOVO-B.CO,Novo Nordisk,Nasdaq Copenhagen,DKK,20260703_185835
2026-07-03 16:22:00+02:00,325.75,325.8500061035156,325.70001220703125,325.79998779296875,1003,NOVO-B.CO,Novo Nordisk,Nasdaq Copenhagen,DKK,20260703_185835
2026-07-03 16:23:00+02:00,325.75,325.75,325.75,325.75,745,NOVO-B.CO,Novo Nordisk,Nasdaq Copenhagen,DKK,20260703_185835
2026-07-03 16:24:00+02:00,325.6499938964844,325.75,325.6499938964844,325.75,813,NOVO-B.CO,Novo Nordisk,Nasdaq Copenhagen,DKK,20260703_185835
2026-07-03 16:25:00+02:00,325.75,325.75,325.6499938964844,325.6499938964844,230,NOVO-B.CO,Novo Nordisk,Nasdaq Copenhagen,DKK,20260703_185835
2026-07-03 16:26:00+02:00,325.6000061035156,325.70001220703125,325.6000061035156,325.70001220703125,299,NOVO-B.CO,Novo Nordisk,Nasdaq Copenhagen,DKK,20260703_185835
2026-07-03 16:27:00+02:00,325.75,325.75,325.6499938964844,325.6499938964844,1780,NOVO-B.CO,Novo Nordisk,Nasdaq Copenhagen,DKK,20260703_185835
2026-07-03 16:28:00+02:00,325.95001220703125,325.95001220703125,325.79998779296875,325.79998779296875,646,NOVO-B.CO,Novo Nordisk,Nasdaq Copenhagen,DKK,20260703_185835
2026-07-03 16:29:00+02:00,325.6499938964844,325.8999938964844,325.6499938964844,325.8999938964844,5416,NOVO-B.CO,Novo Nordisk,Nasdaq Copenhagen,DKK,20260703_185835
2026-07-03 16:30:00+02:00,325.8500061035156,325.8500061035156,325.6499938964844,325.75,1600,NOVO-B.CO,Novo Nordisk,Nasdaq Copenhagen,DKK,20260703_185835
2026-07-03 16:31:00+02:00,326.1499938964844,326.1499938964844,325.70001220703125,325.79998779296875,4571,NOVO-B.CO,Novo Nordisk,Nasdaq Copenhagen,DKK,20260703_185835
2026-07-03 16:32:00+02:00,326.1000061035156,326.20001220703125,326.1000061035156,326.1499938964844,4331,NOVO-B.CO,Novo Nordisk,Nasdaq Copenhagen,DKK,20260703_185835
2026-07-03 16:33:00+02:00,326.04998779296875,326.1000061035156,326.0,326.1000061035156,788,NOVO-B.CO,Novo Nordisk,Nasdaq Copenhagen,DKK,20260703_185835
2026-07-03 16:34:00+02:00,325.75,325.95001220703125,325.6000061035156,325.95001220703125,3573,NOVO-B.CO,Novo Nordisk,Nasdaq Copenhagen,DKK,20260703_185835
2026-07-03 16:35:00+02:00,325.6499938964844,325.8500061035156,325.6499938964844,325.8500061035156,3644,NOVO-B.CO,Novo Nordisk,Nasdaq Copenhagen,DKK,20260703_185835
2026-07-03 16:36:00+02:00,325.29998779296875,325.6499938964844,325.29998779296875,325.6499938964844,5375,NOVO-B.CO,Novo Nordisk,Nasdaq Copenhagen,DKK,20260703_185835
2026-07-03 16:37:00+02:00,325.25,325.25,325.1499938964844,325.20001220703125,755,NOVO-B.CO,Novo Nordisk,Nasdaq Copenhagen,DKK,20260703_185835
2026-07-03 16:38:00+02:00,325.3999938964844,325.3999938964844,325.25,325.25,2506,NOVO-B.CO,Novo Nordisk,Nasdaq Copenhagen,DKK,20260703_185835
2026-07-03 16:39:00+02:00,325.29998779296875,325.3999938964844,325.29998779296875,325.3999938964844,656,NOVO-B.CO,Novo Nordisk,Nasdaq Copenhagen,DKK,20260703_185835
2026-07-03 16:40:00+02:00,325.29998779296875,325.3500061035156,325.25,325.3500061035156,2131,NOVO-B.CO,Novo Nordisk,Nasdaq Copenhagen,DKK,20260703_185835
2026-07-03 16:41:00+02:00,325.3999938964844,325.45001220703125,325.3999938964844,325.3999938964844,1074,NOVO-B.CO,Novo Nordisk,Nasdaq Copenhagen,DKK,20260703_185835
2026-07-03 16:42:00+02:00,325.29998779296875,325.5,325.29998779296875,325.5,818,NOVO-B.CO,Novo Nordisk,Nasdaq Copenhagen,DKK,20260703_185835
2026-07-03 16:43:00+02:00,325.3999938964844,325.3999938964844,325.29998779296875,325.29998779296875,431,NOVO-B.CO,Novo Nordisk,Nasdaq Copenhagen,DKK,20260703_185835
2026-07-03 16:44:00+02:00,325.45001220703125,325.45001220703125,325.29998779296875,325.45001220703125,3894,NOVO-B.CO,Novo Nordisk,Nasdaq Copenhagen,DKK,20260703_185835
2026-07-03 16:45:00+02:00,325.54998779296875,325.54998779296875,325.29998779296875,325.45001220703125,2721,NOVO-B.CO,Novo Nordisk,Nasdaq Copenhagen,DKK,20260703_185835
2026-07-03 16:46:00+02:00,325.6000061035156,325.6499938964844,325.6000061035156,325.6000061035156,501,NOVO-B.CO,Novo Nordisk,Nasdaq Copenhagen,DKK,20260703_185835
2026-07-03 16:47:00+02:00,325.70001220703125,325.79998779296875,325.54998779296875,325.6000061035156,1749,NOVO-B.CO,Novo Nordisk,Nasdaq Copenhagen,DKK,20260703_185835
2026-07-03 16:48:00+02:00,325.75,325.79998779296875,325.70001220703125,325.70001220703125,711,NOVO-B.CO,Novo Nordisk,Nasdaq Copenhagen,DKK,20260703_185835
2026-07-03 16:49:00+02:00,325.6499938964844,325.79998779296875,325.6499938964844,325.75,2211,NOVO-B.CO,Novo Nordisk,Nasdaq Copenhagen,DKK,20260703_185835
2026-07-03 16:50:00+02:00,325.54998779296875,325.8500061035156,325.54998779296875,325.70001220703125,1326,NOVO-B.CO,Novo Nordisk,Nasdaq Copenhagen,DKK,20260703_185835
2026-07-03 16:51:00+02:00,325.70001220703125,325.70001220703125,325.5,325.54998779296875,3274,NOVO-B.CO,Novo Nordisk,Nasdaq Copenhagen,DKK,20260703_185835
2026-07-03 16:52:00+02:00,325.70001220703125,325.75,325.54998779296875,325.6499938964844,3398,NOVO-B.CO,Novo Nordisk,Nasdaq Copenhagen,DKK,20260703_185835
2026-07-03 16:53:00+02:00,325.8500061035156,325.8999938964844,325.70001220703125,325.70001220703125,4141,NOVO-B.CO,Novo Nordisk,Nasdaq Copenhagen,DKK,20260703_185835
2026-07-03 16:54:00+02:00,326.1000061035156,326.1000061035156,325.79998779296875,325.8500061035156,12169,NOVO-B.CO,Novo Nordisk,Nasdaq Copenhagen,DKK,20260703_185835
2026-07-03 16:59:00+02:00,326.8999938964844,326.8999938964844,326.8999938964844,326.8999938964844,790994,NOVO-B.CO,Novo Nordisk,Nasdaq Copenhagen,DKK,20260703_185835
2026-07-03 09:00:00+02:00,330.20001220703125,330.75,329.6499938964844,330.0,0,NOVO-B.CO,Novo Nordisk,Nasdaq Copenhagen,DKK,20260703_201245
2026-07-03 09:01:00+02:00,329.1000061035156,330.0,329.1000061035156,330.0,25999,NOVO-B.CO,Novo Nordisk,Nasdaq Copenhagen,DKK,20260703_201245
2026-07-03 09:02:00+02:00,328.45001220703125,329.25,328.1499938964844,329.20001220703125,30514,NOVO-B.CO,Novo Nordisk,Nasdaq Copenhagen,DKK,20260703_201245
2026-07-03 09:03:00+02:00,328.3999938964844,329.04998779296875,328.25,328.3500061035156,11869,NOVO-B.CO,Novo Nordisk,Nasdaq Copenhagen,DKK,20260703_201245
2026-07-03 09:04:00+02:00,328.04998779296875,328.45001220703125,327.75,328.45001220703125,12872,NOVO-B.CO,Novo Nordisk,Nasdaq Copenhagen,DKK,20260703_201245
2026-07-03 09:05:00+02:00,327.8500061035156,328.3500061035156,327.3999938964844,328.0,17825,NOVO-B.CO,Novo Nordisk,Nasdaq Copenhagen,DKK,20260703_201245
2026-07-03 09:06:00+02:00,327.29998779296875,328.25,327.29998779296875,327.79998779296875,10973,NOVO-B.CO,Novo Nordisk,Nasdaq Copenhagen,DKK,20260703_201245
2026-07-03 09:07:00+02:00,326.6000061035156,327.25,326.0,327.25,26614,NOVO-B.CO,Novo Nordisk,Nasdaq Copenhagen,DKK,20260703_201245
2026-07-03 09:08:00+02:00,327.04998779296875,327.1499938964844,326.6000061035156,326.6000061035156,7380,NOVO-B.CO,Novo Nordisk,Nasdaq Copenhagen,DKK,20260703_201245
2026-07-03 09:09:00+02:00,327.8999938964844,327.95001220703125,327.1000061035156,327.25,16717,NOVO-B.CO,Novo Nordisk,Nasdaq Copenhagen,DKK,20260703_201245
2026-07-03 09:10:00+02:00,327.3999938964844,328.0,327.3999938964844,327.95001220703125,26013,NOVO-B.CO,Novo Nordisk,Nasdaq Copenhagen,DKK,20260703_201245
2026-07-03 09:11:00+02:00,327.0,327.25,326.8999938964844,327.25,14281,NOVO-B.CO,Novo Nordisk,Nasdaq Copenhagen,DKK,20260703_201245
2026-07-03 09:12:00+02:00,327.0,327.1499938964844,326.8500061035156,327.04998779296875,4786,NOVO-B.CO,Novo Nordisk,Nasdaq Copenhagen,DKK,20260703_201245
2026-07-03 09:13:00+02:00,327.54998779296875,327.6499938964844,327.0,327.0,7567,NOVO-B.CO,Novo Nordisk,Nasdaq Copenhagen,DKK,20260703_201245
2026-07-03 09:14:00+02:00,327.6000061035156,327.79998779296875,327.3500061035156,327.54998779296875,9889,NOVO-B.CO,Novo Nordisk,Nasdaq Copenhagen,DKK,20260703_201245
2026-07-03 09:15:00+02:00,327.70001220703125,328.1000061035156,327.54998779296875,327.70001220703125,31110,NOVO-B.CO,Novo Nordisk,Nasdaq Copenhagen,DKK,20260703_201245
2026-07-03 09:16:00+02:00,327.8500061035156,328.0,327.6499938964844,327.70001220703125,5448,NOVO-B.CO,Novo Nordisk,Nasdaq Copenhagen,DKK,20260703_201245
2026-07-03 09:17:00+02:00,327.70001220703125,327.95001220703125,327.54998779296875,327.8500061035156,10407,NOVO-B.CO,Novo Nordisk,Nasdaq Copenhagen,DKK,20260703_201245
2026-07-03 09:18:00+02:00,327.3999938964844,327.8500061035156,327.3999938964844,327.75,9642,NOVO-B.CO,Novo Nordisk,Nasdaq Copenhagen,DKK,20260703_201245
2026-07-03 09:19:00+02:00,327.3999938964844,327.6000061035156,327.29998779296875,327.3999938964844,9536,NOVO-B.CO,Novo Nordisk,Nasdaq Copenhagen,DKK,20260703_201245
2026-07-03 09:20:00+02:00,327.54998779296875,327.6499938964844,327.45001220703125,327.5,5441,NOVO-B.CO,Novo Nordisk,Nasdaq Copenhagen,DKK,20260703_201245
2026-07-03 09:21:00+02:00,327.8500061035156,328.0,327.6000061035156,327.6000061035156,2251,NOVO-B.CO,Novo Nordisk,Nasdaq Copenhagen,DKK,20260703_201245
2026-07-03 09:22:00+02:00,327.54998779296875,328.0,327.54998779296875,327.79998779296875,9673,NOVO-B.CO,Novo Nordisk,Nasdaq Copenhagen,DKK,20260703_201245
2026-07-03 09:23:00+02:00,327.70001220703125,328.0,327.3500061035156,327.5,21964,NOVO-B.CO,Novo Nordisk,Nasdaq Copenhagen,DKK,20260703_201245
2026-07-03 09:24:00+02:00,327.79998779296875,328.1000061035156,327.6000061035156,327.79998779296875,12123,NOVO-B.CO,Novo Nordisk,Nasdaq Copenhagen,DKK,20260703_201245
2026-07-03 09:25:00+02:00,327.8999938964844,327.95001220703125,327.6000061035156,327.75,6079,NOVO-B.CO,Novo Nordisk,Nasdaq Copenhagen,DKK,20260703_201245
2026-07-03 09:26:00+02:00,328.5,328.5,327.8999938964844,327.8999938964844,7472,NOVO-B.CO,Novo Nordisk,Nasdaq Copenhagen,DKK,20260703_201245
2026-07-03 09:27:00+02:00,328.45001220703125,328.6499938964844,328.3999938964844,328.54998779296875,6879,NOVO-B.CO,Novo Nordisk,Nasdaq Copenhagen,DKK,20260703_201245
2026-07-03 09:28:00+02:00,328.3999938964844,328.5,328.3999938964844,328.3999938964844,3648,NOVO-B.CO,Novo Nordisk,Nasdaq Copenhagen,DKK,20260703_201245
2026-07-03 09:29:00+02:00,328.29998779296875,328.45001220703125,328.25,328.3500061035156,5927,NOVO-B.CO,Novo Nordisk,Nasdaq Copenhagen,DKK,20260703_201245
2026-07-03 09:30:00+02:00,328.29998779296875,328.3500061035156,328.20001220703125,328.25,7494,NOVO-B.CO,Novo Nordisk,Nasdaq Copenhagen,DKK,20260703_201245
2026-07-03 09:31:00+02:00,328.1499938964844,328.29998779296875,328.1000061035156,328.1499938964844,13236,NOVO-B.CO,Novo Nordisk,Nasdaq Copenhagen,DKK,20260703_201245
2026-07-03 09:32:00+02:00,328.3999938964844,328.45001220703125,328.20001220703125,328.20001220703125,3361,NOVO-B.CO,Novo Nordisk,Nasdaq Copenhagen,DKK,20260703_201245
2026-07-03 09:33:00+02:00,328.79998779296875,328.79998779296875,328.45001220703125,328.45001220703125,1808,NOVO-B.CO,Novo Nordisk,Nasdaq Copenhagen,DKK,20260703_201245
2026-07-03 09:34:00+02:00,328.6499938964844,328.75,328.6000061035156,328.75,3146,NOVO-B.CO,Novo Nordisk,Nasdaq Copenhagen,DKK,20260703_201245
2026-07-03 09:35:00+02:00,328.70001220703125,328.75,328.6499938964844,328.70001220703125,2928,NOVO-B.CO,Novo Nordisk,Nasdaq Copenhagen,DKK,20260703_201245
2026-07-03 09:36:00+02:00,328.8999938964844,328.8999938964844,328.6499938964844,328.6499938964844,1295,NOVO-B.CO,Novo Nordisk,Nasdaq Copenhagen,DKK,20260703_201245
2026-07-03 09:37:00+02:00,329.1499938964844,329.25,328.95001220703125,328.95001220703125,7355,NOVO-B.CO,Novo Nordisk,Nasdaq Copenhagen,DKK,20260703_201245
2026-07-03 09:38:00+02:00,329.25,329.6000061035156,329.04998779296875,329.20001220703125,6139,NOVO-B.CO,Novo Nordisk,Nasdaq Copenhagen,DKK,20260703_201245
2026-07-03 09:39:00+02:00,329.3500061035156,329.45001220703125,329.1000061035156,329.3500061035156,6378,NOVO-B.CO,Novo Nordisk,Nasdaq Copenhagen,DKK,20260703_201245
2026-07-03 09:40:00+02:00,329.1000061035156,329.20001220703125,329.04998779296875,329.1000061035156,4846,NOVO-B.CO,Novo Nordisk,Nasdaq Copenhagen,DKK,20260703_201245
2026-07-03 09:41:00+02:00,328.8500061035156,329.25,328.8500061035156,329.25,13672,NOVO-B.CO,Novo Nordisk,Nasdaq Copenhagen,DKK,20260703_201245
2026-07-03 09:42:00+02:00,328.79998779296875,328.95001220703125,328.6000061035156,328.8999938964844,2569,NOVO-B.CO,Novo Nordisk,Nasdaq Copenhagen,DKK,20260703_201245
2026-07-03 09:43:00+02:00,328.3500061035156,328.79998779296875,328.25,328.79998779296875,10703,NOVO-B.CO,Novo Nordisk,Nasdaq Copenhagen,DKK,20260703_201245
2026-07-03 09:44:00+02:00,328.6499938964844,328.70001220703125,328.45001220703125,328.45001220703125,1692,NOVO-B.CO,Novo Nordisk,Nasdaq Copenhagen,DKK,20260703_201245
2026-07-03 09:45:00+02:00,328.29998779296875,328.70001220703125,328.1499938964844,328.70001220703125,12913,NOVO-B.CO,Novo Nordisk,Nasdaq Copenhagen,DKK,20260703_201245
2026-07-03 09:46:00+02:00,328.04998779296875,328.29998779296875,328.04998779296875,328.29998779296875,5929,NOVO-B.CO,Novo Nordisk,Nasdaq Copenhagen,DKK,20260703_201245
2026-07-03 09:47:00+02:00,327.8500061035156,328.1000061035156,327.79998779296875,328.04998779296875,2947,NOVO-B.CO,Novo Nordisk,Nasdaq Copenhagen,DKK,20260703_201245
2026-07-03 09:48:00+02:00,327.8500061035156,328.0,327.70001220703125,327.8999938964844,4946,NOVO-B.CO,Novo Nordisk,Nasdaq Copenhagen,DKK,20260703_201245
2026-07-03 09:49:00+02:00,327.54998779296875,327.8999938964844,327.54998779296875,327.8999938964844,4379,NOVO-B.CO,Novo Nordisk,Nasdaq Copenhagen,DKK,20260703_201245
2026-07-03 09:50:00+02:00,327.3500061035156,327.6000061035156,327.3500061035156,327.5,3673,NOVO-B.CO,Novo Nordisk,Nasdaq Copenhagen,DKK,20260703_201245
2026-07-03 09:51:00+02:00,327.1499938964844,327.5,327.1499938964844,327.3999938964844,2799,NOVO-B.CO,Novo Nordisk,Nasdaq Copenhagen,DKK,20260703_201245
2026-07-03 09:52:00+02:00,327.25,327.25,327.1499938964844,327.1499938964844,4767,NOVO-B.CO,Novo Nordisk,Nasdaq Copenhagen,DKK,20260703_201245
2026-07-03 09:53:00+02:00,327.3500061035156,327.3999938964844,327.1499938964844,327.25,3014,NOVO-B.CO,Novo Nordisk,Nasdaq Copenhagen,DKK,20260703_201245
2026-07-03 09:54:00+02:00,327.3500061035156,327.3500061035156,327.20001220703125,327.25,1573,NOVO-B.CO,Novo Nordisk,Nasdaq Copenhagen,DKK,20260703_201245
2026-07-03 09:55:00+02:00,327.3500061035156,327.70001220703125,327.3500061035156,327.45001220703125,1371,NOVO-B.CO,Novo Nordisk,Nasdaq Copenhagen,DKK,20260703_201245
2026-07-03 09:56:00+02:00,327.25,327.3999938964844,327.1499938964844,327.3999938964844,3675,NOVO-B.CO,Novo Nordisk,Nasdaq Copenhagen,DKK,20260703_201245
2026-07-03 09:57:00+02:00,326.95001220703125,327.20001220703125,326.95001220703125,327.20001220703125,6753,NOVO-B.CO,Novo Nordisk,Nasdaq Copenhagen,DKK,20260703_201245
2026-07-03 09:58:00+02:00,326.79998779296875,326.95001220703125,326.6000061035156,326.8999938964844,5782,NOVO-B.CO,Novo Nordisk,Nasdaq Copenhagen,DKK,20260703_201245
2026-07-03 09:59:00+02:00,326.75,326.95001220703125,326.6499938964844,326.79998779296875,3290,NOVO-B.CO,Novo Nordisk,Nasdaq Copenhagen,DKK,20260703_201245
2026-07-03 10:00:00+02:00,326.6000061035156,326.75,326.5,326.75,900,NOVO-B.CO,Novo Nordisk,Nasdaq Copenhagen,DKK,20260703_201245
2026-07-03 10:01:00+02:00,326.70001220703125,326.70001220703125,326.54998779296875,326.6000061035156,2988,NOVO-B.CO,Novo Nordisk,Nasdaq Copenhagen,DKK,20260703_201245
2026-07-03 10:02:00+02:00,326.6000061035156,326.6000061035156,326.5,326.54998779296875,845,NOVO-B.CO,Novo Nordisk,Nasdaq Copenhagen,DKK,20260703_201245
2026-07-03 10:03:00+02:00,326.3500061035156,326.54998779296875,326.29998779296875,326.5,5438,NOVO-B.CO,Novo Nordisk,Nasdaq Copenhagen,DKK,20260703_201245
2026-07-03 10:04:00+02:00,326.20001220703125,326.29998779296875,326.1499938964844,326.29998779296875,3839,NOVO-B.CO,Novo Nordisk,Nasdaq Copenhagen,DKK,20260703_201245
2026-07-03 10:05:00+02:00,326.54998779296875,326.8500061035156,326.29998779296875,326.29998779296875,4633,NOVO-B.CO,Novo Nordisk,Nasdaq Copenhagen,DKK,20260703_201245
2026-07-03 10:06:00+02:00,326.8999938964844,326.8999938964844,326.6000061035156,326.6000061035156,596,NOVO-B.CO,Novo Nordisk,Nasdaq Copenhagen,DKK,20260703_201245
2026-07-03 10:07:00+02:00,326.75,326.8500061035156,326.6000061035156,326.8500061035156,3197,NOVO-B.CO,Novo Nordisk,Nasdaq Copenhagen,DKK,20260703_201245
2026-07-03 10:08:00+02:00,326.79998779296875,326.79998779296875,326.5,326.6499938964844,13577,NOVO-B.CO,Novo Nordisk,Nasdaq Copenhagen,DKK,20260703_201245
2026-07-03 10:09:00+02:00,326.70001220703125,326.79998779296875,326.5,326.54998779296875,3323,NOVO-B.CO,Novo Nordisk,Nasdaq Copenhagen,DKK,20260703_201245
2026-07-03 10:10:00+02:00,326.8500061035156,326.95001220703125,326.70001220703125,326.79998779296875,887,NOVO-B.CO,Novo Nordisk,Nasdaq Copenhagen,DKK,20260703_201245
2026-07-03 10:11:00+02:00,326.75,326.79998779296875,326.70001220703125,326.79998779296875,7139,NOVO-B.CO,Novo Nordisk,Nasdaq Copenhagen,DKK,20260703_201245
2026-07-03 10:12:00+02:00,326.70001220703125,326.79998779296875,326.6499938964844,326.6499938964844,794,NOVO-B.CO,Novo Nordisk,Nasdaq Copenhagen,DKK,20260703_201245
2026-07-03 10:13:00+02:00,326.6000061035156,327.75,326.54998779296875,326.6499938964844,21900,NOVO-B.CO,Novo Nordisk,Nasdaq Copenhagen,DKK,20260703_201245
2026-07-03 10:14:00+02:00,326.3999938964844,326.70001220703125,326.0,326.5,32177,NOVO-B.CO,Novo Nordisk,Nasdaq Copenhagen,DKK,20260703_201245
2026-07-03 10:15:00+02:00,326.3500061035156,326.45001220703125,326.0,326.20001220703125,10693,NOVO-B.CO,Novo Nordisk,Nasdaq Copenhagen,DKK,20260703_201245
2026-07-03 10:16:00+02:00,326.25,326.3500061035156,326.20001220703125,326.25,1861,NOVO-B.CO,Novo Nordisk,Nasdaq Copenhagen,DKK,20260703_201245
2026-07-03 10:17:00+02:00,326.04998779296875,326.3500061035156,325.8999938964844,326.3500061035156,5696,NOVO-B.CO,Novo Nordisk,Nasdaq Copenhagen,DKK,20260703_201245
2026-07-03 10:18:00+02:00,326.3500061035156,326.3500061035156,326.20001220703125,326.20001220703125,1109,NOVO-B.CO,Novo Nordisk,Nasdaq Copenhagen,DKK,20260703_201245
2026-07-03 10:19:00+02:00,325.70001220703125,326.3999938964844,325.54998779296875,326.1499938964844,4039,NOVO-B.CO,Novo Nordisk,Nasdaq Copenhagen,DKK,20260703_201245
2026-07-03 10:20:00+02:00,325.75,325.79998779296875,325.54998779296875,325.70001220703125,3235,NOVO-B.CO,Novo Nordisk,Nasdaq Copenhagen,DKK,20260703_201245
2026-07-03 10:21:00+02:00,325.75,325.8999938964844,325.70001220703125,325.8500061035156,827,NOVO-B.CO,Novo Nordisk,Nasdaq Copenhagen,DKK,20260703_201245
2026-07-03 10:22:00+02:00,325.8999938964844,326.20001220703125,325.70001220703125,325.75,6978,NOVO-B.CO,Novo Nordisk,Nasdaq Copenhagen,DKK,20260703_201245
2026-07-03 10:23:00+02:00,325.8500061035156,326.04998779296875,325.8500061035156,325.8999938964844,1368,NOVO-B.CO,Novo Nordisk,Nasdaq Copenhagen,DKK,20260703_201245
2026-07-03 10:24:00+02:00,326.1499938964844,326.1499938964844,325.79998779296875,325.8999938964844,1089,NOVO-B.CO,Novo Nordisk,Nasdaq Copenhagen,DKK,20260703_201245
2026-07-03 10:25:00+02:00,326.1000061035156,326.1499938964844,326.0,326.0,516,NOVO-B.CO,Novo Nordisk,Nasdaq Copenhagen,DKK,20260703_201245
2026-07-03 10:26:00+02:00,326.1000061035156,326.1000061035156,326.1000061035156,326.1000061035156,513,NOVO-B.CO,Novo Nordisk,Nasdaq Copenhagen,DKK,20260703_201245
2026-07-03 10:27:00+02:00,326.29998779296875,326.29998779296875,326.1000061035156,326.1499938964844,1969,NOVO-B.CO,Novo Nordisk,Nasdaq Copenhagen,DKK,20260703_201245
2026-07-03 10:28:00+02:00,326.45001220703125,326.45001220703125,326.20001220703125,326.29998779296875,2609,NOVO-B.CO,Novo Nordisk,Nasdaq Copenhagen,DKK,20260703_201245
2026-07-03 10:29:00+02:00,326.54998779296875,326.54998779296875,326.3999938964844,326.45001220703125,1116,NOVO-B.CO,Novo Nordisk,Nasdaq Copenhagen,DKK,20260703_201245
2026-07-03 10:30:00+02:00,326.6499938964844,326.6499938964844,326.45001220703125,326.45001220703125,1830,NOVO-B.CO,Novo Nordisk,Nasdaq Copenhagen,DKK,20260703_201245
2026-07-03 10:31:00+02:00,326.54998779296875,326.6499938964844,326.45001220703125,326.5,3789,NOVO-B.CO,Novo Nordisk,Nasdaq Copenhagen,DKK,20260703_201245
2026-07-03 10:32:00+02:00,327.0,327.0,326.29998779296875,326.54998779296875,4606,NOVO-B.CO,Novo Nordisk,Nasdaq Copenhagen,DKK,20260703_201245
2026-07-03 10:33:00+02:00,327.04998779296875,327.04998779296875,326.95001220703125,326.95001220703125,724,NOVO-B.CO,Novo Nordisk,Nasdaq Copenhagen,DKK,20260703_201245
2026-07-03 10:34:00+02:00,327.1000061035156,327.3500061035156,326.95001220703125,327.04998779296875,3018,NOVO-B.CO,Novo Nordisk,Nasdaq Copenhagen,DKK,20260703_201245
2026-07-03 10:35:00+02:00,327.54998779296875,327.54998779296875,327.20001220703125,327.25,7209,NOVO-B.CO,Novo Nordisk,Nasdaq Copenhagen,DKK,20260703_201245
2026-07-03 10:36:00+02:00,327.3999938964844,327.70001220703125,327.3999938964844,327.54998779296875,3226,NOVO-B.CO,Novo Nordisk,Nasdaq Copenhagen,DKK,20260703_201245
2026-07-03 10:37:00+02:00,327.1000061035156,327.3999938964844,326.79998779296875,327.3999938964844,2924,NOVO-B.CO,Novo Nordisk,Nasdaq Copenhagen,DKK,20260703_201245
2026-07-03 10:38:00+02:00,327.04998779296875,327.1000061035156,326.95001220703125,326.95001220703125,344,NOVO-B.CO,Novo Nordisk,Nasdaq Copenhagen,DKK,20260703_201245
2026-07-03 10:39:00+02:00,327.04998779296875,327.20001220703125,326.8999938964844,326.95001220703125,630,NOVO-B.CO,Novo Nordisk,Nasdaq Copenhagen,DKK,20260703_201245
2026-07-03 10:40:00+02:00,327.70001220703125,327.8500061035156,327.25,327.25,3021,NOVO-B.CO,Novo Nordisk,Nasdaq Copenhagen,DKK,20260703_201245
2026-07-03 10:41:00+02:00,327.45001220703125,327.5,327.3999938964844,327.5,307,NOVO-B.CO,Novo Nordisk,Nasdaq Copenhagen,DKK,20260703_201245
2026-07-03 10:42:00+02:00,327.3500061035156,327.5,327.3500061035156,327.3999938964844,1284,NOVO-B.CO,Novo Nordisk,Nasdaq Copenhagen,DKK,20260703_201245
2026-07-03 10:43:00+02:00,327.6000061035156,327.6000061035156,327.3500061035156,327.45001220703125,1414,NOVO-B.CO,Novo Nordisk,Nasdaq Copenhagen,DKK,20260703_201245
2026-07-03 10:44:00+02:00,327.3999938964844,327.70001220703125,327.29998779296875,327.70001220703125,3575,NOVO-B.CO,Novo Nordisk,Nasdaq Copenhagen,DKK,20260703_201245
2026-07-03 10:45:00+02:00,327.29998779296875,327.45001220703125,327.29998779296875,327.3999938964844,295,NOVO-B.CO,Novo Nordisk,Nasdaq Copenhagen,DKK,20260703_201245
2026-07-03 10:46:00+02:00,327.29998779296875,327.29998779296875,327.20001220703125,327.25,143,NOVO-B.CO,Novo Nordisk,Nasdaq Copenhagen,DKK,20260703_201245
2026-07-03 10:47:00+02:00,327.1499938964844,327.20001220703125,327.1499938964844,327.20001220703125,400,NOVO-B.CO,Novo Nordisk,Nasdaq Copenhagen,DKK,20260703_201245
2026-07-03 10:48:00+02:00,327.3999938964844,327.3999938964844,327.1499938964844,327.1499938964844,1474,NOVO-B.CO,Novo Nordisk,Nasdaq Copenhagen,DKK,20260703_201245
2026-07-03 10:49:00+02:00,327.04998779296875,327.3999938964844,327.04998779296875,327.3999938964844,1903,NOVO-B.CO,Novo Nordisk,Nasdaq Copenhagen,DKK,20260703_201245
2026-07-03 10:50:00+02:00,327.04998779296875,327.04998779296875,326.95001220703125,327.0,6331,NOVO-B.CO,Novo Nordisk,Nasdaq Copenhagen,DKK,20260703_201245
2026-07-03 10:51:00+02:00,327.1000061035156,327.1499938964844,327.04998779296875,327.04998779296875,385,NOVO-B.CO,Novo Nordisk,Nasdaq Copenhagen,DKK,20260703_201245
2026-07-03 10:52:00+02:00,327.04998779296875,327.04998779296875,326.95001220703125,327.0,695,NOVO-B.CO,Novo Nordisk,Nasdaq Copenhagen,DKK,20260703_201245
2026-07-03 10:53:00+02:00,326.79998779296875,327.04998779296875,326.79998779296875,327.0,1367,NOVO-B.CO,Novo Nordisk,Nasdaq Copenhagen,DKK,20260703_201245
2026-07-03 10:54:00+02:00,326.5,326.75,326.5,326.75,1119,NOVO-B.CO,Novo Nordisk,Nasdaq Copenhagen,DKK,20260703_201245
2026-07-03 10:55:00+02:00,326.5,326.5,326.45001220703125,326.5,1868,NOVO-B.CO,Novo Nordisk,Nasdaq Copenhagen,DKK,20260703_201245
2026-07-03 10:56:00+02:00,326.5,326.6000061035156,326.45001220703125,326.45001220703125,6946,NOVO-B.CO,Novo Nordisk,Nasdaq Copenhagen,DKK,20260703_201245
2026-07-03 10:57:00+02:00,326.29998779296875,326.5,326.29998779296875,326.3999938964844,914,NOVO-B.CO,Novo Nordisk,Nasdaq Copenhagen,DKK,20260703_201245
2026-07-03 10:58:00+02:00,326.3500061035156,326.3999938964844,326.3500061035156,326.3500061035156,433,NOVO-B.CO,Novo Nordisk,Nasdaq Copenhagen,DKK,20260703_201245
2026-07-03 10:59:00+02:00,326.45001220703125,326.45001220703125,326.3500061035156,326.3500061035156,675,NOVO-B.CO,Novo Nordisk,Nasdaq Copenhagen,DKK,20260703_201245
2026-07-03 11:00:00+02:00,326.45001220703125,326.45001220703125,326.3500061035156,326.3500061035156,942,NOVO-B.CO,Novo Nordisk,Nasdaq Copenhagen,DKK,20260703_201245
2026-07-03 11:01:00+02:00,326.3500061035156,326.45001220703125,326.25,326.45001220703125,3396,NOVO-B.CO,Novo Nordisk,Nasdaq Copenhagen,DKK,20260703_201245
2026-07-03 11:02:00+02:00,326.3500061035156,326.3500061035156,326.25,326.3500061035156,320,NOVO-B.CO,Novo Nordisk,Nasdaq Copenhagen,DKK,20260703_201245
2026-07-03 11:03:00+02:00,326.3999938964844,326.45001220703125,326.3500061035156,326.3500061035156,426,NOVO-B.CO,Novo Nordisk,Nasdaq Copenhagen,DKK,20260703_201245
2026-07-03 11:04:00+02:00,326.20001220703125,326.29998779296875,326.20001220703125,326.29998779296875,2058,NOVO-B.CO,Novo Nordisk,Nasdaq Copenhagen,DKK,20260703_201245
2026-07-03 11:05:00+02:00,325.95001220703125,326.25,325.95001220703125,326.20001220703125,7960,NOVO-B.CO,Novo Nordisk,Nasdaq Copenhagen,DKK,20260703_201245
2026-07-03 11:06:00+02:00,325.79998779296875,325.8999938964844,325.70001220703125,325.8999938964844,2459,NOVO-B.CO,Novo Nordisk,Nasdaq Copenhagen,DKK,20260703_201245
2026-07-03 11:07:00+02:00,325.8500061035156,325.8500061035156,325.70001220703125,325.8500061035156,3902,NOVO-B.CO,Novo Nordisk,Nasdaq Copenhagen,DKK,20260703_201245
2026-07-03 11:08:00+02:00,325.79998779296875,325.8500061035156,325.70001220703125,325.79998779296875,365,NOVO-B.CO,Novo Nordisk,Nasdaq Copenhagen,DKK,20260703_201245
2026-07-03 11:09:00+02:00,325.75,325.79998779296875,325.6499938964844,325.75,1364,NOVO-B.CO,Novo Nordisk,Nasdaq Copenhagen,DKK,20260703_201245
2026-07-03 11:10:00+02:00,325.8500061035156,325.8500061035156,325.6499938964844,325.75,677,NOVO-B.CO,Novo Nordisk,Nasdaq Copenhagen,DKK,20260703_201245
2026-07-03 11:11:00+02:00,325.8500061035156,325.8500061035156,325.70001220703125,325.79998779296875,429,NOVO-B.CO,Novo Nordisk,Nasdaq Copenhagen,DKK,20260703_201245
2026-07-03 11:12:00+02:00,325.75,325.8999938964844,325.75,325.8500061035156,1335,NOVO-B.CO,Novo Nordisk,Nasdaq Copenhagen,DKK,20260703_201245
2026-07-03 11:13:00+02:00,325.70001220703125,325.75,325.70001220703125,325.70001220703125,815,NOVO-B.CO,Novo Nordisk,Nasdaq Copenhagen,DKK,20260703_201245
2026-07-03 11:14:00+02:00,325.6000061035156,325.6000061035156,325.5,325.6000061035156,404,NOVO-B.CO,Novo Nordisk,Nasdaq Copenhagen,DKK,20260703_201245
2026-07-03 11:15:00+02:00,325.8500061035156,325.95001220703125,325.6000061035156,325.6000061035156,4220,NOVO-B.CO,Novo Nordisk,Nasdaq Copenhagen,DKK,20260703_201245
2026-07-03 11:16:00+02:00,325.95001220703125,325.95001220703125,325.8500061035156,325.8999938964844,732,NOVO-B.CO,Novo Nordisk,Nasdaq Copenhagen,DKK,20260703_201245
2026-07-03 11:17:00+02:00,326.0,326.04998779296875,325.8500061035156,326.0,2503,NOVO-B.CO,Novo Nordisk,Nasdaq Copenhagen,DKK,20260703_201245
2026-07-03 11:18:00+02:00,325.95001220703125,325.95001220703125,325.8999938964844,325.95001220703125,1334,NOVO-B.CO,Novo Nordisk,Nasdaq Copenhagen,DKK,20260703_201245
2026-07-03 11:19:00+02:00,325.95001220703125,326.0,325.95001220703125,326.0,298,NOVO-B.CO,Novo Nordisk,Nasdaq Copenhagen,DKK,20260703_201245
2026-07-03 11:20:00+02:00,326.04998779296875,326.04998779296875,326.0,326.0,1493,NOVO-B.CO,Novo Nordisk,Nasdaq Copenhagen,DKK,20260703_201245
2026-07-03 11:21:00+02:00,325.95001220703125,326.1000061035156,325.95001220703125,326.04998779296875,2372,NOVO-B.CO,Novo Nordisk,Nasdaq Copenhagen,DKK,20260703_201245
2026-07-03 11:22:00+02:00,325.70001220703125,326.04998779296875,325.70001220703125,326.04998779296875,2199,NOVO-B.CO,Novo Nordisk,Nasdaq Copenhagen,DKK,20260703_201245
2026-07-03 11:23:00+02:00,325.6499938964844,325.70001220703125,325.6499938964844,325.6499938964844,2286,NOVO-B.CO,Novo Nordisk,Nasdaq Copenhagen,DKK,20260703_201245
2026-07-03 11:24:00+02:00,325.54998779296875,325.95001220703125,325.5,325.6499938964844,7611,NOVO-B.CO,Novo Nordisk,Nasdaq Copenhagen,DKK,20260703_201245
2026-07-03 11:25:00+02:00,325.6000061035156,325.6499938964844,325.5,325.6000061035156,1010,NOVO-B.CO,Novo Nordisk,Nasdaq Copenhagen,DKK,20260703_201245
2026-07-03 11:26:00+02:00,325.54998779296875,325.6000061035156,325.5,325.54998779296875,8220,NOVO-B.CO,Novo Nordisk,Nasdaq Copenhagen,DKK,20260703_201245
2026-07-03 11:27:00+02:00,325.5,325.6499938964844,325.5,325.54998779296875,3874,NOVO-B.CO,Novo Nordisk,Nasdaq Copenhagen,DKK,20260703_201245
2026-07-03 11:28:00+02:00,325.54998779296875,325.54998779296875,325.54998779296875,325.54998779296875,379,NOVO-B.CO,Novo Nordisk,Nasdaq Copenhagen,DKK,20260703_201245
2026-07-03 11:29:00+02:00,325.6000061035156,325.70001220703125,325.6000061035156,325.6499938964844,860,NOVO-B.CO,Novo Nordisk,Nasdaq Copenhagen,DKK,20260703_201245
2026-07-03 11:30:00+02:00,325.70001220703125,325.79998779296875,325.6499938964844,325.70001220703125,2121,NOVO-B.CO,Novo Nordisk,Nasdaq Copenhagen,DKK,20260703_201245
2026-07-03 11:31:00+02:00,325.54998779296875,325.70001220703125,325.54998779296875,325.6499938964844,1380,NOVO-B.CO,Novo Nordisk,Nasdaq Copenhagen,DKK,20260703_201245
2026-07-03 11:32:00+02:00,325.54998779296875,325.6000061035156,325.5,325.5,399,NOVO-B.CO,Novo Nordisk,Nasdaq Copenhagen,DKK,20260703_201245
2026-07-03 11:33:00+02:00,325.6499938964844,325.6499938964844,325.54998779296875,325.54998779296875,66,NOVO-B.CO,Novo Nordisk,Nasdaq Copenhagen,DKK,20260703_201245
2026-07-03 11:34:00+02:00,325.8500061035156,325.8500061035156,325.6499938964844,325.6499938964844,2143,NOVO-B.CO,Novo Nordisk,Nasdaq Copenhagen,DKK,20260703_201245
2026-07-03 11:35:00+02:00,325.95001220703125,325.95001220703125,325.79998779296875,325.79998779296875,2976,NOVO-B.CO,Novo Nordisk,Nasdaq Copenhagen,DKK,20260703_201245
2026-07-03 11:36:00+02:00,325.70001220703125,325.8500061035156,325.6499938964844,325.8500061035156,3203,NOVO-B.CO,Novo Nordisk,Nasdaq Copenhagen,DKK,20260703_201245
2026-07-03 11:37:00+02:00,325.6499938964844,325.75,325.6000061035156,325.6499938964844,5295,NOVO-B.CO,Novo Nordisk,Nasdaq Copenhagen,DKK,20260703_201245
2026-07-03 11:38:00+02:00,325.45001220703125,325.75,325.3500061035156,325.6000061035156,18178,NOVO-B.CO,Novo Nordisk,Nasdaq Copenhagen,DKK,20260703_201245
2026-07-03 11:39:00+02:00,325.6499938964844,325.6499938964844,325.3500061035156,325.3500061035156,6642,NOVO-B.CO,Novo Nordisk,Nasdaq Copenhagen,DKK,20260703_201245
2026-07-03 11:40:00+02:00,325.75,325.75,325.6000061035156,325.6000061035156,4853,NOVO-B.CO,Novo Nordisk,Nasdaq Copenhagen,DKK,20260703_201245
2026-07-03 11:41:00+02:00,325.95001220703125,326.0,325.75,325.75,5932,NOVO-B.CO,Novo Nordisk,Nasdaq Copenhagen,DKK,20260703_201245
2026-07-03 11:42:00+02:00,325.95001220703125,326.0,325.8999938964844,325.95001220703125,2617,NOVO-B.CO,Novo Nordisk,Nasdaq Copenhagen,DKK,20260703_201245
2026-07-03 11:43:00+02:00,326.25,326.25,325.95001220703125,326.0,4032,NOVO-B.CO,Novo Nordisk,Nasdaq Copenhagen,DKK,20260703_201245
2026-07-03 11:44:00+02:00,326.20001220703125,326.20001220703125,326.1499938964844,326.20001220703125,2020,NOVO-B.CO,Novo Nordisk,Nasdaq Copenhagen,DKK,20260703_201245
2026-07-03 11:45:00+02:00,326.29998779296875,326.3999938964844,326.25,326.29998779296875,7427,NOVO-B.CO,Novo Nordisk,Nasdaq Copenhagen,DKK,20260703_201245
2026-07-03 11:46:00+02:00,326.29998779296875,326.3999938964844,326.29998779296875,326.3500061035156,551,NOVO-B.CO,Novo Nordisk,Nasdaq Copenhagen,DKK,20260703_201245
2026-07-03 11:47:00+02:00,326.3500061035156,326.3500061035156,326.3500061035156,326.3500061035156,21,NOVO-B.CO,Novo Nordisk,Nasdaq Copenhagen,DKK,20260703_201245
2026-07-03 11:48:00+02:00,326.3999938964844,326.3999938964844,326.3500061035156,326.3500061035156,127,NOVO-B.CO,Novo Nordisk,Nasdaq Copenhagen,DKK,20260703_201245
2026-07-03 11:49:00+02:00,326.3999938964844,326.45001220703125,326.3999938964844,326.3999938964844,557,NOVO-B.CO,Novo Nordisk,Nasdaq Copenhagen,DKK,20260703_201245
2026-07-03 11:50:00+02:00,326.20001220703125,326.3999938964844,326.20001220703125,326.3999938964844,1313,NOVO-B.CO,Novo Nordisk,Nasdaq Copenhagen,DKK,20260703_201245
2026-07-03 11:51:00+02:00,326.3999938964844,326.3999938964844,326.25,326.29998779296875,1266,NOVO-B.CO,Novo Nordisk,Nasdaq Copenhagen,DKK,20260703_201245
2026-07-03 11:52:00+02:00,326.3500061035156,326.3999938964844,326.29998779296875,326.3500061035156,1304,NOVO-B.CO,Novo Nordisk,Nasdaq Copenhagen,DKK,20260703_201245
2026-07-03 11:53:00+02:00,326.3500061035156,326.3500061035156,326.3500061035156,326.3500061035156,141,NOVO-B.CO,Novo Nordisk,Nasdaq Copenhagen,DKK,20260703_201245
2026-07-03 11:54:00+02:00,326.29998779296875,326.3999938964844,326.25,326.3500061035156,1161,NOVO-B.CO,Novo Nordisk,Nasdaq Copenhagen,DKK,20260703_201245
2026-07-03 11:55:00+02:00,326.45001220703125,326.5,326.3999938964844,326.3999938964844,1414,NOVO-B.CO,Novo Nordisk,Nasdaq Copenhagen,DKK,20260703_201245
2026-07-03 11:56:00+02:00,326.6499938964844,326.75,326.54998779296875,326.54998779296875,1071,NOVO-B.CO,Novo Nordisk,Nasdaq Copenhagen,DKK,20260703_201245
2026-07-03 11:57:00+02:00,326.6499938964844,326.79998779296875,326.6499938964844,326.75,586,NOVO-B.CO,Novo Nordisk,Nasdaq Copenhagen,DKK,20260703_201245
2026-07-03 11:58:00+02:00,326.79998779296875,326.79998779296875,326.6000061035156,326.6000061035156,838,NOVO-B.CO,Novo Nordisk,Nasdaq Copenhagen,DKK,20260703_201245
2026-07-03 11:59:00+02:00,326.8500061035156,326.8500061035156,326.70001220703125,326.79998779296875,359,NOVO-B.CO,Novo Nordisk,Nasdaq Copenhagen,DKK,20260703_201245
2026-07-03 12:00:00+02:00,326.75,326.8500061035156,326.75,326.8500061035156,530,NOVO-B.CO,Novo Nordisk,Nasdaq Copenhagen,DKK,20260703_201245
2026-07-03 12:01:00+02:00,326.79998779296875,326.79998779296875,326.70001220703125,326.79998779296875,326,NOVO-B.CO,Novo Nordisk,Nasdaq Copenhagen,DKK,20260703_201245
2026-07-03 12:02:00+02:00,326.75,326.79998779296875,326.75,326.75,33,NOVO-B.CO,Novo Nordisk,Nasdaq Copenhagen,DKK,20260703_201245
2026-07-03 12:03:00+02:00,326.79998779296875,326.79998779296875,326.79998779296875,326.79998779296875,100,NOVO-B.CO,Novo Nordisk,Nasdaq Copenhagen,DKK,20260703_201245
2026-07-03 12:04:00+02:00,327.25,327.25,326.8500061035156,326.8500061035156,13023,NOVO-B.CO,Novo Nordisk,Nasdaq Copenhagen,DKK,20260703_201245
2026-07-03 12:05:00+02:00,327.29998779296875,327.29998779296875,327.25,327.25,694,NOVO-B.CO,Novo Nordisk,Nasdaq Copenhagen,DKK,20260703_201245
2026-07-03 12:06:00+02:00,327.3500061035156,327.3500061035156,327.29998779296875,327.29998779296875,228,NOVO-B.CO,Novo Nordisk,Nasdaq Copenhagen,DKK,20260703_201245
2026-07-03 12:07:00+02:00,327.29998779296875,327.6000061035156,327.29998779296875,327.3999938964844,15723,NOVO-B.CO,Novo Nordisk,Nasdaq Copenhagen,DKK,20260703_201245
2026-07-03 12:08:00+02:00,327.29998779296875,327.3999938964844,327.25,327.29998779296875,1231,NOVO-B.CO,Novo Nordisk,Nasdaq Copenhagen,DKK,20260703_201245
2026-07-03 12:09:00+02:00,327.5,327.5,327.25,327.25,238,NOVO-B.CO,Novo Nordisk,Nasdaq Copenhagen,DKK,20260703_201245
2026-07-03 12:10:00+02:00,327.3999938964844,327.5,327.3500061035156,327.5,1922,NOVO-B.CO,Novo Nordisk,Nasdaq Copenhagen,DKK,20260703_201245
2026-07-03 12:11:00+02:00,327.29998779296875,327.5,327.29998779296875,327.45001220703125,2089,NOVO-B.CO,Novo Nordisk,Nasdaq Copenhagen,DKK,20260703_201245
2026-07-03 12:12:00+02:00,327.3999938964844,327.45001220703125,327.29998779296875,327.45001220703125,15,NOVO-B.CO,Novo Nordisk,Nasdaq Copenhagen,DKK,20260703_201245
2026-07-03 12:13:00+02:00,327.45001220703125,327.5,327.3999938964844,327.3999938964844,5434,NOVO-B.CO,Novo Nordisk,Nasdaq Copenhagen,DKK,20260703_201245
2026-07-03 12:14:00+02:00,327.3999938964844,327.45001220703125,327.3500061035156,327.45001220703125,313,NOVO-B.CO,Novo Nordisk,Nasdaq Copenhagen,DKK,20260703_201245
2026-07-03 12:15:00+02:00,327.3500061035156,327.5,327.3500061035156,327.5,2353,NOVO-B.CO,Novo Nordisk,Nasdaq Copenhagen,DKK,20260703_201245
2026-07-03 12:16:00+02:00,327.29998779296875,327.45001220703125,327.29998779296875,327.45001220703125,716,NOVO-B.CO,Novo Nordisk,Nasdaq Copenhagen,DKK,20260703_201245
2026-07-03 12:17:00+02:00,327.29998779296875,327.3500061035156,327.29998779296875,327.29998779296875,157,NOVO-B.CO,Novo Nordisk,Nasdaq Copenhagen,DKK,20260703_201245
2026-07-03 12:18:00+02:00,327.04998779296875,327.29998779296875,327.04998779296875,327.29998779296875,1055,NOVO-B.CO,Novo Nordisk,Nasdaq Copenhagen,DKK,20260703_201245
2026-07-03 12:19:00+02:00,326.8999938964844,327.04998779296875,326.79998779296875,327.0,3832,NOVO-B.CO,Novo Nordisk,Nasdaq Copenhagen,DKK,20260703_201245
2026-07-03 12:20:00+02:00,326.8500061035156,326.8999938964844,326.75,326.79998779296875,277,NOVO-B.CO,Novo Nordisk,Nasdaq Copenhagen,DKK,20260703_201245
2026-07-03 12:21:00+02:00,326.8500061035156,326.95001220703125,326.8500061035156,326.8999938964844,1117,NOVO-B.CO,Novo Nordisk,Nasdaq Copenhagen,DKK,20260703_201245
2026-07-03 12:22:00+02:00,326.8999938964844,326.8999938964844,326.8500061035156,326.8500061035156,96,NOVO-B.CO,Novo Nordisk,Nasdaq Copenhagen,DKK,20260703_201245
2026-07-03 12:23:00+02:00,326.8999938964844,326.95001220703125,326.8999938964844,326.95001220703125,5,NOVO-B.CO,Novo Nordisk,Nasdaq Copenhagen,DKK,20260703_201245
2026-07-03 12:24:00+02:00,326.8999938964844,327.04998779296875,326.8999938964844,326.95001220703125,819,NOVO-B.CO,Novo Nordisk,Nasdaq Copenhagen,DKK,20260703_201245
2026-07-03 12:25:00+02:00,327.0,327.0,327.0,327.0,16,NOVO-B.CO,Novo Nordisk,Nasdaq Copenhagen,DKK,20260703_201245
2026-07-03 12:26:00+02:00,326.79998779296875,326.8500061035156,326.75,326.8500061035156,789,NOVO-B.CO,Novo Nordisk,Nasdaq Copenhagen,DKK,20260703_201245
2026-07-03 12:27:00+02:00,327.0,327.0,326.8500061035156,326.8500061035156,5556,NOVO-B.CO,Novo Nordisk,Nasdaq Copenhagen,DKK,20260703_201245
2026-07-03 12:28:00+02:00,327.0,327.0,327.0,327.0,6,NOVO-B.CO,Novo Nordisk,Nasdaq Copenhagen,DKK,20260703_201245
2026-07-03 12:29:00+02:00,327.0,327.0,327.0,327.0,290,NOVO-B.CO,Novo Nordisk,Nasdaq Copenhagen,DKK,20260703_201245
2026-07-03 12:30:00+02:00,327.0,327.1000061035156,327.0,327.0,191,NOVO-B.CO,Novo Nordisk,Nasdaq Copenhagen,DKK,20260703_201245
2026-07-03 12:31:00+02:00,327.1499938964844,327.20001220703125,327.04998779296875,327.1000061035156,208,NOVO-B.CO,Novo Nordisk,Nasdaq Copenhagen,DKK,20260703_201245
2026-07-03 12:32:00+02:00,327.1499938964844,327.1499938964844,327.04998779296875,327.1499938964844,200,NOVO-B.CO,Novo Nordisk,Nasdaq Copenhagen,DKK,20260703_201245
2026-07-03 12:33:00+02:00,327.20001220703125,327.20001220703125,327.0,327.04998779296875,11901,NOVO-B.CO,Novo Nordisk,Nasdaq Copenhagen,DKK,20260703_201245
2026-07-03 12:34:00+02:00,327.1000061035156,327.20001220703125,327.1000061035156,327.20001220703125,37,NOVO-B.CO,Novo Nordisk,Nasdaq Copenhagen,DKK,20260703_201245
2026-07-03 12:35:00+02:00,327.0,327.1000061035156,327.0,327.1000061035156,27701,NOVO-B.CO,Novo Nordisk,Nasdaq Copenhagen,DKK,20260703_201245
2026-07-03 12:36:00+02:00,327.0,327.04998779296875,327.0,327.0,424,NOVO-B.CO,Novo Nordisk,Nasdaq Copenhagen,DKK,20260703_201245
2026-07-03 12:37:00+02:00,327.0,327.04998779296875,327.0,327.04998779296875,16477,NOVO-B.CO,Novo Nordisk,Nasdaq Copenhagen,DKK,20260703_201245
2026-07-03 12:38:00+02:00,327.04998779296875,327.04998779296875,327.0,327.0,369,NOVO-B.CO,Novo Nordisk,Nasdaq Copenhagen,DKK,20260703_201245
2026-07-03 12:39:00+02:00,327.0,327.04998779296875,327.0,327.0,21,NOVO-B.CO,Novo Nordisk,Nasdaq Copenhagen,DKK,20260703_201245
2026-07-03 12:40:00+02:00,326.75,327.0,326.6499938964844,327.0,13380,NOVO-B.CO,Novo Nordisk,Nasdaq Copenhagen,DKK,20260703_201245
2026-07-03 12:41:00+02:00,326.6000061035156,326.75,326.6000061035156,326.70001220703125,334,NOVO-B.CO,Novo Nordisk,Nasdaq Copenhagen,DKK,20260703_201245
2026-07-03 12:42:00+02:00,326.5,326.75,326.5,326.6499938964844,1988,NOVO-B.CO,Novo Nordisk,Nasdaq Copenhagen,DKK,20260703_201245
2026-07-03 12:43:00+02:00,326.3999938964844,326.5,326.3999938964844,326.5,446,NOVO-B.CO,Novo Nordisk,Nasdaq Copenhagen,DKK,20260703_201245
2026-07-03 12:44:00+02:00,326.5,326.5,326.29998779296875,326.3999938964844,529,NOVO-B.CO,Novo Nordisk,Nasdaq Copenhagen,DKK,20260703_201245
2026-07-03 12:45:00+02:00,326.5,326.5,326.5,326.5,339,NOVO-B.CO,Novo Nordisk,Nasdaq Copenhagen,DKK,20260703_201245
2026-07-03 12:46:00+02:00,326.5,326.54998779296875,326.45001220703125,326.5,1132,NOVO-B.CO,Novo Nordisk,Nasdaq Copenhagen,DKK,20260703_201245
2026-07-03 12:47:00+02:00,326.3999938964844,326.5,326.3999938964844,326.5,405,NOVO-B.CO,Novo Nordisk,Nasdaq Copenhagen,DKK,20260703_201245
2026-07-03 12:48:00+02:00,326.3500061035156,326.3999938964844,326.3500061035156,326.3999938964844,344,NOVO-B.CO,Novo Nordisk,Nasdaq Copenhagen,DKK,20260703_201245
2026-07-03 12:49:00+02:00,326.3500061035156,326.45001220703125,326.29998779296875,326.45001220703125,711,NOVO-B.CO,Novo Nordisk,Nasdaq Copenhagen,DKK,20260703_201245
2026-07-03 12:50:00+02:00,326.3500061035156,326.45001220703125,326.25,326.45001220703125,2640,NOVO-B.CO,Novo Nordisk,Nasdaq Copenhagen,DKK,20260703_201245
2026-07-03 12:51:00+02:00,326.20001220703125,326.3500061035156,326.20001220703125,326.25,3534,NOVO-B.CO,Novo Nordisk,Nasdaq Copenhagen,DKK,20260703_201245
2026-07-03 12:52:00+02:00,326.25,326.29998779296875,326.20001220703125,326.25,1852,NOVO-B.CO,Novo Nordisk,Nasdaq Copenhagen,DKK,20260703_201245
2026-07-03 12:53:00+02:00,326.20001220703125,326.3500061035156,326.1499938964844,326.25,669,NOVO-B.CO,Novo Nordisk,Nasdaq Copenhagen,DKK,20260703_201245
2026-07-03 12:54:00+02:00,326.20001220703125,326.25,326.1499938964844,326.20001220703125,493,NOVO-B.CO,Novo Nordisk,Nasdaq Copenhagen,DKK,20260703_201245
2026-07-03 12:55:00+02:00,326.3500061035156,326.3500061035156,326.20001220703125,326.20001220703125,264,NOVO-B.CO,Novo Nordisk,Nasdaq Copenhagen,DKK,20260703_201245
2026-07-03 12:56:00+02:00,326.45001220703125,326.45001220703125,326.3500061035156,326.3500061035156,1310,NOVO-B.CO,Novo Nordisk,Nasdaq Copenhagen,DKK,20260703_201245
2026-07-03 12:57:00+02:00,326.45001220703125,326.45001220703125,326.45001220703125,326.45001220703125,515,NOVO-B.CO,Novo Nordisk,Nasdaq Copenhagen,DKK,20260703_201245
2026-07-03 12:58:00+02:00,326.3999938964844,326.45001220703125,326.3999938964844,326.45001220703125,490,NOVO-B.CO,Novo Nordisk,Nasdaq Copenhagen,DKK,20260703_201245
2026-07-03 12:59:00+02:00,326.04998779296875,326.45001220703125,326.0,326.45001220703125,7789,NOVO-B.CO,Novo Nordisk,Nasdaq Copenhagen,DKK,20260703_201245
2026-07-03 13:00:00+02:00,326.04998779296875,326.1000061035156,326.04998779296875,326.1000061035156,344,NOVO-B.CO,Novo Nordisk,Nasdaq Copenhagen,DKK,20260703_201245
2026-07-03 13:01:00+02:00,326.1000061035156,326.1000061035156,326.1000061035156,326.1000061035156,3,NOVO-B.CO,Novo Nordisk,Nasdaq Copenhagen,DKK,20260703_201245
2026-07-03 13:02:00+02:00,326.20001220703125,326.20001220703125,325.95001220703125,326.0,1726,NOVO-B.CO,Novo Nordisk,Nasdaq Copenhagen,DKK,20260703_201245
2026-07-03 13:03:00+02:00,326.0,326.1499938964844,326.0,326.1499938964844,1127,NOVO-B.CO,Novo Nordisk,Nasdaq Copenhagen,DKK,20260703_201245
2026-07-03 13:04:00+02:00,326.0,326.1499938964844,326.0,326.0,1604,NOVO-B.CO,Novo Nordisk,Nasdaq Copenhagen,DKK,20260703_201245
2026-07-03 13:05:00+02:00,325.95001220703125,326.1000061035156,325.8500061035156,326.0,888,NOVO-B.CO,Novo Nordisk,Nasdaq Copenhagen,DKK,20260703_201245
2026-07-03 13:06:00+02:00,326.0,326.0,325.8999938964844,326.0,374,NOVO-B.CO,Novo Nordisk,Nasdaq Copenhagen,DKK,20260703_201245
2026-07-03 13:07:00+02:00,325.79998779296875,325.95001220703125,325.79998779296875,325.8999938964844,135,NOVO-B.CO,Novo Nordisk,Nasdaq Copenhagen,DKK,20260703_201245
2026-07-03 13:08:00+02:00,325.8500061035156,325.8999938964844,325.75,325.75,860,NOVO-B.CO,Novo Nordisk,Nasdaq Copenhagen,DKK,20260703_201245
2026-07-03 13:09:00+02:00,325.8999938964844,325.8999938964844,325.79998779296875,325.8500061035156,723,NOVO-B.CO,Novo Nordisk,Nasdaq Copenhagen,DKK,20260703_201245
2026-07-03 13:10:00+02:00,325.95001220703125,325.95001220703125,325.95001220703125,325.95001220703125,21,NOVO-B.CO,Novo Nordisk,Nasdaq Copenhagen,DKK,20260703_201245
2026-07-03 13:11:00+02:00,326.1499938964844,326.1499938964844,325.95001220703125,325.95001220703125,5127,NOVO-B.CO,Novo Nordisk,Nasdaq Copenhagen,DKK,20260703_201245
2026-07-03 13:12:00+02:00,326.1499938964844,326.20001220703125,326.1499938964844,326.1499938964844,144,NOVO-B.CO,Novo Nordisk,Nasdaq Copenhagen,DKK,20260703_201245
2026-07-03 13:13:00+02:00,326.1000061035156,326.20001220703125,326.04998779296875,326.20001220703125,721,NOVO-B.CO,Novo Nordisk,Nasdaq Copenhagen,DKK,20260703_201245
2026-07-03 13:14:00+02:00,326.0,326.1000061035156,325.95001220703125,326.0,2726,NOVO-B.CO,Novo Nordisk,Nasdaq Copenhagen,DKK,20260703_201245
2026-07-03 13:15:00+02:00,326.1000061035156,326.1000061035156,325.8500061035156,325.8999938964844,4662,NOVO-B.CO,Novo Nordisk,Nasdaq Copenhagen,DKK,20260703_201245
2026-07-03 13:16:00+02:00,326.04998779296875,326.1000061035156,326.04998779296875,326.1000061035156,623,NOVO-B.CO,Novo Nordisk,Nasdaq Copenhagen,DKK,20260703_201245
2026-07-03 13:17:00+02:00,326.0,326.1000061035156,326.0,326.04998779296875,191,NOVO-B.CO,Novo Nordisk,Nasdaq Copenhagen,DKK,20260703_201245
2026-07-03 13:18:00+02:00,326.1000061035156,326.1000061035156,326.0,326.1000061035156,909,NOVO-B.CO,Novo Nordisk,Nasdaq Copenhagen,DKK,20260703_201245
2026-07-03 13:19:00+02:00,326.0,326.1499938964844,325.95001220703125,326.1000061035156,823,NOVO-B.CO,Novo Nordisk,Nasdaq Copenhagen,DKK,20260703_201245
2026-07-03 13:20:00+02:00,325.75,325.95001220703125,325.75,325.95001220703125,1560,NOVO-B.CO,Novo Nordisk,Nasdaq Copenhagen,DKK,20260703_201245
2026-07-03 13:21:00+02:00,325.75,325.79998779296875,325.70001220703125,325.75,1161,NOVO-B.CO,Novo Nordisk,Nasdaq Copenhagen,DKK,20260703_201245
2026-07-03 13:22:00+02:00,325.79998779296875,325.79998779296875,325.70001220703125,325.79998779296875,1167,NOVO-B.CO,Novo Nordisk,Nasdaq Copenhagen,DKK,20260703_201245
2026-07-03 13:23:00+02:00,325.70001220703125,325.75,325.6499938964844,325.75,1624,NOVO-B.CO,Novo Nordisk,Nasdaq Copenhagen,DKK,20260703_201245
2026-07-03 13:24:00+02:00,325.6499938964844,325.75,325.6499938964844,325.6499938964844,8231,NOVO-B.CO,Novo Nordisk,Nasdaq Copenhagen,DKK,20260703_201245
2026-07-03 13:25:00+02:00,325.6000061035156,325.6499938964844,325.54998779296875,325.6000061035156,2285,NOVO-B.CO,Novo Nordisk,Nasdaq Copenhagen,DKK,20260703_201245
2026-07-03 13:26:00+02:00,325.3999938964844,325.6000061035156,325.3500061035156,325.54998779296875,4143,NOVO-B.CO,Novo Nordisk,Nasdaq Copenhagen,DKK,20260703_201245
2026-07-03 13:27:00+02:00,325.29998779296875,325.3500061035156,325.29998779296875,325.3500061035156,564,NOVO-B.CO,Novo Nordisk,Nasdaq Copenhagen,DKK,20260703_201245
2026-07-03 13:28:00+02:00,325.29998779296875,325.3500061035156,325.25,325.3500061035156,1804,NOVO-B.CO,Novo Nordisk,Nasdaq Copenhagen,DKK,20260703_201245
2026-07-03 13:29:00+02:00,325.20001220703125,325.3500061035156,325.1499938964844,325.29998779296875,7614,NOVO-B.CO,Novo Nordisk,Nasdaq Copenhagen,DKK,20260703_201245
2026-07-03 13:30:00+02:00,325.29998779296875,325.29998779296875,325.25,325.25,1202,NOVO-B.CO,Novo Nordisk,Nasdaq Copenhagen,DKK,20260703_201245
2026-07-03 13:31:00+02:00,325.45001220703125,325.45001220703125,325.29998779296875,325.29998779296875,1084,NOVO-B.CO,Novo Nordisk,Nasdaq Copenhagen,DKK,20260703_201245
2026-07-03 13:32:00+02:00,325.45001220703125,325.45001220703125,325.45001220703125,325.45001220703125,434,NOVO-B.CO,Novo Nordisk,Nasdaq Copenhagen,DKK,20260703_201245
2026-07-03 13:33:00+02:00,325.25,325.45001220703125,325.25,325.45001220703125,1103,NOVO-B.CO,Novo Nordisk,Nasdaq Copenhagen,DKK,20260703_201245
2026-07-03 13:34:00+02:00,325.29998779296875,325.3500061035156,325.29998779296875,325.29998779296875,1146,NOVO-B.CO,Novo Nordisk,Nasdaq Copenhagen,DKK,20260703_201245
2026-07-03 13:35:00+02:00,325.45001220703125,325.5,325.29998779296875,325.29998779296875,1461,NOVO-B.CO,Novo Nordisk,Nasdaq Copenhagen,DKK,20260703_201245
2026-07-03 13:36:00+02:00,325.3500061035156,325.45001220703125,325.3500061035156,325.45001220703125,315,NOVO-B.CO,Novo Nordisk,Nasdaq Copenhagen,DKK,20260703_201245
2026-07-03 13:37:00+02:00,325.3999938964844,325.3999938964844,325.3999938964844,325.3999938964844,284,NOVO-B.CO,Novo Nordisk,Nasdaq Copenhagen,DKK,20260703_201245
2026-07-03 13:38:00+02:00,325.3999938964844,325.45001220703125,325.3999938964844,325.3999938964844,134,NOVO-B.CO,Novo Nordisk,Nasdaq Copenhagen,DKK,20260703_201245
2026-07-03 13:39:00+02:00,325.45001220703125,325.45001220703125,325.45001220703125,325.45001220703125,900,NOVO-B.CO,Novo Nordisk,Nasdaq Copenhagen,DKK,20260703_201245
2026-07-03 13:40:00+02:00,325.45001220703125,325.79998779296875,325.3999938964844,325.45001220703125,3503,NOVO-B.CO,Novo Nordisk,Nasdaq Copenhagen,DKK,20260703_201245
2026-07-03 13:41:00+02:00,325.5,325.5,325.45001220703125,325.45001220703125,984,NOVO-B.CO,Novo Nordisk,Nasdaq Copenhagen,DKK,20260703_201245
2026-07-03 13:42:00+02:00,325.3999938964844,325.3999938964844,325.3999938964844,325.3999938964844,90,NOVO-B.CO,Novo Nordisk,Nasdaq Copenhagen,DKK,20260703_201245
2026-07-03 13:43:00+02:00,325.6000061035156,325.6000061035156,325.5,325.5,1040,NOVO-B.CO,Novo Nordisk,Nasdaq Copenhagen,DKK,20260703_201245
2026-07-03 13:44:00+02:00,325.75,325.75,325.6499938964844,325.6499938964844,741,NOVO-B.CO,Novo Nordisk,Nasdaq Copenhagen,DKK,20260703_201245
2026-07-03 13:45:00+02:00,325.6000061035156,325.75,325.6000061035156,325.70001220703125,1642,NOVO-B.CO,Novo Nordisk,Nasdaq Copenhagen,DKK,20260703_201245
2026-07-03 13:46:00+02:00,325.8999938964844,325.8999938964844,325.70001220703125,325.70001220703125,1118,NOVO-B.CO,Novo Nordisk,Nasdaq Copenhagen,DKK,20260703_201245
2026-07-03 13:47:00+02:00,325.95001220703125,325.95001220703125,325.8999938964844,325.8999938964844,523,NOVO-B.CO,Novo Nordisk,Nasdaq Copenhagen,DKK,20260703_201245
2026-07-03 13:48:00+02:00,325.8999938964844,326.0,325.8500061035156,325.95001220703125,2019,NOVO-B.CO,Novo Nordisk,Nasdaq Copenhagen,DKK,20260703_201245
2026-07-03 13:49:00+02:00,325.8999938964844,325.8999938964844,325.79998779296875,325.79998779296875,241,NOVO-B.CO,Novo Nordisk,Nasdaq Copenhagen,DKK,20260703_201245
2026-07-03 13:50:00+02:00,325.8500061035156,325.8500061035156,325.79998779296875,325.8500061035156,344,NOVO-B.CO,Novo Nordisk,Nasdaq Copenhagen,DKK,20260703_201245
2026-07-03 13:51:00+02:00,325.5,325.79998779296875,325.5,325.79998779296875,4730,NOVO-B.CO,Novo Nordisk,Nasdaq Copenhagen,DKK,20260703_201245
2026-07-03 13:52:00+02:00,325.6000061035156,325.6000061035156,325.54998779296875,325.54998779296875,1117,NOVO-B.CO,Novo Nordisk,Nasdaq Copenhagen,DKK,20260703_201245
2026-07-03 13:53:00+02:00,325.70001220703125,325.70001220703125,325.5,325.5,1453,NOVO-B.CO,Novo Nordisk,Nasdaq Copenhagen,DKK,20260703_201245
2026-07-03 13:54:00+02:00,325.70001220703125,325.70001220703125,325.6000061035156,325.70001220703125,310,NOVO-B.CO,Novo Nordisk,Nasdaq Copenhagen,DKK,20260703_201245
2026-07-03 13:55:00+02:00,325.6499938964844,325.6499938964844,325.6000061035156,325.6499938964844,2205,NOVO-B.CO,Novo Nordisk,Nasdaq Copenhagen,DKK,20260703_201245
2026-07-03 13:56:00+02:00,325.70001220703125,325.70001220703125,325.6000061035156,325.70001220703125,1465,NOVO-B.CO,Novo Nordisk,Nasdaq Copenhagen,DKK,20260703_201245
2026-07-03 13:57:00+02:00,325.79998779296875,325.79998779296875,325.6499938964844,325.6499938964844,639,NOVO-B.CO,Novo Nordisk,Nasdaq Copenhagen,DKK,20260703_201245
2026-07-03 13:58:00+02:00,325.20001220703125,325.8500061035156,325.20001220703125,325.79998779296875,4874,NOVO-B.CO,Novo Nordisk,Nasdaq Copenhagen,DKK,20260703_201245
2026-07-03 13:59:00+02:00,325.29998779296875,325.6499938964844,325.20001220703125,325.25,4652,NOVO-B.CO,Novo Nordisk,Nasdaq Copenhagen,DKK,20260703_201245
2026-07-03 14:00:00+02:00,325.54998779296875,325.54998779296875,325.29998779296875,325.29998779296875,480,NOVO-B.CO,Novo Nordisk,Nasdaq Copenhagen,DKK,20260703_201245
2026-07-03 14:01:00+02:00,325.54998779296875,325.54998779296875,325.45001220703125,325.5,808,NOVO-B.CO,Novo Nordisk,Nasdaq Copenhagen,DKK,20260703_201245
2026-07-03 14:02:00+02:00,325.5,325.54998779296875,325.5,325.54998779296875,157,NOVO-B.CO,Novo Nordisk,Nasdaq Copenhagen,DKK,20260703_201245
2026-07-03 14:03:00+02:00,325.54998779296875,325.6000061035156,325.3999938964844,325.3999938964844,135,NOVO-B.CO,Novo Nordisk,Nasdaq Copenhagen,DKK,20260703_201245
2026-07-03 14:04:00+02:00,325.75,325.75,325.6000061035156,325.6000061035156,650,NOVO-B.CO,Novo Nordisk,Nasdaq Copenhagen,DKK,20260703_201245
2026-07-03 14:05:00+02:00,325.6499938964844,325.8500061035156,325.6000061035156,325.6000061035156,2882,NOVO-B.CO,Novo Nordisk,Nasdaq Copenhagen,DKK,20260703_201245
2026-07-03 14:06:00+02:00,325.5,325.6000061035156,325.3999938964844,325.6000061035156,952,NOVO-B.CO,Novo Nordisk,Nasdaq Copenhagen,DKK,20260703_201245
2026-07-03 14:07:00+02:00,325.5,325.5,325.5,325.5,80,NOVO-B.CO,Novo Nordisk,Nasdaq Copenhagen,DKK,20260703_201245
2026-07-03 14:08:00+02:00,325.25,325.3999938964844,325.1499938964844,325.3999938964844,1288,NOVO-B.CO,Novo Nordisk,Nasdaq Copenhagen,DKK,20260703_201245
2026-07-03 14:09:00+02:00,325.20001220703125,325.25,325.1000061035156,325.25,588,NOVO-B.CO,Novo Nordisk,Nasdaq Copenhagen,DKK,20260703_201245
2026-07-03 14:10:00+02:00,325.29998779296875,325.3500061035156,325.20001220703125,325.25,1324,NOVO-B.CO,Novo Nordisk,Nasdaq Copenhagen,DKK,20260703_201245
2026-07-03 14:11:00+02:00,325.3999938964844,325.3999938964844,325.29998779296875,325.29998779296875,1875,NOVO-B.CO,Novo Nordisk,Nasdaq Copenhagen,DKK,20260703_201245
2026-07-03 14:12:00+02:00,325.3500061035156,325.3500061035156,325.3500061035156,325.3500061035156,556,NOVO-B.CO,Novo Nordisk,Nasdaq Copenhagen,DKK,20260703_201245
2026-07-03 14:13:00+02:00,325.5,325.5,325.45001220703125,325.45001220703125,77,NOVO-B.CO,Novo Nordisk,Nasdaq Copenhagen,DKK,20260703_201245
2026-07-03 14:14:00+02:00,325.5,325.5,325.5,325.5,200,NOVO-B.CO,Novo Nordisk,Nasdaq Copenhagen,DKK,20260703_201245
2026-07-03 14:15:00+02:00,325.54998779296875,325.6499938964844,325.54998779296875,325.6000061035156,2227,NOVO-B.CO,Novo Nordisk,Nasdaq Copenhagen,DKK,20260703_201245
2026-07-03 14:16:00+02:00,325.6000061035156,325.6000061035156,325.3500061035156,325.54998779296875,4618,NOVO-B.CO,Novo Nordisk,Nasdaq Copenhagen,DKK,20260703_201245
2026-07-03 14:17:00+02:00,325.6000061035156,325.6000061035156,325.54998779296875,325.54998779296875,236,NOVO-B.CO,Novo Nordisk,Nasdaq Copenhagen,DKK,20260703_201245
2026-07-03 14:18:00+02:00,325.6000061035156,325.6499938964844,325.6000061035156,325.6499938964844,259,NOVO-B.CO,Novo Nordisk,Nasdaq Copenhagen,DKK,20260703_201245
2026-07-03 14:19:00+02:00,325.70001220703125,325.75,325.6499938964844,325.6499938964844,544,NOVO-B.CO,Novo Nordisk,Nasdaq Copenhagen,DKK,20260703_201245
2026-07-03 14:20:00+02:00,325.54998779296875,325.6499938964844,325.5,325.6499938964844,1638,NOVO-B.CO,Novo Nordisk,Nasdaq Copenhagen,DKK,20260703_201245
2026-07-03 14:21:00+02:00,325.8999938964844,325.8999938964844,325.5,325.5,134,NOVO-B.CO,Novo Nordisk,Nasdaq Copenhagen,DKK,20260703_201245
2026-07-03 14:22:00+02:00,325.75,325.8500061035156,325.75,325.8500061035156,698,NOVO-B.CO,Novo Nordisk,Nasdaq Copenhagen,DKK,20260703_201245
2026-07-03 14:23:00+02:00,325.75,325.8500061035156,325.70001220703125,325.75,571,NOVO-B.CO,Novo Nordisk,Nasdaq Copenhagen,DKK,20260703_201245
2026-07-03 14:24:00+02:00,325.8999938964844,325.8999938964844,325.8500061035156,325.8500061035156,368,NOVO-B.CO,Novo Nordisk,Nasdaq Copenhagen,DKK,20260703_201245
2026-07-03 14:25:00+02:00,326.0,326.0,325.8500061035156,325.8999938964844,1270,NOVO-B.CO,Novo Nordisk,Nasdaq Copenhagen,DKK,20260703_201245
2026-07-03 14:26:00+02:00,325.8999938964844,326.0,325.8999938964844,325.95001220703125,1939,NOVO-B.CO,Novo Nordisk,Nasdaq Copenhagen,DKK,20260703_201245
2026-07-03 14:27:00+02:00,325.54998779296875,325.8500061035156,325.54998779296875,325.8500061035156,1012,NOVO-B.CO,Novo Nordisk,Nasdaq Copenhagen,DKK,20260703_201245
2026-07-03 14:28:00+02:00,325.3999938964844,325.5,325.3500061035156,325.5,3190,NOVO-B.CO,Novo Nordisk,Nasdaq Copenhagen,DKK,20260703_201245
2026-07-03 14:29:00+02:00,325.29998779296875,325.45001220703125,325.29998779296875,325.45001220703125,2312,NOVO-B.CO,Novo Nordisk,Nasdaq Copenhagen,DKK,20260703_201245
2026-07-03 14:30:00+02:00,325.45001220703125,325.45001220703125,325.29998779296875,325.3500061035156,1600,NOVO-B.CO,Novo Nordisk,Nasdaq Copenhagen,DKK,20260703_201245
2026-07-03 14:31:00+02:00,325.3500061035156,325.45001220703125,325.3500061035156,325.45001220703125,389,NOVO-B.CO,Novo Nordisk,Nasdaq Copenhagen,DKK,20260703_201245
2026-07-03 14:32:00+02:00,325.5,325.54998779296875,325.29998779296875,325.3500061035156,1455,NOVO-B.CO,Novo Nordisk,Nasdaq Copenhagen,DKK,20260703_201245
2026-07-03 14:33:00+02:00,325.6499938964844,325.6499938964844,325.5,325.5,371,NOVO-B.CO,Novo Nordisk,Nasdaq Copenhagen,DKK,20260703_201245
2026-07-03 14:34:00+02:00,325.6000061035156,325.6000061035156,325.6000061035156,325.6000061035156,4,NOVO-B.CO,Novo Nordisk,Nasdaq Copenhagen,DKK,20260703_201245
2026-07-03 14:35:00+02:00,325.6000061035156,325.6000061035156,325.6000061035156,325.6000061035156,2,NOVO-B.CO,Novo Nordisk,Nasdaq Copenhagen,DKK,20260703_201245
2026-07-03 14:36:00+02:00,325.70001220703125,325.79998779296875,325.6499938964844,325.6499938964844,535,NOVO-B.CO,Novo Nordisk,Nasdaq Copenhagen,DKK,20260703_201245
2026-07-03 14:37:00+02:00,325.54998779296875,325.75,325.45001220703125,325.75,2160,NOVO-B.CO,Novo Nordisk,Nasdaq Copenhagen,DKK,20260703_201245
2026-07-03 14:38:00+02:00,325.5,325.5,325.5,325.5,3,NOVO-B.CO,Novo Nordisk,Nasdaq Copenhagen,DKK,20260703_201245
2026-07-03 14:39:00+02:00,325.6499938964844,325.6499938964844,325.5,325.5,477,NOVO-B.CO,Novo Nordisk,Nasdaq Copenhagen,DKK,20260703_201245
2026-07-03 14:40:00+02:00,325.6499938964844,325.79998779296875,325.6499938964844,325.75,1345,NOVO-B.CO,Novo Nordisk,Nasdaq Copenhagen,DKK,20260703_201245
2026-07-03 14:41:00+02:00,325.95001220703125,325.95001220703125,325.70001220703125,325.70001220703125,373,NOVO-B.CO,Novo Nordisk,Nasdaq Copenhagen,DKK,20260703_201245
2026-07-03 14:42:00+02:00,325.8500061035156,325.95001220703125,325.8500061035156,325.95001220703125,2364,NOVO-B.CO,Novo Nordisk,Nasdaq Copenhagen,DKK,20260703_201245
2026-07-03 14:43:00+02:00,325.8999938964844,325.8999938964844,325.79998779296875,325.79998779296875,237,NOVO-B.CO,Novo Nordisk,Nasdaq Copenhagen,DKK,20260703_201245
2026-07-03 14:44:00+02:00,325.8500061035156,325.8500061035156,325.8500061035156,325.8500061035156,90,NOVO-B.CO,Novo Nordisk,Nasdaq Copenhagen,DKK,20260703_201245
2026-07-03 14:45:00+02:00,325.75,325.8500061035156,325.75,325.8500061035156,1832,NOVO-B.CO,Novo Nordisk,Nasdaq Copenhagen,DKK,20260703_201245
2026-07-03 14:46:00+02:00,325.75,325.79998779296875,325.6499938964844,325.6499938964844,575,NOVO-B.CO,Novo Nordisk,Nasdaq Copenhagen,DKK,20260703_201245
2026-07-03 14:47:00+02:00,325.79998779296875,325.79998779296875,325.79998779296875,325.79998779296875,600,NOVO-B.CO,Novo Nordisk,Nasdaq Copenhagen,DKK,20260703_201245
2026-07-03 14:48:00+02:00,325.95001220703125,326.0,325.8999938964844,325.8999938964844,1127,NOVO-B.CO,Novo Nordisk,Nasdaq Copenhagen,DKK,20260703_201245
2026-07-03 14:49:00+02:00,326.1499938964844,326.20001220703125,326.0,326.0,8224,NOVO-B.CO,Novo Nordisk,Nasdaq Copenhagen,DKK,20260703_201245
2026-07-03 14:50:00+02:00,325.8500061035156,326.20001220703125,325.8500061035156,326.1499938964844,2518,NOVO-B.CO,Novo Nordisk,Nasdaq Copenhagen,DKK,20260703_201245
2026-07-03 14:51:00+02:00,325.75,325.95001220703125,325.75,325.8999938964844,2414,NOVO-B.CO,Novo Nordisk,Nasdaq Copenhagen,DKK,20260703_201245
2026-07-03 14:52:00+02:00,325.75,325.75,325.6499938964844,325.6499938964844,198,NOVO-B.CO,Novo Nordisk,Nasdaq Copenhagen,DKK,20260703_201245
2026-07-03 14:53:00+02:00,325.75,325.75,325.6000061035156,325.6000061035156,431,NOVO-B.CO,Novo Nordisk,Nasdaq Copenhagen,DKK,20260703_201245
2026-07-03 14:54:00+02:00,325.5,325.6499938964844,325.5,325.6000061035156,7999,NOVO-B.CO,Novo Nordisk,Nasdaq Copenhagen,DKK,20260703_201245
2026-07-03 14:55:00+02:00,325.3999938964844,325.45001220703125,325.3999938964844,325.45001220703125,469,NOVO-B.CO,Novo Nordisk,Nasdaq Copenhagen,DKK,20260703_201245
2026-07-03 14:56:00+02:00,325.3500061035156,325.3999938964844,325.29998779296875,325.3999938964844,1923,NOVO-B.CO,Novo Nordisk,Nasdaq Copenhagen,DKK,20260703_201245
2026-07-03 14:57:00+02:00,325.25,325.29998779296875,325.25,325.25,17,NOVO-B.CO,Novo Nordisk,Nasdaq Copenhagen,DKK,20260703_201245
2026-07-03 14:58:00+02:00,325.25,325.25,324.79998779296875,325.25,50756,NOVO-B.CO,Novo Nordisk,Nasdaq Copenhagen,DKK,20260703_201245
2026-07-03 14:59:00+02:00,325.1000061035156,325.20001220703125,325.1000061035156,325.1499938964844,339,NOVO-B.CO,Novo Nordisk,Nasdaq Copenhagen,DKK,20260703_201245
2026-07-03 15:00:00+02:00,325.1499938964844,325.20001220703125,325.1499938964844,325.20001220703125,153,NOVO-B.CO,Novo Nordisk,Nasdaq Copenhagen,DKK,20260703_201245
2026-07-03 15:01:00+02:00,325.1499938964844,325.3999938964844,325.1000061035156,325.29998779296875,1197,NOVO-B.CO,Novo Nordisk,Nasdaq Copenhagen,DKK,20260703_201245
2026-07-03 15:02:00+02:00,325.1000061035156,325.1000061035156,325.1000061035156,325.1000061035156,53,NOVO-B.CO,Novo Nordisk,Nasdaq Copenhagen,DKK,20260703_201245
2026-07-03 15:03:00+02:00,325.1000061035156,325.1000061035156,325.1000061035156,325.1000061035156,119,NOVO-B.CO,Novo Nordisk,Nasdaq Copenhagen,DKK,20260703_201245
2026-07-03 15:04:00+02:00,325.04998779296875,325.25,325.0,325.1000061035156,3750,NOVO-B.CO,Novo Nordisk,Nasdaq Copenhagen,DKK,20260703_201245
2026-07-03 15:05:00+02:00,325.1499938964844,325.1499938964844,325.0,325.0,303,NOVO-B.CO,Novo Nordisk,Nasdaq Copenhagen,DKK,20260703_201245
2026-07-03 15:06:00+02:00,325.5,325.5,325.20001220703125,325.25,2014,NOVO-B.CO,Novo Nordisk,Nasdaq Copenhagen,DKK,20260703_201245
2026-07-03 15:07:00+02:00,325.6000061035156,325.6000061035156,325.5,325.54998779296875,451,NOVO-B.CO,Novo Nordisk,Nasdaq Copenhagen,DKK,20260703_201245
2026-07-03 15:08:00+02:00,325.6000061035156,325.6000061035156,325.54998779296875,325.54998779296875,83,NOVO-B.CO,Novo Nordisk,Nasdaq Copenhagen,DKK,20260703_201245
2026-07-03 15:09:00+02:00,325.5,325.54998779296875,325.5,325.54998779296875,954,NOVO-B.CO,Novo Nordisk,Nasdaq Copenhagen,DKK,20260703_201245
2026-07-03 15:10:00+02:00,325.54998779296875,325.54998779296875,325.54998779296875,325.54998779296875,781,NOVO-B.CO,Novo Nordisk,Nasdaq Copenhagen,DKK,20260703_201245
2026-07-03 15:11:00+02:00,325.5,325.54998779296875,325.5,325.5,314,NOVO-B.CO,Novo Nordisk,Nasdaq Copenhagen,DKK,20260703_201245
2026-07-03 15:12:00+02:00,325.6000061035156,325.6000061035156,325.6000061035156,325.6000061035156,1130,NOVO-B.CO,Novo Nordisk,Nasdaq Copenhagen,DKK,20260703_201245
2026-07-03 15:13:00+02:00,325.3999938964844,325.54998779296875,325.3500061035156,325.54998779296875,2698,NOVO-B.CO,Novo Nordisk,Nasdaq Copenhagen,DKK,20260703_201245
2026-07-03 15:14:00+02:00,325.54998779296875,325.54998779296875,325.5,325.5,1188,NOVO-B.CO,Novo Nordisk,Nasdaq Copenhagen,DKK,20260703_201245
2026-07-03 15:15:00+02:00,325.70001220703125,325.79998779296875,325.6000061035156,325.6000061035156,6465,NOVO-B.CO,Novo Nordisk,Nasdaq Copenhagen,DKK,20260703_201245
2026-07-03 15:16:00+02:00,325.6000061035156,325.70001220703125,325.54998779296875,325.70001220703125,2698,NOVO-B.CO,Novo Nordisk,Nasdaq Copenhagen,DKK,20260703_201245
2026-07-03 15:17:00+02:00,325.5,325.54998779296875,325.5,325.54998779296875,1208,NOVO-B.CO,Novo Nordisk,Nasdaq Copenhagen,DKK,20260703_201245
2026-07-03 15:18:00+02:00,325.54998779296875,325.54998779296875,325.45001220703125,325.54998779296875,2369,NOVO-B.CO,Novo Nordisk,Nasdaq Copenhagen,DKK,20260703_201245
2026-07-03 15:19:00+02:00,325.70001220703125,325.70001220703125,325.54998779296875,325.54998779296875,1004,NOVO-B.CO,Novo Nordisk,Nasdaq Copenhagen,DKK,20260703_201245
2026-07-03 15:20:00+02:00,326.1499938964844,326.1499938964844,325.70001220703125,325.70001220703125,3106,NOVO-B.CO,Novo Nordisk,Nasdaq Copenhagen,DKK,20260703_201245
2026-07-03 15:21:00+02:00,326.1499938964844,326.1499938964844,326.1000061035156,326.1499938964844,990,NOVO-B.CO,Novo Nordisk,Nasdaq Copenhagen,DKK,20260703_201245
2026-07-03 15:22:00+02:00,325.8999938964844,326.20001220703125,325.8999938964844,326.1499938964844,5310,NOVO-B.CO,Novo Nordisk,Nasdaq Copenhagen,DKK,20260703_201245
2026-07-03 15:23:00+02:00,325.8999938964844,326.0,325.8999938964844,325.95001220703125,1109,NOVO-B.CO,Novo Nordisk,Nasdaq Copenhagen,DKK,20260703_201245
2026-07-03 15:24:00+02:00,325.8999938964844,325.8999938964844,325.8999938964844,325.8999938964844,122,NOVO-B.CO,Novo Nordisk,Nasdaq Copenhagen,DKK,20260703_201245
2026-07-03 15:25:00+02:00,326.04998779296875,326.04998779296875,326.0,326.0,1362,NOVO-B.CO,Novo Nordisk,Nasdaq Copenhagen,DKK,20260703_201245
2026-07-03 15:26:00+02:00,326.04998779296875,326.04998779296875,326.04998779296875,326.04998779296875,5,NOVO-B.CO,Novo Nordisk,Nasdaq Copenhagen,DKK,20260703_201245
2026-07-03 15:27:00+02:00,325.95001220703125,326.04998779296875,325.95001220703125,326.04998779296875,1588,NOVO-B.CO,Novo Nordisk,Nasdaq Copenhagen,DKK,20260703_201245
2026-07-03 15:28:00+02:00,326.1000061035156,326.1000061035156,326.0,326.0,1010,NOVO-B.CO,Novo Nordisk,Nasdaq Copenhagen,DKK,20260703_201245
2026-07-03 15:29:00+02:00,325.8999938964844,326.1000061035156,325.8999938964844,326.04998779296875,3676,NOVO-B.CO,Novo Nordisk,Nasdaq Copenhagen,DKK,20260703_201245
2026-07-03 15:30:00+02:00,325.75,325.95001220703125,325.70001220703125,325.8500061035156,3968,NOVO-B.CO,Novo Nordisk,Nasdaq Copenhagen,DKK,20260703_201245
2026-07-03 15:31:00+02:00,325.8500061035156,326.0,325.79998779296875,325.79998779296875,1029,NOVO-B.CO,Novo Nordisk,Nasdaq Copenhagen,DKK,20260703_201245
2026-07-03 15:32:00+02:00,325.75,325.8500061035156,325.70001220703125,325.8500061035156,3183,NOVO-B.CO,Novo Nordisk,Nasdaq Copenhagen,DKK,20260703_201245
2026-07-03 15:33:00+02:00,325.79998779296875,325.79998779296875,325.70001220703125,325.70001220703125,703,NOVO-B.CO,Novo Nordisk,Nasdaq Copenhagen,DKK,20260703_201245
2026-07-03 15:34:00+02:00,325.8500061035156,325.8500061035156,325.79998779296875,325.79998779296875,1448,NOVO-B.CO,Novo Nordisk,Nasdaq Copenhagen,DKK,20260703_201245
2026-07-03 15:35:00+02:00,326.0,326.0,325.8999938964844,325.8999938964844,854,NOVO-B.CO,Novo Nordisk,Nasdaq Copenhagen,DKK,20260703_201245
2026-07-03 15:36:00+02:00,326.04998779296875,326.1499938964844,325.95001220703125,326.0,3325,NOVO-B.CO,Novo Nordisk,Nasdaq Copenhagen,DKK,20260703_201245
2026-07-03 15:37:00+02:00,326.04998779296875,326.1499938964844,326.0,326.04998779296875,2942,NOVO-B.CO,Novo Nordisk,Nasdaq Copenhagen,DKK,20260703_201245
2026-07-03 15:38:00+02:00,326.0,326.04998779296875,326.0,326.04998779296875,1632,NOVO-B.CO,Novo Nordisk,Nasdaq Copenhagen,DKK,20260703_201245
2026-07-03 15:39:00+02:00,326.04998779296875,326.04998779296875,326.04998779296875,326.04998779296875,504,NOVO-B.CO,Novo Nordisk,Nasdaq Copenhagen,DKK,20260703_201245
2026-07-03 15:40:00+02:00,325.6499938964844,326.0,325.5,326.0,6340,NOVO-B.CO,Novo Nordisk,Nasdaq Copenhagen,DKK,20260703_201245
2026-07-03 15:41:00+02:00,325.8500061035156,325.95001220703125,325.70001220703125,325.70001220703125,1027,NOVO-B.CO,Novo Nordisk,Nasdaq Copenhagen,DKK,20260703_201245
2026-07-03 15:42:00+02:00,326.20001220703125,326.20001220703125,325.95001220703125,325.95001220703125,919,NOVO-B.CO,Novo Nordisk,Nasdaq Copenhagen,DKK,20260703_201245
2026-07-03 15:43:00+02:00,326.29998779296875,326.29998779296875,326.25,326.25,748,NOVO-B.CO,Novo Nordisk,Nasdaq Copenhagen,DKK,20260703_201245
2026-07-03 15:44:00+02:00,326.29998779296875,326.3500061035156,326.29998779296875,326.29998779296875,429,NOVO-B.CO,Novo Nordisk,Nasdaq Copenhagen,DKK,20260703_201245
2026-07-03 15:45:00+02:00,326.5,326.5,326.3500061035156,326.3500061035156,1264,NOVO-B.CO,Novo Nordisk,Nasdaq Copenhagen,DKK,20260703_201245
2026-07-03 15:46:00+02:00,326.6000061035156,326.6000061035156,326.5,326.5,888,NOVO-B.CO,Novo Nordisk,Nasdaq Copenhagen,DKK,20260703_201245
2026-07-03 15:47:00+02:00,326.6000061035156,326.70001220703125,326.6000061035156,326.6499938964844,8317,NOVO-B.CO,Novo Nordisk,Nasdaq Copenhagen,DKK,20260703_201245
2026-07-03 15:48:00+02:00,326.29998779296875,326.5,326.25,326.5,6974,NOVO-B.CO,Novo Nordisk,Nasdaq Copenhagen,DKK,20260703_201245
2026-07-03 15:49:00+02:00,326.20001220703125,326.25,326.20001220703125,326.25,467,NOVO-B.CO,Novo Nordisk,Nasdaq Copenhagen,DKK,20260703_201245
2026-07-03 15:50:00+02:00,326.29998779296875,326.29998779296875,326.20001220703125,326.20001220703125,5977,NOVO-B.CO,Novo Nordisk,Nasdaq Copenhagen,DKK,20260703_201245
2026-07-03 15:51:00+02:00,326.25,326.25,326.20001220703125,326.20001220703125,12377,NOVO-B.CO,Novo Nordisk,Nasdaq Copenhagen,DKK,20260703_201245
2026-07-03 15:52:00+02:00,326.0,326.20001220703125,326.0,326.20001220703125,35964,NOVO-B.CO,Novo Nordisk,Nasdaq Copenhagen,DKK,20260703_201245
2026-07-03 15:53:00+02:00,326.1499938964844,326.1499938964844,326.04998779296875,326.04998779296875,1416,NOVO-B.CO,Novo Nordisk,Nasdaq Copenhagen,DKK,20260703_201245
2026-07-03 15:54:00+02:00,326.1000061035156,326.20001220703125,326.1000061035156,326.20001220703125,142,NOVO-B.CO,Novo Nordisk,Nasdaq Copenhagen,DKK,20260703_201245
2026-07-03 15:55:00+02:00,326.1000061035156,326.1000061035156,326.04998779296875,326.1000061035156,1726,NOVO-B.CO,Novo Nordisk,Nasdaq Copenhagen,DKK,20260703_201245
2026-07-03 15:56:00+02:00,326.3500061035156,326.3500061035156,326.1000061035156,326.1000061035156,1430,NOVO-B.CO,Novo Nordisk,Nasdaq Copenhagen,DKK,20260703_201245
2026-07-03 15:57:00+02:00,326.3500061035156,326.3500061035156,326.29998779296875,326.29998779296875,169,NOVO-B.CO,Novo Nordisk,Nasdaq Copenhagen,DKK,20260703_201245
2026-07-03 15:58:00+02:00,326.20001220703125,326.29998779296875,326.20001220703125,326.29998779296875,275,NOVO-B.CO,Novo Nordisk,Nasdaq Copenhagen,DKK,20260703_201245
2026-07-03 15:59:00+02:00,326.3500061035156,326.3500061035156,326.29998779296875,326.29998779296875,825,NOVO-B.CO,Novo Nordisk,Nasdaq Copenhagen,DKK,20260703_201245
2026-07-03 16:00:00+02:00,326.5,326.54998779296875,326.29998779296875,326.29998779296875,2057,NOVO-B.CO,Novo Nordisk,Nasdaq Copenhagen,DKK,20260703_201245
2026-07-03 16:01:00+02:00,326.20001220703125,326.5,326.1499938964844,326.5,2460,NOVO-B.CO,Novo Nordisk,Nasdaq Copenhagen,DKK,20260703_201245
2026-07-03 16:02:00+02:00,326.20001220703125,326.20001220703125,326.1000061035156,326.1499938964844,1295,NOVO-B.CO,Novo Nordisk,Nasdaq Copenhagen,DKK,20260703_201245
2026-07-03 16:03:00+02:00,326.3999938964844,326.3999938964844,326.25,326.25,50,NOVO-B.CO,Novo Nordisk,Nasdaq Copenhagen,DKK,20260703_201245
2026-07-03 16:04:00+02:00,326.3999938964844,326.3999938964844,326.25,326.29998779296875,1426,NOVO-B.CO,Novo Nordisk,Nasdaq Copenhagen,DKK,20260703_201245
2026-07-03 16:05:00+02:00,326.3999938964844,326.45001220703125,326.3999938964844,326.45001220703125,11,NOVO-B.CO,Novo Nordisk,Nasdaq Copenhagen,DKK,20260703_201245
2026-07-03 16:06:00+02:00,326.29998779296875,326.3999938964844,326.20001220703125,326.3999938964844,1466,NOVO-B.CO,Novo Nordisk,Nasdaq Copenhagen,DKK,20260703_201245
2026-07-03 16:07:00+02:00,326.20001220703125,326.25,326.20001220703125,326.25,560,NOVO-B.CO,Novo Nordisk,Nasdaq Copenhagen,DKK,20260703_201245
2026-07-03 16:08:00+02:00,326.1499938964844,326.25,326.1499938964844,326.20001220703125,1044,NOVO-B.CO,Novo Nordisk,Nasdaq Copenhagen,DKK,20260703_201245
2026-07-03 16:09:00+02:00,326.29998779296875,326.3500061035156,326.25,326.29998779296875,982,NOVO-B.CO,Novo Nordisk,Nasdaq Copenhagen,DKK,20260703_201245
2026-07-03 16:10:00+02:00,326.45001220703125,326.45001220703125,326.25,326.29998779296875,916,NOVO-B.CO,Novo Nordisk,Nasdaq Copenhagen,DKK,20260703_201245
2026-07-03 16:11:00+02:00,326.3500061035156,326.45001220703125,326.3500061035156,326.45001220703125,737,NOVO-B.CO,Novo Nordisk,Nasdaq Copenhagen,DKK,20260703_201245
2026-07-03 16:12:00+02:00,326.3999938964844,326.3999938964844,326.3500061035156,326.3500061035156,60,NOVO-B.CO,Novo Nordisk,Nasdaq Copenhagen,DKK,20260703_201245
2026-07-03 16:13:00+02:00,326.1000061035156,326.3500061035156,325.95001220703125,326.3500061035156,5800,NOVO-B.CO,Novo Nordisk,Nasdaq Copenhagen,DKK,20260703_201245
2026-07-03 16:14:00+02:00,325.95001220703125,326.0,325.8999938964844,326.0,918,NOVO-B.CO,Novo Nordisk,Nasdaq Copenhagen,DKK,20260703_201245
2026-07-03 16:15:00+02:00,326.0,326.0,325.8999938964844,325.95001220703125,886,NOVO-B.CO,Novo Nordisk,Nasdaq Copenhagen,DKK,20260703_201245
2026-07-03 16:16:00+02:00,326.04998779296875,326.1499938964844,325.95001220703125,326.04998779296875,9709,NOVO-B.CO,Novo Nordisk,Nasdaq Copenhagen,DKK,20260703_201245
2026-07-03 16:17:00+02:00,326.04998779296875,326.04998779296875,325.95001220703125,326.04998779296875,2537,NOVO-B.CO,Novo Nordisk,Nasdaq Copenhagen,DKK,20260703_201245
2026-07-03 16:18:00+02:00,326.0,326.1499938964844,326.0,326.1499938964844,754,NOVO-B.CO,Novo Nordisk,Nasdaq Copenhagen,DKK,20260703_201245
2026-07-03 16:19:00+02:00,326.0,326.25,326.0,326.1000061035156,1498,NOVO-B.CO,Novo Nordisk,Nasdaq Copenhagen,DKK,20260703_201245
2026-07-03 16:20:00+02:00,326.0,326.0,325.8999938964844,325.95001220703125,1390,NOVO-B.CO,Novo Nordisk,Nasdaq Copenhagen,DKK,20260703_201245
2026-07-03 16:21:00+02:00,325.79998779296875,326.0,325.79998779296875,326.0,688,NOVO-B.CO,Novo Nordisk,Nasdaq Copenhagen,DKK,20260703_201245
2026-07-03 16:22:00+02:00,325.75,325.8500061035156,325.70001220703125,325.79998779296875,1003,NOVO-B.CO,Novo Nordisk,Nasdaq Copenhagen,DKK,20260703_201245
2026-07-03 16:23:00+02:00,325.75,325.75,325.75,325.75,745,NOVO-B.CO,Novo Nordisk,Nasdaq Copenhagen,DKK,20260703_201245
2026-07-03 16:24:00+02:00,325.6499938964844,325.75,325.6499938964844,325.75,813,NOVO-B.CO,Novo Nordisk,Nasdaq Copenhagen,DKK,20260703_201245
2026-07-03 16:25:00+02:00,325.75,325.75,325.6499938964844,325.6499938964844,230,NOVO-B.CO,Novo Nordisk,Nasdaq Copenhagen,DKK,20260703_201245
2026-07-03 16:26:00+02:00,325.6000061035156,325.70001220703125,325.6000061035156,325.70001220703125,299,NOVO-B.CO,Novo Nordisk,Nasdaq Copenhagen,DKK,20260703_201245
2026-07-03 16:27:00+02:00,325.75,325.75,325.6499938964844,325.6499938964844,1780,NOVO-B.CO,Novo Nordisk,Nasdaq Copenhagen,DKK,20260703_201245
2026-07-03 16:28:00+02:00,325.95001220703125,325.95001220703125,325.79998779296875,325.79998779296875,646,NOVO-B.CO,Novo Nordisk,Nasdaq Copenhagen,DKK,20260703_201245
2026-07-03 16:29:00+02:00,325.6499938964844,325.8999938964844,325.6499938964844,325.8999938964844,5416,NOVO-B.CO,Novo Nordisk,Nasdaq Copenhagen,DKK,20260703_201245
2026-07-03 16:30:00+02:00,325.8500061035156,325.8500061035156,325.6499938964844,325.75,1600,NOVO-B.CO,Novo Nordisk,Nasdaq Copenhagen,DKK,20260703_201245
2026-07-03 16:31:00+02:00,326.1499938964844,326.1499938964844,325.70001220703125,325.79998779296875,4571,NOVO-B.CO,Novo Nordisk,Nasdaq Copenhagen,DKK,20260703_201245
2026-07-03 16:32:00+02:00,326.1000061035156,326.20001220703125,326.1000061035156,326.1499938964844,4331,NOVO-B.CO,Novo Nordisk,Nasdaq Copenhagen,DKK,20260703_201245
2026-07-03 16:33:00+02:00,326.04998779296875,326.1000061035156,326.0,326.1000061035156,788,NOVO-B.CO,Novo Nordisk,Nasdaq Copenhagen,DKK,20260703_201245
2026-07-03 16:34:00+02:00,325.75,325.95001220703125,325.6000061035156,325.95001220703125,3573,NOVO-B.CO,Novo Nordisk,Nasdaq Copenhagen,DKK,20260703_201245
2026-07-03 16:35:00+02:00,325.6499938964844,325.8500061035156,325.6499938964844,325.8500061035156,3644,NOVO-B.CO,Novo Nordisk,Nasdaq Copenhagen,DKK,20260703_201245
2026-07-03 16:36:00+02:00,325.29998779296875,325.6499938964844,325.29998779296875,325.6499938964844,5375,NOVO-B.CO,Novo Nordisk,Nasdaq Copenhagen,DKK,20260703_201245
2026-07-03 16:37:00+02:00,325.25,325.25,325.1499938964844,325.20001220703125,755,NOVO-B.CO,Novo Nordisk,Nasdaq Copenhagen,DKK,20260703_201245
2026-07-03 16:38:00+02:00,325.3999938964844,325.3999938964844,325.25,325.25,2506,NOVO-B.CO,Novo Nordisk,Nasdaq Copenhagen,DKK,20260703_201245
2026-07-03 16:39:00+02:00,325.29998779296875,325.3999938964844,325.29998779296875,325.3999938964844,656,NOVO-B.CO,Novo Nordisk,Nasdaq Copenhagen,DKK,20260703_201245
2026-07-03 16:40:00+02:00,325.29998779296875,325.3500061035156,325.25,325.3500061035156,2131,NOVO-B.CO,Novo Nordisk,Nasdaq Copenhagen,DKK,20260703_201245
2026-07-03 16:41:00+02:00,325.3999938964844,325.45001220703125,325.3999938964844,325.3999938964844,1074,NOVO-B.CO,Novo Nordisk,Nasdaq Copenhagen,DKK,20260703_201245
2026-07-03 16:42:00+02:00,325.29998779296875,325.5,325.29998779296875,325.5,818,NOVO-B.CO,Novo Nordisk,Nasdaq Copenhagen,DKK,20260703_201245
2026-07-03 16:43:00+02:00,325.3999938964844,325.3999938964844,325.29998779296875,325.29998779296875,431,NOVO-B.CO,Novo Nordisk,Nasdaq Copenhagen,DKK,20260703_201245
2026-07-03 16:44:00+02:00,325.45001220703125,325.45001220703125,325.29998779296875,325.45001220703125,3894,NOVO-B.CO,Novo Nordisk,Nasdaq Copenhagen,DKK,20260703_201245
2026-07-03 16:45:00+02:00,325.54998779296875,325.54998779296875,325.29998779296875,325.45001220703125,2721,NOVO-B.CO,Novo Nordisk,Nasdaq Copenhagen,DKK,20260703_201245
2026-07-03 16:46:00+02:00,325.6000061035156,325.6499938964844,325.6000061035156,325.6000061035156,501,NOVO-B.CO,Novo Nordisk,Nasdaq Copenhagen,DKK,20260703_201245
2026-07-03 16:47:00+02:00,325.70001220703125,325.79998779296875,325.54998779296875,325.6000061035156,1749,NOVO-B.CO,Novo Nordisk,Nasdaq Copenhagen,DKK,20260703_201245
2026-07-03 16:48:00+02:00,325.75,325.79998779296875,325.70001220703125,325.70001220703125,711,NOVO-B.CO,Novo Nordisk,Nasdaq Copenhagen,DKK,20260703_201245
2026-07-03 16:49:00+02:00,325.6499938964844,325.79998779296875,325.6499938964844,325.75,2211,NOVO-B.CO,Novo Nordisk,Nasdaq Copenhagen,DKK,20260703_201245
2026-07-03 16:50:00+02:00,325.54998779296875,325.8500061035156,325.54998779296875,325.70001220703125,1326,NOVO-B.CO,Novo Nordisk,Nasdaq Copenhagen,DKK,20260703_201245
2026-07-03 16:51:00+02:00,325.70001220703125,325.70001220703125,325.5,325.54998779296875,3274,NOVO-B.CO,Novo Nordisk,Nasdaq Copenhagen,DKK,20260703_201245
2026-07-03 16:52:00+02:00,325.70001220703125,325.75,325.54998779296875,325.6499938964844,3398,NOVO-B.CO,Novo Nordisk,Nasdaq Copenhagen,DKK,20260703_201245
2026-07-03 16:53:00+02:00,325.8500061035156,325.8999938964844,325.70001220703125,325.70001220703125,4141,NOVO-B.CO,Novo Nordisk,Nasdaq Copenhagen,DKK,20260703_201245
2026-07-03 16:54:00+02:00,326.1000061035156,326.1000061035156,325.79998779296875,325.8500061035156,12169,NOVO-B.CO,Novo Nordisk,Nasdaq Copenhagen,DKK,20260703_201245
2026-07-03 16:59:00+02:00,326.8999938964844,326.8999938964844,326.8999938964844,326.8999938964844,790994,NOVO-B.CO,Novo Nordisk,Nasdaq Copenhagen,DKK,20260703_201245
2026-07-03 09:00:00+02:00,330.20001220703125,330.75,329.6499938964844,330.0,0,NOVO-B.CO,Novo Nordisk,Nasdaq Copenhagen,DKK,20260703_213727
2026-07-03 09:01:00+02:00,329.1000061035156,330.0,329.1000061035156,330.0,25999,NOVO-B.CO,Novo Nordisk,Nasdaq Copenhagen,DKK,20260703_213727
2026-07-03 09:02:00+02:00,328.45001220703125,329.25,328.1499938964844,329.20001220703125,30514,NOVO-B.CO,Novo Nordisk,Nasdaq Copenhagen,DKK,20260703_213727
2026-07-03 09:03:00+02:00,328.3999938964844,329.04998779296875,328.25,328.3500061035156,11869,NOVO-B.CO,Novo Nordisk,Nasdaq Copenhagen,DKK,20260703_213727
2026-07-03 09:04:00+02:00,328.04998779296875,328.45001220703125,327.75,328.45001220703125,12872,NOVO-B.CO,Novo Nordisk,Nasdaq Copenhagen,DKK,20260703_213727
2026-07-03 09:05:00+02:00,327.8500061035156,328.3500061035156,327.3999938964844,328.0,17825,NOVO-B.CO,Novo Nordisk,Nasdaq Copenhagen,DKK,20260703_213727
2026-07-03 09:06:00+02:00,327.29998779296875,328.25,327.29998779296875,327.79998779296875,10973,NOVO-B.CO,Novo Nordisk,Nasdaq Copenhagen,DKK,20260703_213727
2026-07-03 09:07:00+02:00,326.6000061035156,327.25,326.0,327.25,26614,NOVO-B.CO,Novo Nordisk,Nasdaq Copenhagen,DKK,20260703_213727
2026-07-03 09:08:00+02:00,327.04998779296875,327.1499938964844,326.6000061035156,326.6000061035156,7380,NOVO-B.CO,Novo Nordisk,Nasdaq Copenhagen,DKK,20260703_213727
2026-07-03 09:09:00+02:00,327.8999938964844,327.95001220703125,327.1000061035156,327.25,16717,NOVO-B.CO,Novo Nordisk,Nasdaq Copenhagen,DKK,20260703_213727
2026-07-03 09:10:00+02:00,327.3999938964844,328.0,327.3999938964844,327.95001220703125,26013,NOVO-B.CO,Novo Nordisk,Nasdaq Copenhagen,DKK,20260703_213727
2026-07-03 09:11:00+02:00,327.0,327.25,326.8999938964844,327.25,14281,NOVO-B.CO,Novo Nordisk,Nasdaq Copenhagen,DKK,20260703_213727
2026-07-03 09:12:00+02:00,327.0,327.1499938964844,326.8500061035156,327.04998779296875,4786,NOVO-B.CO,Novo Nordisk,Nasdaq Copenhagen,DKK,20260703_213727
2026-07-03 09:13:00+02:00,327.54998779296875,327.6499938964844,327.0,327.0,7567,NOVO-B.CO,Novo Nordisk,Nasdaq Copenhagen,DKK,20260703_213727
2026-07-03 09:14:00+02:00,327.6000061035156,327.79998779296875,327.3500061035156,327.54998779296875,9889,NOVO-B.CO,Novo Nordisk,Nasdaq Copenhagen,DKK,20260703_213727
2026-07-03 09:15:00+02:00,327.70001220703125,328.1000061035156,327.54998779296875,327.70001220703125,31110,NOVO-B.CO,Novo Nordisk,Nasdaq Copenhagen,DKK,20260703_213727
2026-07-03 09:16:00+02:00,327.8500061035156,328.0,327.6499938964844,327.70001220703125,5448,NOVO-B.CO,Novo Nordisk,Nasdaq Copenhagen,DKK,20260703_213727
2026-07-03 09:17:00+02:00,327.70001220703125,327.95001220703125,327.54998779296875,327.8500061035156,10407,NOVO-B.CO,Novo Nordisk,Nasdaq Copenhagen,DKK,20260703_213727
2026-07-03 09:18:00+02:00,327.3999938964844,327.8500061035156,327.3999938964844,327.75,9642,NOVO-B.CO,Novo Nordisk,Nasdaq Copenhagen,DKK,20260703_213727
2026-07-03 09:19:00+02:00,327.3999938964844,327.6000061035156,327.29998779296875,327.3999938964844,9536,NOVO-B.CO,Novo Nordisk,Nasdaq Copenhagen,DKK,20260703_213727
2026-07-03 09:20:00+02:00,327.54998779296875,327.6499938964844,327.45001220703125,327.5,5441,NOVO-B.CO,Novo Nordisk,Nasdaq Copenhagen,DKK,20260703_213727
2026-07-03 09:21:00+02:00,327.8500061035156,328.0,327.6000061035156,327.6000061035156,2251,NOVO-B.CO,Novo Nordisk,Nasdaq Copenhagen,DKK,20260703_213727
2026-07-03 09:22:00+02:00,327.54998779296875,328.0,327.54998779296875,327.79998779296875,9673,NOVO-B.CO,Novo Nordisk,Nasdaq Copenhagen,DKK,20260703_213727
2026-07-03 09:23:00+02:00,327.70001220703125,328.0,327.3500061035156,327.5,21964,NOVO-B.CO,Novo Nordisk,Nasdaq Copenhagen,DKK,20260703_213727
2026-07-03 09:24:00+02:00,327.79998779296875,328.1000061035156,327.6000061035156,327.79998779296875,12123,NOVO-B.CO,Novo Nordisk,Nasdaq Copenhagen,DKK,20260703_213727
2026-07-03 09:25:00+02:00,327.8999938964844,327.95001220703125,327.6000061035156,327.75,6079,NOVO-B.CO,Novo Nordisk,Nasdaq Copenhagen,DKK,20260703_213727
2026-07-03 09:26:00+02:00,328.5,328.5,327.8999938964844,327.8999938964844,7472,NOVO-B.CO,Novo Nordisk,Nasdaq Copenhagen,DKK,20260703_213727
2026-07-03 09:27:00+02:00,328.45001220703125,328.6499938964844,328.3999938964844,328.54998779296875,6879,NOVO-B.CO,Novo Nordisk,Nasdaq Copenhagen,DKK,20260703_213727
2026-07-03 09:28:00+02:00,328.3999938964844,328.5,328.3999938964844,328.3999938964844,3648,NOVO-B.CO,Novo Nordisk,Nasdaq Copenhagen,DKK,20260703_213727
2026-07-03 09:29:00+02:00,328.29998779296875,328.45001220703125,328.25,328.3500061035156,5927,NOVO-B.CO,Novo Nordisk,Nasdaq Copenhagen,DKK,20260703_213727
2026-07-03 09:30:00+02:00,328.29998779296875,328.3500061035156,328.20001220703125,328.25,7494,NOVO-B.CO,Novo Nordisk,Nasdaq Copenhagen,DKK,20260703_213727
2026-07-03 09:31:00+02:00,328.1499938964844,328.29998779296875,328.1000061035156,328.1499938964844,13236,NOVO-B.CO,Novo Nordisk,Nasdaq Copenhagen,DKK,20260703_213727
2026-07-03 09:32:00+02:00,328.3999938964844,328.45001220703125,328.20001220703125,328.20001220703125,3361,NOVO-B.CO,Novo Nordisk,Nasdaq Copenhagen,DKK,20260703_213727
2026-07-03 09:33:00+02:00,328.79998779296875,328.79998779296875,328.45001220703125,328.45001220703125,1808,NOVO-B.CO,Novo Nordisk,Nasdaq Copenhagen,DKK,20260703_213727
2026-07-03 09:34:00+02:00,328.6499938964844,328.75,328.6000061035156,328.75,3146,NOVO-B.CO,Novo Nordisk,Nasdaq Copenhagen,DKK,20260703_213727
2026-07-03 09:35:00+02:00,328.70001220703125,328.75,328.6499938964844,328.70001220703125,2928,NOVO-B.CO,Novo Nordisk,Nasdaq Copenhagen,DKK,20260703_213727
2026-07-03 09:36:00+02:00,328.8999938964844,328.8999938964844,328.6499938964844,328.6499938964844,1295,NOVO-B.CO,Novo Nordisk,Nasdaq Copenhagen,DKK,20260703_213727
2026-07-03 09:37:00+02:00,329.1499938964844,329.25,328.95001220703125,328.95001220703125,7355,NOVO-B.CO,Novo Nordisk,Nasdaq Copenhagen,DKK,20260703_213727
2026-07-03 09:38:00+02:00,329.25,329.6000061035156,329.04998779296875,329.20001220703125,6139,NOVO-B.CO,Novo Nordisk,Nasdaq Copenhagen,DKK,20260703_213727
2026-07-03 09:39:00+02:00,329.3500061035156,329.45001220703125,329.1000061035156,329.3500061035156,6378,NOVO-B.CO,Novo Nordisk,Nasdaq Copenhagen,DKK,20260703_213727
2026-07-03 09:40:00+02:00,329.1000061035156,329.20001220703125,329.04998779296875,329.1000061035156,4846,NOVO-B.CO,Novo Nordisk,Nasdaq Copenhagen,DKK,20260703_213727
2026-07-03 09:41:00+02:00,328.8500061035156,329.25,328.8500061035156,329.25,13672,NOVO-B.CO,Novo Nordisk,Nasdaq Copenhagen,DKK,20260703_213727
2026-07-03 09:42:00+02:00,328.79998779296875,328.95001220703125,328.6000061035156,328.8999938964844,2569,NOVO-B.CO,Novo Nordisk,Nasdaq Copenhagen,DKK,20260703_213727
2026-07-03 09:43:00+02:00,328.3500061035156,328.79998779296875,328.25,328.79998779296875,10703,NOVO-B.CO,Novo Nordisk,Nasdaq Copenhagen,DKK,20260703_213727
2026-07-03 09:44:00+02:00,328.6499938964844,328.70001220703125,328.45001220703125,328.45001220703125,1692,NOVO-B.CO,Novo Nordisk,Nasdaq Copenhagen,DKK,20260703_213727
2026-07-03 09:45:00+02:00,328.29998779296875,328.70001220703125,328.1499938964844,328.70001220703125,12913,NOVO-B.CO,Novo Nordisk,Nasdaq Copenhagen,DKK,20260703_213727
2026-07-03 09:46:00+02:00,328.04998779296875,328.29998779296875,328.04998779296875,328.29998779296875,5929,NOVO-B.CO,Novo Nordisk,Nasdaq Copenhagen,DKK,20260703_213727
2026-07-03 09:47:00+02:00,327.8500061035156,328.1000061035156,327.79998779296875,328.04998779296875,2947,NOVO-B.CO,Novo Nordisk,Nasdaq Copenhagen,DKK,20260703_213727
2026-07-03 09:48:00+02:00,327.8500061035156,328.0,327.70001220703125,327.8999938964844,4946,NOVO-B.CO,Novo Nordisk,Nasdaq Copenhagen,DKK,20260703_213727
2026-07-03 09:49:00+02:00,327.54998779296875,327.8999938964844,327.54998779296875,327.8999938964844,4379,NOVO-B.CO,Novo Nordisk,Nasdaq Copenhagen,DKK,20260703_213727
2026-07-03 09:50:00+02:00,327.3500061035156,327.6000061035156,327.3500061035156,327.5,3673,NOVO-B.CO,Novo Nordisk,Nasdaq Copenhagen,DKK,20260703_213727
2026-07-03 09:51:00+02:00,327.1499938964844,327.5,327.1499938964844,327.3999938964844,2799,NOVO-B.CO,Novo Nordisk,Nasdaq Copenhagen,DKK,20260703_213727
2026-07-03 09:52:00+02:00,327.25,327.25,327.1499938964844,327.1499938964844,4767,NOVO-B.CO,Novo Nordisk,Nasdaq Copenhagen,DKK,20260703_213727
2026-07-03 09:53:00+02:00,327.3500061035156,327.3999938964844,327.1499938964844,327.25,3014,NOVO-B.CO,Novo Nordisk,Nasdaq Copenhagen,DKK,20260703_213727
2026-07-03 09:54:00+02:00,327.3500061035156,327.3500061035156,327.20001220703125,327.25,1573,NOVO-B.CO,Novo Nordisk,Nasdaq Copenhagen,DKK,20260703_213727
2026-07-03 09:55:00+02:00,327.3500061035156,327.70001220703125,327.3500061035156,327.45001220703125,1371,NOVO-B.CO,Novo Nordisk,Nasdaq Copenhagen,DKK,20260703_213727
2026-07-03 09:56:00+02:00,327.25,327.3999938964844,327.1499938964844,327.3999938964844,3675,NOVO-B.CO,Novo Nordisk,Nasdaq Copenhagen,DKK,20260703_213727
2026-07-03 09:57:00+02:00,326.95001220703125,327.20001220703125,326.95001220703125,327.20001220703125,6753,NOVO-B.CO,Novo Nordisk,Nasdaq Copenhagen,DKK,20260703_213727
2026-07-03 09:58:00+02:00,326.79998779296875,326.95001220703125,326.6000061035156,326.8999938964844,5782,NOVO-B.CO,Novo Nordisk,Nasdaq Copenhagen,DKK,20260703_213727
2026-07-03 09:59:00+02:00,326.75,326.95001220703125,326.6499938964844,326.79998779296875,3290,NOVO-B.CO,Novo Nordisk,Nasdaq Copenhagen,DKK,20260703_213727
2026-07-03 10:00:00+02:00,326.6000061035156,326.75,326.5,326.75,900,NOVO-B.CO,Novo Nordisk,Nasdaq Copenhagen,DKK,20260703_213727
2026-07-03 10:01:00+02:00,326.70001220703125,326.70001220703125,326.54998779296875,326.6000061035156,2988,NOVO-B.CO,Novo Nordisk,Nasdaq Copenhagen,DKK,20260703_213727
2026-07-03 10:02:00+02:00,326.6000061035156,326.6000061035156,326.5,326.54998779296875,845,NOVO-B.CO,Novo Nordisk,Nasdaq Copenhagen,DKK,20260703_213727
2026-07-03 10:03:00+02:00,326.3500061035156,326.54998779296875,326.29998779296875,326.5,5438,NOVO-B.CO,Novo Nordisk,Nasdaq Copenhagen,DKK,20260703_213727
2026-07-03 10:04:00+02:00,326.20001220703125,326.29998779296875,326.1499938964844,326.29998779296875,3839,NOVO-B.CO,Novo Nordisk,Nasdaq Copenhagen,DKK,20260703_213727
2026-07-03 10:05:00+02:00,326.54998779296875,326.8500061035156,326.29998779296875,326.29998779296875,4633,NOVO-B.CO,Novo Nordisk,Nasdaq Copenhagen,DKK,20260703_213727
2026-07-03 10:06:00+02:00,326.8999938964844,326.8999938964844,326.6000061035156,326.6000061035156,596,NOVO-B.CO,Novo Nordisk,Nasdaq Copenhagen,DKK,20260703_213727
2026-07-03 10:07:00+02:00,326.75,326.8500061035156,326.6000061035156,326.8500061035156,3197,NOVO-B.CO,Novo Nordisk,Nasdaq Copenhagen,DKK,20260703_213727
2026-07-03 10:08:00+02:00,326.79998779296875,326.79998779296875,326.5,326.6499938964844,13577,NOVO-B.CO,Novo Nordisk,Nasdaq Copenhagen,DKK,20260703_213727
2026-07-03 10:09:00+02:00,326.70001220703125,326.79998779296875,326.5,326.54998779296875,3323,NOVO-B.CO,Novo Nordisk,Nasdaq Copenhagen,DKK,20260703_213727
2026-07-03 10:10:00+02:00,326.8500061035156,326.95001220703125,326.70001220703125,326.79998779296875,887,NOVO-B.CO,Novo Nordisk,Nasdaq Copenhagen,DKK,20260703_213727
2026-07-03 10:11:00+02:00,326.75,326.79998779296875,326.70001220703125,326.79998779296875,7139,NOVO-B.CO,Novo Nordisk,Nasdaq Copenhagen,DKK,20260703_213727
2026-07-03 10:12:00+02:00,326.70001220703125,326.79998779296875,326.6499938964844,326.6499938964844,794,NOVO-B.CO,Novo Nordisk,Nasdaq Copenhagen,DKK,20260703_213727
2026-07-03 10:13:00+02:00,326.6000061035156,327.75,326.54998779296875,326.6499938964844,21900,NOVO-B.CO,Novo Nordisk,Nasdaq Copenhagen,DKK,20260703_213727
2026-07-03 10:14:00+02:00,326.3999938964844,326.70001220703125,326.0,326.5,32177,NOVO-B.CO,Novo Nordisk,Nasdaq Copenhagen,DKK,20260703_213727
2026-07-03 10:15:00+02:00,326.3500061035156,326.45001220703125,326.0,326.20001220703125,10693,NOVO-B.CO,Novo Nordisk,Nasdaq Copenhagen,DKK,20260703_213727
2026-07-03 10:16:00+02:00,326.25,326.3500061035156,326.20001220703125,326.25,1861,NOVO-B.CO,Novo Nordisk,Nasdaq Copenhagen,DKK,20260703_213727
2026-07-03 10:17:00+02:00,326.04998779296875,326.3500061035156,325.8999938964844,326.3500061035156,5696,NOVO-B.CO,Novo Nordisk,Nasdaq Copenhagen,DKK,20260703_213727
2026-07-03 10:18:00+02:00,326.3500061035156,326.3500061035156,326.20001220703125,326.20001220703125,1109,NOVO-B.CO,Novo Nordisk,Nasdaq Copenhagen,DKK,20260703_213727
2026-07-03 10:19:00+02:00,325.70001220703125,326.3999938964844,325.54998779296875,326.1499938964844,4039,NOVO-B.CO,Novo Nordisk,Nasdaq Copenhagen,DKK,20260703_213727
2026-07-03 10:20:00+02:00,325.75,325.79998779296875,325.54998779296875,325.70001220703125,3235,NOVO-B.CO,Novo Nordisk,Nasdaq Copenhagen,DKK,20260703_213727
2026-07-03 10:21:00+02:00,325.75,325.8999938964844,325.70001220703125,325.8500061035156,827,NOVO-B.CO,Novo Nordisk,Nasdaq Copenhagen,DKK,20260703_213727
2026-07-03 10:22:00+02:00,325.8999938964844,326.20001220703125,325.70001220703125,325.75,6978,NOVO-B.CO,Novo Nordisk,Nasdaq Copenhagen,DKK,20260703_213727
2026-07-03 10:23:00+02:00,325.8500061035156,326.04998779296875,325.8500061035156,325.8999938964844,1368,NOVO-B.CO,Novo Nordisk,Nasdaq Copenhagen,DKK,20260703_213727
2026-07-03 10:24:00+02:00,326.1499938964844,326.1499938964844,325.79998779296875,325.8999938964844,1089,NOVO-B.CO,Novo Nordisk,Nasdaq Copenhagen,DKK,20260703_213727
2026-07-03 10:25:00+02:00,326.1000061035156,326.1499938964844,326.0,326.0,516,NOVO-B.CO,Novo Nordisk,Nasdaq Copenhagen,DKK,20260703_213727
2026-07-03 10:26:00+02:00,326.1000061035156,326.1000061035156,326.1000061035156,326.1000061035156,513,NOVO-B.CO,Novo Nordisk,Nasdaq Copenhagen,DKK,20260703_213727
2026-07-03 10:27:00+02:00,326.29998779296875,326.29998779296875,326.1000061035156,326.1499938964844,1969,NOVO-B.CO,Novo Nordisk,Nasdaq Copenhagen,DKK,20260703_213727
2026-07-03 10:28:00+02:00,326.45001220703125,326.45001220703125,326.20001220703125,326.29998779296875,2609,NOVO-B.CO,Novo Nordisk,Nasdaq Copenhagen,DKK,20260703_213727
2026-07-03 10:29:00+02:00,326.54998779296875,326.54998779296875,326.3999938964844,326.45001220703125,1116,NOVO-B.CO,Novo Nordisk,Nasdaq Copenhagen,DKK,20260703_213727
2026-07-03 10:30:00+02:00,326.6499938964844,326.6499938964844,326.45001220703125,326.45001220703125,1830,NOVO-B.CO,Novo Nordisk,Nasdaq Copenhagen,DKK,20260703_213727
2026-07-03 10:31:00+02:00,326.54998779296875,326.6499938964844,326.45001220703125,326.5,3789,NOVO-B.CO,Novo Nordisk,Nasdaq Copenhagen,DKK,20260703_213727
2026-07-03 10:32:00+02:00,327.0,327.0,326.29998779296875,326.54998779296875,4606,NOVO-B.CO,Novo Nordisk,Nasdaq Copenhagen,DKK,20260703_213727
2026-07-03 10:33:00+02:00,327.04998779296875,327.04998779296875,326.95001220703125,326.95001220703125,724,NOVO-B.CO,Novo Nordisk,Nasdaq Copenhagen,DKK,20260703_213727
2026-07-03 10:34:00+02:00,327.1000061035156,327.3500061035156,326.95001220703125,327.04998779296875,3018,NOVO-B.CO,Novo Nordisk,Nasdaq Copenhagen,DKK,20260703_213727
2026-07-03 10:35:00+02:00,327.54998779296875,327.54998779296875,327.20001220703125,327.25,7209,NOVO-B.CO,Novo Nordisk,Nasdaq Copenhagen,DKK,20260703_213727
2026-07-03 10:36:00+02:00,327.3999938964844,327.70001220703125,327.3999938964844,327.54998779296875,3226,NOVO-B.CO,Novo Nordisk,Nasdaq Copenhagen,DKK,20260703_213727
2026-07-03 10:37:00+02:00,327.1000061035156,327.3999938964844,326.79998779296875,327.3999938964844,2924,NOVO-B.CO,Novo Nordisk,Nasdaq Copenhagen,DKK,20260703_213727
2026-07-03 10:38:00+02:00,327.04998779296875,327.1000061035156,326.95001220703125,326.95001220703125,344,NOVO-B.CO,Novo Nordisk,Nasdaq Copenhagen,DKK,20260703_213727
2026-07-03 10:39:00+02:00,327.04998779296875,327.20001220703125,326.8999938964844,326.95001220703125,630,NOVO-B.CO,Novo Nordisk,Nasdaq Copenhagen,DKK,20260703_213727
2026-07-03 10:40:00+02:00,327.70001220703125,327.8500061035156,327.25,327.25,3021,NOVO-B.CO,Novo Nordisk,Nasdaq Copenhagen,DKK,20260703_213727
2026-07-03 10:41:00+02:00,327.45001220703125,327.5,327.3999938964844,327.5,307,NOVO-B.CO,Novo Nordisk,Nasdaq Copenhagen,DKK,20260703_213727
2026-07-03 10:42:00+02:00,327.3500061035156,327.5,327.3500061035156,327.3999938964844,1284,NOVO-B.CO,Novo Nordisk,Nasdaq Copenhagen,DKK,20260703_213727
2026-07-03 10:43:00+02:00,327.6000061035156,327.6000061035156,327.3500061035156,327.45001220703125,1414,NOVO-B.CO,Novo Nordisk,Nasdaq Copenhagen,DKK,20260703_213727
2026-07-03 10:44:00+02:00,327.3999938964844,327.70001220703125,327.29998779296875,327.70001220703125,3575,NOVO-B.CO,Novo Nordisk,Nasdaq Copenhagen,DKK,20260703_213727
2026-07-03 10:45:00+02:00,327.29998779296875,327.45001220703125,327.29998779296875,327.3999938964844,295,NOVO-B.CO,Novo Nordisk,Nasdaq Copenhagen,DKK,20260703_213727
2026-07-03 10:46:00+02:00,327.29998779296875,327.29998779296875,327.20001220703125,327.25,143,NOVO-B.CO,Novo Nordisk,Nasdaq Copenhagen,DKK,20260703_213727
2026-07-03 10:47:00+02:00,327.1499938964844,327.20001220703125,327.1499938964844,327.20001220703125,400,NOVO-B.CO,Novo Nordisk,Nasdaq Copenhagen,DKK,20260703_213727
2026-07-03 10:48:00+02:00,327.3999938964844,327.3999938964844,327.1499938964844,327.1499938964844,1474,NOVO-B.CO,Novo Nordisk,Nasdaq Copenhagen,DKK,20260703_213727
2026-07-03 10:49:00+02:00,327.04998779296875,327.3999938964844,327.04998779296875,327.3999938964844,1903,NOVO-B.CO,Novo Nordisk,Nasdaq Copenhagen,DKK,20260703_213727
2026-07-03 10:50:00+02:00,327.04998779296875,327.04998779296875,326.95001220703125,327.0,6331,NOVO-B.CO,Novo Nordisk,Nasdaq Copenhagen,DKK,20260703_213727
2026-07-03 10:51:00+02:00,327.1000061035156,327.1499938964844,327.04998779296875,327.04998779296875,385,NOVO-B.CO,Novo Nordisk,Nasdaq Copenhagen,DKK,20260703_213727
2026-07-03 10:52:00+02:00,327.04998779296875,327.04998779296875,326.95001220703125,327.0,695,NOVO-B.CO,Novo Nordisk,Nasdaq Copenhagen,DKK,20260703_213727
2026-07-03 10:53:00+02:00,326.79998779296875,327.04998779296875,326.79998779296875,327.0,1367,NOVO-B.CO,Novo Nordisk,Nasdaq Copenhagen,DKK,20260703_213727
2026-07-03 10:54:00+02:00,326.5,326.75,326.5,326.75,1119,NOVO-B.CO,Novo Nordisk,Nasdaq Copenhagen,DKK,20260703_213727
2026-07-03 10:55:00+02:00,326.5,326.5,326.45001220703125,326.5,1868,NOVO-B.CO,Novo Nordisk,Nasdaq Copenhagen,DKK,20260703_213727
2026-07-03 10:56:00+02:00,326.5,326.6000061035156,326.45001220703125,326.45001220703125,6946,NOVO-B.CO,Novo Nordisk,Nasdaq Copenhagen,DKK,20260703_213727
2026-07-03 10:57:00+02:00,326.29998779296875,326.5,326.29998779296875,326.3999938964844,914,NOVO-B.CO,Novo Nordisk,Nasdaq Copenhagen,DKK,20260703_213727
2026-07-03 10:58:00+02:00,326.3500061035156,326.3999938964844,326.3500061035156,326.3500061035156,433,NOVO-B.CO,Novo Nordisk,Nasdaq Copenhagen,DKK,20260703_213727
2026-07-03 10:59:00+02:00,326.45001220703125,326.45001220703125,326.3500061035156,326.3500061035156,675,NOVO-B.CO,Novo Nordisk,Nasdaq Copenhagen,DKK,20260703_213727
2026-07-03 11:00:00+02:00,326.45001220703125,326.45001220703125,326.3500061035156,326.3500061035156,942,NOVO-B.CO,Novo Nordisk,Nasdaq Copenhagen,DKK,20260703_213727
2026-07-03 11:01:00+02:00,326.3500061035156,326.45001220703125,326.25,326.45001220703125,3396,NOVO-B.CO,Novo Nordisk,Nasdaq Copenhagen,DKK,20260703_213727
2026-07-03 11:02:00+02:00,326.3500061035156,326.3500061035156,326.25,326.3500061035156,320,NOVO-B.CO,Novo Nordisk,Nasdaq Copenhagen,DKK,20260703_213727
2026-07-03 11:03:00+02:00,326.3999938964844,326.45001220703125,326.3500061035156,326.3500061035156,426,NOVO-B.CO,Novo Nordisk,Nasdaq Copenhagen,DKK,20260703_213727
2026-07-03 11:04:00+02:00,326.20001220703125,326.29998779296875,326.20001220703125,326.29998779296875,2058,NOVO-B.CO,Novo Nordisk,Nasdaq Copenhagen,DKK,20260703_213727
2026-07-03 11:05:00+02:00,325.95001220703125,326.25,325.95001220703125,326.20001220703125,7960,NOVO-B.CO,Novo Nordisk,Nasdaq Copenhagen,DKK,20260703_213727
2026-07-03 11:06:00+02:00,325.79998779296875,325.8999938964844,325.70001220703125,325.8999938964844,2459,NOVO-B.CO,Novo Nordisk,Nasdaq Copenhagen,DKK,20260703_213727
2026-07-03 11:07:00+02:00,325.8500061035156,325.8500061035156,325.70001220703125,325.8500061035156,3902,NOVO-B.CO,Novo Nordisk,Nasdaq Copenhagen,DKK,20260703_213727
2026-07-03 11:08:00+02:00,325.79998779296875,325.8500061035156,325.70001220703125,325.79998779296875,365,NOVO-B.CO,Novo Nordisk,Nasdaq Copenhagen,DKK,20260703_213727
2026-07-03 11:09:00+02:00,325.75,325.79998779296875,325.6499938964844,325.75,1364,NOVO-B.CO,Novo Nordisk,Nasdaq Copenhagen,DKK,20260703_213727
2026-07-03 11:10:00+02:00,325.8500061035156,325.8500061035156,325.6499938964844,325.75,677,NOVO-B.CO,Novo Nordisk,Nasdaq Copenhagen,DKK,20260703_213727
2026-07-03 11:11:00+02:00,325.8500061035156,325.8500061035156,325.70001220703125,325.79998779296875,429,NOVO-B.CO,Novo Nordisk,Nasdaq Copenhagen,DKK,20260703_213727
2026-07-03 11:12:00+02:00,325.75,325.8999938964844,325.75,325.8500061035156,1335,NOVO-B.CO,Novo Nordisk,Nasdaq Copenhagen,DKK,20260703_213727
2026-07-03 11:13:00+02:00,325.70001220703125,325.75,325.70001220703125,325.70001220703125,815,NOVO-B.CO,Novo Nordisk,Nasdaq Copenhagen,DKK,20260703_213727
2026-07-03 11:14:00+02:00,325.6000061035156,325.6000061035156,325.5,325.6000061035156,404,NOVO-B.CO,Novo Nordisk,Nasdaq Copenhagen,DKK,20260703_213727
2026-07-03 11:15:00+02:00,325.8500061035156,325.95001220703125,325.6000061035156,325.6000061035156,4220,NOVO-B.CO,Novo Nordisk,Nasdaq Copenhagen,DKK,20260703_213727
2026-07-03 11:16:00+02:00,325.95001220703125,325.95001220703125,325.8500061035156,325.8999938964844,732,NOVO-B.CO,Novo Nordisk,Nasdaq Copenhagen,DKK,20260703_213727
2026-07-03 11:17:00+02:00,326.0,326.04998779296875,325.8500061035156,326.0,2503,NOVO-B.CO,Novo Nordisk,Nasdaq Copenhagen,DKK,20260703_213727
2026-07-03 11:18:00+02:00,325.95001220703125,325.95001220703125,325.8999938964844,325.95001220703125,1334,NOVO-B.CO,Novo Nordisk,Nasdaq Copenhagen,DKK,20260703_213727
2026-07-03 11:19:00+02:00,325.95001220703125,326.0,325.95001220703125,326.0,298,NOVO-B.CO,Novo Nordisk,Nasdaq Copenhagen,DKK,20260703_213727
2026-07-03 11:20:00+02:00,326.04998779296875,326.04998779296875,326.0,326.0,1493,NOVO-B.CO,Novo Nordisk,Nasdaq Copenhagen,DKK,20260703_213727
2026-07-03 11:21:00+02:00,325.95001220703125,326.1000061035156,325.95001220703125,326.04998779296875,2372,NOVO-B.CO,Novo Nordisk,Nasdaq Copenhagen,DKK,20260703_213727
2026-07-03 11:22:00+02:00,325.70001220703125,326.04998779296875,325.70001220703125,326.04998779296875,2199,NOVO-B.CO,Novo Nordisk,Nasdaq Copenhagen,DKK,20260703_213727
2026-07-03 11:23:00+02:00,325.6499938964844,325.70001220703125,325.6499938964844,325.6499938964844,2286,NOVO-B.CO,Novo Nordisk,Nasdaq Copenhagen,DKK,20260703_213727
2026-07-03 11:24:00+02:00,325.54998779296875,325.95001220703125,325.5,325.6499938964844,7611,NOVO-B.CO,Novo Nordisk,Nasdaq Copenhagen,DKK,20260703_213727
2026-07-03 11:25:00+02:00,325.6000061035156,325.6499938964844,325.5,325.6000061035156,1010,NOVO-B.CO,Novo Nordisk,Nasdaq Copenhagen,DKK,20260703_213727
2026-07-03 11:26:00+02:00,325.54998779296875,325.6000061035156,325.5,325.54998779296875,8220,NOVO-B.CO,Novo Nordisk,Nasdaq Copenhagen,DKK,20260703_213727
2026-07-03 11:27:00+02:00,325.5,325.6499938964844,325.5,325.54998779296875,3874,NOVO-B.CO,Novo Nordisk,Nasdaq Copenhagen,DKK,20260703_213727
2026-07-03 11:28:00+02:00,325.54998779296875,325.54998779296875,325.54998779296875,325.54998779296875,379,NOVO-B.CO,Novo Nordisk,Nasdaq Copenhagen,DKK,20260703_213727
2026-07-03 11:29:00+02:00,325.6000061035156,325.70001220703125,325.6000061035156,325.6499938964844,860,NOVO-B.CO,Novo Nordisk,Nasdaq Copenhagen,DKK,20260703_213727
2026-07-03 11:30:00+02:00,325.70001220703125,325.79998779296875,325.6499938964844,325.70001220703125,2121,NOVO-B.CO,Novo Nordisk,Nasdaq Copenhagen,DKK,20260703_213727
2026-07-03 11:31:00+02:00,325.54998779296875,325.70001220703125,325.54998779296875,325.6499938964844,1380,NOVO-B.CO,Novo Nordisk,Nasdaq Copenhagen,DKK,20260703_213727
2026-07-03 11:32:00+02:00,325.54998779296875,325.6000061035156,325.5,325.5,399,NOVO-B.CO,Novo Nordisk,Nasdaq Copenhagen,DKK,20260703_213727
2026-07-03 11:33:00+02:00,325.6499938964844,325.6499938964844,325.54998779296875,325.54998779296875,66,NOVO-B.CO,Novo Nordisk,Nasdaq Copenhagen,DKK,20260703_213727
2026-07-03 11:34:00+02:00,325.8500061035156,325.8500061035156,325.6499938964844,325.6499938964844,2143,NOVO-B.CO,Novo Nordisk,Nasdaq Copenhagen,DKK,20260703_213727
2026-07-03 11:35:00+02:00,325.95001220703125,325.95001220703125,325.79998779296875,325.79998779296875,2976,NOVO-B.CO,Novo Nordisk,Nasdaq Copenhagen,DKK,20260703_213727
2026-07-03 11:36:00+02:00,325.70001220703125,325.8500061035156,325.6499938964844,325.8500061035156,3203,NOVO-B.CO,Novo Nordisk,Nasdaq Copenhagen,DKK,20260703_213727
2026-07-03 11:37:00+02:00,325.6499938964844,325.75,325.6000061035156,325.6499938964844,5295,NOVO-B.CO,Novo Nordisk,Nasdaq Copenhagen,DKK,20260703_213727
2026-07-03 11:38:00+02:00,325.45001220703125,325.75,325.3500061035156,325.6000061035156,18178,NOVO-B.CO,Novo Nordisk,Nasdaq Copenhagen,DKK,20260703_213727
2026-07-03 11:39:00+02:00,325.6499938964844,325.6499938964844,325.3500061035156,325.3500061035156,6642,NOVO-B.CO,Novo Nordisk,Nasdaq Copenhagen,DKK,20260703_213727
2026-07-03 11:40:00+02:00,325.75,325.75,325.6000061035156,325.6000061035156,4853,NOVO-B.CO,Novo Nordisk,Nasdaq Copenhagen,DKK,20260703_213727
2026-07-03 11:41:00+02:00,325.95001220703125,326.0,325.75,325.75,5932,NOVO-B.CO,Novo Nordisk,Nasdaq Copenhagen,DKK,20260703_213727
2026-07-03 11:42:00+02:00,325.95001220703125,326.0,325.8999938964844,325.95001220703125,2617,NOVO-B.CO,Novo Nordisk,Nasdaq Copenhagen,DKK,20260703_213727
2026-07-03 11:43:00+02:00,326.25,326.25,325.95001220703125,326.0,4032,NOVO-B.CO,Novo Nordisk,Nasdaq Copenhagen,DKK,20260703_213727
2026-07-03 11:44:00+02:00,326.20001220703125,326.20001220703125,326.1499938964844,326.20001220703125,2020,NOVO-B.CO,Novo Nordisk,Nasdaq Copenhagen,DKK,20260703_213727
2026-07-03 11:45:00+02:00,326.29998779296875,326.3999938964844,326.25,326.29998779296875,7427,NOVO-B.CO,Novo Nordisk,Nasdaq Copenhagen,DKK,20260703_213727
2026-07-03 11:46:00+02:00,326.29998779296875,326.3999938964844,326.29998779296875,326.3500061035156,551,NOVO-B.CO,Novo Nordisk,Nasdaq Copenhagen,DKK,20260703_213727
2026-07-03 11:47:00+02:00,326.3500061035156,326.3500061035156,326.3500061035156,326.3500061035156,21,NOVO-B.CO,Novo Nordisk,Nasdaq Copenhagen,DKK,20260703_213727
2026-07-03 11:48:00+02:00,326.3999938964844,326.3999938964844,326.3500061035156,326.3500061035156,127,NOVO-B.CO,Novo Nordisk,Nasdaq Copenhagen,DKK,20260703_213727
2026-07-03 11:49:00+02:00,326.3999938964844,326.45001220703125,326.3999938964844,326.3999938964844,557,NOVO-B.CO,Novo Nordisk,Nasdaq Copenhagen,DKK,20260703_213727
2026-07-03 11:50:00+02:00,326.20001220703125,326.3999938964844,326.20001220703125,326.3999938964844,1313,NOVO-B.CO,Novo Nordisk,Nasdaq Copenhagen,DKK,20260703_213727
2026-07-03 11:51:00+02:00,326.3999938964844,326.3999938964844,326.25,326.29998779296875,1266,NOVO-B.CO,Novo Nordisk,Nasdaq Copenhagen,DKK,20260703_213727
2026-07-03 11:52:00+02:00,326.3500061035156,326.3999938964844,326.29998779296875,326.3500061035156,1304,NOVO-B.CO,Novo Nordisk,Nasdaq Copenhagen,DKK,20260703_213727
2026-07-03 11:53:00+02:00,326.3500061035156,326.3500061035156,326.3500061035156,326.3500061035156,141,NOVO-B.CO,Novo Nordisk,Nasdaq Copenhagen,DKK,20260703_213727
2026-07-03 11:54:00+02:00,326.29998779296875,326.3999938964844,326.25,326.3500061035156,1161,NOVO-B.CO,Novo Nordisk,Nasdaq Copenhagen,DKK,20260703_213727
2026-07-03 11:55:00+02:00,326.45001220703125,326.5,326.3999938964844,326.3999938964844,1414,NOVO-B.CO,Novo Nordisk,Nasdaq Copenhagen,DKK,20260703_213727
2026-07-03 11:56:00+02:00,326.6499938964844,326.75,326.54998779296875,326.54998779296875,1071,NOVO-B.CO,Novo Nordisk,Nasdaq Copenhagen,DKK,20260703_213727
2026-07-03 11:57:00+02:00,326.6499938964844,326.79998779296875,326.6499938964844,326.75,586,NOVO-B.CO,Novo Nordisk,Nasdaq Copenhagen,DKK,20260703_213727
2026-07-03 11:58:00+02:00,326.79998779296875,326.79998779296875,326.6000061035156,326.6000061035156,838,NOVO-B.CO,Novo Nordisk,Nasdaq Copenhagen,DKK,20260703_213727
2026-07-03 11:59:00+02:00,326.8500061035156,326.8500061035156,326.70001220703125,326.79998779296875,359,NOVO-B.CO,Novo Nordisk,Nasdaq Copenhagen,DKK,20260703_213727
2026-07-03 12:00:00+02:00,326.75,326.8500061035156,326.75,326.8500061035156,530,NOVO-B.CO,Novo Nordisk,Nasdaq Copenhagen,DKK,20260703_213727
2026-07-03 12:01:00+02:00,326.79998779296875,326.79998779296875,326.70001220703125,326.79998779296875,326,NOVO-B.CO,Novo Nordisk,Nasdaq Copenhagen,DKK,20260703_213727
2026-07-03 12:02:00+02:00,326.75,326.79998779296875,326.75,326.75,33,NOVO-B.CO,Novo Nordisk,Nasdaq Copenhagen,DKK,20260703_213727
2026-07-03 12:03:00+02:00,326.79998779296875,326.79998779296875,326.79998779296875,326.79998779296875,100,NOVO-B.CO,Novo Nordisk,Nasdaq Copenhagen,DKK,20260703_213727
2026-07-03 12:04:00+02:00,327.25,327.25,326.8500061035156,326.8500061035156,13023,NOVO-B.CO,Novo Nordisk,Nasdaq Copenhagen,DKK,20260703_213727
2026-07-03 12:05:00+02:00,327.29998779296875,327.29998779296875,327.25,327.25,694,NOVO-B.CO,Novo Nordisk,Nasdaq Copenhagen,DKK,20260703_213727
2026-07-03 12:06:00+02:00,327.3500061035156,327.3500061035156,327.29998779296875,327.29998779296875,228,NOVO-B.CO,Novo Nordisk,Nasdaq Copenhagen,DKK,20260703_213727
2026-07-03 12:07:00+02:00,327.29998779296875,327.6000061035156,327.29998779296875,327.3999938964844,15723,NOVO-B.CO,Novo Nordisk,Nasdaq Copenhagen,DKK,20260703_213727
2026-07-03 12:08:00+02:00,327.29998779296875,327.3999938964844,327.25,327.29998779296875,1231,NOVO-B.CO,Novo Nordisk,Nasdaq Copenhagen,DKK,20260703_213727
2026-07-03 12:09:00+02:00,327.5,327.5,327.25,327.25,238,NOVO-B.CO,Novo Nordisk,Nasdaq Copenhagen,DKK,20260703_213727
2026-07-03 12:10:00+02:00,327.3999938964844,327.5,327.3500061035156,327.5,1922,NOVO-B.CO,Novo Nordisk,Nasdaq Copenhagen,DKK,20260703_213727
2026-07-03 12:11:00+02:00,327.29998779296875,327.5,327.29998779296875,327.45001220703125,2089,NOVO-B.CO,Novo Nordisk,Nasdaq Copenhagen,DKK,20260703_213727
2026-07-03 12:12:00+02:00,327.3999938964844,327.45001220703125,327.29998779296875,327.45001220703125,15,NOVO-B.CO,Novo Nordisk,Nasdaq Copenhagen,DKK,20260703_213727
2026-07-03 12:13:00+02:00,327.45001220703125,327.5,327.3999938964844,327.3999938964844,5434,NOVO-B.CO,Novo Nordisk,Nasdaq Copenhagen,DKK,20260703_213727
2026-07-03 12:14:00+02:00,327.3999938964844,327.45001220703125,327.3500061035156,327.45001220703125,313,NOVO-B.CO,Novo Nordisk,Nasdaq Copenhagen,DKK,20260703_213727
2026-07-03 12:15:00+02:00,327.3500061035156,327.5,327.3500061035156,327.5,2353,NOVO-B.CO,Novo Nordisk,Nasdaq Copenhagen,DKK,20260703_213727
2026-07-03 12:16:00+02:00,327.29998779296875,327.45001220703125,327.29998779296875,327.45001220703125,716,NOVO-B.CO,Novo Nordisk,Nasdaq Copenhagen,DKK,20260703_213727
2026-07-03 12:17:00+02:00,327.29998779296875,327.3500061035156,327.29998779296875,327.29998779296875,157,NOVO-B.CO,Novo Nordisk,Nasdaq Copenhagen,DKK,20260703_213727
2026-07-03 12:18:00+02:00,327.04998779296875,327.29998779296875,327.04998779296875,327.29998779296875,1055,NOVO-B.CO,Novo Nordisk,Nasdaq Copenhagen,DKK,20260703_213727
2026-07-03 12:19:00+02:00,326.8999938964844,327.04998779296875,326.79998779296875,327.0,3832,NOVO-B.CO,Novo Nordisk,Nasdaq Copenhagen,DKK,20260703_213727
2026-07-03 12:20:00+02:00,326.8500061035156,326.8999938964844,326.75,326.79998779296875,277,NOVO-B.CO,Novo Nordisk,Nasdaq Copenhagen,DKK,20260703_213727
2026-07-03 12:21:00+02:00,326.8500061035156,326.95001220703125,326.8500061035156,326.8999938964844,1117,NOVO-B.CO,Novo Nordisk,Nasdaq Copenhagen,DKK,20260703_213727
2026-07-03 12:22:00+02:00,326.8999938964844,326.8999938964844,326.8500061035156,326.8500061035156,96,NOVO-B.CO,Novo Nordisk,Nasdaq Copenhagen,DKK,20260703_213727
2026-07-03 12:23:00+02:00,326.8999938964844,326.95001220703125,326.8999938964844,326.95001220703125,5,NOVO-B.CO,Novo Nordisk,Nasdaq Copenhagen,DKK,20260703_213727
2026-07-03 12:24:00+02:00,326.8999938964844,327.04998779296875,326.8999938964844,326.95001220703125,819,NOVO-B.CO,Novo Nordisk,Nasdaq Copenhagen,DKK,20260703_213727
2026-07-03 12:25:00+02:00,327.0,327.0,327.0,327.0,16,NOVO-B.CO,Novo Nordisk,Nasdaq Copenhagen,DKK,20260703_213727
2026-07-03 12:26:00+02:00,326.79998779296875,326.8500061035156,326.75,326.8500061035156,789,NOVO-B.CO,Novo Nordisk,Nasdaq Copenhagen,DKK,20260703_213727
2026-07-03 12:27:00+02:00,327.0,327.0,326.8500061035156,326.8500061035156,5556,NOVO-B.CO,Novo Nordisk,Nasdaq Copenhagen,DKK,20260703_213727
2026-07-03 12:28:00+02:00,327.0,327.0,327.0,327.0,6,NOVO-B.CO,Novo Nordisk,Nasdaq Copenhagen,DKK,20260703_213727
2026-07-03 12:29:00+02:00,327.0,327.0,327.0,327.0,290,NOVO-B.CO,Novo Nordisk,Nasdaq Copenhagen,DKK,20260703_213727
2026-07-03 12:30:00+02:00,327.0,327.1000061035156,327.0,327.0,191,NOVO-B.CO,Novo Nordisk,Nasdaq Copenhagen,DKK,20260703_213727
2026-07-03 12:31:00+02:00,327.1499938964844,327.20001220703125,327.04998779296875,327.1000061035156,208,NOVO-B.CO,Novo Nordisk,Nasdaq Copenhagen,DKK,20260703_213727
2026-07-03 12:32:00+02:00,327.1499938964844,327.1499938964844,327.04998779296875,327.1499938964844,200,NOVO-B.CO,Novo Nordisk,Nasdaq Copenhagen,DKK,20260703_213727
2026-07-03 12:33:00+02:00,327.20001220703125,327.20001220703125,327.0,327.04998779296875,11901,NOVO-B.CO,Novo Nordisk,Nasdaq Copenhagen,DKK,20260703_213727
2026-07-03 12:34:00+02:00,327.1000061035156,327.20001220703125,327.1000061035156,327.20001220703125,37,NOVO-B.CO,Novo Nordisk,Nasdaq Copenhagen,DKK,20260703_213727
2026-07-03 12:35:00+02:00,327.0,327.1000061035156,327.0,327.1000061035156,27701,NOVO-B.CO,Novo Nordisk,Nasdaq Copenhagen,DKK,20260703_213727
2026-07-03 12:36:00+02:00,327.0,327.04998779296875,327.0,327.0,424,NOVO-B.CO,Novo Nordisk,Nasdaq Copenhagen,DKK,20260703_213727
2026-07-03 12:37:00+02:00,327.0,327.04998779296875,327.0,327.04998779296875,16477,NOVO-B.CO,Novo Nordisk,Nasdaq Copenhagen,DKK,20260703_213727
2026-07-03 12:38:00+02:00,327.04998779296875,327.04998779296875,327.0,327.0,369,NOVO-B.CO,Novo Nordisk,Nasdaq Copenhagen,DKK,20260703_213727
2026-07-03 12:39:00+02:00,327.0,327.04998779296875,327.0,327.0,21,NOVO-B.CO,Novo Nordisk,Nasdaq Copenhagen,DKK,20260703_213727
2026-07-03 12:40:00+02:00,326.75,327.0,326.6499938964844,327.0,13380,NOVO-B.CO,Novo Nordisk,Nasdaq Copenhagen,DKK,20260703_213727
2026-07-03 12:41:00+02:00,326.6000061035156,326.75,326.6000061035156,326.70001220703125,334,NOVO-B.CO,Novo Nordisk,Nasdaq Copenhagen,DKK,20260703_213727
2026-07-03 12:42:00+02:00,326.5,326.75,326.5,326.6499938964844,1988,NOVO-B.CO,Novo Nordisk,Nasdaq Copenhagen,DKK,20260703_213727
2026-07-03 12:43:00+02:00,326.3999938964844,326.5,326.3999938964844,326.5,446,NOVO-B.CO,Novo Nordisk,Nasdaq Copenhagen,DKK,20260703_213727
2026-07-03 12:44:00+02:00,326.5,326.5,326.29998779296875,326.3999938964844,529,NOVO-B.CO,Novo Nordisk,Nasdaq Copenhagen,DKK,20260703_213727
2026-07-03 12:45:00+02:00,326.5,326.5,326.5,326.5,339,NOVO-B.CO,Novo Nordisk,Nasdaq Copenhagen,DKK,20260703_213727
2026-07-03 12:46:00+02:00,326.5,326.54998779296875,326.45001220703125,326.5,1132,NOVO-B.CO,Novo Nordisk,Nasdaq Copenhagen,DKK,20260703_213727
2026-07-03 12:47:00+02:00,326.3999938964844,326.5,326.3999938964844,326.5,405,NOVO-B.CO,Novo Nordisk,Nasdaq Copenhagen,DKK,20260703_213727
2026-07-03 12:48:00+02:00,326.3500061035156,326.3999938964844,326.3500061035156,326.3999938964844,344,NOVO-B.CO,Novo Nordisk,Nasdaq Copenhagen,DKK,20260703_213727
2026-07-03 12:49:00+02:00,326.3500061035156,326.45001220703125,326.29998779296875,326.45001220703125,711,NOVO-B.CO,Novo Nordisk,Nasdaq Copenhagen,DKK,20260703_213727
2026-07-03 12:50:00+02:00,326.3500061035156,326.45001220703125,326.25,326.45001220703125,2640,NOVO-B.CO,Novo Nordisk,Nasdaq Copenhagen,DKK,20260703_213727
2026-07-03 12:51:00+02:00,326.20001220703125,326.3500061035156,326.20001220703125,326.25,3534,NOVO-B.CO,Novo Nordisk,Nasdaq Copenhagen,DKK,20260703_213727
2026-07-03 12:52:00+02:00,326.25,326.29998779296875,326.20001220703125,326.25,1852,NOVO-B.CO,Novo Nordisk,Nasdaq Copenhagen,DKK,20260703_213727
2026-07-03 12:53:00+02:00,326.20001220703125,326.3500061035156,326.1499938964844,326.25,669,NOVO-B.CO,Novo Nordisk,Nasdaq Copenhagen,DKK,20260703_213727
2026-07-03 12:54:00+02:00,326.20001220703125,326.25,326.1499938964844,326.20001220703125,493,NOVO-B.CO,Novo Nordisk,Nasdaq Copenhagen,DKK,20260703_213727
2026-07-03 12:55:00+02:00,326.3500061035156,326.3500061035156,326.20001220703125,326.20001220703125,264,NOVO-B.CO,Novo Nordisk,Nasdaq Copenhagen,DKK,20260703_213727
2026-07-03 12:56:00+02:00,326.45001220703125,326.45001220703125,326.3500061035156,326.3500061035156,1310,NOVO-B.CO,Novo Nordisk,Nasdaq Copenhagen,DKK,20260703_213727
2026-07-03 12:57:00+02:00,326.45001220703125,326.45001220703125,326.45001220703125,326.45001220703125,515,NOVO-B.CO,Novo Nordisk,Nasdaq Copenhagen,DKK,20260703_213727
2026-07-03 12:58:00+02:00,326.3999938964844,326.45001220703125,326.3999938964844,326.45001220703125,490,NOVO-B.CO,Novo Nordisk,Nasdaq Copenhagen,DKK,20260703_213727
2026-07-03 12:59:00+02:00,326.04998779296875,326.45001220703125,326.0,326.45001220703125,7789,NOVO-B.CO,Novo Nordisk,Nasdaq Copenhagen,DKK,20260703_213727
2026-07-03 13:00:00+02:00,326.04998779296875,326.1000061035156,326.04998779296875,326.1000061035156,344,NOVO-B.CO,Novo Nordisk,Nasdaq Copenhagen,DKK,20260703_213727
2026-07-03 13:01:00+02:00,326.1000061035156,326.1000061035156,326.1000061035156,326.1000061035156,3,NOVO-B.CO,Novo Nordisk,Nasdaq Copenhagen,DKK,20260703_213727
2026-07-03 13:02:00+02:00,326.20001220703125,326.20001220703125,325.95001220703125,326.0,1726,NOVO-B.CO,Novo Nordisk,Nasdaq Copenhagen,DKK,20260703_213727
2026-07-03 13:03:00+02:00,326.0,326.1499938964844,326.0,326.1499938964844,1127,NOVO-B.CO,Novo Nordisk,Nasdaq Copenhagen,DKK,20260703_213727
2026-07-03 13:04:00+02:00,326.0,326.1499938964844,326.0,326.0,1604,NOVO-B.CO,Novo Nordisk,Nasdaq Copenhagen,DKK,20260703_213727
2026-07-03 13:05:00+02:00,325.95001220703125,326.1000061035156,325.8500061035156,326.0,888,NOVO-B.CO,Novo Nordisk,Nasdaq Copenhagen,DKK,20260703_213727
2026-07-03 13:06:00+02:00,326.0,326.0,325.8999938964844,326.0,374,NOVO-B.CO,Novo Nordisk,Nasdaq Copenhagen,DKK,20260703_213727
2026-07-03 13:07:00+02:00,325.79998779296875,325.95001220703125,325.79998779296875,325.8999938964844,135,NOVO-B.CO,Novo Nordisk,Nasdaq Copenhagen,DKK,20260703_213727
2026-07-03 13:08:00+02:00,325.8500061035156,325.8999938964844,325.75,325.75,860,NOVO-B.CO,Novo Nordisk,Nasdaq Copenhagen,DKK,20260703_213727
2026-07-03 13:09:00+02:00,325.8999938964844,325.8999938964844,325.79998779296875,325.8500061035156,723,NOVO-B.CO,Novo Nordisk,Nasdaq Copenhagen,DKK,20260703_213727
2026-07-03 13:10:00+02:00,325.95001220703125,325.95001220703125,325.95001220703125,325.95001220703125,21,NOVO-B.CO,Novo Nordisk,Nasdaq Copenhagen,DKK,20260703_213727
2026-07-03 13:11:00+02:00,326.1499938964844,326.1499938964844,325.95001220703125,325.95001220703125,5127,NOVO-B.CO,Novo Nordisk,Nasdaq Copenhagen,DKK,20260703_213727
2026-07-03 13:12:00+02:00,326.1499938964844,326.20001220703125,326.1499938964844,326.1499938964844,144,NOVO-B.CO,Novo Nordisk,Nasdaq Copenhagen,DKK,20260703_213727
2026-07-03 13:13:00+02:00,326.1000061035156,326.20001220703125,326.04998779296875,326.20001220703125,721,NOVO-B.CO,Novo Nordisk,Nasdaq Copenhagen,DKK,20260703_213727
2026-07-03 13:14:00+02:00,326.0,326.1000061035156,325.95001220703125,326.0,2726,NOVO-B.CO,Novo Nordisk,Nasdaq Copenhagen,DKK,20260703_213727
2026-07-03 13:15:00+02:00,326.1000061035156,326.1000061035156,325.8500061035156,325.8999938964844,4662,NOVO-B.CO,Novo Nordisk,Nasdaq Copenhagen,DKK,20260703_213727
2026-07-03 13:16:00+02:00,326.04998779296875,326.1000061035156,326.04998779296875,326.1000061035156,623,NOVO-B.CO,Novo Nordisk,Nasdaq Copenhagen,DKK,20260703_213727
2026-07-03 13:17:00+02:00,326.0,326.1000061035156,326.0,326.04998779296875,191,NOVO-B.CO,Novo Nordisk,Nasdaq Copenhagen,DKK,20260703_213727
2026-07-03 13:18:00+02:00,326.1000061035156,326.1000061035156,326.0,326.1000061035156,909,NOVO-B.CO,Novo Nordisk,Nasdaq Copenhagen,DKK,20260703_213727
2026-07-03 13:19:00+02:00,326.0,326.1499938964844,325.95001220703125,326.1000061035156,823,NOVO-B.CO,Novo Nordisk,Nasdaq Copenhagen,DKK,20260703_213727
2026-07-03 13:20:00+02:00,325.75,325.95001220703125,325.75,325.95001220703125,1560,NOVO-B.CO,Novo Nordisk,Nasdaq Copenhagen,DKK,20260703_213727
2026-07-03 13:21:00+02:00,325.75,325.79998779296875,325.70001220703125,325.75,1161,NOVO-B.CO,Novo Nordisk,Nasdaq Copenhagen,DKK,20260703_213727
2026-07-03 13:22:00+02:00,325.79998779296875,325.79998779296875,325.70001220703125,325.79998779296875,1167,NOVO-B.CO,Novo Nordisk,Nasdaq Copenhagen,DKK,20260703_213727
2026-07-03 13:23:00+02:00,325.70001220703125,325.75,325.6499938964844,325.75,1624,NOVO-B.CO,Novo Nordisk,Nasdaq Copenhagen,DKK,20260703_213727
2026-07-03 13:24:00+02:00,325.6499938964844,325.75,325.6499938964844,325.6499938964844,8231,NOVO-B.CO,Novo Nordisk,Nasdaq Copenhagen,DKK,20260703_213727
2026-07-03 13:25:00+02:00,325.6000061035156,325.6499938964844,325.54998779296875,325.6000061035156,2285,NOVO-B.CO,Novo Nordisk,Nasdaq Copenhagen,DKK,20260703_213727
2026-07-03 13:26:00+02:00,325.3999938964844,325.6000061035156,325.3500061035156,325.54998779296875,4143,NOVO-B.CO,Novo Nordisk,Nasdaq Copenhagen,DKK,20260703_213727
2026-07-03 13:27:00+02:00,325.29998779296875,325.3500061035156,325.29998779296875,325.3500061035156,564,NOVO-B.CO,Novo Nordisk,Nasdaq Copenhagen,DKK,20260703_213727
2026-07-03 13:28:00+02:00,325.29998779296875,325.3500061035156,325.25,325.3500061035156,1804,NOVO-B.CO,Novo Nordisk,Nasdaq Copenhagen,DKK,20260703_213727
2026-07-03 13:29:00+02:00,325.20001220703125,325.3500061035156,325.1499938964844,325.29998779296875,7614,NOVO-B.CO,Novo Nordisk,Nasdaq Copenhagen,DKK,20260703_213727
2026-07-03 13:30:00+02:00,325.29998779296875,325.29998779296875,325.25,325.25,1202,NOVO-B.CO,Novo Nordisk,Nasdaq Copenhagen,DKK,20260703_213727
2026-07-03 13:31:00+02:00,325.45001220703125,325.45001220703125,325.29998779296875,325.29998779296875,1084,NOVO-B.CO,Novo Nordisk,Nasdaq Copenhagen,DKK,20260703_213727
2026-07-03 13:32:00+02:00,325.45001220703125,325.45001220703125,325.45001220703125,325.45001220703125,434,NOVO-B.CO,Novo Nordisk,Nasdaq Copenhagen,DKK,20260703_213727
2026-07-03 13:33:00+02:00,325.25,325.45001220703125,325.25,325.45001220703125,1103,NOVO-B.CO,Novo Nordisk,Nasdaq Copenhagen,DKK,20260703_213727
2026-07-03 13:34:00+02:00,325.29998779296875,325.3500061035156,325.29998779296875,325.29998779296875,1146,NOVO-B.CO,Novo Nordisk,Nasdaq Copenhagen,DKK,20260703_213727
2026-07-03 13:35:00+02:00,325.45001220703125,325.5,325.29998779296875,325.29998779296875,1461,NOVO-B.CO,Novo Nordisk,Nasdaq Copenhagen,DKK,20260703_213727
2026-07-03 13:36:00+02:00,325.3500061035156,325.45001220703125,325.3500061035156,325.45001220703125,315,NOVO-B.CO,Novo Nordisk,Nasdaq Copenhagen,DKK,20260703_213727
2026-07-03 13:37:00+02:00,325.3999938964844,325.3999938964844,325.3999938964844,325.3999938964844,284,NOVO-B.CO,Novo Nordisk,Nasdaq Copenhagen,DKK,20260703_213727
2026-07-03 13:38:00+02:00,325.3999938964844,325.45001220703125,325.3999938964844,325.3999938964844,134,NOVO-B.CO,Novo Nordisk,Nasdaq Copenhagen,DKK,20260703_213727
2026-07-03 13:39:00+02:00,325.45001220703125,325.45001220703125,325.45001220703125,325.45001220703125,900,NOVO-B.CO,Novo Nordisk,Nasdaq Copenhagen,DKK,20260703_213727
2026-07-03 13:40:00+02:00,325.45001220703125,325.79998779296875,325.3999938964844,325.45001220703125,3503,NOVO-B.CO,Novo Nordisk,Nasdaq Copenhagen,DKK,20260703_213727
2026-07-03 13:41:00+02:00,325.5,325.5,325.45001220703125,325.45001220703125,984,NOVO-B.CO,Novo Nordisk,Nasdaq Copenhagen,DKK,20260703_213727
2026-07-03 13:42:00+02:00,325.3999938964844,325.3999938964844,325.3999938964844,325.3999938964844,90,NOVO-B.CO,Novo Nordisk,Nasdaq Copenhagen,DKK,20260703_213727
2026-07-03 13:43:00+02:00,325.6000061035156,325.6000061035156,325.5,325.5,1040,NOVO-B.CO,Novo Nordisk,Nasdaq Copenhagen,DKK,20260703_213727
2026-07-03 13:44:00+02:00,325.75,325.75,325.6499938964844,325.6499938964844,741,NOVO-B.CO,Novo Nordisk,Nasdaq Copenhagen,DKK,20260703_213727
2026-07-03 13:45:00+02:00,325.6000061035156,325.75,325.6000061035156,325.70001220703125,1642,NOVO-B.CO,Novo Nordisk,Nasdaq Copenhagen,DKK,20260703_213727
2026-07-03 13:46:00+02:00,325.8999938964844,325.8999938964844,325.70001220703125,325.70001220703125,1118,NOVO-B.CO,Novo Nordisk,Nasdaq Copenhagen,DKK,20260703_213727
2026-07-03 13:47:00+02:00,325.95001220703125,325.95001220703125,325.8999938964844,325.8999938964844,523,NOVO-B.CO,Novo Nordisk,Nasdaq Copenhagen,DKK,20260703_213727
2026-07-03 13:48:00+02:00,325.8999938964844,326.0,325.8500061035156,325.95001220703125,2019,NOVO-B.CO,Novo Nordisk,Nasdaq Copenhagen,DKK,20260703_213727
2026-07-03 13:49:00+02:00,325.8999938964844,325.8999938964844,325.79998779296875,325.79998779296875,241,NOVO-B.CO,Novo Nordisk,Nasdaq Copenhagen,DKK,20260703_213727
2026-07-03 13:50:00+02:00,325.8500061035156,325.8500061035156,325.79998779296875,325.8500061035156,344,NOVO-B.CO,Novo Nordisk,Nasdaq Copenhagen,DKK,20260703_213727
2026-07-03 13:51:00+02:00,325.5,325.79998779296875,325.5,325.79998779296875,4730,NOVO-B.CO,Novo Nordisk,Nasdaq Copenhagen,DKK,20260703_213727
2026-07-03 13:52:00+02:00,325.6000061035156,325.6000061035156,325.54998779296875,325.54998779296875,1117,NOVO-B.CO,Novo Nordisk,Nasdaq Copenhagen,DKK,20260703_213727
2026-07-03 13:53:00+02:00,325.70001220703125,325.70001220703125,325.5,325.5,1453,NOVO-B.CO,Novo Nordisk,Nasdaq Copenhagen,DKK,20260703_213727
2026-07-03 13:54:00+02:00,325.70001220703125,325.70001220703125,325.6000061035156,325.70001220703125,310,NOVO-B.CO,Novo Nordisk,Nasdaq Copenhagen,DKK,20260703_213727
2026-07-03 13:55:00+02:00,325.6499938964844,325.6499938964844,325.6000061035156,325.6499938964844,2205,NOVO-B.CO,Novo Nordisk,Nasdaq Copenhagen,DKK,20260703_213727
2026-07-03 13:56:00+02:00,325.70001220703125,325.70001220703125,325.6000061035156,325.70001220703125,1465,NOVO-B.CO,Novo Nordisk,Nasdaq Copenhagen,DKK,20260703_213727
2026-07-03 13:57:00+02:00,325.79998779296875,325.79998779296875,325.6499938964844,325.6499938964844,639,NOVO-B.CO,Novo Nordisk,Nasdaq Copenhagen,DKK,20260703_213727
2026-07-03 13:58:00+02:00,325.20001220703125,325.8500061035156,325.20001220703125,325.79998779296875,4874,NOVO-B.CO,Novo Nordisk,Nasdaq Copenhagen,DKK,20260703_213727
2026-07-03 13:59:00+02:00,325.29998779296875,325.6499938964844,325.20001220703125,325.25,4652,NOVO-B.CO,Novo Nordisk,Nasdaq Copenhagen,DKK,20260703_213727
2026-07-03 14:00:00+02:00,325.54998779296875,325.54998779296875,325.29998779296875,325.29998779296875,480,NOVO-B.CO,Novo Nordisk,Nasdaq Copenhagen,DKK,20260703_213727
2026-07-03 14:01:00+02:00,325.54998779296875,325.54998779296875,325.45001220703125,325.5,808,NOVO-B.CO,Novo Nordisk,Nasdaq Copenhagen,DKK,20260703_213727
2026-07-03 14:02:00+02:00,325.5,325.54998779296875,325.5,325.54998779296875,157,NOVO-B.CO,Novo Nordisk,Nasdaq Copenhagen,DKK,20260703_213727
2026-07-03 14:03:00+02:00,325.54998779296875,325.6000061035156,325.3999938964844,325.3999938964844,135,NOVO-B.CO,Novo Nordisk,Nasdaq Copenhagen,DKK,20260703_213727
2026-07-03 14:04:00+02:00,325.75,325.75,325.6000061035156,325.6000061035156,650,NOVO-B.CO,Novo Nordisk,Nasdaq Copenhagen,DKK,20260703_213727
2026-07-03 14:05:00+02:00,325.6499938964844,325.8500061035156,325.6000061035156,325.6000061035156,2882,NOVO-B.CO,Novo Nordisk,Nasdaq Copenhagen,DKK,20260703_213727
2026-07-03 14:06:00+02:00,325.5,325.6000061035156,325.3999938964844,325.6000061035156,952,NOVO-B.CO,Novo Nordisk,Nasdaq Copenhagen,DKK,20260703_213727
2026-07-03 14:07:00+02:00,325.5,325.5,325.5,325.5,80,NOVO-B.CO,Novo Nordisk,Nasdaq Copenhagen,DKK,20260703_213727
2026-07-03 14:08:00+02:00,325.25,325.3999938964844,325.1499938964844,325.3999938964844,1288,NOVO-B.CO,Novo Nordisk,Nasdaq Copenhagen,DKK,20260703_213727
2026-07-03 14:09:00+02:00,325.20001220703125,325.25,325.1000061035156,325.25,588,NOVO-B.CO,Novo Nordisk,Nasdaq Copenhagen,DKK,20260703_213727
2026-07-03 14:10:00+02:00,325.29998779296875,325.3500061035156,325.20001220703125,325.25,1324,NOVO-B.CO,Novo Nordisk,Nasdaq Copenhagen,DKK,20260703_213727
2026-07-03 14:11:00+02:00,325.3999938964844,325.3999938964844,325.29998779296875,325.29998779296875,1875,NOVO-B.CO,Novo Nordisk,Nasdaq Copenhagen,DKK,20260703_213727
2026-07-03 14:12:00+02:00,325.3500061035156,325.3500061035156,325.3500061035156,325.3500061035156,556,NOVO-B.CO,Novo Nordisk,Nasdaq Copenhagen,DKK,20260703_213727
2026-07-03 14:13:00+02:00,325.5,325.5,325.45001220703125,325.45001220703125,77,NOVO-B.CO,Novo Nordisk,Nasdaq Copenhagen,DKK,20260703_213727
2026-07-03 14:14:00+02:00,325.5,325.5,325.5,325.5,200,NOVO-B.CO,Novo Nordisk,Nasdaq Copenhagen,DKK,20260703_213727
2026-07-03 14:15:00+02:00,325.54998779296875,325.6499938964844,325.54998779296875,325.6000061035156,2227,NOVO-B.CO,Novo Nordisk,Nasdaq Copenhagen,DKK,20260703_213727
2026-07-03 14:16:00+02:00,325.6000061035156,325.6000061035156,325.3500061035156,325.54998779296875,4618,NOVO-B.CO,Novo Nordisk,Nasdaq Copenhagen,DKK,20260703_213727
2026-07-03 14:17:00+02:00,325.6000061035156,325.6000061035156,325.54998779296875,325.54998779296875,236,NOVO-B.CO,Novo Nordisk,Nasdaq Copenhagen,DKK,20260703_213727
2026-07-03 14:18:00+02:00,325.6000061035156,325.6499938964844,325.6000061035156,325.6499938964844,259,NOVO-B.CO,Novo Nordisk,Nasdaq Copenhagen,DKK,20260703_213727
2026-07-03 14:19:00+02:00,325.70001220703125,325.75,325.6499938964844,325.6499938964844,544,NOVO-B.CO,Novo Nordisk,Nasdaq Copenhagen,DKK,20260703_213727
2026-07-03 14:20:00+02:00,325.54998779296875,325.6499938964844,325.5,325.6499938964844,1638,NOVO-B.CO,Novo Nordisk,Nasdaq Copenhagen,DKK,20260703_213727
2026-07-03 14:21:00+02:00,325.8999938964844,325.8999938964844,325.5,325.5,134,NOVO-B.CO,Novo Nordisk,Nasdaq Copenhagen,DKK,20260703_213727
2026-07-03 14:22:00+02:00,325.75,325.8500061035156,325.75,325.8500061035156,698,NOVO-B.CO,Novo Nordisk,Nasdaq Copenhagen,DKK,20260703_213727
2026-07-03 14:23:00+02:00,325.75,325.8500061035156,325.70001220703125,325.75,571,NOVO-B.CO,Novo Nordisk,Nasdaq Copenhagen,DKK,20260703_213727
2026-07-03 14:24:00+02:00,325.8999938964844,325.8999938964844,325.8500061035156,325.8500061035156,368,NOVO-B.CO,Novo Nordisk,Nasdaq Copenhagen,DKK,20260703_213727
2026-07-03 14:25:00+02:00,326.0,326.0,325.8500061035156,325.8999938964844,1270,NOVO-B.CO,Novo Nordisk,Nasdaq Copenhagen,DKK,20260703_213727
2026-07-03 14:26:00+02:00,325.8999938964844,326.0,325.8999938964844,325.95001220703125,1939,NOVO-B.CO,Novo Nordisk,Nasdaq Copenhagen,DKK,20260703_213727
2026-07-03 14:27:00+02:00,325.54998779296875,325.8500061035156,325.54998779296875,325.8500061035156,1012,NOVO-B.CO,Novo Nordisk,Nasdaq Copenhagen,DKK,20260703_213727
2026-07-03 14:28:00+02:00,325.3999938964844,325.5,325.3500061035156,325.5,3190,NOVO-B.CO,Novo Nordisk,Nasdaq Copenhagen,DKK,20260703_213727
2026-07-03 14:29:00+02:00,325.29998779296875,325.45001220703125,325.29998779296875,325.45001220703125,2312,NOVO-B.CO,Novo Nordisk,Nasdaq Copenhagen,DKK,20260703_213727
2026-07-03 14:30:00+02:00,325.45001220703125,325.45001220703125,325.29998779296875,325.3500061035156,1600,NOVO-B.CO,Novo Nordisk,Nasdaq Copenhagen,DKK,20260703_213727
2026-07-03 14:31:00+02:00,325.3500061035156,325.45001220703125,325.3500061035156,325.45001220703125,389,NOVO-B.CO,Novo Nordisk,Nasdaq Copenhagen,DKK,20260703_213727
2026-07-03 14:32:00+02:00,325.5,325.54998779296875,325.29998779296875,325.3500061035156,1455,NOVO-B.CO,Novo Nordisk,Nasdaq Copenhagen,DKK,20260703_213727
2026-07-03 14:33:00+02:00,325.6499938964844,325.6499938964844,325.5,325.5,371,NOVO-B.CO,Novo Nordisk,Nasdaq Copenhagen,DKK,20260703_213727
2026-07-03 14:34:00+02:00,325.6000061035156,325.6000061035156,325.6000061035156,325.6000061035156,4,NOVO-B.CO,Novo Nordisk,Nasdaq Copenhagen,DKK,20260703_213727
2026-07-03 14:35:00+02:00,325.6000061035156,325.6000061035156,325.6000061035156,325.6000061035156,2,NOVO-B.CO,Novo Nordisk,Nasdaq Copenhagen,DKK,20260703_213727
2026-07-03 14:36:00+02:00,325.70001220703125,325.79998779296875,325.6499938964844,325.6499938964844,535,NOVO-B.CO,Novo Nordisk,Nasdaq Copenhagen,DKK,20260703_213727
2026-07-03 14:37:00+02:00,325.54998779296875,325.75,325.45001220703125,325.75,2160,NOVO-B.CO,Novo Nordisk,Nasdaq Copenhagen,DKK,20260703_213727
2026-07-03 14:38:00+02:00,325.5,325.5,325.5,325.5,3,NOVO-B.CO,Novo Nordisk,Nasdaq Copenhagen,DKK,20260703_213727
2026-07-03 14:39:00+02:00,325.6499938964844,325.6499938964844,325.5,325.5,477,NOVO-B.CO,Novo Nordisk,Nasdaq Copenhagen,DKK,20260703_213727
2026-07-03 14:40:00+02:00,325.6499938964844,325.79998779296875,325.6499938964844,325.75,1345,NOVO-B.CO,Novo Nordisk,Nasdaq Copenhagen,DKK,20260703_213727
2026-07-03 14:41:00+02:00,325.95001220703125,325.95001220703125,325.70001220703125,325.70001220703125,373,NOVO-B.CO,Novo Nordisk,Nasdaq Copenhagen,DKK,20260703_213727
2026-07-03 14:42:00+02:00,325.8500061035156,325.95001220703125,325.8500061035156,325.95001220703125,2364,NOVO-B.CO,Novo Nordisk,Nasdaq Copenhagen,DKK,20260703_213727
2026-07-03 14:43:00+02:00,325.8999938964844,325.8999938964844,325.79998779296875,325.79998779296875,237,NOVO-B.CO,Novo Nordisk,Nasdaq Copenhagen,DKK,20260703_213727
2026-07-03 14:44:00+02:00,325.8500061035156,325.8500061035156,325.8500061035156,325.8500061035156,90,NOVO-B.CO,Novo Nordisk,Nasdaq Copenhagen,DKK,20260703_213727
2026-07-03 14:45:00+02:00,325.75,325.8500061035156,325.75,325.8500061035156,1832,NOVO-B.CO,Novo Nordisk,Nasdaq Copenhagen,DKK,20260703_213727
2026-07-03 14:46:00+02:00,325.75,325.79998779296875,325.6499938964844,325.6499938964844,575,NOVO-B.CO,Novo Nordisk,Nasdaq Copenhagen,DKK,20260703_213727
2026-07-03 14:47:00+02:00,325.79998779296875,325.79998779296875,325.79998779296875,325.79998779296875,600,NOVO-B.CO,Novo Nordisk,Nasdaq Copenhagen,DKK,20260703_213727
2026-07-03 14:48:00+02:00,325.95001220703125,326.0,325.8999938964844,325.8999938964844,1127,NOVO-B.CO,Novo Nordisk,Nasdaq Copenhagen,DKK,20260703_213727
2026-07-03 14:49:00+02:00,326.1499938964844,326.20001220703125,326.0,326.0,8224,NOVO-B.CO,Novo Nordisk,Nasdaq Copenhagen,DKK,20260703_213727
2026-07-03 14:50:00+02:00,325.8500061035156,326.20001220703125,325.8500061035156,326.1499938964844,2518,NOVO-B.CO,Novo Nordisk,Nasdaq Copenhagen,DKK,20260703_213727
2026-07-03 14:51:00+02:00,325.75,325.95001220703125,325.75,325.8999938964844,2414,NOVO-B.CO,Novo Nordisk,Nasdaq Copenhagen,DKK,20260703_213727
2026-07-03 14:52:00+02:00,325.75,325.75,325.6499938964844,325.6499938964844,198,NOVO-B.CO,Novo Nordisk,Nasdaq Copenhagen,DKK,20260703_213727
2026-07-03 14:53:00+02:00,325.75,325.75,325.6000061035156,325.6000061035156,431,NOVO-B.CO,Novo Nordisk,Nasdaq Copenhagen,DKK,20260703_213727
2026-07-03 14:54:00+02:00,325.5,325.6499938964844,325.5,325.6000061035156,7999,NOVO-B.CO,Novo Nordisk,Nasdaq Copenhagen,DKK,20260703_213727
2026-07-03 14:55:00+02:00,325.3999938964844,325.45001220703125,325.3999938964844,325.45001220703125,469,NOVO-B.CO,Novo Nordisk,Nasdaq Copenhagen,DKK,20260703_213727
2026-07-03 14:56:00+02:00,325.3500061035156,325.3999938964844,325.29998779296875,325.3999938964844,1923,NOVO-B.CO,Novo Nordisk,Nasdaq Copenhagen,DKK,20260703_213727
2026-07-03 14:57:00+02:00,325.25,325.29998779296875,325.25,325.25,17,NOVO-B.CO,Novo Nordisk,Nasdaq Copenhagen,DKK,20260703_213727
2026-07-03 14:58:00+02:00,325.25,325.25,324.79998779296875,325.25,50756,NOVO-B.CO,Novo Nordisk,Nasdaq Copenhagen,DKK,20260703_213727
2026-07-03 14:59:00+02:00,325.1000061035156,325.20001220703125,325.1000061035156,325.1499938964844,339,NOVO-B.CO,Novo Nordisk,Nasdaq Copenhagen,DKK,20260703_213727
2026-07-03 15:00:00+02:00,325.1499938964844,325.20001220703125,325.1499938964844,325.20001220703125,153,NOVO-B.CO,Novo Nordisk,Nasdaq Copenhagen,DKK,20260703_213727
2026-07-03 15:01:00+02:00,325.1499938964844,325.3999938964844,325.1000061035156,325.29998779296875,1197,NOVO-B.CO,Novo Nordisk,Nasdaq Copenhagen,DKK,20260703_213727
2026-07-03 15:02:00+02:00,325.1000061035156,325.1000061035156,325.1000061035156,325.1000061035156,53,NOVO-B.CO,Novo Nordisk,Nasdaq Copenhagen,DKK,20260703_213727
2026-07-03 15:03:00+02:00,325.1000061035156,325.1000061035156,325.1000061035156,325.1000061035156,119,NOVO-B.CO,Novo Nordisk,Nasdaq Copenhagen,DKK,20260703_213727
2026-07-03 15:04:00+02:00,325.04998779296875,325.25,325.0,325.1000061035156,3750,NOVO-B.CO,Novo Nordisk,Nasdaq Copenhagen,DKK,20260703_213727
2026-07-03 15:05:00+02:00,325.1499938964844,325.1499938964844,325.0,325.0,303,NOVO-B.CO,Novo Nordisk,Nasdaq Copenhagen,DKK,20260703_213727
2026-07-03 15:06:00+02:00,325.5,325.5,325.20001220703125,325.25,2014,NOVO-B.CO,Novo Nordisk,Nasdaq Copenhagen,DKK,20260703_213727
2026-07-03 15:07:00+02:00,325.6000061035156,325.6000061035156,325.5,325.54998779296875,451,NOVO-B.CO,Novo Nordisk,Nasdaq Copenhagen,DKK,20260703_213727
2026-07-03 15:08:00+02:00,325.6000061035156,325.6000061035156,325.54998779296875,325.54998779296875,83,NOVO-B.CO,Novo Nordisk,Nasdaq Copenhagen,DKK,20260703_213727
2026-07-03 15:09:00+02:00,325.5,325.54998779296875,325.5,325.54998779296875,954,NOVO-B.CO,Novo Nordisk,Nasdaq Copenhagen,DKK,20260703_213727
2026-07-03 15:10:00+02:00,325.54998779296875,325.54998779296875,325.54998779296875,325.54998779296875,781,NOVO-B.CO,Novo Nordisk,Nasdaq Copenhagen,DKK,20260703_213727
2026-07-03 15:11:00+02:00,325.5,325.54998779296875,325.5,325.5,314,NOVO-B.CO,Novo Nordisk,Nasdaq Copenhagen,DKK,20260703_213727
2026-07-03 15:12:00+02:00,325.6000061035156,325.6000061035156,325.6000061035156,325.6000061035156,1130,NOVO-B.CO,Novo Nordisk,Nasdaq Copenhagen,DKK,20260703_213727
2026-07-03 15:13:00+02:00,325.3999938964844,325.54998779296875,325.3500061035156,325.54998779296875,2698,NOVO-B.CO,Novo Nordisk,Nasdaq Copenhagen,DKK,20260703_213727
2026-07-03 15:14:00+02:00,325.54998779296875,325.54998779296875,325.5,325.5,1188,NOVO-B.CO,Novo Nordisk,Nasdaq Copenhagen,DKK,20260703_213727
2026-07-03 15:15:00+02:00,325.70001220703125,325.79998779296875,325.6000061035156,325.6000061035156,6465,NOVO-B.CO,Novo Nordisk,Nasdaq Copenhagen,DKK,20260703_213727
2026-07-03 15:16:00+02:00,325.6000061035156,325.70001220703125,325.54998779296875,325.70001220703125,2698,NOVO-B.CO,Novo Nordisk,Nasdaq Copenhagen,DKK,20260703_213727
2026-07-03 15:17:00+02:00,325.5,325.54998779296875,325.5,325.54998779296875,1208,NOVO-B.CO,Novo Nordisk,Nasdaq Copenhagen,DKK,20260703_213727
2026-07-03 15:18:00+02:00,325.54998779296875,325.54998779296875,325.45001220703125,325.54998779296875,2369,NOVO-B.CO,Novo Nordisk,Nasdaq Copenhagen,DKK,20260703_213727
2026-07-03 15:19:00+02:00,325.70001220703125,325.70001220703125,325.54998779296875,325.54998779296875,1004,NOVO-B.CO,Novo Nordisk,Nasdaq Copenhagen,DKK,20260703_213727
2026-07-03 15:20:00+02:00,326.1499938964844,326.1499938964844,325.70001220703125,325.70001220703125,3106,NOVO-B.CO,Novo Nordisk,Nasdaq Copenhagen,DKK,20260703_213727
2026-07-03 15:21:00+02:00,326.1499938964844,326.1499938964844,326.1000061035156,326.1499938964844,990,NOVO-B.CO,Novo Nordisk,Nasdaq Copenhagen,DKK,20260703_213727
2026-07-03 15:22:00+02:00,325.8999938964844,326.20001220703125,325.8999938964844,326.1499938964844,5310,NOVO-B.CO,Novo Nordisk,Nasdaq Copenhagen,DKK,20260703_213727
2026-07-03 15:23:00+02:00,325.8999938964844,326.0,325.8999938964844,325.95001220703125,1109,NOVO-B.CO,Novo Nordisk,Nasdaq Copenhagen,DKK,20260703_213727
2026-07-03 15:24:00+02:00,325.8999938964844,325.8999938964844,325.8999938964844,325.8999938964844,122,NOVO-B.CO,Novo Nordisk,Nasdaq Copenhagen,DKK,20260703_213727
2026-07-03 15:25:00+02:00,326.04998779296875,326.04998779296875,326.0,326.0,1362,NOVO-B.CO,Novo Nordisk,Nasdaq Copenhagen,DKK,20260703_213727
2026-07-03 15:26:00+02:00,326.04998779296875,326.04998779296875,326.04998779296875,326.04998779296875,5,NOVO-B.CO,Novo Nordisk,Nasdaq Copenhagen,DKK,20260703_213727
2026-07-03 15:27:00+02:00,325.95001220703125,326.04998779296875,325.95001220703125,326.04998779296875,1588,NOVO-B.CO,Novo Nordisk,Nasdaq Copenhagen,DKK,20260703_213727
2026-07-03 15:28:00+02:00,326.1000061035156,326.1000061035156,326.0,326.0,1010,NOVO-B.CO,Novo Nordisk,Nasdaq Copenhagen,DKK,20260703_213727
2026-07-03 15:29:00+02:00,325.8999938964844,326.1000061035156,325.8999938964844,326.04998779296875,3676,NOVO-B.CO,Novo Nordisk,Nasdaq Copenhagen,DKK,20260703_213727
2026-07-03 15:30:00+02:00,325.75,325.95001220703125,325.70001220703125,325.8500061035156,3968,NOVO-B.CO,Novo Nordisk,Nasdaq Copenhagen,DKK,20260703_213727
2026-07-03 15:31:00+02:00,325.8500061035156,326.0,325.79998779296875,325.79998779296875,1029,NOVO-B.CO,Novo Nordisk,Nasdaq Copenhagen,DKK,20260703_213727
2026-07-03 15:32:00+02:00,325.75,325.8500061035156,325.70001220703125,325.8500061035156,3183,NOVO-B.CO,Novo Nordisk,Nasdaq Copenhagen,DKK,20260703_213727
2026-07-03 15:33:00+02:00,325.79998779296875,325.79998779296875,325.70001220703125,325.70001220703125,703,NOVO-B.CO,Novo Nordisk,Nasdaq Copenhagen,DKK,20260703_213727
2026-07-03 15:34:00+02:00,325.8500061035156,325.8500061035156,325.79998779296875,325.79998779296875,1448,NOVO-B.CO,Novo Nordisk,Nasdaq Copenhagen,DKK,20260703_213727
2026-07-03 15:35:00+02:00,326.0,326.0,325.8999938964844,325.8999938964844,854,NOVO-B.CO,Novo Nordisk,Nasdaq Copenhagen,DKK,20260703_213727
2026-07-03 15:36:00+02:00,326.04998779296875,326.1499938964844,325.95001220703125,326.0,3325,NOVO-B.CO,Novo Nordisk,Nasdaq Copenhagen,DKK,20260703_213727
2026-07-03 15:37:00+02:00,326.04998779296875,326.1499938964844,326.0,326.04998779296875,2942,NOVO-B.CO,Novo Nordisk,Nasdaq Copenhagen,DKK,20260703_213727
2026-07-03 15:38:00+02:00,326.0,326.04998779296875,326.0,326.04998779296875,1632,NOVO-B.CO,Novo Nordisk,Nasdaq Copenhagen,DKK,20260703_213727
2026-07-03 15:39:00+02:00,326.04998779296875,326.04998779296875,326.04998779296875,326.04998779296875,504,NOVO-B.CO,Novo Nordisk,Nasdaq Copenhagen,DKK,20260703_213727
2026-07-03 15:40:00+02:00,325.6499938964844,326.0,325.5,326.0,6340,NOVO-B.CO,Novo Nordisk,Nasdaq Copenhagen,DKK,20260703_213727
2026-07-03 15:41:00+02:00,325.8500061035156,325.95001220703125,325.70001220703125,325.70001220703125,1027,NOVO-B.CO,Novo Nordisk,Nasdaq Copenhagen,DKK,20260703_213727
2026-07-03 15:42:00+02:00,326.20001220703125,326.20001220703125,325.95001220703125,325.95001220703125,919,NOVO-B.CO,Novo Nordisk,Nasdaq Copenhagen,DKK,20260703_213727
2026-07-03 15:43:00+02:00,326.29998779296875,326.29998779296875,326.25,326.25,748,NOVO-B.CO,Novo Nordisk,Nasdaq Copenhagen,DKK,20260703_213727
2026-07-03 15:44:00+02:00,326.29998779296875,326.3500061035156,326.29998779296875,326.29998779296875,429,NOVO-B.CO,Novo Nordisk,Nasdaq Copenhagen,DKK,20260703_213727
2026-07-03 15:45:00+02:00,326.5,326.5,326.3500061035156,326.3500061035156,1264,NOVO-B.CO,Novo Nordisk,Nasdaq Copenhagen,DKK,20260703_213727
2026-07-03 15:46:00+02:00,326.6000061035156,326.6000061035156,326.5,326.5,888,NOVO-B.CO,Novo Nordisk,Nasdaq Copenhagen,DKK,20260703_213727
2026-07-03 15:47:00+02:00,326.6000061035156,326.70001220703125,326.6000061035156,326.6499938964844,8317,NOVO-B.CO,Novo Nordisk,Nasdaq Copenhagen,DKK,20260703_213727
2026-07-03 15:48:00+02:00,326.29998779296875,326.5,326.25,326.5,6974,NOVO-B.CO,Novo Nordisk,Nasdaq Copenhagen,DKK,20260703_213727
2026-07-03 15:49:00+02:00,326.20001220703125,326.25,326.20001220703125,326.25,467,NOVO-B.CO,Novo Nordisk,Nasdaq Copenhagen,DKK,20260703_213727
2026-07-03 15:50:00+02:00,326.29998779296875,326.29998779296875,326.20001220703125,326.20001220703125,5977,NOVO-B.CO,Novo Nordisk,Nasdaq Copenhagen,DKK,20260703_213727
2026-07-03 15:51:00+02:00,326.25,326.25,326.20001220703125,326.20001220703125,12377,NOVO-B.CO,Novo Nordisk,Nasdaq Copenhagen,DKK,20260703_213727
2026-07-03 15:52:00+02:00,326.0,326.20001220703125,326.0,326.20001220703125,35964,NOVO-B.CO,Novo Nordisk,Nasdaq Copenhagen,DKK,20260703_213727
2026-07-03 15:53:00+02:00,326.1499938964844,326.1499938964844,326.04998779296875,326.04998779296875,1416,NOVO-B.CO,Novo Nordisk,Nasdaq Copenhagen,DKK,20260703_213727
2026-07-03 15:54:00+02:00,326.1000061035156,326.20001220703125,326.1000061035156,326.20001220703125,142,NOVO-B.CO,Novo Nordisk,Nasdaq Copenhagen,DKK,20260703_213727
2026-07-03 15:55:00+02:00,326.1000061035156,326.1000061035156,326.04998779296875,326.1000061035156,1726,NOVO-B.CO,Novo Nordisk,Nasdaq Copenhagen,DKK,20260703_213727
2026-07-03 15:56:00+02:00,326.3500061035156,326.3500061035156,326.1000061035156,326.1000061035156,1430,NOVO-B.CO,Novo Nordisk,Nasdaq Copenhagen,DKK,20260703_213727
2026-07-03 15:57:00+02:00,326.3500061035156,326.3500061035156,326.29998779296875,326.29998779296875,169,NOVO-B.CO,Novo Nordisk,Nasdaq Copenhagen,DKK,20260703_213727
2026-07-03 15:58:00+02:00,326.20001220703125,326.29998779296875,326.20001220703125,326.29998779296875,275,NOVO-B.CO,Novo Nordisk,Nasdaq Copenhagen,DKK,20260703_213727
2026-07-03 15:59:00+02:00,326.3500061035156,326.3500061035156,326.29998779296875,326.29998779296875,825,NOVO-B.CO,Novo Nordisk,Nasdaq Copenhagen,DKK,20260703_213727
2026-07-03 16:00:00+02:00,326.5,326.54998779296875,326.29998779296875,326.29998779296875,2057,NOVO-B.CO,Novo Nordisk,Nasdaq Copenhagen,DKK,20260703_213727
2026-07-03 16:01:00+02:00,326.20001220703125,326.5,326.1499938964844,326.5,2460,NOVO-B.CO,Novo Nordisk,Nasdaq Copenhagen,DKK,20260703_213727
2026-07-03 16:02:00+02:00,326.20001220703125,326.20001220703125,326.1000061035156,326.1499938964844,1295,NOVO-B.CO,Novo Nordisk,Nasdaq Copenhagen,DKK,20260703_213727
2026-07-03 16:03:00+02:00,326.3999938964844,326.3999938964844,326.25,326.25,50,NOVO-B.CO,Novo Nordisk,Nasdaq Copenhagen,DKK,20260703_213727
2026-07-03 16:04:00+02:00,326.3999938964844,326.3999938964844,326.25,326.29998779296875,1426,NOVO-B.CO,Novo Nordisk,Nasdaq Copenhagen,DKK,20260703_213727
2026-07-03 16:05:00+02:00,326.3999938964844,326.45001220703125,326.3999938964844,326.45001220703125,11,NOVO-B.CO,Novo Nordisk,Nasdaq Copenhagen,DKK,20260703_213727
2026-07-03 16:06:00+02:00,326.29998779296875,326.3999938964844,326.20001220703125,326.3999938964844,1466,NOVO-B.CO,Novo Nordisk,Nasdaq Copenhagen,DKK,20260703_213727
2026-07-03 16:07:00+02:00,326.20001220703125,326.25,326.20001220703125,326.25,560,NOVO-B.CO,Novo Nordisk,Nasdaq Copenhagen,DKK,20260703_213727
2026-07-03 16:08:00+02:00,326.1499938964844,326.25,326.1499938964844,326.20001220703125,1044,NOVO-B.CO,Novo Nordisk,Nasdaq Copenhagen,DKK,20260703_213727
2026-07-03 16:09:00+02:00,326.29998779296875,326.3500061035156,326.25,326.29998779296875,982,NOVO-B.CO,Novo Nordisk,Nasdaq Copenhagen,DKK,20260703_213727
2026-07-03 16:10:00+02:00,326.45001220703125,326.45001220703125,326.25,326.29998779296875,916,NOVO-B.CO,Novo Nordisk,Nasdaq Copenhagen,DKK,20260703_213727
2026-07-03 16:11:00+02:00,326.3500061035156,326.45001220703125,326.3500061035156,326.45001220703125,737,NOVO-B.CO,Novo Nordisk,Nasdaq Copenhagen,DKK,20260703_213727
2026-07-03 16:12:00+02:00,326.3999938964844,326.3999938964844,326.3500061035156,326.3500061035156,60,NOVO-B.CO,Novo Nordisk,Nasdaq Copenhagen,DKK,20260703_213727
2026-07-03 16:13:00+02:00,326.1000061035156,326.3500061035156,325.95001220703125,326.3500061035156,5800,NOVO-B.CO,Novo Nordisk,Nasdaq Copenhagen,DKK,20260703_213727
2026-07-03 16:14:00+02:00,325.95001220703125,326.0,325.8999938964844,326.0,918,NOVO-B.CO,Novo Nordisk,Nasdaq Copenhagen,DKK,20260703_213727
2026-07-03 16:15:00+02:00,326.0,326.0,325.8999938964844,325.95001220703125,886,NOVO-B.CO,Novo Nordisk,Nasdaq Copenhagen,DKK,20260703_213727
2026-07-03 16:16:00+02:00,326.04998779296875,326.1499938964844,325.95001220703125,326.04998779296875,9709,NOVO-B.CO,Novo Nordisk,Nasdaq Copenhagen,DKK,20260703_213727
2026-07-03 16:17:00+02:00,326.04998779296875,326.04998779296875,325.95001220703125,326.04998779296875,2537,NOVO-B.CO,Novo Nordisk,Nasdaq Copenhagen,DKK,20260703_213727
2026-07-03 16:18:00+02:00,326.0,326.1499938964844,326.0,326.1499938964844,754,NOVO-B.CO,Novo Nordisk,Nasdaq Copenhagen,DKK,20260703_213727
2026-07-03 16:19:00+02:00,326.0,326.25,326.0,326.1000061035156,1498,NOVO-B.CO,Novo Nordisk,Nasdaq Copenhagen,DKK,20260703_213727
2026-07-03 16:20:00+02:00,326.0,326.0,325.8999938964844,325.95001220703125,1390,NOVO-B.CO,Novo Nordisk,Nasdaq Copenhagen,DKK,20260703_213727
2026-07-03 16:21:00+02:00,325.79998779296875,326.0,325.79998779296875,326.0,688,NOVO-B.CO,Novo Nordisk,Nasdaq Copenhagen,DKK,20260703_213727
2026-07-03 16:22:00+02:00,325.75,325.8500061035156,325.70001220703125,325.79998779296875,1003,NOVO-B.CO,Novo Nordisk,Nasdaq Copenhagen,DKK,20260703_213727
2026-07-03 16:23:00+02:00,325.75,325.75,325.75,325.75,745,NOVO-B.CO,Novo Nordisk,Nasdaq Copenhagen,DKK,20260703_213727
2026-07-03 16:24:00+02:00,325.6499938964844,325.75,325.6499938964844,325.75,813,NOVO-B.CO,Novo Nordisk,Nasdaq Copenhagen,DKK,20260703_213727
2026-07-03 16:25:00+02:00,325.75,325.75,325.6499938964844,325.6499938964844,230,NOVO-B.CO,Novo Nordisk,Nasdaq Copenhagen,DKK,20260703_213727
2026-07-03 16:26:00+02:00,325.6000061035156,325.70001220703125,325.6000061035156,325.70001220703125,299,NOVO-B.CO,Novo Nordisk,Nasdaq Copenhagen,DKK,20260703_213727
2026-07-03 16:27:00+02:00,325.75,325.75,325.6499938964844,325.6499938964844,1780,NOVO-B.CO,Novo Nordisk,Nasdaq Copenhagen,DKK,20260703_213727
2026-07-03 16:28:00+02:00,325.95001220703125,325.95001220703125,325.79998779296875,325.79998779296875,646,NOVO-B.CO,Novo Nordisk,Nasdaq Copenhagen,DKK,20260703_213727
2026-07-03 16:29:00+02:00,325.6499938964844,325.8999938964844,325.6499938964844,325.8999938964844,5416,NOVO-B.CO,Novo Nordisk,Nasdaq Copenhagen,DKK,20260703_213727
2026-07-03 16:30:00+02:00,325.8500061035156,325.8500061035156,325.6499938964844,325.75,1600,NOVO-B.CO,Novo Nordisk,Nasdaq Copenhagen,DKK,20260703_213727
2026-07-03 16:31:00+02:00,326.1499938964844,326.1499938964844,325.70001220703125,325.79998779296875,4571,NOVO-B.CO,Novo Nordisk,Nasdaq Copenhagen,DKK,20260703_213727
2026-07-03 16:32:00+02:00,326.1000061035156,326.20001220703125,326.1000061035156,326.1499938964844,4331,NOVO-B.CO,Novo Nordisk,Nasdaq Copenhagen,DKK,20260703_213727
2026-07-03 16:33:00+02:00,326.04998779296875,326.1000061035156,326.0,326.1000061035156,788,NOVO-B.CO,Novo Nordisk,Nasdaq Copenhagen,DKK,20260703_213727
2026-07-03 16:34:00+02:00,325.75,325.95001220703125,325.6000061035156,325.95001220703125,3573,NOVO-B.CO,Novo Nordisk,Nasdaq Copenhagen,DKK,20260703_213727
2026-07-03 16:35:00+02:00,325.6499938964844,325.8500061035156,325.6499938964844,325.8500061035156,3644,NOVO-B.CO,Novo Nordisk,Nasdaq Copenhagen,DKK,20260703_213727
2026-07-03 16:36:00+02:00,325.29998779296875,325.6499938964844,325.29998779296875,325.6499938964844,5375,NOVO-B.CO,Novo Nordisk,Nasdaq Copenhagen,DKK,20260703_213727
2026-07-03 16:37:00+02:00,325.25,325.25,325.1499938964844,325.20001220703125,755,NOVO-B.CO,Novo Nordisk,Nasdaq Copenhagen,DKK,20260703_213727
2026-07-03 16:38:00+02:00,325.3999938964844,325.3999938964844,325.25,325.25,2506,NOVO-B.CO,Novo Nordisk,Nasdaq Copenhagen,DKK,20260703_213727
2026-07-03 16:39:00+02:00,325.29998779296875,325.3999938964844,325.29998779296875,325.3999938964844,656,NOVO-B.CO,Novo Nordisk,Nasdaq Copenhagen,DKK,20260703_213727
2026-07-03 16:40:00+02:00,325.29998779296875,325.3500061035156,325.25,325.3500061035156,2131,NOVO-B.CO,Novo Nordisk,Nasdaq Copenhagen,DKK,20260703_213727
2026-07-03 16:41:00+02:00,325.3999938964844,325.45001220703125,325.3999938964844,325.3999938964844,1074,NOVO-B.CO,Novo Nordisk,Nasdaq Copenhagen,DKK,20260703_213727
2026-07-03 16:42:00+02:00,325.29998779296875,325.5,325.29998779296875,325.5,818,NOVO-B.CO,Novo Nordisk,Nasdaq Copenhagen,DKK,20260703_213727
2026-07-03 16:43:00+02:00,325.3999938964844,325.3999938964844,325.29998779296875,325.29998779296875,431,NOVO-B.CO,Novo Nordisk,Nasdaq Copenhagen,DKK,20260703_213727
2026-07-03 16:44:00+02:00,325.45001220703125,325.45001220703125,325.29998779296875,325.45001220703125,3894,NOVO-B.CO,Novo Nordisk,Nasdaq Copenhagen,DKK,20260703_213727
2026-07-03 16:45:00+02:00,325.54998779296875,325.54998779296875,325.29998779296875,325.45001220703125,2721,NOVO-B.CO,Novo Nordisk,Nasdaq Copenhagen,DKK,20260703_213727
2026-07-03 16:46:00+02:00,325.6000061035156,325.6499938964844,325.6000061035156,325.6000061035156,501,NOVO-B.CO,Novo Nordisk,Nasdaq Copenhagen,DKK,20260703_213727
2026-07-03 16:47:00+02:00,325.70001220703125,325.79998779296875,325.54998779296875,325.6000061035156,1749,NOVO-B.CO,Novo Nordisk,Nasdaq Copenhagen,DKK,20260703_213727
2026-07-03 16:48:00+02:00,325.75,325.79998779296875,325.70001220703125,325.70001220703125,711,NOVO-B.CO,Novo Nordisk,Nasdaq Copenhagen,DKK,20260703_213727
2026-07-03 16:49:00+02:00,325.6499938964844,325.79998779296875,325.6499938964844,325.75,2211,NOVO-B.CO,Novo Nordisk,Nasdaq Copenhagen,DKK,20260703_213727
2026-07-03 16:50:00+02:00,325.54998779296875,325.8500061035156,325.54998779296875,325.70001220703125,1326,NOVO-B.CO,Novo Nordisk,Nasdaq Copenhagen,DKK,20260703_213727
2026-07-03 16:51:00+02:00,325.70001220703125,325.70001220703125,325.5,325.54998779296875,3274,NOVO-B.CO,Novo Nordisk,Nasdaq Copenhagen,DKK,20260703_213727
2026-07-03 16:52:00+02:00,325.70001220703125,325.75,325.54998779296875,325.6499938964844,3398,NOVO-B.CO,Novo Nordisk,Nasdaq Copenhagen,DKK,20260703_213727
2026-07-03 16:53:00+02:00,325.8500061035156,325.8999938964844,325.70001220703125,325.70001220703125,4141,NOVO-B.CO,Novo Nordisk,Nasdaq Copenhagen,DKK,20260703_213727
2026-07-03 16:54:00+02:00,326.1000061035156,326.1000061035156,325.79998779296875,325.8500061035156,12169,NOVO-B.CO,Novo Nordisk,Nasdaq Copenhagen,DKK,20260703_213727
2026-07-03 16:59:00+02:00,326.8999938964844,326.8999938964844,326.8999938964844,326.8999938964844,790994,NOVO-B.CO,Novo Nordisk,Nasdaq Copenhagen,DKK,20260703_213727
2026-07-06 09:00:00+02:00,328.5,329.45001220703125,328.1000061035156,328.5,0,NOVO-B.CO,Novo Nordisk,Nasdaq Copenhagen,DKK,20260706_112032
2026-07-06 09:01:00+02:00,328.04998779296875,328.6499938964844,327.8999938964844,328.45001220703125,22062,NOVO-B.CO,Novo Nordisk,Nasdaq Copenhagen,DKK,20260706_112032
2026-07-06 09:02:00+02:00,328.1499938964844,328.20001220703125,327.3500061035156,328.20001220703125,18223,NOVO-B.CO,Novo Nordisk,Nasdaq Copenhagen,DKK,20260706_112032
2026-07-06 09:03:00+02:00,328.0,328.45001220703125,327.8500061035156,327.8999938964844,8628,NOVO-B.CO,Novo Nordisk,Nasdaq Copenhagen,DKK,20260706_112032
2026-07-06 09:04:00+02:00,328.1499938964844,328.25,327.8500061035156,328.1499938964844,959,NOVO-B.CO,Novo Nordisk,Nasdaq Copenhagen,DKK,20260706_112032
2026-07-06 09:05:00+02:00,328.79998779296875,328.79998779296875,328.0,328.0,2628,NOVO-B.CO,Novo Nordisk,Nasdaq Copenhagen,DKK,20260706_112032
2026-07-06 09:06:00+02:00,328.70001220703125,329.0,328.70001220703125,328.79998779296875,5497,NOVO-B.CO,Novo Nordisk,Nasdaq Copenhagen,DKK,20260706_112032
2026-07-06 09:07:00+02:00,328.8999938964844,329.04998779296875,328.79998779296875,328.79998779296875,10506,NOVO-B.CO,Novo Nordisk,Nasdaq Copenhagen,DKK,20260706_112032
2026-07-06 09:08:00+02:00,329.3500061035156,329.3999938964844,328.8999938964844,328.8999938964844,3833,NOVO-B.CO,Novo Nordisk,Nasdaq Copenhagen,DKK,20260706_112032
2026-07-06 09:09:00+02:00,329.1499938964844,329.5,329.1499938964844,329.29998779296875,2070,NOVO-B.CO,Novo Nordisk,Nasdaq Copenhagen,DKK,20260706_112032
2026-07-06 09:10:00+02:00,329.1000061035156,329.3999938964844,328.8999938964844,329.20001220703125,18496,NOVO-B.CO,Novo Nordisk,Nasdaq Copenhagen,DKK,20260706_112032
2026-07-06 09:11:00+02:00,330.20001220703125,330.20001220703125,329.20001220703125,329.20001220703125,51975,NOVO-B.CO,Novo Nordisk,Nasdaq Copenhagen,DKK,20260706_112032
2026-07-06 09:12:00+02:00,330.1499938964844,330.20001220703125,330.0,330.1000061035156,6879,NOVO-B.CO,Novo Nordisk,Nasdaq Copenhagen,DKK,20260706_112032
2026-07-06 09:13:00+02:00,330.29998779296875,330.29998779296875,330.04998779296875,330.20001220703125,4929,NOVO-B.CO,Novo Nordisk,Nasdaq Copenhagen,DKK,20260706_112032
2026-07-06 09:14:00+02:00,330.0,330.5,330.0,330.25,5972,NOVO-B.CO,Novo Nordisk,Nasdaq Copenhagen,DKK,20260706_112032
2026-07-06 09:15:00+02:00,330.1499938964844,330.25,330.1499938964844,330.1499938964844,2404,NOVO-B.CO,Novo Nordisk,Nasdaq Copenhagen,DKK,20260706_112032
2026-07-06 09:16:00+02:00,330.1499938964844,330.5,330.0,330.20001220703125,8183,NOVO-B.CO,Novo Nordisk,Nasdaq Copenhagen,DKK,20260706_112032
2026-07-06 09:17:00+02:00,330.1000061035156,330.29998779296875,330.1000061035156,330.1499938964844,2902,NOVO-B.CO,Novo Nordisk,Nasdaq Copenhagen,DKK,20260706_112032
2026-07-06 09:18:00+02:00,329.8500061035156,330.1000061035156,329.6000061035156,330.1000061035156,4884,NOVO-B.CO,Novo Nordisk,Nasdaq Copenhagen,DKK,20260706_112032
2026-07-06 09:19:00+02:00,329.70001220703125,329.79998779296875,329.6000061035156,329.79998779296875,5279,NOVO-B.CO,Novo Nordisk,Nasdaq Copenhagen,DKK,20260706_112032
2026-07-06 09:20:00+02:00,329.6000061035156,329.75,329.25,329.70001220703125,6233,NOVO-B.CO,Novo Nordisk,Nasdaq Copenhagen,DKK,20260706_112032
2026-07-06 09:21:00+02:00,329.6000061035156,329.6499938964844,329.5,329.5,4407,NOVO-B.CO,Novo Nordisk,Nasdaq Copenhagen,DKK,20260706_112032
2026-07-06 09:22:00+02:00,329.70001220703125,329.79998779296875,329.5,329.6499938964844,2680,NOVO-B.CO,Novo Nordisk,Nasdaq Copenhagen,DKK,20260706_112032
2026-07-06 09:23:00+02:00,329.8500061035156,329.8500061035156,329.6499938964844,329.75,4157,NOVO-B.CO,Novo Nordisk,Nasdaq Copenhagen,DKK,20260706_112032
2026-07-06 09:24:00+02:00,329.8500061035156,330.0,329.8500061035156,329.8999938964844,3258,NOVO-B.CO,Novo Nordisk,Nasdaq Copenhagen,DKK,20260706_112032
2026-07-06 09:25:00+02:00,329.1000061035156,329.8500061035156,329.1000061035156,329.8500061035156,7120,NOVO-B.CO,Novo Nordisk,Nasdaq Copenhagen,DKK,20260706_112032
2026-07-06 09:26:00+02:00,328.70001220703125,329.1499938964844,328.70001220703125,329.04998779296875,3968,NOVO-B.CO,Novo Nordisk,Nasdaq Copenhagen,DKK,20260706_112032
2026-07-06 09:27:00+02:00,328.6499938964844,328.70001220703125,328.5,328.70001220703125,1406,NOVO-B.CO,Novo Nordisk,Nasdaq Copenhagen,DKK,20260706_112032
2026-07-06 09:28:00+02:00,328.8999938964844,329.0,328.5,328.54998779296875,9594,NOVO-B.CO,Novo Nordisk,Nasdaq Copenhagen,DKK,20260706_112032
2026-07-06 09:29:00+02:00,328.75,329.0,328.75,329.0,2352,NOVO-B.CO,Novo Nordisk,Nasdaq Copenhagen,DKK,20260706_112032
2026-07-06 09:30:00+02:00,328.6499938964844,328.79998779296875,328.5,328.75,2279,NOVO-B.CO,Novo Nordisk,Nasdaq Copenhagen,DKK,20260706_112032
2026-07-06 09:31:00+02:00,328.29998779296875,328.6499938964844,328.29998779296875,328.6499938964844,3143,NOVO-B.CO,Novo Nordisk,Nasdaq Copenhagen,DKK,20260706_112032
2026-07-06 09:32:00+02:00,328.25,328.3999938964844,328.20001220703125,328.29998779296875,1898,NOVO-B.CO,Novo Nordisk,Nasdaq Copenhagen,DKK,20260706_112032
2026-07-06 09:33:00+02:00,328.6000061035156,328.6000061035156,327.95001220703125,328.25,10182,NOVO-B.CO,Novo Nordisk,Nasdaq Copenhagen,DKK,20260706_112032
2026-07-06 09:34:00+02:00,328.75,329.0,328.6499938964844,328.6499938964844,2611,NOVO-B.CO,Novo Nordisk,Nasdaq Copenhagen,DKK,20260706_112032
2026-07-06 09:35:00+02:00,328.79998779296875,328.95001220703125,328.6499938964844,328.79998779296875,1590,NOVO-B.CO,Novo Nordisk,Nasdaq Copenhagen,DKK,20260706_112032
2026-07-06 09:36:00+02:00,328.6499938964844,328.8999938964844,328.5,328.79998779296875,5161,NOVO-B.CO,Novo Nordisk,Nasdaq Copenhagen,DKK,20260706_112032
2026-07-06 09:37:00+02:00,328.5,328.54998779296875,328.5,328.54998779296875,32,NOVO-B.CO,Novo Nordisk,Nasdaq Copenhagen,DKK,20260706_112032
2026-07-06 09:38:00+02:00,328.8500061035156,328.8500061035156,328.54998779296875,328.54998779296875,2311,NOVO-B.CO,Novo Nordisk,Nasdaq Copenhagen,DKK,20260706_112032
2026-07-06 09:39:00+02:00,328.70001220703125,328.8500061035156,328.70001220703125,328.75,263,NOVO-B.CO,Novo Nordisk,Nasdaq Copenhagen,DKK,20260706_112032
2026-07-06 09:40:00+02:00,328.79998779296875,328.79998779296875,328.70001220703125,328.79998779296875,324,NOVO-B.CO,Novo Nordisk,Nasdaq Copenhagen,DKK,20260706_112032
2026-07-06 09:41:00+02:00,328.79998779296875,328.8999938964844,328.70001220703125,328.8500061035156,1386,NOVO-B.CO,Novo Nordisk,Nasdaq Copenhagen,DKK,20260706_112032
2026-07-06 09:42:00+02:00,328.8500061035156,328.8999938964844,328.6499938964844,328.75,5002,NOVO-B.CO,Novo Nordisk,Nasdaq Copenhagen,DKK,20260706_112032
2026-07-06 09:43:00+02:00,329.0,329.0,328.70001220703125,328.8500061035156,3561,NOVO-B.CO,Novo Nordisk,Nasdaq Copenhagen,DKK,20260706_112032
2026-07-06 09:44:00+02:00,328.79998779296875,329.1000061035156,328.79998779296875,329.04998779296875,6641,NOVO-B.CO,Novo Nordisk,Nasdaq Copenhagen,DKK,20260706_112032
2026-07-06 09:45:00+02:00,328.5,328.8500061035156,328.5,328.8500061035156,2154,NOVO-B.CO,Novo Nordisk,Nasdaq Copenhagen,DKK,20260706_112032
2026-07-06 09:46:00+02:00,328.5249938964844,328.6000061035156,328.3999938964844,328.3999938964844,804,NOVO-B.CO,Novo Nordisk,Nasdaq Copenhagen,DKK,20260706_112032
2026-07-06 09:47:00+02:00,328.6499938964844,328.6499938964844,328.45001220703125,328.45001220703125,2449,NOVO-B.CO,Novo Nordisk,Nasdaq Copenhagen,DKK,20260706_112032
2026-07-06 09:48:00+02:00,328.70001220703125,328.70001220703125,328.54998779296875,328.70001220703125,315,NOVO-B.CO,Novo Nordisk,Nasdaq Copenhagen,DKK,20260706_112032
2026-07-06 09:49:00+02:00,328.70001220703125,328.70001220703125,328.5,328.54998779296875,810,NOVO-B.CO,Novo Nordisk,Nasdaq Copenhagen,DKK,20260706_112032
2026-07-06 09:50:00+02:00,328.3500061035156,328.70001220703125,328.3500061035156,328.70001220703125,4379,NOVO-B.CO,Novo Nordisk,Nasdaq Copenhagen,DKK,20260706_112032
2026-07-06 09:51:00+02:00,328.3500061035156,328.45001220703125,328.3500061035156,328.3500061035156,956,NOVO-B.CO,Novo Nordisk,Nasdaq Copenhagen,DKK,20260706_112032
2026-07-06 09:52:00+02:00,328.3999938964844,328.45001220703125,328.25,328.3500061035156,3449,NOVO-B.CO,Novo Nordisk,Nasdaq Copenhagen,DKK,20260706_112032
2026-07-06 09:53:00+02:00,328.25,328.45001220703125,328.20001220703125,328.3999938964844,4793,NOVO-B.CO,Novo Nordisk,Nasdaq Copenhagen,DKK,20260706_112032
2026-07-06 09:54:00+02:00,328.1000061035156,328.20001220703125,328.1000061035156,328.20001220703125,731,NOVO-B.CO,Novo Nordisk,Nasdaq Copenhagen,DKK,20260706_112032
2026-07-06 09:55:00+02:00,328.20001220703125,328.20001220703125,328.1000061035156,328.20001220703125,417,NOVO-B.CO,Novo Nordisk,Nasdaq Copenhagen,DKK,20260706_112032
2026-07-06 09:56:00+02:00,328.29998779296875,328.29998779296875,328.1000061035156,328.20001220703125,1451,NOVO-B.CO,Novo Nordisk,Nasdaq Copenhagen,DKK,20260706_112032
2026-07-06 09:57:00+02:00,328.3500061035156,328.3500061035156,328.20001220703125,328.29998779296875,3614,NOVO-B.CO,Novo Nordisk,Nasdaq Copenhagen,DKK,20260706_112032
2026-07-06 09:58:00+02:00,328.25,328.3500061035156,328.20001220703125,328.3500061035156,1388,NOVO-B.CO,Novo Nordisk,Nasdaq Copenhagen,DKK,20260706_112032
2026-07-06 09:59:00+02:00,328.25,328.3500061035156,328.1499938964844,328.25,700,NOVO-B.CO,Novo Nordisk,Nasdaq Copenhagen,DKK,20260706_112032
2026-07-06 10:00:00+02:00,328.3500061035156,328.6499938964844,328.29998779296875,328.29998779296875,3542,NOVO-B.CO,Novo Nordisk,Nasdaq Copenhagen,DKK,20260706_112032
2026-07-06 10:01:00+02:00,328.70001220703125,328.70001220703125,328.25,328.25,1233,NOVO-B.CO,Novo Nordisk,Nasdaq Copenhagen,DKK,20260706_112032
2026-07-06 10:02:00+02:00,328.6499938964844,328.70001220703125,328.20001220703125,328.54998779296875,2608,NOVO-B.CO,Novo Nordisk,Nasdaq Copenhagen,DKK,20260706_112032
2026-07-06 10:03:00+02:00,328.5,328.6000061035156,328.5,328.6000061035156,475,NOVO-B.CO,Novo Nordisk,Nasdaq Copenhagen,DKK,20260706_112032
2026-07-06 10:04:00+02:00,328.45001220703125,328.54998779296875,328.3500061035156,328.54998779296875,1010,NOVO-B.CO,Novo Nordisk,Nasdaq Copenhagen,DKK,20260706_112032
2026-07-06 10:05:00+02:00,328.54998779296875,328.6000061035156,328.3999938964844,328.5,1871,NOVO-B.CO,Novo Nordisk,Nasdaq Copenhagen,DKK,20260706_112032
2026-07-06 10:06:00+02:00,328.20001220703125,328.6000061035156,328.20001220703125,328.6000061035156,4629,NOVO-B.CO,Novo Nordisk,Nasdaq Copenhagen,DKK,20260706_112032
2026-07-06 10:07:00+02:00,328.25,328.3500061035156,328.1499938964844,328.1499938964844,956,NOVO-B.CO,Novo Nordisk,Nasdaq Copenhagen,DKK,20260706_112032
2026-07-06 10:08:00+02:00,328.29998779296875,328.3500061035156,328.20001220703125,328.3500061035156,184,NOVO-B.CO,Novo Nordisk,Nasdaq Copenhagen,DKK,20260706_112032
2026-07-06 10:09:00+02:00,327.6000061035156,328.25,327.3999938964844,328.20001220703125,17200,NOVO-B.CO,Novo Nordisk,Nasdaq Copenhagen,DKK,20260706_112032
2026-07-06 10:10:00+02:00,327.45001220703125,327.6499938964844,327.3500061035156,327.6000061035156,5074,NOVO-B.CO,Novo Nordisk,Nasdaq Copenhagen,DKK,20260706_112032
2026-07-06 10:11:00+02:00,326.8500061035156,327.54998779296875,326.79998779296875,327.3999938964844,33741,NOVO-B.CO,Novo Nordisk,Nasdaq Copenhagen,DKK,20260706_112032
2026-07-06 10:12:00+02:00,326.79998779296875,326.8999938964844,326.6000061035156,326.8500061035156,3154,NOVO-B.CO,Novo Nordisk,Nasdaq Copenhagen,DKK,20260706_112032
2026-07-06 10:13:00+02:00,326.8500061035156,326.95001220703125,326.8500061035156,326.95001220703125,365,NOVO-B.CO,Novo Nordisk,Nasdaq Copenhagen,DKK,20260706_112032
2026-07-06 10:14:00+02:00,327.1499938964844,327.1499938964844,326.79998779296875,326.79998779296875,12190,NOVO-B.CO,Novo Nordisk,Nasdaq Copenhagen,DKK,20260706_112032
2026-07-06 10:15:00+02:00,327.25,327.25,327.1000061035156,327.20001220703125,1208,NOVO-B.CO,Novo Nordisk,Nasdaq Copenhagen,DKK,20260706_112032
2026-07-06 10:16:00+02:00,327.20001220703125,327.3500061035156,327.1499938964844,327.29998779296875,947,NOVO-B.CO,Novo Nordisk,Nasdaq Copenhagen,DKK,20260706_112032
2026-07-06 10:17:00+02:00,327.5,327.5,327.29998779296875,327.29998779296875,581,NOVO-B.CO,Novo Nordisk,Nasdaq Copenhagen,DKK,20260706_112032
2026-07-06 10:18:00+02:00,327.8500061035156,327.8500061035156,327.6000061035156,327.6000061035156,937,NOVO-B.CO,Novo Nordisk,Nasdaq Copenhagen,DKK,20260706_112032
2026-07-06 10:19:00+02:00,327.95001220703125,327.95001220703125,327.79998779296875,327.79998779296875,39,NOVO-B.CO,Novo Nordisk,Nasdaq Copenhagen,DKK,20260706_112032
2026-07-06 10:20:00+02:00,327.8500061035156,328.0,327.79998779296875,327.8999938964844,1181,NOVO-B.CO,Novo Nordisk,Nasdaq Copenhagen,DKK,20260706_112032
2026-07-06 10:21:00+02:00,328.20001220703125,328.20001220703125,327.8500061035156,327.8999938964844,1935,NOVO-B.CO,Novo Nordisk,Nasdaq Copenhagen,DKK,20260706_112032
2026-07-06 10:22:00+02:00,328.20001220703125,328.25,328.20001220703125,328.20001220703125,1301,NOVO-B.CO,Novo Nordisk,Nasdaq Copenhagen,DKK,20260706_112032
2026-07-06 10:23:00+02:00,328.04998779296875,328.25,328.04998779296875,328.25,2210,NOVO-B.CO,Novo Nordisk,Nasdaq Copenhagen,DKK,20260706_112032
2026-07-06 10:24:00+02:00,328.25,328.25,328.04998779296875,328.1000061035156,882,NOVO-B.CO,Novo Nordisk,Nasdaq Copenhagen,DKK,20260706_112032
2026-07-06 10:25:00+02:00,328.29998779296875,328.29998779296875,328.20001220703125,328.29998779296875,481,NOVO-B.CO,Novo Nordisk,Nasdaq Copenhagen,DKK,20260706_112032
2026-07-06 10:26:00+02:00,328.1499938964844,328.25,328.1499938964844,328.20001220703125,2092,NOVO-B.CO,Novo Nordisk,Nasdaq Copenhagen,DKK,20260706_112032
2026-07-06 10:27:00+02:00,328.1499938964844,328.29998779296875,328.1499938964844,328.29998779296875,949,NOVO-B.CO,Novo Nordisk,Nasdaq Copenhagen,DKK,20260706_112032
2026-07-06 10:28:00+02:00,328.25,328.29998779296875,328.1499938964844,328.1499938964844,4113,NOVO-B.CO,Novo Nordisk,Nasdaq Copenhagen,DKK,20260706_112032
2026-07-06 10:29:00+02:00,328.29998779296875,328.29998779296875,328.1000061035156,328.29998779296875,264,NOVO-B.CO,Novo Nordisk,Nasdaq Copenhagen,DKK,20260706_112032
2026-07-06 10:30:00+02:00,328.20001220703125,328.20001220703125,328.20001220703125,328.20001220703125,149,NOVO-B.CO,Novo Nordisk,Nasdaq Copenhagen,DKK,20260706_112032
2026-07-06 10:31:00+02:00,327.95001220703125,328.29998779296875,327.95001220703125,328.20001220703125,4143,NOVO-B.CO,Novo Nordisk,Nasdaq Copenhagen,DKK,20260706_112032
2026-07-06 10:32:00+02:00,327.70001220703125,327.8500061035156,327.70001220703125,327.8500061035156,993,NOVO-B.CO,Novo Nordisk,Nasdaq Copenhagen,DKK,20260706_112032
2026-07-06 10:33:00+02:00,327.6000061035156,327.70001220703125,327.6000061035156,327.6499938964844,188,NOVO-B.CO,Novo Nordisk,Nasdaq Copenhagen,DKK,20260706_112032
2026-07-06 10:34:00+02:00,327.70001220703125,327.70001220703125,327.6000061035156,327.6499938964844,479,NOVO-B.CO,Novo Nordisk,Nasdaq Copenhagen,DKK,20260706_112032
2026-07-06 10:35:00+02:00,327.6499938964844,327.70001220703125,327.6499938964844,327.70001220703125,1049,NOVO-B.CO,Novo Nordisk,Nasdaq Copenhagen,DKK,20260706_112032
2026-07-06 10:36:00+02:00,327.6000061035156,327.6000061035156,327.45001220703125,327.54998779296875,5712,NOVO-B.CO,Novo Nordisk,Nasdaq Copenhagen,DKK,20260706_112032
2026-07-06 10:37:00+02:00,327.3999938964844,327.45001220703125,327.29998779296875,327.45001220703125,2150,NOVO-B.CO,Novo Nordisk,Nasdaq Copenhagen,DKK,20260706_112032
2026-07-06 10:38:00+02:00,327.70001220703125,327.79998779296875,327.3999938964844,327.3999938964844,13470,NOVO-B.CO,Novo Nordisk,Nasdaq Copenhagen,DKK,20260706_112032
2026-07-06 10:39:00+02:00,327.54998779296875,327.79998779296875,327.54998779296875,327.70001220703125,2705,NOVO-B.CO,Novo Nordisk,Nasdaq Copenhagen,DKK,20260706_112032
2026-07-06 10:40:00+02:00,327.29998779296875,327.6499938964844,327.29998779296875,327.6499938964844,4122,NOVO-B.CO,Novo Nordisk,Nasdaq Copenhagen,DKK,20260706_112032
2026-07-06 10:41:00+02:00,326.95001220703125,327.29998779296875,326.95001220703125,327.29998779296875,7704,NOVO-B.CO,Novo Nordisk,Nasdaq Copenhagen,DKK,20260706_112032
2026-07-06 10:42:00+02:00,326.8500061035156,326.95001220703125,326.8500061035156,326.95001220703125,917,NOVO-B.CO,Novo Nordisk,Nasdaq Copenhagen,DKK,20260706_112032
2026-07-06 10:43:00+02:00,326.75,327.0,326.75,326.95001220703125,2262,NOVO-B.CO,Novo Nordisk,Nasdaq Copenhagen,DKK,20260706_112032
2026-07-06 10:44:00+02:00,326.8500061035156,327.0,326.8500061035156,326.8999938964844,1802,NOVO-B.CO,Novo Nordisk,Nasdaq Copenhagen,DKK,20260706_112032
2026-07-06 10:45:00+02:00,326.79998779296875,326.95001220703125,326.75,326.95001220703125,1004,NOVO-B.CO,Novo Nordisk,Nasdaq Copenhagen,DKK,20260706_112032
2026-07-06 10:46:00+02:00,327.04998779296875,327.04998779296875,326.8500061035156,326.8999938964844,2263,NOVO-B.CO,Novo Nordisk,Nasdaq Copenhagen,DKK,20260706_112032
2026-07-06 10:47:00+02:00,326.8999938964844,327.04998779296875,326.8999938964844,327.04998779296875,227,NOVO-B.CO,Novo Nordisk,Nasdaq Copenhagen,DKK,20260706_112032
2026-07-06 10:48:00+02:00,326.8500061035156,326.8999938964844,326.79998779296875,326.79998779296875,823,NOVO-B.CO,Novo Nordisk,Nasdaq Copenhagen,DKK,20260706_112032
2026-07-06 10:49:00+02:00,326.79998779296875,326.8999938964844,326.75,326.8999938964844,3131,NOVO-B.CO,Novo Nordisk,Nasdaq Copenhagen,DKK,20260706_112032
2026-07-06 10:50:00+02:00,326.8500061035156,326.8500061035156,326.75,326.79998779296875,1061,NOVO-B.CO,Novo Nordisk,Nasdaq Copenhagen,DKK,20260706_112032
2026-07-06 10:51:00+02:00,326.79998779296875,326.79998779296875,326.70001220703125,326.79998779296875,917,NOVO-B.CO,Novo Nordisk,Nasdaq Copenhagen,DKK,20260706_112032
2026-07-06 10:52:00+02:00,326.70001220703125,326.79998779296875,326.6499938964844,326.79998779296875,2127,NOVO-B.CO,Novo Nordisk,Nasdaq Copenhagen,DKK,20260706_112032
2026-07-06 10:53:00+02:00,326.8500061035156,327.0,326.75,326.75,3578,NOVO-B.CO,Novo Nordisk,Nasdaq Copenhagen,DKK,20260706_112032
2026-07-06 10:54:00+02:00,326.8999938964844,326.95001220703125,326.8500061035156,326.8999938964844,532,NOVO-B.CO,Novo Nordisk,Nasdaq Copenhagen,DKK,20260706_112032
2026-07-06 10:55:00+02:00,326.79998779296875,326.8999938964844,326.79998779296875,326.79998779296875,1005,NOVO-B.CO,Novo Nordisk,Nasdaq Copenhagen,DKK,20260706_112032
2026-07-06 10:56:00+02:00,326.6499938964844,326.79998779296875,326.6499938964844,326.75,842,NOVO-B.CO,Novo Nordisk,Nasdaq Copenhagen,DKK,20260706_112032
2026-07-06 10:57:00+02:00,326.70001220703125,326.79998779296875,326.70001220703125,326.75,1486,NOVO-B.CO,Novo Nordisk,Nasdaq Copenhagen,DKK,20260706_112032
2026-07-06 10:58:00+02:00,326.95001220703125,326.95001220703125,326.6499938964844,326.6499938964844,3145,NOVO-B.CO,Novo Nordisk,Nasdaq Copenhagen,DKK,20260706_112032
2026-07-06 10:59:00+02:00,326.70001220703125,326.8500061035156,326.6000061035156,326.79998779296875,5536,NOVO-B.CO,Novo Nordisk,Nasdaq Copenhagen,DKK,20260706_112032
2026-07-06 11:00:00+02:00,326.70001220703125,326.8999938964844,326.70001220703125,326.70001220703125,587,NOVO-B.CO,Novo Nordisk,Nasdaq Copenhagen,DKK,20260706_112032
2026-07-06 11:01:00+02:00,326.5,326.75,326.45001220703125,326.70001220703125,2313,NOVO-B.CO,Novo Nordisk,Nasdaq Copenhagen,DKK,20260706_112032
2026-07-06 11:02:00+02:00,326.54998779296875,326.54998779296875,326.29998779296875,326.3999938964844,5120,NOVO-B.CO,Novo Nordisk,Nasdaq Copenhagen,DKK,20260706_112032
2026-07-06 11:03:00+02:00,326.5,326.5,326.3500061035156,326.45001220703125,1880,NOVO-B.CO,Novo Nordisk,Nasdaq Copenhagen,DKK,20260706_112032
2026-07-06 11:04:00+02:00,326.25,326.5,326.25,326.5,768,NOVO-B.CO,Novo Nordisk,Nasdaq Copenhagen,DKK,20260706_112032
2026-07-06 11:05:00+02:00,326.04998779296875,326.29998779296875,326.04998779296875,326.29998779296875,4313,NOVO-B.CO,Novo Nordisk,Nasdaq Copenhagen,DKK,20260706_112032
2026-07-06 11:06:00+02:00,326.1000061035156,326.1499938964844,326.0,326.04998779296875,2008,NOVO-B.CO,Novo Nordisk,Nasdaq Copenhagen,DKK,20260706_112032
2026-07-06 11:07:00+02:00,326.1000061035156,326.1000061035156,325.79998779296875,326.04998779296875,26430,NOVO-B.CO,Novo Nordisk,Nasdaq Copenhagen,DKK,20260706_112032
2026-07-06 11:08:00+02:00,326.0,326.1499938964844,326.0,326.1499938964844,833,NOVO-B.CO,Novo Nordisk,Nasdaq Copenhagen,DKK,20260706_112032
2026-07-06 11:09:00+02:00,326.04998779296875,326.04998779296875,325.95001220703125,326.04998779296875,510,NOVO-B.CO,Novo Nordisk,Nasdaq Copenhagen,DKK,20260706_112032
2026-07-06 11:10:00+02:00,326.25,326.25,326.1000061035156,326.1000061035156,441,NOVO-B.CO,Novo Nordisk,Nasdaq Copenhagen,DKK,20260706_112032
2026-07-06 11:11:00+02:00,326.29998779296875,326.29998779296875,326.20001220703125,326.20001220703125,320,NOVO-B.CO,Novo Nordisk,Nasdaq Copenhagen,DKK,20260706_112032
2026-07-06 11:12:00+02:00,326.29998779296875,326.29998779296875,326.29998779296875,326.29998779296875,396,NOVO-B.CO,Novo Nordisk,Nasdaq Copenhagen,DKK,20260706_112032
2026-07-06 11:13:00+02:00,326.25,326.29998779296875,326.25,326.29998779296875,273,NOVO-B.CO,Novo Nordisk,Nasdaq Copenhagen,DKK,20260706_112032
2026-07-06 11:14:00+02:00,326.20001220703125,326.25,326.20001220703125,326.25,407,NOVO-B.CO,Novo Nordisk,Nasdaq Copenhagen,DKK,20260706_112032
2026-07-06 11:15:00+02:00,326.25,326.45001220703125,326.25,326.29998779296875,1400,NOVO-B.CO,Novo Nordisk,Nasdaq Copenhagen,DKK,20260706_112032
2026-07-06 11:16:00+02:00,326.3500061035156,326.3500061035156,326.25,326.25,83,NOVO-B.CO,Novo Nordisk,Nasdaq Copenhagen,DKK,20260706_112032
2026-07-06 11:17:00+02:00,326.3999938964844,326.3999938964844,326.25,326.3500061035156,346,NOVO-B.CO,Novo Nordisk,Nasdaq Copenhagen,DKK,20260706_112032
2026-07-06 11:18:00+02:00,326.29998779296875,326.3999938964844,326.29998779296875,326.3999938964844,826,NOVO-B.CO,Novo Nordisk,Nasdaq Copenhagen,DKK,20260706_112032
2026-07-06 11:19:00+02:00,326.29998779296875,326.3999938964844,326.25,326.25,298,NOVO-B.CO,Novo Nordisk,Nasdaq Copenhagen,DKK,20260706_112032
2026-07-06 11:20:00+02:00,326.25,326.29998779296875,326.25,326.29998779296875,341,NOVO-B.CO,Novo Nordisk,Nasdaq Copenhagen,DKK,20260706_112032
2026-07-06 11:21:00+02:00,326.3500061035156,326.3999938964844,326.29998779296875,326.29998779296875,302,NOVO-B.CO,Novo Nordisk,Nasdaq Copenhagen,DKK,20260706_112032
2026-07-06 11:23:00+02:00,326.29998779296875,326.54998779296875,326.29998779296875,326.3500061035156,2386,NOVO-B.CO,Novo Nordisk,Nasdaq Copenhagen,DKK,20260706_112032
2026-07-06 11:24:00+02:00,326.1499938964844,326.29998779296875,326.04998779296875,326.29998779296875,880,NOVO-B.CO,Novo Nordisk,Nasdaq Copenhagen,DKK,20260706_112032
2026-07-06 11:25:00+02:00,326.20001220703125,326.20001220703125,326.04998779296875,326.1499938964844,1010,NOVO-B.CO,Novo Nordisk,Nasdaq Copenhagen,DKK,20260706_112032
2026-07-06 11:26:00+02:00,326.25,326.25,326.1000061035156,326.1000061035156,475,NOVO-B.CO,Novo Nordisk,Nasdaq Copenhagen,DKK,20260706_112032
2026-07-06 11:27:00+02:00,326.54998779296875,326.54998779296875,326.25,326.25,337,NOVO-B.CO,Novo Nordisk,Nasdaq Copenhagen,DKK,20260706_112032
2026-07-06 11:28:00+02:00,326.3500061035156,326.5,326.1000061035156,326.5,8971,NOVO-B.CO,Novo Nordisk,Nasdaq Copenhagen,DKK,20260706_112032
2026-07-06 11:29:00+02:00,326.6000061035156,326.6000061035156,326.29998779296875,326.29998779296875,1271,NOVO-B.CO,Novo Nordisk,Nasdaq Copenhagen,DKK,20260706_112032
2026-07-06 11:30:00+02:00,326.5,326.5,326.3999938964844,326.45001220703125,1207,NOVO-B.CO,Novo Nordisk,Nasdaq Copenhagen,DKK,20260706_112032
2026-07-06 11:31:00+02:00,326.45001220703125,326.54998779296875,326.45001220703125,326.54998779296875,317,NOVO-B.CO,Novo Nordisk,Nasdaq Copenhagen,DKK,20260706_112032
2026-07-06 11:32:00+02:00,326.45001220703125,326.45001220703125,326.45001220703125,326.45001220703125,7,NOVO-B.CO,Novo Nordisk,Nasdaq Copenhagen,DKK,20260706_112032
2026-07-06 11:33:00+02:00,326.25,326.3999938964844,326.25,326.3999938964844,441,NOVO-B.CO,Novo Nordisk,Nasdaq Copenhagen,DKK,20260706_112032
2026-07-06 11:34:00+02:00,326.3999938964844,326.3999938964844,326.20001220703125,326.25,196,NOVO-B.CO,Novo Nordisk,Nasdaq Copenhagen,DKK,20260706_112032
2026-07-06 11:35:00+02:00,326.3999938964844,326.45001220703125,326.3999938964844,326.45001220703125,447,NOVO-B.CO,Novo Nordisk,Nasdaq Copenhagen,DKK,20260706_112032
2026-07-06 11:36:00+02:00,326.5,326.5,326.45001220703125,326.45001220703125,311,NOVO-B.CO,Novo Nordisk,Nasdaq Copenhagen,DKK,20260706_112032
2026-07-06 11:37:00+02:00,326.3500061035156,326.5,326.3500061035156,326.5,844,NOVO-B.CO,Novo Nordisk,Nasdaq Copenhagen,DKK,20260706_112032
2026-07-06 11:38:00+02:00,326.04998779296875,326.3500061035156,326.0,326.3500061035156,4079,NOVO-B.CO,Novo Nordisk,Nasdaq Copenhagen,DKK,20260706_112032
2026-07-06 11:39:00+02:00,325.8500061035156,326.04998779296875,325.8500061035156,326.0,3289,NOVO-B.CO,Novo Nordisk,Nasdaq Copenhagen,DKK,20260706_112032
2026-07-06 11:40:00+02:00,325.95001220703125,326.04998779296875,325.8999938964844,325.95001220703125,1924,NOVO-B.CO,Novo Nordisk,Nasdaq Copenhagen,DKK,20260706_112032
2026-07-06 11:41:00+02:00,325.8999938964844,325.95001220703125,325.8999938964844,325.95001220703125,451,NOVO-B.CO,Novo Nordisk,Nasdaq Copenhagen,DKK,20260706_112032
2026-07-06 11:42:00+02:00,325.95001220703125,326.04998779296875,325.95001220703125,325.95001220703125,1539,NOVO-B.CO,Novo Nordisk,Nasdaq Copenhagen,DKK,20260706_112032
2026-07-06 11:43:00+02:00,326.1000061035156,326.1000061035156,325.8999938964844,325.8999938964844,6459,NOVO-B.CO,Novo Nordisk,Nasdaq Copenhagen,DKK,20260706_112032
2026-07-06 11:44:00+02:00,326.1000061035156,326.1499938964844,326.04998779296875,326.04998779296875,644,NOVO-B.CO,Novo Nordisk,Nasdaq Copenhagen,DKK,20260706_112032
2026-07-06 11:45:00+02:00,325.79998779296875,326.04998779296875,325.75,326.0,5103,NOVO-B.CO,Novo Nordisk,Nasdaq Copenhagen,DKK,20260706_112032
2026-07-06 11:46:00+02:00,326.1000061035156,326.1000061035156,325.75,325.79998779296875,1782,NOVO-B.CO,Novo Nordisk,Nasdaq Copenhagen,DKK,20260706_112032
2026-07-06 11:47:00+02:00,326.0,326.0,326.0,326.0,23,NOVO-B.CO,Novo Nordisk,Nasdaq Copenhagen,DKK,20260706_112032
2026-07-06 11:48:00+02:00,326.0,326.1000061035156,326.0,326.04998779296875,392,NOVO-B.CO,Novo Nordisk,Nasdaq Copenhagen,DKK,20260706_112032
2026-07-06 11:49:00+02:00,326.1499938964844,326.1499938964844,326.0,326.0,575,NOVO-B.CO,Novo Nordisk,Nasdaq Copenhagen,DKK,20260706_112032
2026-07-06 11:50:00+02:00,326.20001220703125,326.29998779296875,326.1499938964844,326.1499938964844,468,NOVO-B.CO,Novo Nordisk,Nasdaq Copenhagen,DKK,20260706_112032
2026-07-06 11:51:00+02:00,326.1499938964844,326.3500061035156,326.1499938964844,326.20001220703125,1902,NOVO-B.CO,Novo Nordisk,Nasdaq Copenhagen,DKK,20260706_112032
2026-07-06 11:52:00+02:00,326.1499938964844,326.1499938964844,326.04998779296875,326.1000061035156,399,NOVO-B.CO,Novo Nordisk,Nasdaq Copenhagen,DKK,20260706_112032
2026-07-06 11:53:00+02:00,326.1499938964844,326.25,326.04998779296875,326.04998779296875,1703,NOVO-B.CO,Novo Nordisk,Nasdaq Copenhagen,DKK,20260706_112032
2026-07-06 11:54:00+02:00,326.04998779296875,326.20001220703125,326.04998779296875,326.20001220703125,357,NOVO-B.CO,Novo Nordisk,Nasdaq Copenhagen,DKK,20260706_112032
2026-07-06 11:55:00+02:00,326.04998779296875,326.1499938964844,326.04998779296875,326.1000061035156,566,NOVO-B.CO,Novo Nordisk,Nasdaq Copenhagen,DKK,20260706_112032
2026-07-06 11:56:00+02:00,326.1000061035156,326.1000061035156,326.0,326.0,201,NOVO-B.CO,Novo Nordisk,Nasdaq Copenhagen,DKK,20260706_112032
2026-07-06 11:57:00+02:00,325.6000061035156,326.04998779296875,325.54998779296875,326.04998779296875,13545,NOVO-B.CO,Novo Nordisk,Nasdaq Copenhagen,DKK,20260706_112032
2026-07-06 11:58:00+02:00,325.54998779296875,325.6000061035156,325.54998779296875,325.6000061035156,497,NOVO-B.CO,Novo Nordisk,Nasdaq Copenhagen,DKK,20260706_112032
2026-07-06 11:59:00+02:00,325.5,325.6000061035156,325.5,325.5,502,NOVO-B.CO,Novo Nordisk,Nasdaq Copenhagen,DKK,20260706_112032
2026-07-06 12:00:00+02:00,325.45001220703125,325.6000061035156,325.45001220703125,325.6000061035156,2684,NOVO-B.CO,Novo Nordisk,Nasdaq Copenhagen,DKK,20260706_112032
2026-07-06 12:01:00+02:00,325.54998779296875,325.54998779296875,325.3999938964844,325.3999938964844,1213,NOVO-B.CO,Novo Nordisk,Nasdaq Copenhagen,DKK,20260706_112032
2026-07-06 12:02:00+02:00,325.6499938964844,325.70001220703125,325.6000061035156,325.6499938964844,1502,NOVO-B.CO,Novo Nordisk,Nasdaq Copenhagen,DKK,20260706_112032
2026-07-06 12:03:00+02:00,325.54998779296875,325.6499938964844,325.54998779296875,325.6499938964844,374,NOVO-B.CO,Novo Nordisk,Nasdaq Copenhagen,DKK,20260706_112032
2026-07-06 12:04:00+02:00,325.75,325.79998779296875,325.6499938964844,325.6499938964844,848,NOVO-B.CO,Novo Nordisk,Nasdaq Copenhagen,DKK,20260706_112032
2026-07-06 12:05:00+02:00,325.75,325.79998779296875,325.6499938964844,325.75,527,NOVO-B.CO,Novo Nordisk,Nasdaq Copenhagen,DKK,20260706_112032
2026-07-06 12:06:00+02:00,325.6499938964844,325.6499938964844,325.6499938964844,325.6499938964844,12,NOVO-B.CO,Novo Nordisk,Nasdaq Copenhagen,DKK,20260706_112032
2026-07-06 12:07:00+02:00,325.6499938964844,325.79998779296875,325.6499938964844,325.79998779296875,2530,NOVO-B.CO,Novo Nordisk,Nasdaq Copenhagen,DKK,20260706_112032
2026-07-06 12:08:00+02:00,325.54998779296875,325.75,325.54998779296875,325.70001220703125,904,NOVO-B.CO,Novo Nordisk,Nasdaq Copenhagen,DKK,20260706_112032
2026-07-06 12:09:00+02:00,325.54998779296875,325.54998779296875,325.54998779296875,325.54998779296875,459,NOVO-B.CO,Novo Nordisk,Nasdaq Copenhagen,DKK,20260706_112032
2026-07-06 12:10:00+02:00,325.45001220703125,325.5,325.45001220703125,325.5,471,NOVO-B.CO,Novo Nordisk,Nasdaq Copenhagen,DKK,20260706_112032
2026-07-06 12:11:00+02:00,325.6000061035156,325.70001220703125,325.5,325.5,766,NOVO-B.CO,Novo Nordisk,Nasdaq Copenhagen,DKK,20260706_112032
2026-07-06 12:12:00+02:00,325.45001220703125,325.6000061035156,325.45001220703125,325.6000061035156,573,NOVO-B.CO,Novo Nordisk,Nasdaq Copenhagen,DKK,20260706_112032
2026-07-06 12:13:00+02:00,325.29998779296875,325.45001220703125,325.29998779296875,325.45001220703125,913,NOVO-B.CO,Novo Nordisk,Nasdaq Copenhagen,DKK,20260706_112032
2026-07-06 12:14:00+02:00,325.45001220703125,325.45001220703125,325.29998779296875,325.29998779296875,898,NOVO-B.CO,Novo Nordisk,Nasdaq Copenhagen,DKK,20260706_112032
2026-07-06 12:15:00+02:00,325.25,325.29998779296875,325.25,325.29998779296875,179,NOVO-B.CO,Novo Nordisk,Nasdaq Copenhagen,DKK,20260706_112032
2026-07-06 12:16:00+02:00,325.25,325.45001220703125,325.25,325.29998779296875,3018,NOVO-B.CO,Novo Nordisk,Nasdaq Copenhagen,DKK,20260706_112032
2026-07-06 12:17:00+02:00,325.29998779296875,325.3500061035156,325.20001220703125,325.3500061035156,739,NOVO-B.CO,Novo Nordisk,Nasdaq Copenhagen,DKK,20260706_112032
2026-07-06 12:18:00+02:00,325.3500061035156,325.3500061035156,325.29998779296875,325.3500061035156,6829,NOVO-B.CO,Novo Nordisk,Nasdaq Copenhagen,DKK,20260706_112032
2026-07-06 12:19:00+02:00,325.3999938964844,325.3999938964844,325.25,325.25,2764,NOVO-B.CO,Novo Nordisk,Nasdaq Copenhagen,DKK,20260706_112032
2026-07-06 12:20:00+02:00,325.3500061035156,325.3999938964844,325.25,325.3999938964844,2070,NOVO-B.CO,Novo Nordisk,Nasdaq Copenhagen,DKK,20260706_112032
2026-07-06 12:21:00+02:00,324.8999938964844,325.20001220703125,324.8999938964844,325.20001220703125,11289,NOVO-B.CO,Novo Nordisk,Nasdaq Copenhagen,DKK,20260706_112032
2026-07-06 12:22:00+02:00,324.8500061035156,324.8999938964844,324.79998779296875,324.8500061035156,1753,NOVO-B.CO,Novo Nordisk,Nasdaq Copenhagen,DKK,20260706_112032
2026-07-06 12:23:00+02:00,324.8999938964844,324.95001220703125,324.8500061035156,324.8500061035156,161,NOVO-B.CO,Novo Nordisk,Nasdaq Copenhagen,DKK,20260706_112032
2026-07-06 12:24:00+02:00,324.8500061035156,325.0,324.79998779296875,324.8500061035156,3555,NOVO-B.CO,Novo Nordisk,Nasdaq Copenhagen,DKK,20260706_112032
2026-07-06 12:25:00+02:00,324.95001220703125,325.0,324.79998779296875,324.95001220703125,560,NOVO-B.CO,Novo Nordisk,Nasdaq Copenhagen,DKK,20260706_112032
2026-07-06 12:26:00+02:00,324.79998779296875,324.95001220703125,324.79998779296875,324.8500061035156,1427,NOVO-B.CO,Novo Nordisk,Nasdaq Copenhagen,DKK,20260706_112032
2026-07-06 12:27:00+02:00,324.70001220703125,324.79998779296875,324.6499938964844,324.79998779296875,1296,NOVO-B.CO,Novo Nordisk,Nasdaq Copenhagen,DKK,20260706_112032
2026-07-06 12:28:00+02:00,324.5,324.75,324.5,324.75,3518,NOVO-B.CO,Novo Nordisk,Nasdaq Copenhagen,DKK,20260706_112032
2026-07-06 12:29:00+02:00,324.70001220703125,324.70001220703125,324.45001220703125,324.54998779296875,7113,NOVO-B.CO,Novo Nordisk,Nasdaq Copenhagen,DKK,20260706_112032
2026-07-06 12:30:00+02:00,324.75,324.79998779296875,324.70001220703125,324.75,1897,NOVO-B.CO,Novo Nordisk,Nasdaq Copenhagen,DKK,20260706_112032
2026-07-06 12:31:00+02:00,324.6000061035156,324.79998779296875,324.6000061035156,324.79998779296875,910,NOVO-B.CO,Novo Nordisk,Nasdaq Copenhagen,DKK,20260706_112032
2026-07-06 12:32:00+02:00,324.6000061035156,324.6000061035156,324.6000061035156,324.6000061035156,195,NOVO-B.CO,Novo Nordisk,Nasdaq Copenhagen,DKK,20260706_112032
2026-07-06 12:33:00+02:00,324.29998779296875,324.6000061035156,324.0,324.54998779296875,9809,NOVO-B.CO,Novo Nordisk,Nasdaq Copenhagen,DKK,20260706_112032
2026-07-06 12:34:00+02:00,324.3500061035156,324.3500061035156,324.3500061035156,324.3500061035156,110,NOVO-B.CO,Novo Nordisk,Nasdaq Copenhagen,DKK,20260706_112032
2026-07-06 12:35:00+02:00,324.54998779296875,324.54998779296875,324.1499938964844,324.29998779296875,3105,NOVO-B.CO,Novo Nordisk,Nasdaq Copenhagen,DKK,20260706_112032
2026-07-06 12:36:00+02:00,324.5,324.6000061035156,324.3999938964844,324.45001220703125,1236,NOVO-B.CO,Novo Nordisk,Nasdaq Copenhagen,DKK,20260706_112032
2026-07-06 12:37:00+02:00,324.54998779296875,324.6000061035156,324.3999938964844,324.5,835,NOVO-B.CO,Novo Nordisk,Nasdaq Copenhagen,DKK,20260706_112032
2026-07-06 12:38:00+02:00,324.54998779296875,324.6000061035156,324.45001220703125,324.6000061035156,1082,NOVO-B.CO,Novo Nordisk,Nasdaq Copenhagen,DKK,20260706_112032
2026-07-06 12:39:00+02:00,324.54998779296875,324.54998779296875,324.54998779296875,324.54998779296875,502,NOVO-B.CO,Novo Nordisk,Nasdaq Copenhagen,DKK,20260706_112032
2026-07-06 12:40:00+02:00,324.54998779296875,324.54998779296875,324.54998779296875,324.54998779296875,410,NOVO-B.CO,Novo Nordisk,Nasdaq Copenhagen,DKK,20260706_112032
2026-07-06 12:41:00+02:00,324.5,324.5,324.45001220703125,324.45001220703125,1013,NOVO-B.CO,Novo Nordisk,Nasdaq Copenhagen,DKK,20260706_112032
2026-07-06 12:42:00+02:00,324.6000061035156,324.6499938964844,324.5,324.5,536,NOVO-B.CO,Novo Nordisk,Nasdaq Copenhagen,DKK,20260706_112032
2026-07-06 12:43:00+02:00,324.6000061035156,324.6499938964844,324.5,324.6499938964844,1032,NOVO-B.CO,Novo Nordisk,Nasdaq Copenhagen,DKK,20260706_112032
2026-07-06 12:44:00+02:00,324.54998779296875,324.54998779296875,324.54998779296875,324.54998779296875,130,NOVO-B.CO,Novo Nordisk,Nasdaq Copenhagen,DKK,20260706_112032
2026-07-06 12:45:00+02:00,324.3500061035156,324.70001220703125,324.3500061035156,324.6000061035156,2915,NOVO-B.CO,Novo Nordisk,Nasdaq Copenhagen,DKK,20260706_112032
2026-07-06 12:46:00+02:00,324.1499938964844,324.25,324.1499938964844,324.20001220703125,2485,NOVO-B.CO,Novo Nordisk,Nasdaq Copenhagen,DKK,20260706_112032
2026-07-06 12:47:00+02:00,324.25,324.29998779296875,324.1499938964844,324.1499938964844,1423,NOVO-B.CO,Novo Nordisk,Nasdaq Copenhagen,DKK,20260706_112032
2026-07-06 12:48:00+02:00,324.20001220703125,324.29998779296875,324.20001220703125,324.25,173,NOVO-B.CO,Novo Nordisk,Nasdaq Copenhagen,DKK,20260706_112032
2026-07-06 12:49:00+02:00,324.20001220703125,324.29998779296875,324.20001220703125,324.29998779296875,41,NOVO-B.CO,Novo Nordisk,Nasdaq Copenhagen,DKK,20260706_112032
2026-07-06 12:50:00+02:00,324.20001220703125,324.29998779296875,324.20001220703125,324.29998779296875,122,NOVO-B.CO,Novo Nordisk,Nasdaq Copenhagen,DKK,20260706_112032
2026-07-06 12:51:00+02:00,324.25,324.25,324.20001220703125,324.20001220703125,263,NOVO-B.CO,Novo Nordisk,Nasdaq Copenhagen,DKK,20260706_112032
2026-07-06 12:52:00+02:00,324.25,324.29998779296875,324.25,324.29998779296875,591,NOVO-B.CO,Novo Nordisk,Nasdaq Copenhagen,DKK,20260706_112032
2026-07-06 12:53:00+02:00,324.29998779296875,324.29998779296875,324.1499938964844,324.20001220703125,1113,NOVO-B.CO,Novo Nordisk,Nasdaq Copenhagen,DKK,20260706_112032
2026-07-06 12:54:00+02:00,324.20001220703125,324.20001220703125,324.1000061035156,324.20001220703125,846,NOVO-B.CO,Novo Nordisk,Nasdaq Copenhagen,DKK,20260706_112032
2026-07-06 12:55:00+02:00,324.3500061035156,324.3500061035156,324.20001220703125,324.20001220703125,2781,NOVO-B.CO,Novo Nordisk,Nasdaq Copenhagen,DKK,20260706_112032
2026-07-06 12:56:00+02:00,324.25,324.45001220703125,324.20001220703125,324.45001220703125,791,NOVO-B.CO,Novo Nordisk,Nasdaq Copenhagen,DKK,20260706_112032
2026-07-06 12:57:00+02:00,324.0,324.20001220703125,324.0,324.20001220703125,2768,NOVO-B.CO,Novo Nordisk,Nasdaq Copenhagen,DKK,20260706_112032
2026-07-06 12:58:00+02:00,323.8999938964844,323.95001220703125,323.8999938964844,323.95001220703125,955,NOVO-B.CO,Novo Nordisk,Nasdaq Copenhagen,DKK,20260706_112032
2026-07-06 12:59:00+02:00,324.0,324.0,323.95001220703125,323.95001220703125,406,NOVO-B.CO,Novo Nordisk,Nasdaq Copenhagen,DKK,20260706_112032
2026-07-06 13:00:00+02:00,324.0,324.04998779296875,324.0,324.0,540,NOVO-B.CO,Novo Nordisk,Nasdaq Copenhagen,DKK,20260706_112032
2026-07-06 13:01:00+02:00,323.8999938964844,324.0,323.8999938964844,324.0,2406,NOVO-B.CO,Novo Nordisk,Nasdaq Copenhagen,DKK,20260706_112032
2026-07-06 13:02:00+02:00,323.8500061035156,323.95001220703125,323.6499938964844,323.875,3421,NOVO-B.CO,Novo Nordisk,Nasdaq Copenhagen,DKK,20260706_112032
2026-07-06 13:03:00+02:00,323.8500061035156,323.8500061035156,323.79998779296875,323.79998779296875,33,NOVO-B.CO,Novo Nordisk,Nasdaq Copenhagen,DKK,20260706_112032
2026-07-06 13:04:00+02:00,323.95001220703125,323.95001220703125,323.79998779296875,323.79998779296875,296,NOVO-B.CO,Novo Nordisk,Nasdaq Copenhagen,DKK,20260706_112032
2026-07-06 13:05:00+02:00,323.8999938964844,323.8999938964844,323.8500061035156,323.8999938964844,773,NOVO-B.CO,Novo Nordisk,Nasdaq Copenhagen,DKK,20260706_112032
2026-07-06 13:06:00+02:00,324.0,324.04998779296875,323.95001220703125,323.95001220703125,1060,NOVO-B.CO,Novo Nordisk,Nasdaq Copenhagen,DKK,20260706_112032
2026-07-06 13:07:00+02:00,324.04998779296875,324.1499938964844,324.0,324.0,2684,NOVO-B.CO,Novo Nordisk,Nasdaq Copenhagen,DKK,20260706_112032
2026-07-06 13:08:00+02:00,324.1499938964844,324.1499938964844,324.04998779296875,324.04998779296875,111,NOVO-B.CO,Novo Nordisk,Nasdaq Copenhagen,DKK,20260706_112032
2026-07-06 13:09:00+02:00,324.1499938964844,324.25,324.1000061035156,324.25,2725,NOVO-B.CO,Novo Nordisk,Nasdaq Copenhagen,DKK,20260706_112032
2026-07-06 13:10:00+02:00,324.1499938964844,324.20001220703125,324.1499938964844,324.1499938964844,1950,NOVO-B.CO,Novo Nordisk,Nasdaq Copenhagen,DKK,20260706_112032
2026-07-06 13:11:00+02:00,324.1000061035156,324.20001220703125,324.1000061035156,324.1499938964844,2119,NOVO-B.CO,Novo Nordisk,Nasdaq Copenhagen,DKK,20260706_112032
2026-07-06 13:12:00+02:00,324.04998779296875,324.20001220703125,323.95001220703125,324.20001220703125,3154,NOVO-B.CO,Novo Nordisk,Nasdaq Copenhagen,DKK,20260706_112032
2026-07-06 13:13:00+02:00,324.1499938964844,324.1499938964844,324.1000061035156,324.1000061035156,301,NOVO-B.CO,Novo Nordisk,Nasdaq Copenhagen,DKK,20260706_112032
2026-07-06 13:14:00+02:00,324.1000061035156,324.1000061035156,324.1000061035156,324.1000061035156,24,NOVO-B.CO,Novo Nordisk,Nasdaq Copenhagen,DKK,20260706_112032
2026-07-06 13:15:00+02:00,324.1499938964844,324.1499938964844,324.1499938964844,324.1499938964844,205,NOVO-B.CO,Novo Nordisk,Nasdaq Copenhagen,DKK,20260706_112032
2026-07-06 13:16:00+02:00,324.20001220703125,324.20001220703125,324.1499938964844,324.1499938964844,473,NOVO-B.CO,Novo Nordisk,Nasdaq Copenhagen,DKK,20260706_112032
2026-07-06 13:17:00+02:00,324.1499938964844,324.20001220703125,324.1000061035156,324.20001220703125,752,NOVO-B.CO,Novo Nordisk,Nasdaq Copenhagen,DKK,20260706_112032
2026-07-06 13:18:00+02:00,324.0,324.1000061035156,324.0,324.1000061035156,1280,NOVO-B.CO,Novo Nordisk,Nasdaq Copenhagen,DKK,20260706_112032
2026-07-06 13:19:00+02:00,323.8999938964844,324.0,323.8999938964844,324.0,1518,NOVO-B.CO,Novo Nordisk,Nasdaq Copenhagen,DKK,20260706_112032
2026-07-06 13:20:00+02:00,323.8999938964844,323.8999938964844,323.8999938964844,323.8999938964844,0,NOVO-B.CO,Novo Nordisk,Nasdaq Copenhagen,DKK,20260706_112032
2026-07-06 09:00:00+02:00,328.5,329.45001220703125,328.1000061035156,328.5,0,NOVO-B.CO,Novo Nordisk,Nasdaq Copenhagen,DKK,20260706_144053
2026-07-06 09:01:00+02:00,328.04998779296875,328.6499938964844,327.8999938964844,328.45001220703125,22062,NOVO-B.CO,Novo Nordisk,Nasdaq Copenhagen,DKK,20260706_144053
2026-07-06 09:02:00+02:00,328.1499938964844,328.20001220703125,327.3500061035156,328.20001220703125,18223,NOVO-B.CO,Novo Nordisk,Nasdaq Copenhagen,DKK,20260706_144053
2026-07-06 09:03:00+02:00,328.0,328.45001220703125,327.8500061035156,327.8999938964844,8628,NOVO-B.CO,Novo Nordisk,Nasdaq Copenhagen,DKK,20260706_144053
2026-07-06 09:04:00+02:00,328.1499938964844,328.25,327.8500061035156,328.1499938964844,959,NOVO-B.CO,Novo Nordisk,Nasdaq Copenhagen,DKK,20260706_144053
2026-07-06 09:05:00+02:00,328.79998779296875,328.79998779296875,328.0,328.0,2628,NOVO-B.CO,Novo Nordisk,Nasdaq Copenhagen,DKK,20260706_144053
2026-07-06 09:06:00+02:00,328.70001220703125,329.0,328.70001220703125,328.79998779296875,5497,NOVO-B.CO,Novo Nordisk,Nasdaq Copenhagen,DKK,20260706_144053
2026-07-06 09:07:00+02:00,328.8999938964844,329.04998779296875,328.79998779296875,328.79998779296875,10506,NOVO-B.CO,Novo Nordisk,Nasdaq Copenhagen,DKK,20260706_144053
2026-07-06 09:08:00+02:00,329.3500061035156,329.3999938964844,328.8999938964844,328.8999938964844,3833,NOVO-B.CO,Novo Nordisk,Nasdaq Copenhagen,DKK,20260706_144053
2026-07-06 09:09:00+02:00,329.1499938964844,329.5,329.1499938964844,329.29998779296875,2070,NOVO-B.CO,Novo Nordisk,Nasdaq Copenhagen,DKK,20260706_144053
2026-07-06 09:10:00+02:00,329.1000061035156,329.3999938964844,328.8999938964844,329.20001220703125,18496,NOVO-B.CO,Novo Nordisk,Nasdaq Copenhagen,DKK,20260706_144053
2026-07-06 09:11:00+02:00,330.20001220703125,330.20001220703125,329.20001220703125,329.20001220703125,51975,NOVO-B.CO,Novo Nordisk,Nasdaq Copenhagen,DKK,20260706_144053
2026-07-06 09:12:00+02:00,330.1499938964844,330.20001220703125,330.0,330.1000061035156,6879,NOVO-B.CO,Novo Nordisk,Nasdaq Copenhagen,DKK,20260706_144053
2026-07-06 09:13:00+02:00,330.29998779296875,330.29998779296875,330.04998779296875,330.20001220703125,4929,NOVO-B.CO,Novo Nordisk,Nasdaq Copenhagen,DKK,20260706_144053
2026-07-06 09:14:00+02:00,330.0,330.5,330.0,330.25,5972,NOVO-B.CO,Novo Nordisk,Nasdaq Copenhagen,DKK,20260706_144053
2026-07-06 09:15:00+02:00,330.1499938964844,330.25,330.1499938964844,330.1499938964844,2404,NOVO-B.CO,Novo Nordisk,Nasdaq Copenhagen,DKK,20260706_144053
2026-07-06 09:16:00+02:00,330.1499938964844,330.5,330.0,330.20001220703125,8183,NOVO-B.CO,Novo Nordisk,Nasdaq Copenhagen,DKK,20260706_144053
2026-07-06 09:17:00+02:00,330.1000061035156,330.29998779296875,330.1000061035156,330.1499938964844,2902,NOVO-B.CO,Novo Nordisk,Nasdaq Copenhagen,DKK,20260706_144053
2026-07-06 09:18:00+02:00,329.8500061035156,330.1000061035156,329.6000061035156,330.1000061035156,4884,NOVO-B.CO,Novo Nordisk,Nasdaq Copenhagen,DKK,20260706_144053
2026-07-06 09:19:00+02:00,329.70001220703125,329.79998779296875,329.6000061035156,329.79998779296875,5279,NOVO-B.CO,Novo Nordisk,Nasdaq Copenhagen,DKK,20260706_144053
2026-07-06 09:20:00+02:00,329.6000061035156,329.75,329.25,329.70001220703125,6233,NOVO-B.CO,Novo Nordisk,Nasdaq Copenhagen,DKK,20260706_144053
2026-07-06 09:21:00+02:00,329.6000061035156,329.6499938964844,329.5,329.5,4407,NOVO-B.CO,Novo Nordisk,Nasdaq Copenhagen,DKK,20260706_144053
2026-07-06 09:22:00+02:00,329.70001220703125,329.79998779296875,329.5,329.6499938964844,2680,NOVO-B.CO,Novo Nordisk,Nasdaq Copenhagen,DKK,20260706_144053
2026-07-06 09:23:00+02:00,329.8500061035156,329.8500061035156,329.6499938964844,329.75,4157,NOVO-B.CO,Novo Nordisk,Nasdaq Copenhagen,DKK,20260706_144053
2026-07-06 09:24:00+02:00,329.8500061035156,330.0,329.8500061035156,329.8999938964844,3258,NOVO-B.CO,Novo Nordisk,Nasdaq Copenhagen,DKK,20260706_144053
2026-07-06 09:25:00+02:00,329.1000061035156,329.8500061035156,329.1000061035156,329.8500061035156,7120,NOVO-B.CO,Novo Nordisk,Nasdaq Copenhagen,DKK,20260706_144053
2026-07-06 09:26:00+02:00,328.70001220703125,329.1499938964844,328.70001220703125,329.04998779296875,3968,NOVO-B.CO,Novo Nordisk,Nasdaq Copenhagen,DKK,20260706_144053
2026-07-06 09:27:00+02:00,328.6499938964844,328.70001220703125,328.5,328.70001220703125,1406,NOVO-B.CO,Novo Nordisk,Nasdaq Copenhagen,DKK,20260706_144053
2026-07-06 09:28:00+02:00,328.8999938964844,329.0,328.5,328.54998779296875,9594,NOVO-B.CO,Novo Nordisk,Nasdaq Copenhagen,DKK,20260706_144053
2026-07-06 09:29:00+02:00,328.75,329.0,328.75,329.0,2352,NOVO-B.CO,Novo Nordisk,Nasdaq Copenhagen,DKK,20260706_144053
2026-07-06 09:30:00+02:00,328.6499938964844,328.79998779296875,328.5,328.75,2279,NOVO-B.CO,Novo Nordisk,Nasdaq Copenhagen,DKK,20260706_144053
2026-07-06 09:31:00+02:00,328.29998779296875,328.6499938964844,328.29998779296875,328.6499938964844,3143,NOVO-B.CO,Novo Nordisk,Nasdaq Copenhagen,DKK,20260706_144053
2026-07-06 09:32:00+02:00,328.25,328.3999938964844,328.20001220703125,328.29998779296875,1898,NOVO-B.CO,Novo Nordisk,Nasdaq Copenhagen,DKK,20260706_144053
2026-07-06 09:33:00+02:00,328.6000061035156,328.6000061035156,327.95001220703125,328.25,10182,NOVO-B.CO,Novo Nordisk,Nasdaq Copenhagen,DKK,20260706_144053
2026-07-06 09:34:00+02:00,328.75,329.0,328.6499938964844,328.6499938964844,2611,NOVO-B.CO,Novo Nordisk,Nasdaq Copenhagen,DKK,20260706_144053
2026-07-06 09:35:00+02:00,328.79998779296875,328.95001220703125,328.6499938964844,328.79998779296875,1590,NOVO-B.CO,Novo Nordisk,Nasdaq Copenhagen,DKK,20260706_144053
2026-07-06 09:36:00+02:00,328.6499938964844,328.8999938964844,328.5,328.79998779296875,5161,NOVO-B.CO,Novo Nordisk,Nasdaq Copenhagen,DKK,20260706_144053
2026-07-06 09:37:00+02:00,328.5,328.54998779296875,328.5,328.54998779296875,32,NOVO-B.CO,Novo Nordisk,Nasdaq Copenhagen,DKK,20260706_144053
2026-07-06 09:38:00+02:00,328.8500061035156,328.8500061035156,328.54998779296875,328.54998779296875,2311,NOVO-B.CO,Novo Nordisk,Nasdaq Copenhagen,DKK,20260706_144053
2026-07-06 09:39:00+02:00,328.70001220703125,328.8500061035156,328.70001220703125,328.75,263,NOVO-B.CO,Novo Nordisk,Nasdaq Copenhagen,DKK,20260706_144053
2026-07-06 09:40:00+02:00,328.79998779296875,328.79998779296875,328.70001220703125,328.79998779296875,324,NOVO-B.CO,Novo Nordisk,Nasdaq Copenhagen,DKK,20260706_144053
2026-07-06 09:41:00+02:00,328.79998779296875,328.8999938964844,328.70001220703125,328.8500061035156,1386,NOVO-B.CO,Novo Nordisk,Nasdaq Copenhagen,DKK,20260706_144053
2026-07-06 09:42:00+02:00,328.8500061035156,328.8999938964844,328.6499938964844,328.75,5002,NOVO-B.CO,Novo Nordisk,Nasdaq Copenhagen,DKK,20260706_144053
2026-07-06 09:43:00+02:00,329.0,329.0,328.70001220703125,328.8500061035156,3561,NOVO-B.CO,Novo Nordisk,Nasdaq Copenhagen,DKK,20260706_144053
2026-07-06 09:44:00+02:00,328.79998779296875,329.1000061035156,328.79998779296875,329.04998779296875,6641,NOVO-B.CO,Novo Nordisk,Nasdaq Copenhagen,DKK,20260706_144053
2026-07-06 09:45:00+02:00,328.5,328.8500061035156,328.5,328.8500061035156,2154,NOVO-B.CO,Novo Nordisk,Nasdaq Copenhagen,DKK,20260706_144053
2026-07-06 09:46:00+02:00,328.5249938964844,328.6000061035156,328.3999938964844,328.3999938964844,804,NOVO-B.CO,Novo Nordisk,Nasdaq Copenhagen,DKK,20260706_144053
2026-07-06 09:47:00+02:00,328.6499938964844,328.6499938964844,328.45001220703125,328.45001220703125,2449,NOVO-B.CO,Novo Nordisk,Nasdaq Copenhagen,DKK,20260706_144053
2026-07-06 09:48:00+02:00,328.70001220703125,328.70001220703125,328.54998779296875,328.70001220703125,315,NOVO-B.CO,Novo Nordisk,Nasdaq Copenhagen,DKK,20260706_144053
2026-07-06 09:49:00+02:00,328.70001220703125,328.70001220703125,328.5,328.54998779296875,810,NOVO-B.CO,Novo Nordisk,Nasdaq Copenhagen,DKK,20260706_144053
2026-07-06 09:50:00+02:00,328.3500061035156,328.70001220703125,328.3500061035156,328.70001220703125,4379,NOVO-B.CO,Novo Nordisk,Nasdaq Copenhagen,DKK,20260706_144053
2026-07-06 09:51:00+02:00,328.3500061035156,328.45001220703125,328.3500061035156,328.3500061035156,956,NOVO-B.CO,Novo Nordisk,Nasdaq Copenhagen,DKK,20260706_144053
2026-07-06 09:52:00+02:00,328.3999938964844,328.45001220703125,328.25,328.3500061035156,3449,NOVO-B.CO,Novo Nordisk,Nasdaq Copenhagen,DKK,20260706_144053
2026-07-06 09:53:00+02:00,328.25,328.45001220703125,328.20001220703125,328.3999938964844,4793,NOVO-B.CO,Novo Nordisk,Nasdaq Copenhagen,DKK,20260706_144053
2026-07-06 09:54:00+02:00,328.1000061035156,328.20001220703125,328.1000061035156,328.20001220703125,731,NOVO-B.CO,Novo Nordisk,Nasdaq Copenhagen,DKK,20260706_144053
2026-07-06 09:55:00+02:00,328.20001220703125,328.20001220703125,328.1000061035156,328.20001220703125,417,NOVO-B.CO,Novo Nordisk,Nasdaq Copenhagen,DKK,20260706_144053
2026-07-06 09:56:00+02:00,328.29998779296875,328.29998779296875,328.1000061035156,328.20001220703125,1451,NOVO-B.CO,Novo Nordisk,Nasdaq Copenhagen,DKK,20260706_144053
2026-07-06 09:57:00+02:00,328.3500061035156,328.3500061035156,328.20001220703125,328.29998779296875,3614,NOVO-B.CO,Novo Nordisk,Nasdaq Copenhagen,DKK,20260706_144053
2026-07-06 09:58:00+02:00,328.25,328.3500061035156,328.20001220703125,328.3500061035156,1388,NOVO-B.CO,Novo Nordisk,Nasdaq Copenhagen,DKK,20260706_144053
2026-07-06 09:59:00+02:00,328.25,328.3500061035156,328.1499938964844,328.25,700,NOVO-B.CO,Novo Nordisk,Nasdaq Copenhagen,DKK,20260706_144053
2026-07-06 10:00:00+02:00,328.3500061035156,328.6499938964844,328.29998779296875,328.29998779296875,3542,NOVO-B.CO,Novo Nordisk,Nasdaq Copenhagen,DKK,20260706_144053
2026-07-06 10:01:00+02:00,328.70001220703125,328.70001220703125,328.25,328.25,1233,NOVO-B.CO,Novo Nordisk,Nasdaq Copenhagen,DKK,20260706_144053
2026-07-06 10:02:00+02:00,328.6499938964844,328.70001220703125,328.20001220703125,328.54998779296875,2608,NOVO-B.CO,Novo Nordisk,Nasdaq Copenhagen,DKK,20260706_144053
2026-07-06 10:03:00+02:00,328.5,328.6000061035156,328.5,328.6000061035156,475,NOVO-B.CO,Novo Nordisk,Nasdaq Copenhagen,DKK,20260706_144053
2026-07-06 10:04:00+02:00,328.45001220703125,328.54998779296875,328.3500061035156,328.54998779296875,1010,NOVO-B.CO,Novo Nordisk,Nasdaq Copenhagen,DKK,20260706_144053
2026-07-06 10:05:00+02:00,328.54998779296875,328.6000061035156,328.3999938964844,328.5,1871,NOVO-B.CO,Novo Nordisk,Nasdaq Copenhagen,DKK,20260706_144053
2026-07-06 10:06:00+02:00,328.20001220703125,328.6000061035156,328.20001220703125,328.6000061035156,4629,NOVO-B.CO,Novo Nordisk,Nasdaq Copenhagen,DKK,20260706_144053
2026-07-06 10:07:00+02:00,328.25,328.3500061035156,328.1499938964844,328.1499938964844,956,NOVO-B.CO,Novo Nordisk,Nasdaq Copenhagen,DKK,20260706_144053
2026-07-06 10:08:00+02:00,328.29998779296875,328.3500061035156,328.20001220703125,328.3500061035156,184,NOVO-B.CO,Novo Nordisk,Nasdaq Copenhagen,DKK,20260706_144053
2026-07-06 10:09:00+02:00,327.6000061035156,328.25,327.3999938964844,328.20001220703125,17200,NOVO-B.CO,Novo Nordisk,Nasdaq Copenhagen,DKK,20260706_144053
2026-07-06 10:10:00+02:00,327.45001220703125,327.6499938964844,327.3500061035156,327.6000061035156,5074,NOVO-B.CO,Novo Nordisk,Nasdaq Copenhagen,DKK,20260706_144053
2026-07-06 10:11:00+02:00,326.8500061035156,327.54998779296875,326.79998779296875,327.3999938964844,33741,NOVO-B.CO,Novo Nordisk,Nasdaq Copenhagen,DKK,20260706_144053
2026-07-06 10:12:00+02:00,326.79998779296875,326.8999938964844,326.6000061035156,326.8500061035156,3154,NOVO-B.CO,Novo Nordisk,Nasdaq Copenhagen,DKK,20260706_144053
2026-07-06 10:13:00+02:00,326.8500061035156,326.95001220703125,326.8500061035156,326.95001220703125,365,NOVO-B.CO,Novo Nordisk,Nasdaq Copenhagen,DKK,20260706_144053
2026-07-06 10:14:00+02:00,327.1499938964844,327.1499938964844,326.79998779296875,326.79998779296875,12190,NOVO-B.CO,Novo Nordisk,Nasdaq Copenhagen,DKK,20260706_144053
2026-07-06 10:15:00+02:00,327.25,327.25,327.1000061035156,327.20001220703125,1208,NOVO-B.CO,Novo Nordisk,Nasdaq Copenhagen,DKK,20260706_144053
2026-07-06 10:16:00+02:00,327.20001220703125,327.3500061035156,327.1499938964844,327.29998779296875,947,NOVO-B.CO,Novo Nordisk,Nasdaq Copenhagen,DKK,20260706_144053
2026-07-06 10:17:00+02:00,327.5,327.5,327.29998779296875,327.29998779296875,581,NOVO-B.CO,Novo Nordisk,Nasdaq Copenhagen,DKK,20260706_144053
2026-07-06 10:18:00+02:00,327.8500061035156,327.8500061035156,327.6000061035156,327.6000061035156,937,NOVO-B.CO,Novo Nordisk,Nasdaq Copenhagen,DKK,20260706_144053
2026-07-06 10:19:00+02:00,327.95001220703125,327.95001220703125,327.79998779296875,327.79998779296875,39,NOVO-B.CO,Novo Nordisk,Nasdaq Copenhagen,DKK,20260706_144053
2026-07-06 10:20:00+02:00,327.8500061035156,328.0,327.79998779296875,327.8999938964844,1181,NOVO-B.CO,Novo Nordisk,Nasdaq Copenhagen,DKK,20260706_144053
2026-07-06 10:21:00+02:00,328.20001220703125,328.20001220703125,327.8500061035156,327.8999938964844,1935,NOVO-B.CO,Novo Nordisk,Nasdaq Copenhagen,DKK,20260706_144053
2026-07-06 10:22:00+02:00,328.20001220703125,328.25,328.20001220703125,328.20001220703125,1301,NOVO-B.CO,Novo Nordisk,Nasdaq Copenhagen,DKK,20260706_144053
2026-07-06 10:23:00+02:00,328.04998779296875,328.25,328.04998779296875,328.25,2210,NOVO-B.CO,Novo Nordisk,Nasdaq Copenhagen,DKK,20260706_144053
2026-07-06 10:24:00+02:00,328.25,328.25,328.04998779296875,328.1000061035156,882,NOVO-B.CO,Novo Nordisk,Nasdaq Copenhagen,DKK,20260706_144053
2026-07-06 10:25:00+02:00,328.29998779296875,328.29998779296875,328.20001220703125,328.29998779296875,481,NOVO-B.CO,Novo Nordisk,Nasdaq Copenhagen,DKK,20260706_144053
2026-07-06 10:26:00+02:00,328.1499938964844,328.25,328.1499938964844,328.20001220703125,2092,NOVO-B.CO,Novo Nordisk,Nasdaq Copenhagen,DKK,20260706_144053
2026-07-06 10:27:00+02:00,328.1499938964844,328.29998779296875,328.1499938964844,328.29998779296875,949,NOVO-B.CO,Novo Nordisk,Nasdaq Copenhagen,DKK,20260706_144053
2026-07-06 10:28:00+02:00,328.25,328.29998779296875,328.1499938964844,328.1499938964844,4113,NOVO-B.CO,Novo Nordisk,Nasdaq Copenhagen,DKK,20260706_144053
2026-07-06 10:29:00+02:00,328.29998779296875,328.29998779296875,328.1000061035156,328.29998779296875,264,NOVO-B.CO,Novo Nordisk,Nasdaq Copenhagen,DKK,20260706_144053
2026-07-06 10:30:00+02:00,328.20001220703125,328.20001220703125,328.20001220703125,328.20001220703125,149,NOVO-B.CO,Novo Nordisk,Nasdaq Copenhagen,DKK,20260706_144053
2026-07-06 10:31:00+02:00,327.95001220703125,328.29998779296875,327.95001220703125,328.20001220703125,4143,NOVO-B.CO,Novo Nordisk,Nasdaq Copenhagen,DKK,20260706_144053
2026-07-06 10:32:00+02:00,327.70001220703125,327.8500061035156,327.70001220703125,327.8500061035156,993,NOVO-B.CO,Novo Nordisk,Nasdaq Copenhagen,DKK,20260706_144053
2026-07-06 10:33:00+02:00,327.6000061035156,327.70001220703125,327.6000061035156,327.6499938964844,188,NOVO-B.CO,Novo Nordisk,Nasdaq Copenhagen,DKK,20260706_144053
2026-07-06 10:34:00+02:00,327.70001220703125,327.70001220703125,327.6000061035156,327.6499938964844,479,NOVO-B.CO,Novo Nordisk,Nasdaq Copenhagen,DKK,20260706_144053
2026-07-06 10:35:00+02:00,327.6499938964844,327.70001220703125,327.6499938964844,327.70001220703125,1049,NOVO-B.CO,Novo Nordisk,Nasdaq Copenhagen,DKK,20260706_144053
2026-07-06 10:36:00+02:00,327.6000061035156,327.6000061035156,327.45001220703125,327.54998779296875,5712,NOVO-B.CO,Novo Nordisk,Nasdaq Copenhagen,DKK,20260706_144053
2026-07-06 10:37:00+02:00,327.3999938964844,327.45001220703125,327.29998779296875,327.45001220703125,2150,NOVO-B.CO,Novo Nordisk,Nasdaq Copenhagen,DKK,20260706_144053
2026-07-06 10:38:00+02:00,327.70001220703125,327.79998779296875,327.3999938964844,327.3999938964844,13470,NOVO-B.CO,Novo Nordisk,Nasdaq Copenhagen,DKK,20260706_144053
2026-07-06 10:39:00+02:00,327.54998779296875,327.79998779296875,327.54998779296875,327.70001220703125,2705,NOVO-B.CO,Novo Nordisk,Nasdaq Copenhagen,DKK,20260706_144053
2026-07-06 10:40:00+02:00,327.29998779296875,327.6499938964844,327.29998779296875,327.6499938964844,4122,NOVO-B.CO,Novo Nordisk,Nasdaq Copenhagen,DKK,20260706_144053
2026-07-06 10:41:00+02:00,326.95001220703125,327.29998779296875,326.95001220703125,327.29998779296875,7704,NOVO-B.CO,Novo Nordisk,Nasdaq Copenhagen,DKK,20260706_144053
2026-07-06 10:42:00+02:00,326.8500061035156,326.95001220703125,326.8500061035156,326.95001220703125,917,NOVO-B.CO,Novo Nordisk,Nasdaq Copenhagen,DKK,20260706_144053
2026-07-06 10:43:00+02:00,326.75,327.0,326.75,326.95001220703125,2262,NOVO-B.CO,Novo Nordisk,Nasdaq Copenhagen,DKK,20260706_144053
2026-07-06 10:44:00+02:00,326.8500061035156,327.0,326.8500061035156,326.8999938964844,1802,NOVO-B.CO,Novo Nordisk,Nasdaq Copenhagen,DKK,20260706_144053
2026-07-06 10:45:00+02:00,326.79998779296875,326.95001220703125,326.75,326.95001220703125,1004,NOVO-B.CO,Novo Nordisk,Nasdaq Copenhagen,DKK,20260706_144053
2026-07-06 10:46:00+02:00,327.04998779296875,327.04998779296875,326.8500061035156,326.8999938964844,2263,NOVO-B.CO,Novo Nordisk,Nasdaq Copenhagen,DKK,20260706_144053
2026-07-06 10:47:00+02:00,326.8999938964844,327.04998779296875,326.8999938964844,327.04998779296875,227,NOVO-B.CO,Novo Nordisk,Nasdaq Copenhagen,DKK,20260706_144053
2026-07-06 10:48:00+02:00,326.8500061035156,326.8999938964844,326.79998779296875,326.79998779296875,823,NOVO-B.CO,Novo Nordisk,Nasdaq Copenhagen,DKK,20260706_144053
2026-07-06 10:49:00+02:00,326.79998779296875,326.8999938964844,326.75,326.8999938964844,3131,NOVO-B.CO,Novo Nordisk,Nasdaq Copenhagen,DKK,20260706_144053
2026-07-06 10:50:00+02:00,326.8500061035156,326.8500061035156,326.75,326.79998779296875,1061,NOVO-B.CO,Novo Nordisk,Nasdaq Copenhagen,DKK,20260706_144053
2026-07-06 10:51:00+02:00,326.79998779296875,326.79998779296875,326.70001220703125,326.79998779296875,917,NOVO-B.CO,Novo Nordisk,Nasdaq Copenhagen,DKK,20260706_144053
2026-07-06 10:52:00+02:00,326.70001220703125,326.79998779296875,326.6499938964844,326.79998779296875,2127,NOVO-B.CO,Novo Nordisk,Nasdaq Copenhagen,DKK,20260706_144053
2026-07-06 10:53:00+02:00,326.8500061035156,327.0,326.75,326.75,3578,NOVO-B.CO,Novo Nordisk,Nasdaq Copenhagen,DKK,20260706_144053
2026-07-06 10:54:00+02:00,326.8999938964844,326.95001220703125,326.8500061035156,326.8999938964844,532,NOVO-B.CO,Novo Nordisk,Nasdaq Copenhagen,DKK,20260706_144053
2026-07-06 10:55:00+02:00,326.79998779296875,326.8999938964844,326.79998779296875,326.79998779296875,1005,NOVO-B.CO,Novo Nordisk,Nasdaq Copenhagen,DKK,20260706_144053
2026-07-06 10:56:00+02:00,326.6499938964844,326.79998779296875,326.6499938964844,326.75,842,NOVO-B.CO,Novo Nordisk,Nasdaq Copenhagen,DKK,20260706_144053
2026-07-06 10:57:00+02:00,326.70001220703125,326.79998779296875,326.70001220703125,326.75,1486,NOVO-B.CO,Novo Nordisk,Nasdaq Copenhagen,DKK,20260706_144053
2026-07-06 10:58:00+02:00,326.95001220703125,326.95001220703125,326.6499938964844,326.6499938964844,3145,NOVO-B.CO,Novo Nordisk,Nasdaq Copenhagen,DKK,20260706_144053
2026-07-06 10:59:00+02:00,326.70001220703125,326.8500061035156,326.6000061035156,326.79998779296875,5536,NOVO-B.CO,Novo Nordisk,Nasdaq Copenhagen,DKK,20260706_144053
2026-07-06 11:00:00+02:00,326.70001220703125,326.8999938964844,326.70001220703125,326.70001220703125,587,NOVO-B.CO,Novo Nordisk,Nasdaq Copenhagen,DKK,20260706_144053
2026-07-06 11:01:00+02:00,326.5,326.75,326.45001220703125,326.70001220703125,2313,NOVO-B.CO,Novo Nordisk,Nasdaq Copenhagen,DKK,20260706_144053
2026-07-06 11:02:00+02:00,326.54998779296875,326.54998779296875,326.29998779296875,326.3999938964844,5120,NOVO-B.CO,Novo Nordisk,Nasdaq Copenhagen,DKK,20260706_144053
2026-07-06 11:03:00+02:00,326.5,326.5,326.3500061035156,326.45001220703125,1880,NOVO-B.CO,Novo Nordisk,Nasdaq Copenhagen,DKK,20260706_144053
2026-07-06 11:04:00+02:00,326.25,326.5,326.25,326.5,768,NOVO-B.CO,Novo Nordisk,Nasdaq Copenhagen,DKK,20260706_144053
2026-07-06 11:05:00+02:00,326.04998779296875,326.29998779296875,326.04998779296875,326.29998779296875,4313,NOVO-B.CO,Novo Nordisk,Nasdaq Copenhagen,DKK,20260706_144053
2026-07-06 11:06:00+02:00,326.1000061035156,326.1499938964844,326.0,326.04998779296875,2008,NOVO-B.CO,Novo Nordisk,Nasdaq Copenhagen,DKK,20260706_144053
2026-07-06 11:07:00+02:00,326.1000061035156,326.1000061035156,325.79998779296875,326.04998779296875,26430,NOVO-B.CO,Novo Nordisk,Nasdaq Copenhagen,DKK,20260706_144053
2026-07-06 11:08:00+02:00,326.0,326.1499938964844,326.0,326.1499938964844,833,NOVO-B.CO,Novo Nordisk,Nasdaq Copenhagen,DKK,20260706_144053
2026-07-06 11:09:00+02:00,326.04998779296875,326.04998779296875,325.95001220703125,326.04998779296875,510,NOVO-B.CO,Novo Nordisk,Nasdaq Copenhagen,DKK,20260706_144053
2026-07-06 11:10:00+02:00,326.25,326.25,326.1000061035156,326.1000061035156,441,NOVO-B.CO,Novo Nordisk,Nasdaq Copenhagen,DKK,20260706_144053
2026-07-06 11:11:00+02:00,326.29998779296875,326.29998779296875,326.20001220703125,326.20001220703125,320,NOVO-B.CO,Novo Nordisk,Nasdaq Copenhagen,DKK,20260706_144053
2026-07-06 11:12:00+02:00,326.29998779296875,326.29998779296875,326.29998779296875,326.29998779296875,396,NOVO-B.CO,Novo Nordisk,Nasdaq Copenhagen,DKK,20260706_144053
2026-07-06 11:13:00+02:00,326.25,326.29998779296875,326.25,326.29998779296875,273,NOVO-B.CO,Novo Nordisk,Nasdaq Copenhagen,DKK,20260706_144053
2026-07-06 11:14:00+02:00,326.20001220703125,326.25,326.20001220703125,326.25,407,NOVO-B.CO,Novo Nordisk,Nasdaq Copenhagen,DKK,20260706_144053
2026-07-06 11:15:00+02:00,326.25,326.45001220703125,326.25,326.29998779296875,1400,NOVO-B.CO,Novo Nordisk,Nasdaq Copenhagen,DKK,20260706_144053
2026-07-06 11:16:00+02:00,326.3500061035156,326.3500061035156,326.25,326.25,83,NOVO-B.CO,Novo Nordisk,Nasdaq Copenhagen,DKK,20260706_144053
2026-07-06 11:17:00+02:00,326.3999938964844,326.3999938964844,326.25,326.3500061035156,346,NOVO-B.CO,Novo Nordisk,Nasdaq Copenhagen,DKK,20260706_144053
2026-07-06 11:18:00+02:00,326.29998779296875,326.3999938964844,326.29998779296875,326.3999938964844,826,NOVO-B.CO,Novo Nordisk,Nasdaq Copenhagen,DKK,20260706_144053
2026-07-06 11:19:00+02:00,326.29998779296875,326.3999938964844,326.25,326.25,298,NOVO-B.CO,Novo Nordisk,Nasdaq Copenhagen,DKK,20260706_144053
2026-07-06 11:20:00+02:00,326.25,326.29998779296875,326.25,326.29998779296875,341,NOVO-B.CO,Novo Nordisk,Nasdaq Copenhagen,DKK,20260706_144053
2026-07-06 11:21:00+02:00,326.3500061035156,326.3999938964844,326.29998779296875,326.29998779296875,302,NOVO-B.CO,Novo Nordisk,Nasdaq Copenhagen,DKK,20260706_144053
2026-07-06 11:23:00+02:00,326.29998779296875,326.54998779296875,326.29998779296875,326.3500061035156,2386,NOVO-B.CO,Novo Nordisk,Nasdaq Copenhagen,DKK,20260706_144053
2026-07-06 11:24:00+02:00,326.1499938964844,326.29998779296875,326.04998779296875,326.29998779296875,880,NOVO-B.CO,Novo Nordisk,Nasdaq Copenhagen,DKK,20260706_144053
2026-07-06 11:25:00+02:00,326.20001220703125,326.20001220703125,326.04998779296875,326.1499938964844,1010,NOVO-B.CO,Novo Nordisk,Nasdaq Copenhagen,DKK,20260706_144053
2026-07-06 11:26:00+02:00,326.25,326.25,326.1000061035156,326.1000061035156,475,NOVO-B.CO,Novo Nordisk,Nasdaq Copenhagen,DKK,20260706_144053
2026-07-06 11:27:00+02:00,326.54998779296875,326.54998779296875,326.25,326.25,337,NOVO-B.CO,Novo Nordisk,Nasdaq Copenhagen,DKK,20260706_144053
2026-07-06 11:28:00+02:00,326.3500061035156,326.5,326.1000061035156,326.5,8971,NOVO-B.CO,Novo Nordisk,Nasdaq Copenhagen,DKK,20260706_144053
2026-07-06 11:29:00+02:00,326.6000061035156,326.6000061035156,326.29998779296875,326.29998779296875,1271,NOVO-B.CO,Novo Nordisk,Nasdaq Copenhagen,DKK,20260706_144053
2026-07-06 11:30:00+02:00,326.5,326.5,326.3999938964844,326.45001220703125,1207,NOVO-B.CO,Novo Nordisk,Nasdaq Copenhagen,DKK,20260706_144053
2026-07-06 11:31:00+02:00,326.45001220703125,326.54998779296875,326.45001220703125,326.54998779296875,317,NOVO-B.CO,Novo Nordisk,Nasdaq Copenhagen,DKK,20260706_144053
2026-07-06 11:32:00+02:00,326.45001220703125,326.45001220703125,326.45001220703125,326.45001220703125,7,NOVO-B.CO,Novo Nordisk,Nasdaq Copenhagen,DKK,20260706_144053
2026-07-06 11:33:00+02:00,326.25,326.3999938964844,326.25,326.3999938964844,441,NOVO-B.CO,Novo Nordisk,Nasdaq Copenhagen,DKK,20260706_144053
2026-07-06 11:34:00+02:00,326.3999938964844,326.3999938964844,326.20001220703125,326.25,196,NOVO-B.CO,Novo Nordisk,Nasdaq Copenhagen,DKK,20260706_144053
2026-07-06 11:35:00+02:00,326.3999938964844,326.45001220703125,326.3999938964844,326.45001220703125,447,NOVO-B.CO,Novo Nordisk,Nasdaq Copenhagen,DKK,20260706_144053
2026-07-06 11:36:00+02:00,326.5,326.5,326.45001220703125,326.45001220703125,311,NOVO-B.CO,Novo Nordisk,Nasdaq Copenhagen,DKK,20260706_144053
2026-07-06 11:37:00+02:00,326.3500061035156,326.5,326.3500061035156,326.5,844,NOVO-B.CO,Novo Nordisk,Nasdaq Copenhagen,DKK,20260706_144053
2026-07-06 11:38:00+02:00,326.04998779296875,326.3500061035156,326.0,326.3500061035156,4079,NOVO-B.CO,Novo Nordisk,Nasdaq Copenhagen,DKK,20260706_144053
2026-07-06 11:39:00+02:00,325.8500061035156,326.04998779296875,325.8500061035156,326.0,3289,NOVO-B.CO,Novo Nordisk,Nasdaq Copenhagen,DKK,20260706_144053
2026-07-06 11:40:00+02:00,325.95001220703125,326.04998779296875,325.8999938964844,325.95001220703125,1924,NOVO-B.CO,Novo Nordisk,Nasdaq Copenhagen,DKK,20260706_144053
2026-07-06 11:41:00+02:00,325.8999938964844,325.95001220703125,325.8999938964844,325.95001220703125,451,NOVO-B.CO,Novo Nordisk,Nasdaq Copenhagen,DKK,20260706_144053
2026-07-06 11:42:00+02:00,325.95001220703125,326.04998779296875,325.95001220703125,325.95001220703125,1539,NOVO-B.CO,Novo Nordisk,Nasdaq Copenhagen,DKK,20260706_144053
2026-07-06 11:43:00+02:00,326.1000061035156,326.1000061035156,325.8999938964844,325.8999938964844,6459,NOVO-B.CO,Novo Nordisk,Nasdaq Copenhagen,DKK,20260706_144053
2026-07-06 11:44:00+02:00,326.1000061035156,326.1499938964844,326.04998779296875,326.04998779296875,644,NOVO-B.CO,Novo Nordisk,Nasdaq Copenhagen,DKK,20260706_144053
2026-07-06 11:45:00+02:00,325.79998779296875,326.04998779296875,325.75,326.0,5103,NOVO-B.CO,Novo Nordisk,Nasdaq Copenhagen,DKK,20260706_144053
2026-07-06 11:46:00+02:00,326.1000061035156,326.1000061035156,325.75,325.79998779296875,1782,NOVO-B.CO,Novo Nordisk,Nasdaq Copenhagen,DKK,20260706_144053
2026-07-06 11:47:00+02:00,326.0,326.0,326.0,326.0,23,NOVO-B.CO,Novo Nordisk,Nasdaq Copenhagen,DKK,20260706_144053
2026-07-06 11:48:00+02:00,326.0,326.1000061035156,326.0,326.04998779296875,392,NOVO-B.CO,Novo Nordisk,Nasdaq Copenhagen,DKK,20260706_144053
2026-07-06 11:49:00+02:00,326.1499938964844,326.1499938964844,326.0,326.0,575,NOVO-B.CO,Novo Nordisk,Nasdaq Copenhagen,DKK,20260706_144053
2026-07-06 11:50:00+02:00,326.20001220703125,326.29998779296875,326.1499938964844,326.1499938964844,468,NOVO-B.CO,Novo Nordisk,Nasdaq Copenhagen,DKK,20260706_144053
2026-07-06 11:51:00+02:00,326.1499938964844,326.3500061035156,326.1499938964844,326.20001220703125,1902,NOVO-B.CO,Novo Nordisk,Nasdaq Copenhagen,DKK,20260706_144053
2026-07-06 11:52:00+02:00,326.1499938964844,326.1499938964844,326.04998779296875,326.1000061035156,399,NOVO-B.CO,Novo Nordisk,Nasdaq Copenhagen,DKK,20260706_144053
2026-07-06 11:53:00+02:00,326.1499938964844,326.25,326.04998779296875,326.04998779296875,1703,NOVO-B.CO,Novo Nordisk,Nasdaq Copenhagen,DKK,20260706_144053
2026-07-06 11:54:00+02:00,326.04998779296875,326.20001220703125,326.04998779296875,326.20001220703125,357,NOVO-B.CO,Novo Nordisk,Nasdaq Copenhagen,DKK,20260706_144053
2026-07-06 11:55:00+02:00,326.04998779296875,326.1499938964844,326.04998779296875,326.1000061035156,566,NOVO-B.CO,Novo Nordisk,Nasdaq Copenhagen,DKK,20260706_144053
2026-07-06 11:56:00+02:00,326.1000061035156,326.1000061035156,326.0,326.0,201,NOVO-B.CO,Novo Nordisk,Nasdaq Copenhagen,DKK,20260706_144053
2026-07-06 11:57:00+02:00,325.6000061035156,326.04998779296875,325.54998779296875,326.04998779296875,13545,NOVO-B.CO,Novo Nordisk,Nasdaq Copenhagen,DKK,20260706_144053
2026-07-06 11:58:00+02:00,325.54998779296875,325.6000061035156,325.54998779296875,325.6000061035156,497,NOVO-B.CO,Novo Nordisk,Nasdaq Copenhagen,DKK,20260706_144053
2026-07-06 11:59:00+02:00,325.5,325.6000061035156,325.5,325.5,502,NOVO-B.CO,Novo Nordisk,Nasdaq Copenhagen,DKK,20260706_144053
2026-07-06 12:00:00+02:00,325.45001220703125,325.6000061035156,325.45001220703125,325.6000061035156,2684,NOVO-B.CO,Novo Nordisk,Nasdaq Copenhagen,DKK,20260706_144053
2026-07-06 12:01:00+02:00,325.54998779296875,325.54998779296875,325.3999938964844,325.3999938964844,1213,NOVO-B.CO,Novo Nordisk,Nasdaq Copenhagen,DKK,20260706_144053
2026-07-06 12:02:00+02:00,325.6499938964844,325.70001220703125,325.6000061035156,325.6499938964844,1502,NOVO-B.CO,Novo Nordisk,Nasdaq Copenhagen,DKK,20260706_144053
2026-07-06 12:03:00+02:00,325.54998779296875,325.6499938964844,325.54998779296875,325.6499938964844,374,NOVO-B.CO,Novo Nordisk,Nasdaq Copenhagen,DKK,20260706_144053
2026-07-06 12:04:00+02:00,325.75,325.79998779296875,325.6499938964844,325.6499938964844,848,NOVO-B.CO,Novo Nordisk,Nasdaq Copenhagen,DKK,20260706_144053
2026-07-06 12:05:00+02:00,325.75,325.79998779296875,325.6499938964844,325.75,527,NOVO-B.CO,Novo Nordisk,Nasdaq Copenhagen,DKK,20260706_144053
2026-07-06 12:06:00+02:00,325.6499938964844,325.6499938964844,325.6499938964844,325.6499938964844,12,NOVO-B.CO,Novo Nordisk,Nasdaq Copenhagen,DKK,20260706_144053
2026-07-06 12:07:00+02:00,325.6499938964844,325.79998779296875,325.6499938964844,325.79998779296875,2530,NOVO-B.CO,Novo Nordisk,Nasdaq Copenhagen,DKK,20260706_144053
2026-07-06 12:08:00+02:00,325.54998779296875,325.75,325.54998779296875,325.70001220703125,904,NOVO-B.CO,Novo Nordisk,Nasdaq Copenhagen,DKK,20260706_144053
2026-07-06 12:09:00+02:00,325.54998779296875,325.54998779296875,325.54998779296875,325.54998779296875,459,NOVO-B.CO,Novo Nordisk,Nasdaq Copenhagen,DKK,20260706_144053
2026-07-06 12:10:00+02:00,325.45001220703125,325.5,325.45001220703125,325.5,471,NOVO-B.CO,Novo Nordisk,Nasdaq Copenhagen,DKK,20260706_144053
2026-07-06 12:11:00+02:00,325.6000061035156,325.70001220703125,325.5,325.5,766,NOVO-B.CO,Novo Nordisk,Nasdaq Copenhagen,DKK,20260706_144053
2026-07-06 12:12:00+02:00,325.45001220703125,325.6000061035156,325.45001220703125,325.6000061035156,573,NOVO-B.CO,Novo Nordisk,Nasdaq Copenhagen,DKK,20260706_144053
2026-07-06 12:13:00+02:00,325.29998779296875,325.45001220703125,325.29998779296875,325.45001220703125,913,NOVO-B.CO,Novo Nordisk,Nasdaq Copenhagen,DKK,20260706_144053
2026-07-06 12:14:00+02:00,325.45001220703125,325.45001220703125,325.29998779296875,325.29998779296875,898,NOVO-B.CO,Novo Nordisk,Nasdaq Copenhagen,DKK,20260706_144053
2026-07-06 12:15:00+02:00,325.25,325.29998779296875,325.25,325.29998779296875,179,NOVO-B.CO,Novo Nordisk,Nasdaq Copenhagen,DKK,20260706_144053
2026-07-06 12:16:00+02:00,325.25,325.45001220703125,325.25,325.29998779296875,3018,NOVO-B.CO,Novo Nordisk,Nasdaq Copenhagen,DKK,20260706_144053
2026-07-06 12:17:00+02:00,325.29998779296875,325.3500061035156,325.20001220703125,325.3500061035156,739,NOVO-B.CO,Novo Nordisk,Nasdaq Copenhagen,DKK,20260706_144053
2026-07-06 12:18:00+02:00,325.3500061035156,325.3500061035156,325.29998779296875,325.3500061035156,6829,NOVO-B.CO,Novo Nordisk,Nasdaq Copenhagen,DKK,20260706_144053
2026-07-06 12:19:00+02:00,325.3999938964844,325.3999938964844,325.25,325.25,2764,NOVO-B.CO,Novo Nordisk,Nasdaq Copenhagen,DKK,20260706_144053
2026-07-06 12:20:00+02:00,325.3500061035156,325.3999938964844,325.25,325.3999938964844,2070,NOVO-B.CO,Novo Nordisk,Nasdaq Copenhagen,DKK,20260706_144053
2026-07-06 12:21:00+02:00,324.8999938964844,325.20001220703125,324.8999938964844,325.20001220703125,11289,NOVO-B.CO,Novo Nordisk,Nasdaq Copenhagen,DKK,20260706_144053
2026-07-06 12:22:00+02:00,324.8500061035156,324.8999938964844,324.79998779296875,324.8500061035156,1753,NOVO-B.CO,Novo Nordisk,Nasdaq Copenhagen,DKK,20260706_144053
2026-07-06 12:23:00+02:00,324.8999938964844,324.95001220703125,324.8500061035156,324.8500061035156,161,NOVO-B.CO,Novo Nordisk,Nasdaq Copenhagen,DKK,20260706_144053
2026-07-06 12:24:00+02:00,324.8500061035156,325.0,324.79998779296875,324.8500061035156,3555,NOVO-B.CO,Novo Nordisk,Nasdaq Copenhagen,DKK,20260706_144053
2026-07-06 12:25:00+02:00,324.95001220703125,325.0,324.79998779296875,324.95001220703125,560,NOVO-B.CO,Novo Nordisk,Nasdaq Copenhagen,DKK,20260706_144053
2026-07-06 12:26:00+02:00,324.79998779296875,324.95001220703125,324.79998779296875,324.8500061035156,1427,NOVO-B.CO,Novo Nordisk,Nasdaq Copenhagen,DKK,20260706_144053
2026-07-06 12:27:00+02:00,324.70001220703125,324.79998779296875,324.6499938964844,324.79998779296875,1296,NOVO-B.CO,Novo Nordisk,Nasdaq Copenhagen,DKK,20260706_144053
2026-07-06 12:28:00+02:00,324.5,324.75,324.5,324.75,3518,NOVO-B.CO,Novo Nordisk,Nasdaq Copenhagen,DKK,20260706_144053
2026-07-06 12:29:00+02:00,324.70001220703125,324.70001220703125,324.45001220703125,324.54998779296875,7113,NOVO-B.CO,Novo Nordisk,Nasdaq Copenhagen,DKK,20260706_144053
2026-07-06 12:30:00+02:00,324.75,324.79998779296875,324.70001220703125,324.75,1897,NOVO-B.CO,Novo Nordisk,Nasdaq Copenhagen,DKK,20260706_144053
2026-07-06 12:31:00+02:00,324.6000061035156,324.79998779296875,324.6000061035156,324.79998779296875,910,NOVO-B.CO,Novo Nordisk,Nasdaq Copenhagen,DKK,20260706_144053
2026-07-06 12:32:00+02:00,324.6000061035156,324.6000061035156,324.6000061035156,324.6000061035156,195,NOVO-B.CO,Novo Nordisk,Nasdaq Copenhagen,DKK,20260706_144053
2026-07-06 12:33:00+02:00,324.29998779296875,324.6000061035156,324.0,324.54998779296875,9809,NOVO-B.CO,Novo Nordisk,Nasdaq Copenhagen,DKK,20260706_144053
2026-07-06 12:34:00+02:00,324.3500061035156,324.3500061035156,324.3500061035156,324.3500061035156,110,NOVO-B.CO,Novo Nordisk,Nasdaq Copenhagen,DKK,20260706_144053
2026-07-06 12:35:00+02:00,324.54998779296875,324.54998779296875,324.1499938964844,324.29998779296875,3105,NOVO-B.CO,Novo Nordisk,Nasdaq Copenhagen,DKK,20260706_144053
2026-07-06 12:36:00+02:00,324.5,324.6000061035156,324.3999938964844,324.45001220703125,1236,NOVO-B.CO,Novo Nordisk,Nasdaq Copenhagen,DKK,20260706_144053
2026-07-06 12:37:00+02:00,324.54998779296875,324.6000061035156,324.3999938964844,324.5,835,NOVO-B.CO,Novo Nordisk,Nasdaq Copenhagen,DKK,20260706_144053
2026-07-06 12:38:00+02:00,324.54998779296875,324.6000061035156,324.45001220703125,324.6000061035156,1082,NOVO-B.CO,Novo Nordisk,Nasdaq Copenhagen,DKK,20260706_144053
2026-07-06 12:39:00+02:00,324.54998779296875,324.54998779296875,324.54998779296875,324.54998779296875,502,NOVO-B.CO,Novo Nordisk,Nasdaq Copenhagen,DKK,20260706_144053
2026-07-06 12:40:00+02:00,324.54998779296875,324.54998779296875,324.54998779296875,324.54998779296875,410,NOVO-B.CO,Novo Nordisk,Nasdaq Copenhagen,DKK,20260706_144053
2026-07-06 12:41:00+02:00,324.5,324.5,324.45001220703125,324.45001220703125,1013,NOVO-B.CO,Novo Nordisk,Nasdaq Copenhagen,DKK,20260706_144053
2026-07-06 12:42:00+02:00,324.6000061035156,324.6499938964844,324.5,324.5,536,NOVO-B.CO,Novo Nordisk,Nasdaq Copenhagen,DKK,20260706_144053
2026-07-06 12:43:00+02:00,324.6000061035156,324.6499938964844,324.5,324.6499938964844,1032,NOVO-B.CO,Novo Nordisk,Nasdaq Copenhagen,DKK,20260706_144053
2026-07-06 12:44:00+02:00,324.54998779296875,324.54998779296875,324.54998779296875,324.54998779296875,130,NOVO-B.CO,Novo Nordisk,Nasdaq Copenhagen,DKK,20260706_144053
2026-07-06 12:45:00+02:00,324.3500061035156,324.70001220703125,324.3500061035156,324.6000061035156,2915,NOVO-B.CO,Novo Nordisk,Nasdaq Copenhagen,DKK,20260706_144053
2026-07-06 12:46:00+02:00,324.1499938964844,324.25,324.1499938964844,324.20001220703125,2485,NOVO-B.CO,Novo Nordisk,Nasdaq Copenhagen,DKK,20260706_144053
2026-07-06 12:47:00+02:00,324.25,324.29998779296875,324.1499938964844,324.1499938964844,1423,NOVO-B.CO,Novo Nordisk,Nasdaq Copenhagen,DKK,20260706_144053
2026-07-06 12:48:00+02:00,324.20001220703125,324.29998779296875,324.20001220703125,324.25,173,NOVO-B.CO,Novo Nordisk,Nasdaq Copenhagen,DKK,20260706_144053
2026-07-06 12:49:00+02:00,324.20001220703125,324.29998779296875,324.20001220703125,324.29998779296875,41,NOVO-B.CO,Novo Nordisk,Nasdaq Copenhagen,DKK,20260706_144053
2026-07-06 12:50:00+02:00,324.20001220703125,324.29998779296875,324.20001220703125,324.29998779296875,122,NOVO-B.CO,Novo Nordisk,Nasdaq Copenhagen,DKK,20260706_144053
2026-07-06 12:51:00+02:00,324.25,324.25,324.20001220703125,324.20001220703125,263,NOVO-B.CO,Novo Nordisk,Nasdaq Copenhagen,DKK,20260706_144053
2026-07-06 12:52:00+02:00,324.25,324.29998779296875,324.25,324.29998779296875,591,NOVO-B.CO,Novo Nordisk,Nasdaq Copenhagen,DKK,20260706_144053
2026-07-06 12:53:00+02:00,324.29998779296875,324.29998779296875,324.1499938964844,324.20001220703125,1113,NOVO-B.CO,Novo Nordisk,Nasdaq Copenhagen,DKK,20260706_144053
2026-07-06 12:54:00+02:00,324.20001220703125,324.20001220703125,324.1000061035156,324.20001220703125,846,NOVO-B.CO,Novo Nordisk,Nasdaq Copenhagen,DKK,20260706_144053
2026-07-06 12:55:00+02:00,324.3500061035156,324.3500061035156,324.20001220703125,324.20001220703125,2781,NOVO-B.CO,Novo Nordisk,Nasdaq Copenhagen,DKK,20260706_144053
2026-07-06 12:56:00+02:00,324.25,324.45001220703125,324.20001220703125,324.45001220703125,791,NOVO-B.CO,Novo Nordisk,Nasdaq Copenhagen,DKK,20260706_144053
2026-07-06 12:57:00+02:00,324.0,324.20001220703125,324.0,324.20001220703125,2768,NOVO-B.CO,Novo Nordisk,Nasdaq Copenhagen,DKK,20260706_144053
2026-07-06 12:58:00+02:00,323.8999938964844,323.95001220703125,323.8999938964844,323.95001220703125,955,NOVO-B.CO,Novo Nordisk,Nasdaq Copenhagen,DKK,20260706_144053
2026-07-06 12:59:00+02:00,324.0,324.0,323.95001220703125,323.95001220703125,406,NOVO-B.CO,Novo Nordisk,Nasdaq Copenhagen,DKK,20260706_144053
2026-07-06 13:00:00+02:00,324.0,324.04998779296875,324.0,324.0,540,NOVO-B.CO,Novo Nordisk,Nasdaq Copenhagen,DKK,20260706_144053
2026-07-06 13:01:00+02:00,323.8999938964844,324.0,323.8999938964844,324.0,2406,NOVO-B.CO,Novo Nordisk,Nasdaq Copenhagen,DKK,20260706_144053
2026-07-06 13:02:00+02:00,323.8500061035156,323.95001220703125,323.6499938964844,323.875,3421,NOVO-B.CO,Novo Nordisk,Nasdaq Copenhagen,DKK,20260706_144053
2026-07-06 13:03:00+02:00,323.8500061035156,323.8500061035156,323.79998779296875,323.79998779296875,33,NOVO-B.CO,Novo Nordisk,Nasdaq Copenhagen,DKK,20260706_144053
2026-07-06 13:04:00+02:00,323.95001220703125,323.95001220703125,323.79998779296875,323.79998779296875,296,NOVO-B.CO,Novo Nordisk,Nasdaq Copenhagen,DKK,20260706_144053
2026-07-06 13:05:00+02:00,323.8999938964844,323.8999938964844,323.8500061035156,323.8999938964844,773,NOVO-B.CO,Novo Nordisk,Nasdaq Copenhagen,DKK,20260706_144053
2026-07-06 13:06:00+02:00,324.0,324.04998779296875,323.95001220703125,323.95001220703125,1060,NOVO-B.CO,Novo Nordisk,Nasdaq Copenhagen,DKK,20260706_144053
2026-07-06 13:07:00+02:00,324.04998779296875,324.1499938964844,324.0,324.0,2684,NOVO-B.CO,Novo Nordisk,Nasdaq Copenhagen,DKK,20260706_144053
2026-07-06 13:08:00+02:00,324.1499938964844,324.1499938964844,324.04998779296875,324.04998779296875,111,NOVO-B.CO,Novo Nordisk,Nasdaq Copenhagen,DKK,20260706_144053
2026-07-06 13:09:00+02:00,324.1499938964844,324.25,324.1000061035156,324.25,2725,NOVO-B.CO,Novo Nordisk,Nasdaq Copenhagen,DKK,20260706_144053
2026-07-06 13:10:00+02:00,324.1499938964844,324.20001220703125,324.1499938964844,324.1499938964844,1950,NOVO-B.CO,Novo Nordisk,Nasdaq Copenhagen,DKK,20260706_144053
2026-07-06 13:11:00+02:00,324.1000061035156,324.20001220703125,324.1000061035156,324.1499938964844,2119,NOVO-B.CO,Novo Nordisk,Nasdaq Copenhagen,DKK,20260706_144053
2026-07-06 13:12:00+02:00,324.04998779296875,324.20001220703125,323.95001220703125,324.20001220703125,3154,NOVO-B.CO,Novo Nordisk,Nasdaq Copenhagen,DKK,20260706_144053
2026-07-06 13:13:00+02:00,324.1499938964844,324.1499938964844,324.1000061035156,324.1000061035156,301,NOVO-B.CO,Novo Nordisk,Nasdaq Copenhagen,DKK,20260706_144053
2026-07-06 13:14:00+02:00,324.1000061035156,324.1000061035156,324.1000061035156,324.1000061035156,24,NOVO-B.CO,Novo Nordisk,Nasdaq Copenhagen,DKK,20260706_144053
2026-07-06 13:15:00+02:00,324.1499938964844,324.1499938964844,324.1499938964844,324.1499938964844,205,NOVO-B.CO,Novo Nordisk,Nasdaq Copenhagen,DKK,20260706_144053
2026-07-06 13:16:00+02:00,324.20001220703125,324.20001220703125,324.1499938964844,324.1499938964844,473,NOVO-B.CO,Novo Nordisk,Nasdaq Copenhagen,DKK,20260706_144053
2026-07-06 13:17:00+02:00,324.1499938964844,324.20001220703125,324.1000061035156,324.20001220703125,752,NOVO-B.CO,Novo Nordisk,Nasdaq Copenhagen,DKK,20260706_144053
2026-07-06 13:18:00+02:00,324.0,324.1000061035156,324.0,324.1000061035156,1280,NOVO-B.CO,Novo Nordisk,Nasdaq Copenhagen,DKK,20260706_144053
2026-07-06 13:19:00+02:00,323.8999938964844,324.0,323.8999938964844,324.0,1518,NOVO-B.CO,Novo Nordisk,Nasdaq Copenhagen,DKK,20260706_144053
2026-07-06 13:20:00+02:00,323.8500061035156,323.8999938964844,323.8500061035156,323.8999938964844,1903,NOVO-B.CO,Novo Nordisk,Nasdaq Copenhagen,DKK,20260706_144053
2026-07-06 13:21:00+02:00,323.8999938964844,323.8999938964844,323.79998779296875,323.79998779296875,176,NOVO-B.CO,Novo Nordisk,Nasdaq Copenhagen,DKK,20260706_144053
2026-07-06 13:22:00+02:00,324.0,324.04998779296875,323.8999938964844,323.8999938964844,1735,NOVO-B.CO,Novo Nordisk,Nasdaq Copenhagen,DKK,20260706_144053
2026-07-06 13:23:00+02:00,324.1499938964844,324.1499938964844,324.0,324.0,1677,NOVO-B.CO,Novo Nordisk,Nasdaq Copenhagen,DKK,20260706_144053
2026-07-06 13:24:00+02:00,324.1499938964844,324.20001220703125,324.1000061035156,324.1000061035156,1767,NOVO-B.CO,Novo Nordisk,Nasdaq Copenhagen,DKK,20260706_144053
2026-07-06 13:25:00+02:00,324.5,324.5,324.1499938964844,324.20001220703125,3589,NOVO-B.CO,Novo Nordisk,Nasdaq Copenhagen,DKK,20260706_144053
2026-07-06 13:26:00+02:00,324.45001220703125,324.6000061035156,324.45001220703125,324.5,1215,NOVO-B.CO,Novo Nordisk,Nasdaq Copenhagen,DKK,20260706_144053
2026-07-06 13:27:00+02:00,324.45001220703125,324.45001220703125,324.45001220703125,324.45001220703125,28,NOVO-B.CO,Novo Nordisk,Nasdaq Copenhagen,DKK,20260706_144053
2026-07-06 13:28:00+02:00,324.5,324.54998779296875,324.45001220703125,324.45001220703125,4045,NOVO-B.CO,Novo Nordisk,Nasdaq Copenhagen,DKK,20260706_144053
2026-07-06 13:29:00+02:00,324.29998779296875,324.3999938964844,324.29998779296875,324.3999938964844,1905,NOVO-B.CO,Novo Nordisk,Nasdaq Copenhagen,DKK,20260706_144053
2026-07-06 13:30:00+02:00,324.25,324.3999938964844,324.1499938964844,324.3999938964844,15997,NOVO-B.CO,Novo Nordisk,Nasdaq Copenhagen,DKK,20260706_144053
2026-07-06 13:31:00+02:00,324.3500061035156,324.3999938964844,324.25,324.29998779296875,2390,NOVO-B.CO,Novo Nordisk,Nasdaq Copenhagen,DKK,20260706_144053
2026-07-06 13:32:00+02:00,324.1499938964844,324.3999938964844,324.1499938964844,324.3500061035156,1686,NOVO-B.CO,Novo Nordisk,Nasdaq Copenhagen,DKK,20260706_144053
2026-07-06 13:33:00+02:00,324.29998779296875,324.3500061035156,324.20001220703125,324.20001220703125,1512,NOVO-B.CO,Novo Nordisk,Nasdaq Copenhagen,DKK,20260706_144053
2026-07-06 13:34:00+02:00,324.3500061035156,324.3500061035156,324.3500061035156,324.3500061035156,718,NOVO-B.CO,Novo Nordisk,Nasdaq Copenhagen,DKK,20260706_144053
2026-07-06 13:35:00+02:00,324.45001220703125,324.45001220703125,324.3500061035156,324.3500061035156,850,NOVO-B.CO,Novo Nordisk,Nasdaq Copenhagen,DKK,20260706_144053
2026-07-06 13:36:00+02:00,324.3999938964844,324.5,324.3999938964844,324.5,659,NOVO-B.CO,Novo Nordisk,Nasdaq Copenhagen,DKK,20260706_144053
2026-07-06 13:37:00+02:00,324.3999938964844,324.5,324.3999938964844,324.3999938964844,342,NOVO-B.CO,Novo Nordisk,Nasdaq Copenhagen,DKK,20260706_144053
2026-07-06 13:38:00+02:00,324.3999938964844,324.45001220703125,324.3999938964844,324.3999938964844,136,NOVO-B.CO,Novo Nordisk,Nasdaq Copenhagen,DKK,20260706_144053
2026-07-06 13:39:00+02:00,324.54998779296875,324.54998779296875,324.5,324.5,750,NOVO-B.CO,Novo Nordisk,Nasdaq Copenhagen,DKK,20260706_144053
2026-07-06 13:40:00+02:00,324.54998779296875,324.54998779296875,324.54998779296875,324.54998779296875,274,NOVO-B.CO,Novo Nordisk,Nasdaq Copenhagen,DKK,20260706_144053
2026-07-06 13:41:00+02:00,324.54998779296875,324.54998779296875,324.45001220703125,324.45001220703125,1893,NOVO-B.CO,Novo Nordisk,Nasdaq Copenhagen,DKK,20260706_144053
2026-07-06 13:42:00+02:00,324.6000061035156,324.6000061035156,324.6000061035156,324.6000061035156,574,NOVO-B.CO,Novo Nordisk,Nasdaq Copenhagen,DKK,20260706_144053
2026-07-06 13:43:00+02:00,324.6000061035156,324.6499938964844,324.54998779296875,324.54998779296875,560,NOVO-B.CO,Novo Nordisk,Nasdaq Copenhagen,DKK,20260706_144053
2026-07-06 13:44:00+02:00,324.70001220703125,324.75,324.6000061035156,324.6000061035156,1660,NOVO-B.CO,Novo Nordisk,Nasdaq Copenhagen,DKK,20260706_144053
2026-07-06 13:45:00+02:00,324.6000061035156,324.79998779296875,324.6000061035156,324.79998779296875,2639,NOVO-B.CO,Novo Nordisk,Nasdaq Copenhagen,DKK,20260706_144053
2026-07-06 13:46:00+02:00,324.45001220703125,324.6499938964844,324.45001220703125,324.6499938964844,1121,NOVO-B.CO,Novo Nordisk,Nasdaq Copenhagen,DKK,20260706_144053
2026-07-06 13:47:00+02:00,324.5,324.6499938964844,324.3999938964844,324.54998779296875,2961,NOVO-B.CO,Novo Nordisk,Nasdaq Copenhagen,DKK,20260706_144053
2026-07-06 13:48:00+02:00,324.25,324.45001220703125,324.25,324.45001220703125,3991,NOVO-B.CO,Novo Nordisk,Nasdaq Copenhagen,DKK,20260706_144053
2026-07-06 13:49:00+02:00,324.1499938964844,324.29998779296875,324.1499938964844,324.29998779296875,2460,NOVO-B.CO,Novo Nordisk,Nasdaq Copenhagen,DKK,20260706_144053
2026-07-06 13:50:00+02:00,324.20001220703125,324.20001220703125,324.04998779296875,324.20001220703125,448,NOVO-B.CO,Novo Nordisk,Nasdaq Copenhagen,DKK,20260706_144053
2026-07-06 13:51:00+02:00,323.79998779296875,324.1000061035156,323.79998779296875,324.1000061035156,7953,NOVO-B.CO,Novo Nordisk,Nasdaq Copenhagen,DKK,20260706_144053
2026-07-06 13:52:00+02:00,323.3999938964844,323.79998779296875,323.29998779296875,323.79998779296875,10583,NOVO-B.CO,Novo Nordisk,Nasdaq Copenhagen,DKK,20260706_144053
2026-07-06 13:53:00+02:00,322.70001220703125,323.3500061035156,322.70001220703125,323.29998779296875,13856,NOVO-B.CO,Novo Nordisk,Nasdaq Copenhagen,DKK,20260706_144053
2026-07-06 13:54:00+02:00,322.8999938964844,323.0,322.54998779296875,322.6000061035156,10506,NOVO-B.CO,Novo Nordisk,Nasdaq Copenhagen,DKK,20260706_144053
2026-07-06 13:55:00+02:00,323.25,323.3500061035156,322.95001220703125,322.95001220703125,4749,NOVO-B.CO,Novo Nordisk,Nasdaq Copenhagen,DKK,20260706_144053
2026-07-06 13:56:00+02:00,323.20001220703125,323.3500061035156,323.1000061035156,323.3500061035156,936,NOVO-B.CO,Novo Nordisk,Nasdaq Copenhagen,DKK,20260706_144053
2026-07-06 13:57:00+02:00,322.8999938964844,323.04998779296875,322.8500061035156,323.04998779296875,1346,NOVO-B.CO,Novo Nordisk,Nasdaq Copenhagen,DKK,20260706_144053
2026-07-06 13:58:00+02:00,323.0,323.0,322.8999938964844,322.8999938964844,2211,NOVO-B.CO,Novo Nordisk,Nasdaq Copenhagen,DKK,20260706_144053
2026-07-06 13:59:00+02:00,323.1000061035156,323.1499938964844,323.0,323.1000061035156,443,NOVO-B.CO,Novo Nordisk,Nasdaq Copenhagen,DKK,20260706_144053
2026-07-06 14:00:00+02:00,323.1499938964844,323.1499938964844,323.1000061035156,323.1499938964844,374,NOVO-B.CO,Novo Nordisk,Nasdaq Copenhagen,DKK,20260706_144053
2026-07-06 14:01:00+02:00,322.8999938964844,323.1000061035156,322.8500061035156,323.04998779296875,860,NOVO-B.CO,Novo Nordisk,Nasdaq Copenhagen,DKK,20260706_144053
2026-07-06 14:02:00+02:00,322.8500061035156,322.8999938964844,322.75,322.79998779296875,673,NOVO-B.CO,Novo Nordisk,Nasdaq Copenhagen,DKK,20260706_144053
2026-07-06 14:03:00+02:00,323.04998779296875,323.1000061035156,322.79998779296875,322.8500061035156,3027,NOVO-B.CO,Novo Nordisk,Nasdaq Copenhagen,DKK,20260706_144053
2026-07-06 14:04:00+02:00,322.8999938964844,323.04998779296875,322.8999938964844,323.04998779296875,570,NOVO-B.CO,Novo Nordisk,Nasdaq Copenhagen,DKK,20260706_144053
2026-07-06 14:05:00+02:00,323.04998779296875,323.04998779296875,322.79998779296875,322.8999938964844,1925,NOVO-B.CO,Novo Nordisk,Nasdaq Copenhagen,DKK,20260706_144053
2026-07-06 14:06:00+02:00,323.1000061035156,323.1000061035156,322.8999938964844,322.8999938964844,679,NOVO-B.CO,Novo Nordisk,Nasdaq Copenhagen,DKK,20260706_144053
2026-07-06 14:07:00+02:00,322.54998779296875,323.25,322.45001220703125,323.1499938964844,9226,NOVO-B.CO,Novo Nordisk,Nasdaq Copenhagen,DKK,20260706_144053
2026-07-06 14:08:00+02:00,322.75,322.75,322.6000061035156,322.6499938964844,493,NOVO-B.CO,Novo Nordisk,Nasdaq Copenhagen,DKK,20260706_144053
2026-07-06 14:09:00+02:00,322.70001220703125,322.79998779296875,322.6499938964844,322.70001220703125,560,NOVO-B.CO,Novo Nordisk,Nasdaq Copenhagen,DKK,20260706_144053
2026-07-06 14:10:00+02:00,322.8500061035156,322.8500061035156,322.70001220703125,322.70001220703125,937,NOVO-B.CO,Novo Nordisk,Nasdaq Copenhagen,DKK,20260706_144053
2026-07-06 14:11:00+02:00,322.8999938964844,322.8999938964844,322.79998779296875,322.8999938964844,342,NOVO-B.CO,Novo Nordisk,Nasdaq Copenhagen,DKK,20260706_144053
2026-07-06 14:12:00+02:00,322.95001220703125,323.0,322.8999938964844,322.8999938964844,834,NOVO-B.CO,Novo Nordisk,Nasdaq Copenhagen,DKK,20260706_144053
2026-07-06 14:13:00+02:00,323.5,323.6499938964844,323.0,323.0,19772,NOVO-B.CO,Novo Nordisk,Nasdaq Copenhagen,DKK,20260706_144053
2026-07-06 14:14:00+02:00,323.1000061035156,323.45001220703125,323.1000061035156,323.45001220703125,4843,NOVO-B.CO,Novo Nordisk,Nasdaq Copenhagen,DKK,20260706_144053
2026-07-06 14:15:00+02:00,323.1499938964844,323.20001220703125,323.1000061035156,323.1000061035156,728,NOVO-B.CO,Novo Nordisk,Nasdaq Copenhagen,DKK,20260706_144053
2026-07-06 14:16:00+02:00,323.1499938964844,323.1499938964844,323.1499938964844,323.1499938964844,148,NOVO-B.CO,Novo Nordisk,Nasdaq Copenhagen,DKK,20260706_144053
2026-07-06 14:17:00+02:00,323.1499938964844,323.20001220703125,323.1499938964844,323.20001220703125,396,NOVO-B.CO,Novo Nordisk,Nasdaq Copenhagen,DKK,20260706_144053
2026-07-06 14:18:00+02:00,323.29998779296875,323.3500061035156,323.1499938964844,323.1499938964844,2838,NOVO-B.CO,Novo Nordisk,Nasdaq Copenhagen,DKK,20260706_144053
2026-07-06 14:19:00+02:00,323.3999938964844,323.3999938964844,323.29998779296875,323.29998779296875,730,NOVO-B.CO,Novo Nordisk,Nasdaq Copenhagen,DKK,20260706_144053
2026-07-06 14:20:00+02:00,323.29998779296875,323.3999938964844,323.25,323.3500061035156,1549,NOVO-B.CO,Novo Nordisk,Nasdaq Copenhagen,DKK,20260706_144053
2026-07-06 14:21:00+02:00,323.3500061035156,323.3999938964844,323.29998779296875,323.3999938964844,2251,NOVO-B.CO,Novo Nordisk,Nasdaq Copenhagen,DKK,20260706_144053
2026-07-06 14:22:00+02:00,323.45001220703125,323.5,323.3500061035156,323.3500061035156,679,NOVO-B.CO,Novo Nordisk,Nasdaq Copenhagen,DKK,20260706_144053
2026-07-06 14:23:00+02:00,323.3999938964844,323.54998779296875,323.3999938964844,323.54998779296875,929,NOVO-B.CO,Novo Nordisk,Nasdaq Copenhagen,DKK,20260706_144053
2026-07-06 14:24:00+02:00,323.5,323.6000061035156,323.45001220703125,323.45001220703125,1695,NOVO-B.CO,Novo Nordisk,Nasdaq Copenhagen,DKK,20260706_144053
2026-07-06 14:25:00+02:00,323.45001220703125,323.54998779296875,323.3500061035156,323.5,2087,NOVO-B.CO,Novo Nordisk,Nasdaq Copenhagen,DKK,20260706_144053
2026-07-06 14:26:00+02:00,323.6000061035156,323.6499938964844,323.54998779296875,323.54998779296875,838,NOVO-B.CO,Novo Nordisk,Nasdaq Copenhagen,DKK,20260706_144053
2026-07-06 14:27:00+02:00,323.70001220703125,323.70001220703125,323.70001220703125,323.70001220703125,92,NOVO-B.CO,Novo Nordisk,Nasdaq Copenhagen,DKK,20260706_144053
2026-07-06 14:28:00+02:00,323.8999938964844,323.8999938964844,323.75,323.75,207,NOVO-B.CO,Novo Nordisk,Nasdaq Copenhagen,DKK,20260706_144053
2026-07-06 14:29:00+02:00,324.0,324.0,323.8500061035156,323.8500061035156,2282,NOVO-B.CO,Novo Nordisk,Nasdaq Copenhagen,DKK,20260706_144053
2026-07-06 14:30:00+02:00,324.2250061035156,324.25,324.0,324.0,1674,NOVO-B.CO,Novo Nordisk,Nasdaq Copenhagen,DKK,20260706_144053
2026-07-06 14:31:00+02:00,324.20001220703125,324.29998779296875,324.20001220703125,324.25,870,NOVO-B.CO,Novo Nordisk,Nasdaq Copenhagen,DKK,20260706_144053
2026-07-06 14:32:00+02:00,324.1000061035156,324.1499938964844,324.04998779296875,324.1499938964844,592,NOVO-B.CO,Novo Nordisk,Nasdaq Copenhagen,DKK,20260706_144053
2026-07-06 14:33:00+02:00,324.04998779296875,324.1000061035156,324.0,324.1000061035156,568,NOVO-B.CO,Novo Nordisk,Nasdaq Copenhagen,DKK,20260706_144053
2026-07-06 14:34:00+02:00,324.04998779296875,324.04998779296875,324.0,324.0,3531,NOVO-B.CO,Novo Nordisk,Nasdaq Copenhagen,DKK,20260706_144053
2026-07-06 14:35:00+02:00,324.20001220703125,324.20001220703125,324.0,324.0,489,NOVO-B.CO,Novo Nordisk,Nasdaq Copenhagen,DKK,20260706_144053
2026-07-06 14:36:00+02:00,324.1000061035156,324.1000061035156,324.04998779296875,324.04998779296875,495,NOVO-B.CO,Novo Nordisk,Nasdaq Copenhagen,DKK,20260706_144053
2026-07-06 14:37:00+02:00,323.95001220703125,324.04998779296875,323.8999938964844,324.04998779296875,1339,NOVO-B.CO,Novo Nordisk,Nasdaq Copenhagen,DKK,20260706_144053
2026-07-06 14:38:00+02:00,323.8999938964844,324.0,323.8999938964844,324.0,1084,NOVO-B.CO,Novo Nordisk,Nasdaq Copenhagen,DKK,20260706_144053
2026-07-06 14:39:00+02:00,324.1000061035156,324.1499938964844,323.8500061035156,323.95001220703125,3009,NOVO-B.CO,Novo Nordisk,Nasdaq Copenhagen,DKK,20260706_144053
2026-07-06 14:40:00+02:00,324.3500061035156,324.3500061035156,324.1499938964844,324.1499938964844,1144,NOVO-B.CO,Novo Nordisk,Nasdaq Copenhagen,DKK,20260706_144053
2026-07-06 14:41:00+02:00,324.25,324.25,324.25,324.25,47,NOVO-B.CO,Novo Nordisk,Nasdaq Copenhagen,DKK,20260706_144053
2026-07-06 14:42:00+02:00,324.54998779296875,324.54998779296875,324.25,324.25,2324,NOVO-B.CO,Novo Nordisk,Nasdaq Copenhagen,DKK,20260706_144053
2026-07-06 14:43:00+02:00,324.54998779296875,324.54998779296875,324.3999938964844,324.45001220703125,181,NOVO-B.CO,Novo Nordisk,Nasdaq Copenhagen,DKK,20260706_144053
2026-07-06 14:44:00+02:00,324.45001220703125,324.5,324.3999938964844,324.5,474,NOVO-B.CO,Novo Nordisk,Nasdaq Copenhagen,DKK,20260706_144053
2026-07-06 14:45:00+02:00,324.3999938964844,324.45001220703125,324.3500061035156,324.3500061035156,1187,NOVO-B.CO,Novo Nordisk,Nasdaq Copenhagen,DKK,20260706_144053
2026-07-06 14:46:00+02:00,324.04998779296875,324.3999938964844,324.04998779296875,324.3999938964844,4140,NOVO-B.CO,Novo Nordisk,Nasdaq Copenhagen,DKK,20260706_144053
2026-07-06 14:47:00+02:00,324.0,324.04998779296875,323.8999938964844,324.04998779296875,1229,NOVO-B.CO,Novo Nordisk,Nasdaq Copenhagen,DKK,20260706_144053
2026-07-06 14:48:00+02:00,323.8999938964844,324.04998779296875,323.8500061035156,323.95001220703125,993,NOVO-B.CO,Novo Nordisk,Nasdaq Copenhagen,DKK,20260706_144053
2026-07-06 14:49:00+02:00,323.8999938964844,323.8999938964844,323.79998779296875,323.8999938964844,947,NOVO-B.CO,Novo Nordisk,Nasdaq Copenhagen,DKK,20260706_144053
2026-07-06 14:50:00+02:00,323.75,323.8999938964844,323.75,323.8999938964844,760,NOVO-B.CO,Novo Nordisk,Nasdaq Copenhagen,DKK,20260706_144053
2026-07-06 14:51:00+02:00,323.70001220703125,323.8500061035156,323.70001220703125,323.8500061035156,764,NOVO-B.CO,Novo Nordisk,Nasdaq Copenhagen,DKK,20260706_144053
2026-07-06 14:52:00+02:00,323.70001220703125,323.75,323.70001220703125,323.70001220703125,235,NOVO-B.CO,Novo Nordisk,Nasdaq Copenhagen,DKK,20260706_144053
2026-07-06 14:53:00+02:00,323.79998779296875,323.8999938964844,323.75,323.79998779296875,1929,NOVO-B.CO,Novo Nordisk,Nasdaq Copenhagen,DKK,20260706_144053
2026-07-06 14:54:00+02:00,324.1000061035156,324.1000061035156,323.79998779296875,323.79998779296875,1786,NOVO-B.CO,Novo Nordisk,Nasdaq Copenhagen,DKK,20260706_144053
2026-07-06 14:55:00+02:00,324.04998779296875,324.1499938964844,324.04998779296875,324.1499938964844,918,NOVO-B.CO,Novo Nordisk,Nasdaq Copenhagen,DKK,20260706_144053
2026-07-06 14:56:00+02:00,324.1000061035156,324.1499938964844,324.0,324.0,784,NOVO-B.CO,Novo Nordisk,Nasdaq Copenhagen,DKK,20260706_144053
2026-07-06 14:57:00+02:00,324.3999938964844,324.3999938964844,324.1499938964844,324.1499938964844,1501,NOVO-B.CO,Novo Nordisk,Nasdaq Copenhagen,DKK,20260706_144053
2026-07-06 14:58:00+02:00,324.29998779296875,324.29998779296875,324.25,324.29998779296875,772,NOVO-B.CO,Novo Nordisk,Nasdaq Copenhagen,DKK,20260706_144053
2026-07-06 14:59:00+02:00,324.29998779296875,324.29998779296875,324.25,324.29998779296875,221,NOVO-B.CO,Novo Nordisk,Nasdaq Copenhagen,DKK,20260706_144053
2026-07-06 15:00:00+02:00,324.20001220703125,324.3500061035156,324.20001220703125,324.29998779296875,409,NOVO-B.CO,Novo Nordisk,Nasdaq Copenhagen,DKK,20260706_144053
2026-07-06 15:01:00+02:00,324.20001220703125,324.20001220703125,324.1499938964844,324.20001220703125,929,NOVO-B.CO,Novo Nordisk,Nasdaq Copenhagen,DKK,20260706_144053
2026-07-06 15:02:00+02:00,323.79998779296875,324.1499938964844,323.79998779296875,324.1499938964844,2393,NOVO-B.CO,Novo Nordisk,Nasdaq Copenhagen,DKK,20260706_144053
2026-07-06 15:03:00+02:00,323.8999938964844,323.8999938964844,323.75,323.75,2000,NOVO-B.CO,Novo Nordisk,Nasdaq Copenhagen,DKK,20260706_144053
2026-07-06 15:04:00+02:00,323.6499938964844,323.8500061035156,323.6000061035156,323.8500061035156,1799,NOVO-B.CO,Novo Nordisk,Nasdaq Copenhagen,DKK,20260706_144053
2026-07-06 15:05:00+02:00,323.70001220703125,323.70001220703125,323.54998779296875,323.6000061035156,1254,NOVO-B.CO,Novo Nordisk,Nasdaq Copenhagen,DKK,20260706_144053
2026-07-06 15:06:00+02:00,323.79998779296875,323.8999938964844,323.75,323.75,1117,NOVO-B.CO,Novo Nordisk,Nasdaq Copenhagen,DKK,20260706_144053
2026-07-06 15:07:00+02:00,323.3999938964844,323.8999938964844,323.3999938964844,323.8500061035156,2431,NOVO-B.CO,Novo Nordisk,Nasdaq Copenhagen,DKK,20260706_144053
2026-07-06 15:08:00+02:00,323.3500061035156,323.3500061035156,323.3500061035156,323.3500061035156,110,NOVO-B.CO,Novo Nordisk,Nasdaq Copenhagen,DKK,20260706_144053
2026-07-06 15:09:00+02:00,323.25,323.45001220703125,323.25,323.45001220703125,1321,NOVO-B.CO,Novo Nordisk,Nasdaq Copenhagen,DKK,20260706_144053
2026-07-06 15:10:00+02:00,323.25,323.29998779296875,323.25,323.29998779296875,1356,NOVO-B.CO,Novo Nordisk,Nasdaq Copenhagen,DKK,20260706_144053
2026-07-06 15:11:00+02:00,323.25,323.3500061035156,323.20001220703125,323.20001220703125,678,NOVO-B.CO,Novo Nordisk,Nasdaq Copenhagen,DKK,20260706_144053
2026-07-06 15:12:00+02:00,323.29998779296875,323.3500061035156,323.25,323.29998779296875,1594,NOVO-B.CO,Novo Nordisk,Nasdaq Copenhagen,DKK,20260706_144053
2026-07-06 15:13:00+02:00,323.3500061035156,323.5,323.25,323.25,1359,NOVO-B.CO,Novo Nordisk,Nasdaq Copenhagen,DKK,20260706_144053
2026-07-06 15:14:00+02:00,323.3999938964844,323.5,323.29998779296875,323.5,1007,NOVO-B.CO,Novo Nordisk,Nasdaq Copenhagen,DKK,20260706_144053
2026-07-06 15:15:00+02:00,323.75,323.75,323.45001220703125,323.45001220703125,2077,NOVO-B.CO,Novo Nordisk,Nasdaq Copenhagen,DKK,20260706_144053
2026-07-06 15:16:00+02:00,324.0,324.0,323.70001220703125,323.70001220703125,2371,NOVO-B.CO,Novo Nordisk,Nasdaq Copenhagen,DKK,20260706_144053
2026-07-06 15:17:00+02:00,324.1499938964844,324.1499938964844,324.0,324.0,999,NOVO-B.CO,Novo Nordisk,Nasdaq Copenhagen,DKK,20260706_144053
2026-07-06 15:18:00+02:00,323.8500061035156,324.04998779296875,323.75,324.04998779296875,2278,NOVO-B.CO,Novo Nordisk,Nasdaq Copenhagen,DKK,20260706_144053
2026-07-06 15:19:00+02:00,323.8999938964844,323.8999938964844,323.8999938964844,323.8999938964844,247,NOVO-B.CO,Novo Nordisk,Nasdaq Copenhagen,DKK,20260706_144053
2026-07-06 15:20:00+02:00,323.8999938964844,324.1000061035156,323.8500061035156,324.0,5264,NOVO-B.CO,Novo Nordisk,Nasdaq Copenhagen,DKK,20260706_144053
2026-07-06 15:21:00+02:00,323.79998779296875,323.8999938964844,323.6499938964844,323.8999938964844,2316,NOVO-B.CO,Novo Nordisk,Nasdaq Copenhagen,DKK,20260706_144053
2026-07-06 15:22:00+02:00,323.6000061035156,323.75,323.54998779296875,323.75,1814,NOVO-B.CO,Novo Nordisk,Nasdaq Copenhagen,DKK,20260706_144053
2026-07-06 15:23:00+02:00,323.6000061035156,323.6000061035156,323.3999938964844,323.6000061035156,2140,NOVO-B.CO,Novo Nordisk,Nasdaq Copenhagen,DKK,20260706_144053
2026-07-06 15:24:00+02:00,323.6000061035156,323.6000061035156,323.5,323.6000061035156,920,NOVO-B.CO,Novo Nordisk,Nasdaq Copenhagen,DKK,20260706_144053
2026-07-06 15:25:00+02:00,323.3500061035156,323.5,323.29998779296875,323.5,3441,NOVO-B.CO,Novo Nordisk,Nasdaq Copenhagen,DKK,20260706_144053
2026-07-06 15:26:00+02:00,323.20001220703125,323.29998779296875,323.20001220703125,323.29998779296875,890,NOVO-B.CO,Novo Nordisk,Nasdaq Copenhagen,DKK,20260706_144053
2026-07-06 15:27:00+02:00,323.8999938964844,324.29998779296875,323.0,323.1499938964844,31365,NOVO-B.CO,Novo Nordisk,Nasdaq Copenhagen,DKK,20260706_144053
2026-07-06 15:28:00+02:00,323.54998779296875,323.95001220703125,323.5,323.8999938964844,2849,NOVO-B.CO,Novo Nordisk,Nasdaq Copenhagen,DKK,20260706_144053
2026-07-06 15:29:00+02:00,322.75,323.6000061035156,322.75,323.54998779296875,12782,NOVO-B.CO,Novo Nordisk,Nasdaq Copenhagen,DKK,20260706_144053
2026-07-06 15:30:00+02:00,322.54998779296875,322.75,321.79998779296875,322.75,55033,NOVO-B.CO,Novo Nordisk,Nasdaq Copenhagen,DKK,20260706_144053
2026-07-06 15:31:00+02:00,321.6000061035156,322.5,321.54998779296875,322.5,13019,NOVO-B.CO,Novo Nordisk,Nasdaq Copenhagen,DKK,20260706_144053
2026-07-06 15:32:00+02:00,321.25,321.70001220703125,321.0,321.54998779296875,11518,NOVO-B.CO,Novo Nordisk,Nasdaq Copenhagen,DKK,20260706_144053
2026-07-06 15:33:00+02:00,320.6000061035156,321.75,320.45001220703125,321.25,25866,NOVO-B.CO,Novo Nordisk,Nasdaq Copenhagen,DKK,20260706_144053
2026-07-06 15:34:00+02:00,321.04998779296875,321.04998779296875,320.25,320.45001220703125,6129,NOVO-B.CO,Novo Nordisk,Nasdaq Copenhagen,DKK,20260706_144053
2026-07-06 15:35:00+02:00,320.3999938964844,321.25,320.25,321.04998779296875,8799,NOVO-B.CO,Novo Nordisk,Nasdaq Copenhagen,DKK,20260706_144053
2026-07-06 15:36:00+02:00,321.0,321.29998779296875,320.29998779296875,320.45001220703125,6561,NOVO-B.CO,Novo Nordisk,Nasdaq Copenhagen,DKK,20260706_144053
2026-07-06 15:37:00+02:00,320.8500061035156,321.04998779296875,320.8500061035156,321.04998779296875,4725,NOVO-B.CO,Novo Nordisk,Nasdaq Copenhagen,DKK,20260706_144053
2026-07-06 15:38:00+02:00,319.79998779296875,320.79998779296875,319.75,320.79998779296875,47822,NOVO-B.CO,Novo Nordisk,Nasdaq Copenhagen,DKK,20260706_144053
2026-07-06 15:39:00+02:00,319.75,320.0,319.6499938964844,319.8500061035156,8015,NOVO-B.CO,Novo Nordisk,Nasdaq Copenhagen,DKK,20260706_144053
2026-07-06 15:40:00+02:00,319.70001220703125,319.79998779296875,319.45001220703125,319.75,5619,NOVO-B.CO,Novo Nordisk,Nasdaq Copenhagen,DKK,20260706_144053
2026-07-06 15:41:00+02:00,319.04998779296875,319.79998779296875,319.04998779296875,319.75,10029,NOVO-B.CO,Novo Nordisk,Nasdaq Copenhagen,DKK,20260706_144053
2026-07-06 15:42:00+02:00,319.0,319.79998779296875,318.79998779296875,319.1000061035156,17126,NOVO-B.CO,Novo Nordisk,Nasdaq Copenhagen,DKK,20260706_144053
2026-07-06 15:43:00+02:00,319.3999938964844,319.3999938964844,318.8500061035156,319.04998779296875,6816,NOVO-B.CO,Novo Nordisk,Nasdaq Copenhagen,DKK,20260706_144053
2026-07-06 15:44:00+02:00,319.54998779296875,319.6000061035156,319.3500061035156,319.3999938964844,7932,NOVO-B.CO,Novo Nordisk,Nasdaq Copenhagen,DKK,20260706_144053
2026-07-06 15:45:00+02:00,319.3500061035156,319.75,319.3500061035156,319.6000061035156,6923,NOVO-B.CO,Novo Nordisk,Nasdaq Copenhagen,DKK,20260706_144053
2026-07-06 15:46:00+02:00,319.54998779296875,319.6499938964844,319.3999938964844,319.3999938964844,2603,NOVO-B.CO,Novo Nordisk,Nasdaq Copenhagen,DKK,20260706_144053
2026-07-06 15:47:00+02:00,318.95001220703125,319.75,318.79998779296875,319.6000061035156,22202,NOVO-B.CO,Novo Nordisk,Nasdaq Copenhagen,DKK,20260706_144053
2026-07-06 15:48:00+02:00,319.3999938964844,319.45001220703125,318.8500061035156,318.8500061035156,15059,NOVO-B.CO,Novo Nordisk,Nasdaq Copenhagen,DKK,20260706_144053
2026-07-06 15:49:00+02:00,319.79998779296875,319.79998779296875,319.3500061035156,319.3999938964844,6394,NOVO-B.CO,Novo Nordisk,Nasdaq Copenhagen,DKK,20260706_144053
2026-07-06 15:50:00+02:00,320.04998779296875,320.3999938964844,319.79998779296875,319.8999938964844,19146,NOVO-B.CO,Novo Nordisk,Nasdaq Copenhagen,DKK,20260706_144053
2026-07-06 15:51:00+02:00,319.95001220703125,320.1499938964844,319.79998779296875,320.1000061035156,13131,NOVO-B.CO,Novo Nordisk,Nasdaq Copenhagen,DKK,20260706_144053
2026-07-06 15:52:00+02:00,319.75,320.1499938964844,319.54998779296875,320.04998779296875,6677,NOVO-B.CO,Novo Nordisk,Nasdaq Copenhagen,DKK,20260706_144053
2026-07-06 15:53:00+02:00,319.3500061035156,319.75,319.20001220703125,319.75,8184,NOVO-B.CO,Novo Nordisk,Nasdaq Copenhagen,DKK,20260706_144053
2026-07-06 15:54:00+02:00,319.3999938964844,319.70001220703125,319.29998779296875,319.29998779296875,2612,NOVO-B.CO,Novo Nordisk,Nasdaq Copenhagen,DKK,20260706_144053
2026-07-06 15:55:00+02:00,318.70001220703125,319.29998779296875,318.70001220703125,319.29998779296875,12786,NOVO-B.CO,Novo Nordisk,Nasdaq Copenhagen,DKK,20260706_144053
2026-07-06 15:56:00+02:00,318.29998779296875,318.70001220703125,318.29998779296875,318.6499938964844,19056,NOVO-B.CO,Novo Nordisk,Nasdaq Copenhagen,DKK,20260706_144053
2026-07-06 15:57:00+02:00,318.79998779296875,318.8999938964844,318.6000061035156,318.6000061035156,5201,NOVO-B.CO,Novo Nordisk,Nasdaq Copenhagen,DKK,20260706_144053
2026-07-06 15:58:00+02:00,318.70001220703125,319.0,318.6499938964844,318.8999938964844,9019,NOVO-B.CO,Novo Nordisk,Nasdaq Copenhagen,DKK,20260706_144053
2026-07-06 15:59:00+02:00,319.25,319.25,318.54998779296875,318.70001220703125,2210,NOVO-B.CO,Novo Nordisk,Nasdaq Copenhagen,DKK,20260706_144053
2026-07-06 16:00:00+02:00,319.6000061035156,319.79998779296875,318.8999938964844,319.20001220703125,8958,NOVO-B.CO,Novo Nordisk,Nasdaq Copenhagen,DKK,20260706_144053
2026-07-06 16:01:00+02:00,319.70001220703125,319.95001220703125,319.70001220703125,319.79998779296875,3677,NOVO-B.CO,Novo Nordisk,Nasdaq Copenhagen,DKK,20260706_144053
2026-07-06 16:02:00+02:00,319.70001220703125,319.79998779296875,319.3999938964844,319.75,2760,NOVO-B.CO,Novo Nordisk,Nasdaq Copenhagen,DKK,20260706_144053
2026-07-06 16:03:00+02:00,319.8500061035156,320.1499938964844,319.6000061035156,319.70001220703125,17963,NOVO-B.CO,Novo Nordisk,Nasdaq Copenhagen,DKK,20260706_144053
2026-07-06 16:04:00+02:00,320.1499938964844,320.20001220703125,319.95001220703125,319.95001220703125,3823,NOVO-B.CO,Novo Nordisk,Nasdaq Copenhagen,DKK,20260706_144053
2026-07-06 16:05:00+02:00,320.20001220703125,320.20001220703125,319.8500061035156,320.1499938964844,7016,NOVO-B.CO,Novo Nordisk,Nasdaq Copenhagen,DKK,20260706_144053
2026-07-06 16:06:00+02:00,320.3999938964844,320.5,320.20001220703125,320.20001220703125,3707,NOVO-B.CO,Novo Nordisk,Nasdaq Copenhagen,DKK,20260706_144053
2026-07-06 16:07:00+02:00,320.25,320.5,320.1499938964844,320.5,3430,NOVO-B.CO,Novo Nordisk,Nasdaq Copenhagen,DKK,20260706_144053
2026-07-06 16:08:00+02:00,320.0,320.25,320.0,320.25,2501,NOVO-B.CO,Novo Nordisk,Nasdaq Copenhagen,DKK,20260706_144053
2026-07-06 16:09:00+02:00,319.79998779296875,320.04998779296875,319.79998779296875,319.95001220703125,4046,NOVO-B.CO,Novo Nordisk,Nasdaq Copenhagen,DKK,20260706_144053
2026-07-06 16:10:00+02:00,319.95001220703125,320.0,319.79998779296875,319.79998779296875,8928,NOVO-B.CO,Novo Nordisk,Nasdaq Copenhagen,DKK,20260706_144053
2026-07-06 16:11:00+02:00,320.20001220703125,320.20001220703125,319.8999938964844,320.04998779296875,5533,NOVO-B.CO,Novo Nordisk,Nasdaq Copenhagen,DKK,20260706_144053
2026-07-06 16:12:00+02:00,320.3999938964844,320.3999938964844,320.04998779296875,320.20001220703125,4313,NOVO-B.CO,Novo Nordisk,Nasdaq Copenhagen,DKK,20260706_144053
2026-07-06 16:13:00+02:00,320.6000061035156,320.6000061035156,320.29998779296875,320.3999938964844,4951,NOVO-B.CO,Novo Nordisk,Nasdaq Copenhagen,DKK,20260706_144053
2026-07-06 16:14:00+02:00,320.54998779296875,320.95001220703125,320.5,320.6499938964844,11978,NOVO-B.CO,Novo Nordisk,Nasdaq Copenhagen,DKK,20260706_144053
2026-07-06 16:15:00+02:00,320.25,320.5,320.25,320.5,4638,NOVO-B.CO,Novo Nordisk,Nasdaq Copenhagen,DKK,20260706_144053
2026-07-06 16:16:00+02:00,320.1499938964844,320.25,319.8999938964844,320.20001220703125,5546,NOVO-B.CO,Novo Nordisk,Nasdaq Copenhagen,DKK,20260706_144053
2026-07-06 16:17:00+02:00,320.20001220703125,320.5,320.1000061035156,320.1499938964844,4192,NOVO-B.CO,Novo Nordisk,Nasdaq Copenhagen,DKK,20260706_144053
2026-07-06 16:18:00+02:00,320.0,320.29998779296875,319.95001220703125,320.29998779296875,5023,NOVO-B.CO,Novo Nordisk,Nasdaq Copenhagen,DKK,20260706_144053
2026-07-06 16:19:00+02:00,320.29998779296875,320.3999938964844,320.1000061035156,320.1000061035156,4584,NOVO-B.CO,Novo Nordisk,Nasdaq Copenhagen,DKK,20260706_144053
2026-07-06 16:20:00+02:00,320.25,320.3999938964844,320.20001220703125,320.20001220703125,4084,NOVO-B.CO,Novo Nordisk,Nasdaq Copenhagen,DKK,20260706_144053
2026-07-06 16:21:00+02:00,320.1000061035156,320.45001220703125,320.04998779296875,320.20001220703125,5052,NOVO-B.CO,Novo Nordisk,Nasdaq Copenhagen,DKK,20260706_144053
2026-07-06 16:22:00+02:00,321.20001220703125,321.25,320.0,320.0,20832,NOVO-B.CO,Novo Nordisk,Nasdaq Copenhagen,DKK,20260706_144053
2026-07-06 16:23:00+02:00,321.1000061035156,321.29998779296875,321.04998779296875,321.29998779296875,3077,NOVO-B.CO,Novo Nordisk,Nasdaq Copenhagen,DKK,20260706_144053
2026-07-06 16:24:00+02:00,321.29998779296875,321.45001220703125,320.8500061035156,321.04998779296875,6033,NOVO-B.CO,Novo Nordisk,Nasdaq Copenhagen,DKK,20260706_144053
2026-07-06 16:25:00+02:00,321.45001220703125,321.54998779296875,321.3500061035156,321.45001220703125,8072,NOVO-B.CO,Novo Nordisk,Nasdaq Copenhagen,DKK,20260706_144053
2026-07-06 16:26:00+02:00,321.1499938964844,321.6000061035156,321.1499938964844,321.6000061035156,11001,NOVO-B.CO,Novo Nordisk,Nasdaq Copenhagen,DKK,20260706_144053
2026-07-06 16:27:00+02:00,321.3500061035156,321.3999938964844,321.25,321.29998779296875,9266,NOVO-B.CO,Novo Nordisk,Nasdaq Copenhagen,DKK,20260706_144053
2026-07-06 16:28:00+02:00,321.6499938964844,321.6499938964844,321.3999938964844,321.45001220703125,9828,NOVO-B.CO,Novo Nordisk,Nasdaq Copenhagen,DKK,20260706_144053
2026-07-06 16:29:00+02:00,321.29998779296875,321.75,321.25,321.6000061035156,5913,NOVO-B.CO,Novo Nordisk,Nasdaq Copenhagen,DKK,20260706_144053
2026-07-06 16:30:00+02:00,321.3999938964844,321.45001220703125,321.04998779296875,321.25,1628,NOVO-B.CO,Novo Nordisk,Nasdaq Copenhagen,DKK,20260706_144053
2026-07-06 16:31:00+02:00,321.6000061035156,321.6000061035156,321.3500061035156,321.3999938964844,3540,NOVO-B.CO,Novo Nordisk,Nasdaq Copenhagen,DKK,20260706_144053
2026-07-06 16:32:00+02:00,320.95001220703125,321.5,320.95001220703125,321.45001220703125,16856,NOVO-B.CO,Novo Nordisk,Nasdaq Copenhagen,DKK,20260706_144053
2026-07-06 16:33:00+02:00,320.6499938964844,321.04998779296875,320.6499938964844,321.04998779296875,5459,NOVO-B.CO,Novo Nordisk,Nasdaq Copenhagen,DKK,20260706_144053
2026-07-06 16:34:00+02:00,320.54998779296875,320.95001220703125,320.54998779296875,320.70001220703125,3383,NOVO-B.CO,Novo Nordisk,Nasdaq Copenhagen,DKK,20260706_144053
2026-07-06 16:35:00+02:00,320.70001220703125,320.70001220703125,320.45001220703125,320.6000061035156,3197,NOVO-B.CO,Novo Nordisk,Nasdaq Copenhagen,DKK,20260706_144053
2026-07-06 16:36:00+02:00,320.6499938964844,320.79998779296875,320.54998779296875,320.75,2637,NOVO-B.CO,Novo Nordisk,Nasdaq Copenhagen,DKK,20260706_144053
2026-07-06 16:37:00+02:00,320.5,320.6499938964844,320.5,320.5,2614,NOVO-B.CO,Novo Nordisk,Nasdaq Copenhagen,DKK,20260706_144053
2026-07-06 16:38:00+02:00,320.04998779296875,320.54998779296875,319.8999938964844,320.5,8591,NOVO-B.CO,Novo Nordisk,Nasdaq Copenhagen,DKK,20260706_144053
2026-07-06 16:39:00+02:00,320.04998779296875,320.04998779296875,319.8999938964844,320.0,2290,NOVO-B.CO,Novo Nordisk,Nasdaq Copenhagen,DKK,20260706_144053
2026-07-06 16:40:00+02:00,320.04998779296875,320.04998779296875,320.04998779296875,320.04998779296875,0,NOVO-B.CO,Novo Nordisk,Nasdaq Copenhagen,DKK,20260706_144053
2026-07-06 09:00:00+02:00,328.5,329.45001220703125,328.1000061035156,328.5,0,NOVO-B.CO,Novo Nordisk,Nasdaq Copenhagen,DKK,20260706_173316
2026-07-06 09:01:00+02:00,328.04998779296875,328.6499938964844,327.8999938964844,328.45001220703125,22062,NOVO-B.CO,Novo Nordisk,Nasdaq Copenhagen,DKK,20260706_173316
2026-07-06 09:02:00+02:00,328.1499938964844,328.20001220703125,327.3500061035156,328.20001220703125,18223,NOVO-B.CO,Novo Nordisk,Nasdaq Copenhagen,DKK,20260706_173316
2026-07-06 09:03:00+02:00,328.0,328.45001220703125,327.8500061035156,327.8999938964844,8628,NOVO-B.CO,Novo Nordisk,Nasdaq Copenhagen,DKK,20260706_173316
2026-07-06 09:04:00+02:00,328.1499938964844,328.25,327.8500061035156,328.1499938964844,959,NOVO-B.CO,Novo Nordisk,Nasdaq Copenhagen,DKK,20260706_173316
2026-07-06 09:05:00+02:00,328.79998779296875,328.79998779296875,328.0,328.0,2628,NOVO-B.CO,Novo Nordisk,Nasdaq Copenhagen,DKK,20260706_173316
2026-07-06 09:06:00+02:00,328.70001220703125,329.0,328.70001220703125,328.79998779296875,5497,NOVO-B.CO,Novo Nordisk,Nasdaq Copenhagen,DKK,20260706_173316
2026-07-06 09:07:00+02:00,328.8999938964844,329.04998779296875,328.79998779296875,328.79998779296875,10506,NOVO-B.CO,Novo Nordisk,Nasdaq Copenhagen,DKK,20260706_173316
2026-07-06 09:08:00+02:00,329.3500061035156,329.3999938964844,328.8999938964844,328.8999938964844,3833,NOVO-B.CO,Novo Nordisk,Nasdaq Copenhagen,DKK,20260706_173316
2026-07-06 09:09:00+02:00,329.1499938964844,329.5,329.1499938964844,329.29998779296875,2070,NOVO-B.CO,Novo Nordisk,Nasdaq Copenhagen,DKK,20260706_173316
2026-07-06 09:10:00+02:00,329.1000061035156,329.3999938964844,328.8999938964844,329.20001220703125,18496,NOVO-B.CO,Novo Nordisk,Nasdaq Copenhagen,DKK,20260706_173316
2026-07-06 09:11:00+02:00,330.20001220703125,330.20001220703125,329.20001220703125,329.20001220703125,51975,NOVO-B.CO,Novo Nordisk,Nasdaq Copenhagen,DKK,20260706_173316
2026-07-06 09:12:00+02:00,330.1499938964844,330.20001220703125,330.0,330.1000061035156,6879,NOVO-B.CO,Novo Nordisk,Nasdaq Copenhagen,DKK,20260706_173316
2026-07-06 09:13:00+02:00,330.29998779296875,330.29998779296875,330.04998779296875,330.20001220703125,4929,NOVO-B.CO,Novo Nordisk,Nasdaq Copenhagen,DKK,20260706_173316
2026-07-06 09:14:00+02:00,330.0,330.5,330.0,330.25,5972,NOVO-B.CO,Novo Nordisk,Nasdaq Copenhagen,DKK,20260706_173316
2026-07-06 09:15:00+02:00,330.1499938964844,330.25,330.1499938964844,330.1499938964844,2404,NOVO-B.CO,Novo Nordisk,Nasdaq Copenhagen,DKK,20260706_173316
2026-07-06 09:16:00+02:00,330.1499938964844,330.5,330.0,330.20001220703125,8183,NOVO-B.CO,Novo Nordisk,Nasdaq Copenhagen,DKK,20260706_173316
2026-07-06 09:17:00+02:00,330.1000061035156,330.29998779296875,330.1000061035156,330.1499938964844,2902,NOVO-B.CO,Novo Nordisk,Nasdaq Copenhagen,DKK,20260706_173316
2026-07-06 09:18:00+02:00,329.8500061035156,330.1000061035156,329.6000061035156,330.1000061035156,4884,NOVO-B.CO,Novo Nordisk,Nasdaq Copenhagen,DKK,20260706_173316
2026-07-06 09:19:00+02:00,329.70001220703125,329.79998779296875,329.6000061035156,329.79998779296875,5279,NOVO-B.CO,Novo Nordisk,Nasdaq Copenhagen,DKK,20260706_173316
2026-07-06 09:20:00+02:00,329.6000061035156,329.75,329.25,329.70001220703125,6233,NOVO-B.CO,Novo Nordisk,Nasdaq Copenhagen,DKK,20260706_173316
2026-07-06 09:21:00+02:00,329.6000061035156,329.6499938964844,329.5,329.5,4407,NOVO-B.CO,Novo Nordisk,Nasdaq Copenhagen,DKK,20260706_173316
2026-07-06 09:22:00+02:00,329.70001220703125,329.79998779296875,329.5,329.6499938964844,2680,NOVO-B.CO,Novo Nordisk,Nasdaq Copenhagen,DKK,20260706_173316
2026-07-06 09:23:00+02:00,329.8500061035156,329.8500061035156,329.6499938964844,329.75,4157,NOVO-B.CO,Novo Nordisk,Nasdaq Copenhagen,DKK,20260706_173316
2026-07-06 09:24:00+02:00,329.8500061035156,330.0,329.8500061035156,329.8999938964844,3258,NOVO-B.CO,Novo Nordisk,Nasdaq Copenhagen,DKK,20260706_173316
2026-07-06 09:25:00+02:00,329.1000061035156,329.8500061035156,329.1000061035156,329.8500061035156,7120,NOVO-B.CO,Novo Nordisk,Nasdaq Copenhagen,DKK,20260706_173316
2026-07-06 09:26:00+02:00,328.70001220703125,329.1499938964844,328.70001220703125,329.04998779296875,3968,NOVO-B.CO,Novo Nordisk,Nasdaq Copenhagen,DKK,20260706_173316
2026-07-06 09:27:00+02:00,328.6499938964844,328.70001220703125,328.5,328.70001220703125,1406,NOVO-B.CO,Novo Nordisk,Nasdaq Copenhagen,DKK,20260706_173316
2026-07-06 09:28:00+02:00,328.8999938964844,329.0,328.5,328.54998779296875,9594,NOVO-B.CO,Novo Nordisk,Nasdaq Copenhagen,DKK,20260706_173316
2026-07-06 09:29:00+02:00,328.75,329.0,328.75,329.0,2352,NOVO-B.CO,Novo Nordisk,Nasdaq Copenhagen,DKK,20260706_173316
2026-07-06 09:30:00+02:00,328.6499938964844,328.79998779296875,328.5,328.75,2279,NOVO-B.CO,Novo Nordisk,Nasdaq Copenhagen,DKK,20260706_173316
2026-07-06 09:31:00+02:00,328.29998779296875,328.6499938964844,328.29998779296875,328.6499938964844,3143,NOVO-B.CO,Novo Nordisk,Nasdaq Copenhagen,DKK,20260706_173316
2026-07-06 09:32:00+02:00,328.25,328.3999938964844,328.20001220703125,328.29998779296875,1898,NOVO-B.CO,Novo Nordisk,Nasdaq Copenhagen,DKK,20260706_173316
2026-07-06 09:33:00+02:00,328.6000061035156,328.6000061035156,327.95001220703125,328.25,10182,NOVO-B.CO,Novo Nordisk,Nasdaq Copenhagen,DKK,20260706_173316
2026-07-06 09:34:00+02:00,328.75,329.0,328.6499938964844,328.6499938964844,2611,NOVO-B.CO,Novo Nordisk,Nasdaq Copenhagen,DKK,20260706_173316
2026-07-06 09:35:00+02:00,328.79998779296875,328.95001220703125,328.6499938964844,328.79998779296875,1590,NOVO-B.CO,Novo Nordisk,Nasdaq Copenhagen,DKK,20260706_173316
2026-07-06 09:36:00+02:00,328.6499938964844,328.8999938964844,328.5,328.79998779296875,5161,NOVO-B.CO,Novo Nordisk,Nasdaq Copenhagen,DKK,20260706_173316
2026-07-06 09:37:00+02:00,328.5,328.54998779296875,328.5,328.54998779296875,32,NOVO-B.CO,Novo Nordisk,Nasdaq Copenhagen,DKK,20260706_173316
2026-07-06 09:38:00+02:00,328.8500061035156,328.8500061035156,328.54998779296875,328.54998779296875,2311,NOVO-B.CO,Novo Nordisk,Nasdaq Copenhagen,DKK,20260706_173316
2026-07-06 09:39:00+02:00,328.70001220703125,328.8500061035156,328.70001220703125,328.75,263,NOVO-B.CO,Novo Nordisk,Nasdaq Copenhagen,DKK,20260706_173316
2026-07-06 09:40:00+02:00,328.79998779296875,328.79998779296875,328.70001220703125,328.79998779296875,324,NOVO-B.CO,Novo Nordisk,Nasdaq Copenhagen,DKK,20260706_173316
2026-07-06 09:41:00+02:00,328.79998779296875,328.8999938964844,328.70001220703125,328.8500061035156,1386,NOVO-B.CO,Novo Nordisk,Nasdaq Copenhagen,DKK,20260706_173316
2026-07-06 09:42:00+02:00,328.8500061035156,328.8999938964844,328.6499938964844,328.75,5002,NOVO-B.CO,Novo Nordisk,Nasdaq Copenhagen,DKK,20260706_173316
2026-07-06 09:43:00+02:00,329.0,329.0,328.70001220703125,328.8500061035156,3561,NOVO-B.CO,Novo Nordisk,Nasdaq Copenhagen,DKK,20260706_173316
2026-07-06 09:44:00+02:00,328.79998779296875,329.1000061035156,328.79998779296875,329.04998779296875,6641,NOVO-B.CO,Novo Nordisk,Nasdaq Copenhagen,DKK,20260706_173316
2026-07-06 09:45:00+02:00,328.5,328.8500061035156,328.5,328.8500061035156,2154,NOVO-B.CO,Novo Nordisk,Nasdaq Copenhagen,DKK,20260706_173316
2026-07-06 09:46:00+02:00,328.5249938964844,328.6000061035156,328.3999938964844,328.3999938964844,804,NOVO-B.CO,Novo Nordisk,Nasdaq Copenhagen,DKK,20260706_173316
2026-07-06 09:47:00+02:00,328.6499938964844,328.6499938964844,328.45001220703125,328.45001220703125,2449,NOVO-B.CO,Novo Nordisk,Nasdaq Copenhagen,DKK,20260706_173316
2026-07-06 09:48:00+02:00,328.70001220703125,328.70001220703125,328.54998779296875,328.70001220703125,315,NOVO-B.CO,Novo Nordisk,Nasdaq Copenhagen,DKK,20260706_173316
2026-07-06 09:49:00+02:00,328.70001220703125,328.70001220703125,328.5,328.54998779296875,810,NOVO-B.CO,Novo Nordisk,Nasdaq Copenhagen,DKK,20260706_173316
2026-07-06 09:50:00+02:00,328.3500061035156,328.70001220703125,328.3500061035156,328.70001220703125,4379,NOVO-B.CO,Novo Nordisk,Nasdaq Copenhagen,DKK,20260706_173316
2026-07-06 09:51:00+02:00,328.3500061035156,328.45001220703125,328.3500061035156,328.3500061035156,956,NOVO-B.CO,Novo Nordisk,Nasdaq Copenhagen,DKK,20260706_173316
2026-07-06 09:52:00+02:00,328.3999938964844,328.45001220703125,328.25,328.3500061035156,3449,NOVO-B.CO,Novo Nordisk,Nasdaq Copenhagen,DKK,20260706_173316
2026-07-06 09:53:00+02:00,328.25,328.45001220703125,328.20001220703125,328.3999938964844,4793,NOVO-B.CO,Novo Nordisk,Nasdaq Copenhagen,DKK,20260706_173316
2026-07-06 09:54:00+02:00,328.1000061035156,328.20001220703125,328.1000061035156,328.20001220703125,731,NOVO-B.CO,Novo Nordisk,Nasdaq Copenhagen,DKK,20260706_173316
2026-07-06 09:55:00+02:00,328.20001220703125,328.20001220703125,328.1000061035156,328.20001220703125,417,NOVO-B.CO,Novo Nordisk,Nasdaq Copenhagen,DKK,20260706_173316
2026-07-06 09:56:00+02:00,328.29998779296875,328.29998779296875,328.1000061035156,328.20001220703125,1451,NOVO-B.CO,Novo Nordisk,Nasdaq Copenhagen,DKK,20260706_173316
2026-07-06 09:57:00+02:00,328.3500061035156,328.3500061035156,328.20001220703125,328.29998779296875,3614,NOVO-B.CO,Novo Nordisk,Nasdaq Copenhagen,DKK,20260706_173316
2026-07-06 09:58:00+02:00,328.25,328.3500061035156,328.20001220703125,328.3500061035156,1388,NOVO-B.CO,Novo Nordisk,Nasdaq Copenhagen,DKK,20260706_173316
2026-07-06 09:59:00+02:00,328.25,328.3500061035156,328.1499938964844,328.25,700,NOVO-B.CO,Novo Nordisk,Nasdaq Copenhagen,DKK,20260706_173316
2026-07-06 10:00:00+02:00,328.3500061035156,328.6499938964844,328.29998779296875,328.29998779296875,3542,NOVO-B.CO,Novo Nordisk,Nasdaq Copenhagen,DKK,20260706_173316
2026-07-06 10:01:00+02:00,328.70001220703125,328.70001220703125,328.25,328.25,1233,NOVO-B.CO,Novo Nordisk,Nasdaq Copenhagen,DKK,20260706_173316
2026-07-06 10:02:00+02:00,328.6499938964844,328.70001220703125,328.20001220703125,328.54998779296875,2608,NOVO-B.CO,Novo Nordisk,Nasdaq Copenhagen,DKK,20260706_173316
2026-07-06 10:03:00+02:00,328.5,328.6000061035156,328.5,328.6000061035156,475,NOVO-B.CO,Novo Nordisk,Nasdaq Copenhagen,DKK,20260706_173316
2026-07-06 10:04:00+02:00,328.45001220703125,328.54998779296875,328.3500061035156,328.54998779296875,1010,NOVO-B.CO,Novo Nordisk,Nasdaq Copenhagen,DKK,20260706_173316
2026-07-06 10:05:00+02:00,328.54998779296875,328.6000061035156,328.3999938964844,328.5,1871,NOVO-B.CO,Novo Nordisk,Nasdaq Copenhagen,DKK,20260706_173316
2026-07-06 10:06:00+02:00,328.20001220703125,328.6000061035156,328.20001220703125,328.6000061035156,4629,NOVO-B.CO,Novo Nordisk,Nasdaq Copenhagen,DKK,20260706_173316
2026-07-06 10:07:00+02:00,328.25,328.3500061035156,328.1499938964844,328.1499938964844,956,NOVO-B.CO,Novo Nordisk,Nasdaq Copenhagen,DKK,20260706_173316
2026-07-06 10:08:00+02:00,328.29998779296875,328.3500061035156,328.20001220703125,328.3500061035156,184,NOVO-B.CO,Novo Nordisk,Nasdaq Copenhagen,DKK,20260706_173316
2026-07-06 10:09:00+02:00,327.6000061035156,328.25,327.3999938964844,328.20001220703125,17200,NOVO-B.CO,Novo Nordisk,Nasdaq Copenhagen,DKK,20260706_173316
2026-07-06 10:10:00+02:00,327.45001220703125,327.6499938964844,327.3500061035156,327.6000061035156,5074,NOVO-B.CO,Novo Nordisk,Nasdaq Copenhagen,DKK,20260706_173316
2026-07-06 10:11:00+02:00,326.8500061035156,327.54998779296875,326.79998779296875,327.3999938964844,33741,NOVO-B.CO,Novo Nordisk,Nasdaq Copenhagen,DKK,20260706_173316
2026-07-06 10:12:00+02:00,326.79998779296875,326.8999938964844,326.6000061035156,326.8500061035156,3154,NOVO-B.CO,Novo Nordisk,Nasdaq Copenhagen,DKK,20260706_173316
2026-07-06 10:13:00+02:00,326.8500061035156,326.95001220703125,326.8500061035156,326.95001220703125,365,NOVO-B.CO,Novo Nordisk,Nasdaq Copenhagen,DKK,20260706_173316
2026-07-06 10:14:00+02:00,327.1499938964844,327.1499938964844,326.79998779296875,326.79998779296875,12190,NOVO-B.CO,Novo Nordisk,Nasdaq Copenhagen,DKK,20260706_173316
2026-07-06 10:15:00+02:00,327.25,327.25,327.1000061035156,327.20001220703125,1208,NOVO-B.CO,Novo Nordisk,Nasdaq Copenhagen,DKK,20260706_173316
2026-07-06 10:16:00+02:00,327.20001220703125,327.3500061035156,327.1499938964844,327.29998779296875,947,NOVO-B.CO,Novo Nordisk,Nasdaq Copenhagen,DKK,20260706_173316
2026-07-06 10:17:00+02:00,327.5,327.5,327.29998779296875,327.29998779296875,581,NOVO-B.CO,Novo Nordisk,Nasdaq Copenhagen,DKK,20260706_173316
2026-07-06 10:18:00+02:00,327.8500061035156,327.8500061035156,327.6000061035156,327.6000061035156,937,NOVO-B.CO,Novo Nordisk,Nasdaq Copenhagen,DKK,20260706_173316
2026-07-06 10:19:00+02:00,327.95001220703125,327.95001220703125,327.79998779296875,327.79998779296875,39,NOVO-B.CO,Novo Nordisk,Nasdaq Copenhagen,DKK,20260706_173316
2026-07-06 10:20:00+02:00,327.8500061035156,328.0,327.79998779296875,327.8999938964844,1181,NOVO-B.CO,Novo Nordisk,Nasdaq Copenhagen,DKK,20260706_173316
2026-07-06 10:21:00+02:00,328.20001220703125,328.20001220703125,327.8500061035156,327.8999938964844,1935,NOVO-B.CO,Novo Nordisk,Nasdaq Copenhagen,DKK,20260706_173316
2026-07-06 10:22:00+02:00,328.20001220703125,328.25,328.20001220703125,328.20001220703125,1301,NOVO-B.CO,Novo Nordisk,Nasdaq Copenhagen,DKK,20260706_173316
2026-07-06 10:23:00+02:00,328.04998779296875,328.25,328.04998779296875,328.25,2210,NOVO-B.CO,Novo Nordisk,Nasdaq Copenhagen,DKK,20260706_173316
2026-07-06 10:24:00+02:00,328.25,328.25,328.04998779296875,328.1000061035156,882,NOVO-B.CO,Novo Nordisk,Nasdaq Copenhagen,DKK,20260706_173316
2026-07-06 10:25:00+02:00,328.29998779296875,328.29998779296875,328.20001220703125,328.29998779296875,481,NOVO-B.CO,Novo Nordisk,Nasdaq Copenhagen,DKK,20260706_173316
2026-07-06 10:26:00+02:00,328.1499938964844,328.25,328.1499938964844,328.20001220703125,2092,NOVO-B.CO,Novo Nordisk,Nasdaq Copenhagen,DKK,20260706_173316
2026-07-06 10:27:00+02:00,328.1499938964844,328.29998779296875,328.1499938964844,328.29998779296875,949,NOVO-B.CO,Novo Nordisk,Nasdaq Copenhagen,DKK,20260706_173316
2026-07-06 10:28:00+02:00,328.25,328.29998779296875,328.1499938964844,328.1499938964844,4113,NOVO-B.CO,Novo Nordisk,Nasdaq Copenhagen,DKK,20260706_173316
2026-07-06 10:29:00+02:00,328.29998779296875,328.29998779296875,328.1000061035156,328.29998779296875,264,NOVO-B.CO,Novo Nordisk,Nasdaq Copenhagen,DKK,20260706_173316
2026-07-06 10:30:00+02:00,328.20001220703125,328.20001220703125,328.20001220703125,328.20001220703125,149,NOVO-B.CO,Novo Nordisk,Nasdaq Copenhagen,DKK,20260706_173316
2026-07-06 10:31:00+02:00,327.95001220703125,328.29998779296875,327.95001220703125,328.20001220703125,4143,NOVO-B.CO,Novo Nordisk,Nasdaq Copenhagen,DKK,20260706_173316
2026-07-06 10:32:00+02:00,327.70001220703125,327.8500061035156,327.70001220703125,327.8500061035156,993,NOVO-B.CO,Novo Nordisk,Nasdaq Copenhagen,DKK,20260706_173316
2026-07-06 10:33:00+02:00,327.6000061035156,327.70001220703125,327.6000061035156,327.6499938964844,188,NOVO-B.CO,Novo Nordisk,Nasdaq Copenhagen,DKK,20260706_173316
2026-07-06 10:34:00+02:00,327.70001220703125,327.70001220703125,327.6000061035156,327.6499938964844,479,NOVO-B.CO,Novo Nordisk,Nasdaq Copenhagen,DKK,20260706_173316
2026-07-06 10:35:00+02:00,327.6499938964844,327.70001220703125,327.6499938964844,327.70001220703125,1049,NOVO-B.CO,Novo Nordisk,Nasdaq Copenhagen,DKK,20260706_173316
2026-07-06 10:36:00+02:00,327.6000061035156,327.6000061035156,327.45001220703125,327.54998779296875,5712,NOVO-B.CO,Novo Nordisk,Nasdaq Copenhagen,DKK,20260706_173316
2026-07-06 10:37:00+02:00,327.3999938964844,327.45001220703125,327.29998779296875,327.45001220703125,2150,NOVO-B.CO,Novo Nordisk,Nasdaq Copenhagen,DKK,20260706_173316
2026-07-06 10:38:00+02:00,327.70001220703125,327.79998779296875,327.3999938964844,327.3999938964844,13470,NOVO-B.CO,Novo Nordisk,Nasdaq Copenhagen,DKK,20260706_173316
2026-07-06 10:39:00+02:00,327.54998779296875,327.79998779296875,327.54998779296875,327.70001220703125,2705,NOVO-B.CO,Novo Nordisk,Nasdaq Copenhagen,DKK,20260706_173316
2026-07-06 10:40:00+02:00,327.29998779296875,327.6499938964844,327.29998779296875,327.6499938964844,4122,NOVO-B.CO,Novo Nordisk,Nasdaq Copenhagen,DKK,20260706_173316
2026-07-06 10:41:00+02:00,326.95001220703125,327.29998779296875,326.95001220703125,327.29998779296875,7704,NOVO-B.CO,Novo Nordisk,Nasdaq Copenhagen,DKK,20260706_173316
2026-07-06 10:42:00+02:00,326.8500061035156,326.95001220703125,326.8500061035156,326.95001220703125,917,NOVO-B.CO,Novo Nordisk,Nasdaq Copenhagen,DKK,20260706_173316
2026-07-06 10:43:00+02:00,326.75,327.0,326.75,326.95001220703125,2262,NOVO-B.CO,Novo Nordisk,Nasdaq Copenhagen,DKK,20260706_173316
2026-07-06 10:44:00+02:00,326.8500061035156,327.0,326.8500061035156,326.8999938964844,1802,NOVO-B.CO,Novo Nordisk,Nasdaq Copenhagen,DKK,20260706_173316
2026-07-06 10:45:00+02:00,326.79998779296875,326.95001220703125,326.75,326.95001220703125,1004,NOVO-B.CO,Novo Nordisk,Nasdaq Copenhagen,DKK,20260706_173316
2026-07-06 10:46:00+02:00,327.04998779296875,327.04998779296875,326.8500061035156,326.8999938964844,2263,NOVO-B.CO,Novo Nordisk,Nasdaq Copenhagen,DKK,20260706_173316
2026-07-06 10:47:00+02:00,326.8999938964844,327.04998779296875,326.8999938964844,327.04998779296875,227,NOVO-B.CO,Novo Nordisk,Nasdaq Copenhagen,DKK,20260706_173316
2026-07-06 10:48:00+02:00,326.8500061035156,326.8999938964844,326.79998779296875,326.79998779296875,823,NOVO-B.CO,Novo Nordisk,Nasdaq Copenhagen,DKK,20260706_173316
2026-07-06 10:49:00+02:00,326.79998779296875,326.8999938964844,326.75,326.8999938964844,3131,NOVO-B.CO,Novo Nordisk,Nasdaq Copenhagen,DKK,20260706_173316
2026-07-06 10:50:00+02:00,326.8500061035156,326.8500061035156,326.75,326.79998779296875,1061,NOVO-B.CO,Novo Nordisk,Nasdaq Copenhagen,DKK,20260706_173316
2026-07-06 10:51:00+02:00,326.79998779296875,326.79998779296875,326.70001220703125,326.79998779296875,917,NOVO-B.CO,Novo Nordisk,Nasdaq Copenhagen,DKK,20260706_173316
2026-07-06 10:52:00+02:00,326.70001220703125,326.79998779296875,326.6499938964844,326.79998779296875,2127,NOVO-B.CO,Novo Nordisk,Nasdaq Copenhagen,DKK,20260706_173316
2026-07-06 10:53:00+02:00,326.8500061035156,327.0,326.75,326.75,3578,NOVO-B.CO,Novo Nordisk,Nasdaq Copenhagen,DKK,20260706_173316
2026-07-06 10:54:00+02:00,326.8999938964844,326.95001220703125,326.8500061035156,326.8999938964844,532,NOVO-B.CO,Novo Nordisk,Nasdaq Copenhagen,DKK,20260706_173316
2026-07-06 10:55:00+02:00,326.79998779296875,326.8999938964844,326.79998779296875,326.79998779296875,1005,NOVO-B.CO,Novo Nordisk,Nasdaq Copenhagen,DKK,20260706_173316
2026-07-06 10:56:00+02:00,326.6499938964844,326.79998779296875,326.6499938964844,326.75,842,NOVO-B.CO,Novo Nordisk,Nasdaq Copenhagen,DKK,20260706_173316
2026-07-06 10:57:00+02:00,326.70001220703125,326.79998779296875,326.70001220703125,326.75,1486,NOVO-B.CO,Novo Nordisk,Nasdaq Copenhagen,DKK,20260706_173316
2026-07-06 10:58:00+02:00,326.95001220703125,326.95001220703125,326.6499938964844,326.6499938964844,3145,NOVO-B.CO,Novo Nordisk,Nasdaq Copenhagen,DKK,20260706_173316
2026-07-06 10:59:00+02:00,326.70001220703125,326.8500061035156,326.6000061035156,326.79998779296875,5536,NOVO-B.CO,Novo Nordisk,Nasdaq Copenhagen,DKK,20260706_173316
2026-07-06 11:00:00+02:00,326.70001220703125,326.8999938964844,326.70001220703125,326.70001220703125,587,NOVO-B.CO,Novo Nordisk,Nasdaq Copenhagen,DKK,20260706_173316
2026-07-06 11:01:00+02:00,326.5,326.75,326.45001220703125,326.70001220703125,2313,NOVO-B.CO,Novo Nordisk,Nasdaq Copenhagen,DKK,20260706_173316
2026-07-06 11:02:00+02:00,326.54998779296875,326.54998779296875,326.29998779296875,326.3999938964844,5120,NOVO-B.CO,Novo Nordisk,Nasdaq Copenhagen,DKK,20260706_173316
2026-07-06 11:03:00+02:00,326.5,326.5,326.3500061035156,326.45001220703125,1880,NOVO-B.CO,Novo Nordisk,Nasdaq Copenhagen,DKK,20260706_173316
2026-07-06 11:04:00+02:00,326.25,326.5,326.25,326.5,768,NOVO-B.CO,Novo Nordisk,Nasdaq Copenhagen,DKK,20260706_173316
2026-07-06 11:05:00+02:00,326.04998779296875,326.29998779296875,326.04998779296875,326.29998779296875,4313,NOVO-B.CO,Novo Nordisk,Nasdaq Copenhagen,DKK,20260706_173316
2026-07-06 11:06:00+02:00,326.1000061035156,326.1499938964844,326.0,326.04998779296875,2008,NOVO-B.CO,Novo Nordisk,Nasdaq Copenhagen,DKK,20260706_173316
2026-07-06 11:07:00+02:00,326.1000061035156,326.1000061035156,325.79998779296875,326.04998779296875,26430,NOVO-B.CO,Novo Nordisk,Nasdaq Copenhagen,DKK,20260706_173316
2026-07-06 11:08:00+02:00,326.0,326.1499938964844,326.0,326.1499938964844,833,NOVO-B.CO,Novo Nordisk,Nasdaq Copenhagen,DKK,20260706_173316
2026-07-06 11:09:00+02:00,326.04998779296875,326.04998779296875,325.95001220703125,326.04998779296875,510,NOVO-B.CO,Novo Nordisk,Nasdaq Copenhagen,DKK,20260706_173316
2026-07-06 11:10:00+02:00,326.25,326.25,326.1000061035156,326.1000061035156,441,NOVO-B.CO,Novo Nordisk,Nasdaq Copenhagen,DKK,20260706_173316
2026-07-06 11:11:00+02:00,326.29998779296875,326.29998779296875,326.20001220703125,326.20001220703125,320,NOVO-B.CO,Novo Nordisk,Nasdaq Copenhagen,DKK,20260706_173316
2026-07-06 11:12:00+02:00,326.29998779296875,326.29998779296875,326.29998779296875,326.29998779296875,396,NOVO-B.CO,Novo Nordisk,Nasdaq Copenhagen,DKK,20260706_173316
2026-07-06 11:13:00+02:00,326.25,326.29998779296875,326.25,326.29998779296875,273,NOVO-B.CO,Novo Nordisk,Nasdaq Copenhagen,DKK,20260706_173316
2026-07-06 11:14:00+02:00,326.20001220703125,326.25,326.20001220703125,326.25,407,NOVO-B.CO,Novo Nordisk,Nasdaq Copenhagen,DKK,20260706_173316
2026-07-06 11:15:00+02:00,326.25,326.45001220703125,326.25,326.29998779296875,1400,NOVO-B.CO,Novo Nordisk,Nasdaq Copenhagen,DKK,20260706_173316
2026-07-06 11:16:00+02:00,326.3500061035156,326.3500061035156,326.25,326.25,83,NOVO-B.CO,Novo Nordisk,Nasdaq Copenhagen,DKK,20260706_173316
2026-07-06 11:17:00+02:00,326.3999938964844,326.3999938964844,326.25,326.3500061035156,346,NOVO-B.CO,Novo Nordisk,Nasdaq Copenhagen,DKK,20260706_173316
2026-07-06 11:18:00+02:00,326.29998779296875,326.3999938964844,326.29998779296875,326.3999938964844,826,NOVO-B.CO,Novo Nordisk,Nasdaq Copenhagen,DKK,20260706_173316
2026-07-06 11:19:00+02:00,326.29998779296875,326.3999938964844,326.25,326.25,298,NOVO-B.CO,Novo Nordisk,Nasdaq Copenhagen,DKK,20260706_173316
2026-07-06 11:20:00+02:00,326.25,326.29998779296875,326.25,326.29998779296875,341,NOVO-B.CO,Novo Nordisk,Nasdaq Copenhagen,DKK,20260706_173316
2026-07-06 11:21:00+02:00,326.3500061035156,326.3999938964844,326.29998779296875,326.29998779296875,302,NOVO-B.CO,Novo Nordisk,Nasdaq Copenhagen,DKK,20260706_173316
2026-07-06 11:23:00+02:00,326.29998779296875,326.54998779296875,326.29998779296875,326.3500061035156,2386,NOVO-B.CO,Novo Nordisk,Nasdaq Copenhagen,DKK,20260706_173316
2026-07-06 11:24:00+02:00,326.1499938964844,326.29998779296875,326.04998779296875,326.29998779296875,880,NOVO-B.CO,Novo Nordisk,Nasdaq Copenhagen,DKK,20260706_173316
2026-07-06 11:25:00+02:00,326.20001220703125,326.20001220703125,326.04998779296875,326.1499938964844,1010,NOVO-B.CO,Novo Nordisk,Nasdaq Copenhagen,DKK,20260706_173316
2026-07-06 11:26:00+02:00,326.25,326.25,326.1000061035156,326.1000061035156,475,NOVO-B.CO,Novo Nordisk,Nasdaq Copenhagen,DKK,20260706_173316
2026-07-06 11:27:00+02:00,326.54998779296875,326.54998779296875,326.25,326.25,337,NOVO-B.CO,Novo Nordisk,Nasdaq Copenhagen,DKK,20260706_173316
2026-07-06 11:28:00+02:00,326.3500061035156,326.5,326.1000061035156,326.5,8971,NOVO-B.CO,Novo Nordisk,Nasdaq Copenhagen,DKK,20260706_173316
2026-07-06 11:29:00+02:00,326.6000061035156,326.6000061035156,326.29998779296875,326.29998779296875,1271,NOVO-B.CO,Novo Nordisk,Nasdaq Copenhagen,DKK,20260706_173316
2026-07-06 11:30:00+02:00,326.5,326.5,326.3999938964844,326.45001220703125,1207,NOVO-B.CO,Novo Nordisk,Nasdaq Copenhagen,DKK,20260706_173316
2026-07-06 11:31:00+02:00,326.45001220703125,326.54998779296875,326.45001220703125,326.54998779296875,317,NOVO-B.CO,Novo Nordisk,Nasdaq Copenhagen,DKK,20260706_173316
2026-07-06 11:32:00+02:00,326.45001220703125,326.45001220703125,326.45001220703125,326.45001220703125,7,NOVO-B.CO,Novo Nordisk,Nasdaq Copenhagen,DKK,20260706_173316
2026-07-06 11:33:00+02:00,326.25,326.3999938964844,326.25,326.3999938964844,441,NOVO-B.CO,Novo Nordisk,Nasdaq Copenhagen,DKK,20260706_173316
2026-07-06 11:34:00+02:00,326.3999938964844,326.3999938964844,326.20001220703125,326.25,196,NOVO-B.CO,Novo Nordisk,Nasdaq Copenhagen,DKK,20260706_173316
2026-07-06 11:35:00+02:00,326.3999938964844,326.45001220703125,326.3999938964844,326.45001220703125,447,NOVO-B.CO,Novo Nordisk,Nasdaq Copenhagen,DKK,20260706_173316
2026-07-06 11:36:00+02:00,326.5,326.5,326.45001220703125,326.45001220703125,311,NOVO-B.CO,Novo Nordisk,Nasdaq Copenhagen,DKK,20260706_173316
2026-07-06 11:37:00+02:00,326.3500061035156,326.5,326.3500061035156,326.5,844,NOVO-B.CO,Novo Nordisk,Nasdaq Copenhagen,DKK,20260706_173316
2026-07-06 11:38:00+02:00,326.04998779296875,326.3500061035156,326.0,326.3500061035156,4079,NOVO-B.CO,Novo Nordisk,Nasdaq Copenhagen,DKK,20260706_173316
2026-07-06 11:39:00+02:00,325.8500061035156,326.04998779296875,325.8500061035156,326.0,3289,NOVO-B.CO,Novo Nordisk,Nasdaq Copenhagen,DKK,20260706_173316
2026-07-06 11:40:00+02:00,325.95001220703125,326.04998779296875,325.8999938964844,325.95001220703125,1924,NOVO-B.CO,Novo Nordisk,Nasdaq Copenhagen,DKK,20260706_173316
2026-07-06 11:41:00+02:00,325.8999938964844,325.95001220703125,325.8999938964844,325.95001220703125,451,NOVO-B.CO,Novo Nordisk,Nasdaq Copenhagen,DKK,20260706_173316
2026-07-06 11:42:00+02:00,325.95001220703125,326.04998779296875,325.95001220703125,325.95001220703125,1539,NOVO-B.CO,Novo Nordisk,Nasdaq Copenhagen,DKK,20260706_173316
2026-07-06 11:43:00+02:00,326.1000061035156,326.1000061035156,325.8999938964844,325.8999938964844,6459,NOVO-B.CO,Novo Nordisk,Nasdaq Copenhagen,DKK,20260706_173316
2026-07-06 11:44:00+02:00,326.1000061035156,326.1499938964844,326.04998779296875,326.04998779296875,644,NOVO-B.CO,Novo Nordisk,Nasdaq Copenhagen,DKK,20260706_173316
2026-07-06 11:45:00+02:00,325.79998779296875,326.04998779296875,325.75,326.0,5103,NOVO-B.CO,Novo Nordisk,Nasdaq Copenhagen,DKK,20260706_173316
2026-07-06 11:46:00+02:00,326.1000061035156,326.1000061035156,325.75,325.79998779296875,1782,NOVO-B.CO,Novo Nordisk,Nasdaq Copenhagen,DKK,20260706_173316
2026-07-06 11:47:00+02:00,326.0,326.0,326.0,326.0,23,NOVO-B.CO,Novo Nordisk,Nasdaq Copenhagen,DKK,20260706_173316
2026-07-06 11:48:00+02:00,326.0,326.1000061035156,326.0,326.04998779296875,392,NOVO-B.CO,Novo Nordisk,Nasdaq Copenhagen,DKK,20260706_173316
2026-07-06 11:49:00+02:00,326.1499938964844,326.1499938964844,326.0,326.0,575,NOVO-B.CO,Novo Nordisk,Nasdaq Copenhagen,DKK,20260706_173316
2026-07-06 11:50:00+02:00,326.20001220703125,326.29998779296875,326.1499938964844,326.1499938964844,468,NOVO-B.CO,Novo Nordisk,Nasdaq Copenhagen,DKK,20260706_173316
2026-07-06 11:51:00+02:00,326.1499938964844,326.3500061035156,326.1499938964844,326.20001220703125,1902,NOVO-B.CO,Novo Nordisk,Nasdaq Copenhagen,DKK,20260706_173316
2026-07-06 11:52:00+02:00,326.1499938964844,326.1499938964844,326.04998779296875,326.1000061035156,399,NOVO-B.CO,Novo Nordisk,Nasdaq Copenhagen,DKK,20260706_173316
2026-07-06 11:53:00+02:00,326.1499938964844,326.25,326.04998779296875,326.04998779296875,1703,NOVO-B.CO,Novo Nordisk,Nasdaq Copenhagen,DKK,20260706_173316
2026-07-06 11:54:00+02:00,326.04998779296875,326.20001220703125,326.04998779296875,326.20001220703125,357,NOVO-B.CO,Novo Nordisk,Nasdaq Copenhagen,DKK,20260706_173316
2026-07-06 11:55:00+02:00,326.04998779296875,326.1499938964844,326.04998779296875,326.1000061035156,566,NOVO-B.CO,Novo Nordisk,Nasdaq Copenhagen,DKK,20260706_173316
2026-07-06 11:56:00+02:00,326.1000061035156,326.1000061035156,326.0,326.0,201,NOVO-B.CO,Novo Nordisk,Nasdaq Copenhagen,DKK,20260706_173316
2026-07-06 11:57:00+02:00,325.6000061035156,326.04998779296875,325.54998779296875,326.04998779296875,13545,NOVO-B.CO,Novo Nordisk,Nasdaq Copenhagen,DKK,20260706_173316
2026-07-06 11:58:00+02:00,325.54998779296875,325.6000061035156,325.54998779296875,325.6000061035156,497,NOVO-B.CO,Novo Nordisk,Nasdaq Copenhagen,DKK,20260706_173316
2026-07-06 11:59:00+02:00,325.5,325.6000061035156,325.5,325.5,502,NOVO-B.CO,Novo Nordisk,Nasdaq Copenhagen,DKK,20260706_173316
2026-07-06 12:00:00+02:00,325.45001220703125,325.6000061035156,325.45001220703125,325.6000061035156,2684,NOVO-B.CO,Novo Nordisk,Nasdaq Copenhagen,DKK,20260706_173316
2026-07-06 12:01:00+02:00,325.54998779296875,325.54998779296875,325.3999938964844,325.3999938964844,1213,NOVO-B.CO,Novo Nordisk,Nasdaq Copenhagen,DKK,20260706_173316
2026-07-06 12:02:00+02:00,325.6499938964844,325.70001220703125,325.6000061035156,325.6499938964844,1502,NOVO-B.CO,Novo Nordisk,Nasdaq Copenhagen,DKK,20260706_173316
2026-07-06 12:03:00+02:00,325.54998779296875,325.6499938964844,325.54998779296875,325.6499938964844,374,NOVO-B.CO,Novo Nordisk,Nasdaq Copenhagen,DKK,20260706_173316
2026-07-06 12:04:00+02:00,325.75,325.79998779296875,325.6499938964844,325.6499938964844,848,NOVO-B.CO,Novo Nordisk,Nasdaq Copenhagen,DKK,20260706_173316
2026-07-06 12:05:00+02:00,325.75,325.79998779296875,325.6499938964844,325.75,527,NOVO-B.CO,Novo Nordisk,Nasdaq Copenhagen,DKK,20260706_173316
2026-07-06 12:06:00+02:00,325.6499938964844,325.6499938964844,325.6499938964844,325.6499938964844,12,NOVO-B.CO,Novo Nordisk,Nasdaq Copenhagen,DKK,20260706_173316
2026-07-06 12:07:00+02:00,325.6499938964844,325.79998779296875,325.6499938964844,325.79998779296875,2530,NOVO-B.CO,Novo Nordisk,Nasdaq Copenhagen,DKK,20260706_173316
2026-07-06 12:08:00+02:00,325.54998779296875,325.75,325.54998779296875,325.70001220703125,904,NOVO-B.CO,Novo Nordisk,Nasdaq Copenhagen,DKK,20260706_173316
2026-07-06 12:09:00+02:00,325.54998779296875,325.54998779296875,325.54998779296875,325.54998779296875,459,NOVO-B.CO,Novo Nordisk,Nasdaq Copenhagen,DKK,20260706_173316
2026-07-06 12:10:00+02:00,325.45001220703125,325.5,325.45001220703125,325.5,471,NOVO-B.CO,Novo Nordisk,Nasdaq Copenhagen,DKK,20260706_173316
2026-07-06 12:11:00+02:00,325.6000061035156,325.70001220703125,325.5,325.5,766,NOVO-B.CO,Novo Nordisk,Nasdaq Copenhagen,DKK,20260706_173316
2026-07-06 12:12:00+02:00,325.45001220703125,325.6000061035156,325.45001220703125,325.6000061035156,573,NOVO-B.CO,Novo Nordisk,Nasdaq Copenhagen,DKK,20260706_173316
2026-07-06 12:13:00+02:00,325.29998779296875,325.45001220703125,325.29998779296875,325.45001220703125,913,NOVO-B.CO,Novo Nordisk,Nasdaq Copenhagen,DKK,20260706_173316
2026-07-06 12:14:00+02:00,325.45001220703125,325.45001220703125,325.29998779296875,325.29998779296875,898,NOVO-B.CO,Novo Nordisk,Nasdaq Copenhagen,DKK,20260706_173316
2026-07-06 12:15:00+02:00,325.25,325.29998779296875,325.25,325.29998779296875,179,NOVO-B.CO,Novo Nordisk,Nasdaq Copenhagen,DKK,20260706_173316
2026-07-06 12:16:00+02:00,325.25,325.45001220703125,325.25,325.29998779296875,3018,NOVO-B.CO,Novo Nordisk,Nasdaq Copenhagen,DKK,20260706_173316
2026-07-06 12:17:00+02:00,325.29998779296875,325.3500061035156,325.20001220703125,325.3500061035156,739,NOVO-B.CO,Novo Nordisk,Nasdaq Copenhagen,DKK,20260706_173316
2026-07-06 12:18:00+02:00,325.3500061035156,325.3500061035156,325.29998779296875,325.3500061035156,6829,NOVO-B.CO,Novo Nordisk,Nasdaq Copenhagen,DKK,20260706_173316
2026-07-06 12:19:00+02:00,325.3999938964844,325.3999938964844,325.25,325.25,2764,NOVO-B.CO,Novo Nordisk,Nasdaq Copenhagen,DKK,20260706_173316
2026-07-06 12:20:00+02:00,325.3500061035156,325.3999938964844,325.25,325.3999938964844,2070,NOVO-B.CO,Novo Nordisk,Nasdaq Copenhagen,DKK,20260706_173316
2026-07-06 12:21:00+02:00,324.8999938964844,325.20001220703125,324.8999938964844,325.20001220703125,11289,NOVO-B.CO,Novo Nordisk,Nasdaq Copenhagen,DKK,20260706_173316
2026-07-06 12:22:00+02:00,324.8500061035156,324.8999938964844,324.79998779296875,324.8500061035156,1753,NOVO-B.CO,Novo Nordisk,Nasdaq Copenhagen,DKK,20260706_173316
2026-07-06 12:23:00+02:00,324.8999938964844,324.95001220703125,324.8500061035156,324.8500061035156,161,NOVO-B.CO,Novo Nordisk,Nasdaq Copenhagen,DKK,20260706_173316
2026-07-06 12:24:00+02:00,324.8500061035156,325.0,324.79998779296875,324.8500061035156,3555,NOVO-B.CO,Novo Nordisk,Nasdaq Copenhagen,DKK,20260706_173316
2026-07-06 12:25:00+02:00,324.95001220703125,325.0,324.79998779296875,324.95001220703125,560,NOVO-B.CO,Novo Nordisk,Nasdaq Copenhagen,DKK,20260706_173316
2026-07-06 12:26:00+02:00,324.79998779296875,324.95001220703125,324.79998779296875,324.8500061035156,1427,NOVO-B.CO,Novo Nordisk,Nasdaq Copenhagen,DKK,20260706_173316
2026-07-06 12:27:00+02:00,324.70001220703125,324.79998779296875,324.6499938964844,324.79998779296875,1296,NOVO-B.CO,Novo Nordisk,Nasdaq Copenhagen,DKK,20260706_173316
2026-07-06 12:28:00+02:00,324.5,324.75,324.5,324.75,3518,NOVO-B.CO,Novo Nordisk,Nasdaq Copenhagen,DKK,20260706_173316
2026-07-06 12:29:00+02:00,324.70001220703125,324.70001220703125,324.45001220703125,324.54998779296875,7113,NOVO-B.CO,Novo Nordisk,Nasdaq Copenhagen,DKK,20260706_173316
2026-07-06 12:30:00+02:00,324.75,324.79998779296875,324.70001220703125,324.75,1897,NOVO-B.CO,Novo Nordisk,Nasdaq Copenhagen,DKK,20260706_173316
2026-07-06 12:31:00+02:00,324.6000061035156,324.79998779296875,324.6000061035156,324.79998779296875,910,NOVO-B.CO,Novo Nordisk,Nasdaq Copenhagen,DKK,20260706_173316
2026-07-06 12:32:00+02:00,324.6000061035156,324.6000061035156,324.6000061035156,324.6000061035156,195,NOVO-B.CO,Novo Nordisk,Nasdaq Copenhagen,DKK,20260706_173316
2026-07-06 12:33:00+02:00,324.29998779296875,324.6000061035156,324.0,324.54998779296875,9809,NOVO-B.CO,Novo Nordisk,Nasdaq Copenhagen,DKK,20260706_173316
2026-07-06 12:34:00+02:00,324.3500061035156,324.3500061035156,324.3500061035156,324.3500061035156,110,NOVO-B.CO,Novo Nordisk,Nasdaq Copenhagen,DKK,20260706_173316
2026-07-06 12:35:00+02:00,324.54998779296875,324.54998779296875,324.1499938964844,324.29998779296875,3105,NOVO-B.CO,Novo Nordisk,Nasdaq Copenhagen,DKK,20260706_173316
2026-07-06 12:36:00+02:00,324.5,324.6000061035156,324.3999938964844,324.45001220703125,1236,NOVO-B.CO,Novo Nordisk,Nasdaq Copenhagen,DKK,20260706_173316
2026-07-06 12:37:00+02:00,324.54998779296875,324.6000061035156,324.3999938964844,324.5,835,NOVO-B.CO,Novo Nordisk,Nasdaq Copenhagen,DKK,20260706_173316
2026-07-06 12:38:00+02:00,324.54998779296875,324.6000061035156,324.45001220703125,324.6000061035156,1082,NOVO-B.CO,Novo Nordisk,Nasdaq Copenhagen,DKK,20260706_173316
2026-07-06 12:39:00+02:00,324.54998779296875,324.54998779296875,324.54998779296875,324.54998779296875,502,NOVO-B.CO,Novo Nordisk,Nasdaq Copenhagen,DKK,20260706_173316
2026-07-06 12:40:00+02:00,324.54998779296875,324.54998779296875,324.54998779296875,324.54998779296875,410,NOVO-B.CO,Novo Nordisk,Nasdaq Copenhagen,DKK,20260706_173316
2026-07-06 12:41:00+02:00,324.5,324.5,324.45001220703125,324.45001220703125,1013,NOVO-B.CO,Novo Nordisk,Nasdaq Copenhagen,DKK,20260706_173316
2026-07-06 12:42:00+02:00,324.6000061035156,324.6499938964844,324.5,324.5,536,NOVO-B.CO,Novo Nordisk,Nasdaq Copenhagen,DKK,20260706_173316
2026-07-06 12:43:00+02:00,324.6000061035156,324.6499938964844,324.5,324.6499938964844,1032,NOVO-B.CO,Novo Nordisk,Nasdaq Copenhagen,DKK,20260706_173316
2026-07-06 12:44:00+02:00,324.54998779296875,324.54998779296875,324.54998779296875,324.54998779296875,130,NOVO-B.CO,Novo Nordisk,Nasdaq Copenhagen,DKK,20260706_173316
2026-07-06 12:45:00+02:00,324.3500061035156,324.70001220703125,324.3500061035156,324.6000061035156,2915,NOVO-B.CO,Novo Nordisk,Nasdaq Copenhagen,DKK,20260706_173316
2026-07-06 12:46:00+02:00,324.1499938964844,324.25,324.1499938964844,324.20001220703125,2485,NOVO-B.CO,Novo Nordisk,Nasdaq Copenhagen,DKK,20260706_173316
2026-07-06 12:47:00+02:00,324.25,324.29998779296875,324.1499938964844,324.1499938964844,1423,NOVO-B.CO,Novo Nordisk,Nasdaq Copenhagen,DKK,20260706_173316
2026-07-06 12:48:00+02:00,324.20001220703125,324.29998779296875,324.20001220703125,324.25,173,NOVO-B.CO,Novo Nordisk,Nasdaq Copenhagen,DKK,20260706_173316
2026-07-06 12:49:00+02:00,324.20001220703125,324.29998779296875,324.20001220703125,324.29998779296875,41,NOVO-B.CO,Novo Nordisk,Nasdaq Copenhagen,DKK,20260706_173316
2026-07-06 12:50:00+02:00,324.20001220703125,324.29998779296875,324.20001220703125,324.29998779296875,122,NOVO-B.CO,Novo Nordisk,Nasdaq Copenhagen,DKK,20260706_173316
2026-07-06 12:51:00+02:00,324.25,324.25,324.20001220703125,324.20001220703125,263,NOVO-B.CO,Novo Nordisk,Nasdaq Copenhagen,DKK,20260706_173316
2026-07-06 12:52:00+02:00,324.25,324.29998779296875,324.25,324.29998779296875,591,NOVO-B.CO,Novo Nordisk,Nasdaq Copenhagen,DKK,20260706_173316
2026-07-06 12:53:00+02:00,324.29998779296875,324.29998779296875,324.1499938964844,324.20001220703125,1113,NOVO-B.CO,Novo Nordisk,Nasdaq Copenhagen,DKK,20260706_173316
2026-07-06 12:54:00+02:00,324.20001220703125,324.20001220703125,324.1000061035156,324.20001220703125,846,NOVO-B.CO,Novo Nordisk,Nasdaq Copenhagen,DKK,20260706_173316
2026-07-06 12:55:00+02:00,324.3500061035156,324.3500061035156,324.20001220703125,324.20001220703125,2781,NOVO-B.CO,Novo Nordisk,Nasdaq Copenhagen,DKK,20260706_173316
2026-07-06 12:56:00+02:00,324.25,324.45001220703125,324.20001220703125,324.45001220703125,791,NOVO-B.CO,Novo Nordisk,Nasdaq Copenhagen,DKK,20260706_173316
2026-07-06 12:57:00+02:00,324.0,324.20001220703125,324.0,324.20001220703125,2768,NOVO-B.CO,Novo Nordisk,Nasdaq Copenhagen,DKK,20260706_173316
2026-07-06 12:58:00+02:00,323.8999938964844,323.95001220703125,323.8999938964844,323.95001220703125,955,NOVO-B.CO,Novo Nordisk,Nasdaq Copenhagen,DKK,20260706_173316
2026-07-06 12:59:00+02:00,324.0,324.0,323.95001220703125,323.95001220703125,406,NOVO-B.CO,Novo Nordisk,Nasdaq Copenhagen,DKK,20260706_173316
2026-07-06 13:00:00+02:00,324.0,324.04998779296875,324.0,324.0,540,NOVO-B.CO,Novo Nordisk,Nasdaq Copenhagen,DKK,20260706_173316
2026-07-06 13:01:00+02:00,323.8999938964844,324.0,323.8999938964844,324.0,2406,NOVO-B.CO,Novo Nordisk,Nasdaq Copenhagen,DKK,20260706_173316
2026-07-06 13:02:00+02:00,323.8500061035156,323.95001220703125,323.6499938964844,323.875,3421,NOVO-B.CO,Novo Nordisk,Nasdaq Copenhagen,DKK,20260706_173316
2026-07-06 13:03:00+02:00,323.8500061035156,323.8500061035156,323.79998779296875,323.79998779296875,33,NOVO-B.CO,Novo Nordisk,Nasdaq Copenhagen,DKK,20260706_173316
2026-07-06 13:04:00+02:00,323.95001220703125,323.95001220703125,323.79998779296875,323.79998779296875,296,NOVO-B.CO,Novo Nordisk,Nasdaq Copenhagen,DKK,20260706_173316
2026-07-06 13:05:00+02:00,323.8999938964844,323.8999938964844,323.8500061035156,323.8999938964844,773,NOVO-B.CO,Novo Nordisk,Nasdaq Copenhagen,DKK,20260706_173316
2026-07-06 13:06:00+02:00,324.0,324.04998779296875,323.95001220703125,323.95001220703125,1060,NOVO-B.CO,Novo Nordisk,Nasdaq Copenhagen,DKK,20260706_173316
2026-07-06 13:07:00+02:00,324.04998779296875,324.1499938964844,324.0,324.0,2684,NOVO-B.CO,Novo Nordisk,Nasdaq Copenhagen,DKK,20260706_173316
2026-07-06 13:08:00+02:00,324.1499938964844,324.1499938964844,324.04998779296875,324.04998779296875,111,NOVO-B.CO,Novo Nordisk,Nasdaq Copenhagen,DKK,20260706_173316
2026-07-06 13:09:00+02:00,324.1499938964844,324.25,324.1000061035156,324.25,2725,NOVO-B.CO,Novo Nordisk,Nasdaq Copenhagen,DKK,20260706_173316
2026-07-06 13:10:00+02:00,324.1499938964844,324.20001220703125,324.1499938964844,324.1499938964844,1950,NOVO-B.CO,Novo Nordisk,Nasdaq Copenhagen,DKK,20260706_173316
2026-07-06 13:11:00+02:00,324.1000061035156,324.20001220703125,324.1000061035156,324.1499938964844,2119,NOVO-B.CO,Novo Nordisk,Nasdaq Copenhagen,DKK,20260706_173316
2026-07-06 13:12:00+02:00,324.04998779296875,324.20001220703125,323.95001220703125,324.20001220703125,3154,NOVO-B.CO,Novo Nordisk,Nasdaq Copenhagen,DKK,20260706_173316
2026-07-06 13:13:00+02:00,324.1499938964844,324.1499938964844,324.1000061035156,324.1000061035156,301,NOVO-B.CO,Novo Nordisk,Nasdaq Copenhagen,DKK,20260706_173316
2026-07-06 13:14:00+02:00,324.1000061035156,324.1000061035156,324.1000061035156,324.1000061035156,24,NOVO-B.CO,Novo Nordisk,Nasdaq Copenhagen,DKK,20260706_173316
2026-07-06 13:15:00+02:00,324.1499938964844,324.1499938964844,324.1499938964844,324.1499938964844,205,NOVO-B.CO,Novo Nordisk,Nasdaq Copenhagen,DKK,20260706_173316
2026-07-06 13:16:00+02:00,324.20001220703125,324.20001220703125,324.1499938964844,324.1499938964844,473,NOVO-B.CO,Novo Nordisk,Nasdaq Copenhagen,DKK,20260706_173316
2026-07-06 13:17:00+02:00,324.1499938964844,324.20001220703125,324.1000061035156,324.20001220703125,752,NOVO-B.CO,Novo Nordisk,Nasdaq Copenhagen,DKK,20260706_173316
2026-07-06 13:18:00+02:00,324.0,324.1000061035156,324.0,324.1000061035156,1280,NOVO-B.CO,Novo Nordisk,Nasdaq Copenhagen,DKK,20260706_173316
2026-07-06 13:19:00+02:00,323.8999938964844,324.0,323.8999938964844,324.0,1518,NOVO-B.CO,Novo Nordisk,Nasdaq Copenhagen,DKK,20260706_173316
2026-07-06 13:20:00+02:00,323.8500061035156,323.8999938964844,323.8500061035156,323.8999938964844,1903,NOVO-B.CO,Novo Nordisk,Nasdaq Copenhagen,DKK,20260706_173316
2026-07-06 13:21:00+02:00,323.8999938964844,323.8999938964844,323.79998779296875,323.79998779296875,176,NOVO-B.CO,Novo Nordisk,Nasdaq Copenhagen,DKK,20260706_173316
2026-07-06 13:22:00+02:00,324.0,324.04998779296875,323.8999938964844,323.8999938964844,1735,NOVO-B.CO,Novo Nordisk,Nasdaq Copenhagen,DKK,20260706_173316
2026-07-06 13:23:00+02:00,324.1499938964844,324.1499938964844,324.0,324.0,1677,NOVO-B.CO,Novo Nordisk,Nasdaq Copenhagen,DKK,20260706_173316
2026-07-06 13:24:00+02:00,324.1499938964844,324.20001220703125,324.1000061035156,324.1000061035156,1767,NOVO-B.CO,Novo Nordisk,Nasdaq Copenhagen,DKK,20260706_173316
2026-07-06 13:25:00+02:00,324.5,324.5,324.1499938964844,324.20001220703125,3589,NOVO-B.CO,Novo Nordisk,Nasdaq Copenhagen,DKK,20260706_173316
2026-07-06 13:26:00+02:00,324.45001220703125,324.6000061035156,324.45001220703125,324.5,1215,NOVO-B.CO,Novo Nordisk,Nasdaq Copenhagen,DKK,20260706_173316
2026-07-06 13:27:00+02:00,324.45001220703125,324.45001220703125,324.45001220703125,324.45001220703125,28,NOVO-B.CO,Novo Nordisk,Nasdaq Copenhagen,DKK,20260706_173316
2026-07-06 13:28:00+02:00,324.5,324.54998779296875,324.45001220703125,324.45001220703125,4045,NOVO-B.CO,Novo Nordisk,Nasdaq Copenhagen,DKK,20260706_173316
2026-07-06 13:29:00+02:00,324.29998779296875,324.3999938964844,324.29998779296875,324.3999938964844,1905,NOVO-B.CO,Novo Nordisk,Nasdaq Copenhagen,DKK,20260706_173316
2026-07-06 13:30:00+02:00,324.25,324.3999938964844,324.1499938964844,324.3999938964844,15997,NOVO-B.CO,Novo Nordisk,Nasdaq Copenhagen,DKK,20260706_173316
2026-07-06 13:31:00+02:00,324.3500061035156,324.3999938964844,324.25,324.29998779296875,2390,NOVO-B.CO,Novo Nordisk,Nasdaq Copenhagen,DKK,20260706_173316
2026-07-06 13:32:00+02:00,324.1499938964844,324.3999938964844,324.1499938964844,324.3500061035156,1686,NOVO-B.CO,Novo Nordisk,Nasdaq Copenhagen,DKK,20260706_173316
2026-07-06 13:33:00+02:00,324.29998779296875,324.3500061035156,324.20001220703125,324.20001220703125,1512,NOVO-B.CO,Novo Nordisk,Nasdaq Copenhagen,DKK,20260706_173316
2026-07-06 13:34:00+02:00,324.3500061035156,324.3500061035156,324.3500061035156,324.3500061035156,718,NOVO-B.CO,Novo Nordisk,Nasdaq Copenhagen,DKK,20260706_173316
2026-07-06 13:35:00+02:00,324.45001220703125,324.45001220703125,324.3500061035156,324.3500061035156,850,NOVO-B.CO,Novo Nordisk,Nasdaq Copenhagen,DKK,20260706_173316
2026-07-06 13:36:00+02:00,324.3999938964844,324.5,324.3999938964844,324.5,659,NOVO-B.CO,Novo Nordisk,Nasdaq Copenhagen,DKK,20260706_173316
2026-07-06 13:37:00+02:00,324.3999938964844,324.5,324.3999938964844,324.3999938964844,342,NOVO-B.CO,Novo Nordisk,Nasdaq Copenhagen,DKK,20260706_173316
2026-07-06 13:38:00+02:00,324.3999938964844,324.45001220703125,324.3999938964844,324.3999938964844,136,NOVO-B.CO,Novo Nordisk,Nasdaq Copenhagen,DKK,20260706_173316
2026-07-06 13:39:00+02:00,324.54998779296875,324.54998779296875,324.5,324.5,750,NOVO-B.CO,Novo Nordisk,Nasdaq Copenhagen,DKK,20260706_173316
2026-07-06 13:40:00+02:00,324.54998779296875,324.54998779296875,324.54998779296875,324.54998779296875,274,NOVO-B.CO,Novo Nordisk,Nasdaq Copenhagen,DKK,20260706_173316
2026-07-06 13:41:00+02:00,324.54998779296875,324.54998779296875,324.45001220703125,324.45001220703125,1893,NOVO-B.CO,Novo Nordisk,Nasdaq Copenhagen,DKK,20260706_173316
2026-07-06 13:42:00+02:00,324.6000061035156,324.6000061035156,324.6000061035156,324.6000061035156,574,NOVO-B.CO,Novo Nordisk,Nasdaq Copenhagen,DKK,20260706_173316
2026-07-06 13:43:00+02:00,324.6000061035156,324.6499938964844,324.54998779296875,324.54998779296875,560,NOVO-B.CO,Novo Nordisk,Nasdaq Copenhagen,DKK,20260706_173316
2026-07-06 13:44:00+02:00,324.70001220703125,324.75,324.6000061035156,324.6000061035156,1660,NOVO-B.CO,Novo Nordisk,Nasdaq Copenhagen,DKK,20260706_173316
2026-07-06 13:45:00+02:00,324.6000061035156,324.79998779296875,324.6000061035156,324.79998779296875,2639,NOVO-B.CO,Novo Nordisk,Nasdaq Copenhagen,DKK,20260706_173316
2026-07-06 13:46:00+02:00,324.45001220703125,324.6499938964844,324.45001220703125,324.6499938964844,1121,NOVO-B.CO,Novo Nordisk,Nasdaq Copenhagen,DKK,20260706_173316
2026-07-06 13:47:00+02:00,324.5,324.6499938964844,324.3999938964844,324.54998779296875,2961,NOVO-B.CO,Novo Nordisk,Nasdaq Copenhagen,DKK,20260706_173316
2026-07-06 13:48:00+02:00,324.25,324.45001220703125,324.25,324.45001220703125,3991,NOVO-B.CO,Novo Nordisk,Nasdaq Copenhagen,DKK,20260706_173316
2026-07-06 13:49:00+02:00,324.1499938964844,324.29998779296875,324.1499938964844,324.29998779296875,2460,NOVO-B.CO,Novo Nordisk,Nasdaq Copenhagen,DKK,20260706_173316
2026-07-06 13:50:00+02:00,324.20001220703125,324.20001220703125,324.04998779296875,324.20001220703125,448,NOVO-B.CO,Novo Nordisk,Nasdaq Copenhagen,DKK,20260706_173316
2026-07-06 13:51:00+02:00,323.79998779296875,324.1000061035156,323.79998779296875,324.1000061035156,7953,NOVO-B.CO,Novo Nordisk,Nasdaq Copenhagen,DKK,20260706_173316
2026-07-06 13:52:00+02:00,323.3999938964844,323.79998779296875,323.29998779296875,323.79998779296875,10583,NOVO-B.CO,Novo Nordisk,Nasdaq Copenhagen,DKK,20260706_173316
2026-07-06 13:53:00+02:00,322.70001220703125,323.3500061035156,322.70001220703125,323.29998779296875,13856,NOVO-B.CO,Novo Nordisk,Nasdaq Copenhagen,DKK,20260706_173316
2026-07-06 13:54:00+02:00,322.8999938964844,323.0,322.54998779296875,322.6000061035156,10506,NOVO-B.CO,Novo Nordisk,Nasdaq Copenhagen,DKK,20260706_173316
2026-07-06 13:55:00+02:00,323.25,323.3500061035156,322.95001220703125,322.95001220703125,4749,NOVO-B.CO,Novo Nordisk,Nasdaq Copenhagen,DKK,20260706_173316
2026-07-06 13:56:00+02:00,323.20001220703125,323.3500061035156,323.1000061035156,323.3500061035156,936,NOVO-B.CO,Novo Nordisk,Nasdaq Copenhagen,DKK,20260706_173316
2026-07-06 13:57:00+02:00,322.8999938964844,323.04998779296875,322.8500061035156,323.04998779296875,1346,NOVO-B.CO,Novo Nordisk,Nasdaq Copenhagen,DKK,20260706_173316
2026-07-06 13:58:00+02:00,323.0,323.0,322.8999938964844,322.8999938964844,2211,NOVO-B.CO,Novo Nordisk,Nasdaq Copenhagen,DKK,20260706_173316
2026-07-06 13:59:00+02:00,323.1000061035156,323.1499938964844,323.0,323.1000061035156,443,NOVO-B.CO,Novo Nordisk,Nasdaq Copenhagen,DKK,20260706_173316
2026-07-06 14:00:00+02:00,323.1499938964844,323.1499938964844,323.1000061035156,323.1499938964844,374,NOVO-B.CO,Novo Nordisk,Nasdaq Copenhagen,DKK,20260706_173316
2026-07-06 14:01:00+02:00,322.8999938964844,323.1000061035156,322.8500061035156,323.04998779296875,860,NOVO-B.CO,Novo Nordisk,Nasdaq Copenhagen,DKK,20260706_173316
2026-07-06 14:02:00+02:00,322.8500061035156,322.8999938964844,322.75,322.79998779296875,673,NOVO-B.CO,Novo Nordisk,Nasdaq Copenhagen,DKK,20260706_173316
2026-07-06 14:03:00+02:00,323.04998779296875,323.1000061035156,322.79998779296875,322.8500061035156,3027,NOVO-B.CO,Novo Nordisk,Nasdaq Copenhagen,DKK,20260706_173316
2026-07-06 14:04:00+02:00,322.8999938964844,323.04998779296875,322.8999938964844,323.04998779296875,570,NOVO-B.CO,Novo Nordisk,Nasdaq Copenhagen,DKK,20260706_173316
2026-07-06 14:05:00+02:00,323.04998779296875,323.04998779296875,322.79998779296875,322.8999938964844,1925,NOVO-B.CO,Novo Nordisk,Nasdaq Copenhagen,DKK,20260706_173316
2026-07-06 14:06:00+02:00,323.1000061035156,323.1000061035156,322.8999938964844,322.8999938964844,679,NOVO-B.CO,Novo Nordisk,Nasdaq Copenhagen,DKK,20260706_173316
2026-07-06 14:07:00+02:00,322.54998779296875,323.25,322.45001220703125,323.1499938964844,9226,NOVO-B.CO,Novo Nordisk,Nasdaq Copenhagen,DKK,20260706_173316
2026-07-06 14:08:00+02:00,322.75,322.75,322.6000061035156,322.6499938964844,493,NOVO-B.CO,Novo Nordisk,Nasdaq Copenhagen,DKK,20260706_173316
2026-07-06 14:09:00+02:00,322.70001220703125,322.79998779296875,322.6499938964844,322.70001220703125,560,NOVO-B.CO,Novo Nordisk,Nasdaq Copenhagen,DKK,20260706_173316
2026-07-06 14:10:00+02:00,322.8500061035156,322.8500061035156,322.70001220703125,322.70001220703125,937,NOVO-B.CO,Novo Nordisk,Nasdaq Copenhagen,DKK,20260706_173316
2026-07-06 14:11:00+02:00,322.8999938964844,322.8999938964844,322.79998779296875,322.8999938964844,342,NOVO-B.CO,Novo Nordisk,Nasdaq Copenhagen,DKK,20260706_173316
2026-07-06 14:12:00+02:00,322.95001220703125,323.0,322.8999938964844,322.8999938964844,834,NOVO-B.CO,Novo Nordisk,Nasdaq Copenhagen,DKK,20260706_173316
2026-07-06 14:13:00+02:00,323.5,323.6499938964844,323.0,323.0,19772,NOVO-B.CO,Novo Nordisk,Nasdaq Copenhagen,DKK,20260706_173316
2026-07-06 14:14:00+02:00,323.1000061035156,323.45001220703125,323.1000061035156,323.45001220703125,4843,NOVO-B.CO,Novo Nordisk,Nasdaq Copenhagen,DKK,20260706_173316
2026-07-06 14:15:00+02:00,323.1499938964844,323.20001220703125,323.1000061035156,323.1000061035156,728,NOVO-B.CO,Novo Nordisk,Nasdaq Copenhagen,DKK,20260706_173316
2026-07-06 14:16:00+02:00,323.1499938964844,323.1499938964844,323.1499938964844,323.1499938964844,148,NOVO-B.CO,Novo Nordisk,Nasdaq Copenhagen,DKK,20260706_173316
2026-07-06 14:17:00+02:00,323.1499938964844,323.20001220703125,323.1499938964844,323.20001220703125,396,NOVO-B.CO,Novo Nordisk,Nasdaq Copenhagen,DKK,20260706_173316
2026-07-06 14:18:00+02:00,323.29998779296875,323.3500061035156,323.1499938964844,323.1499938964844,2838,NOVO-B.CO,Novo Nordisk,Nasdaq Copenhagen,DKK,20260706_173316
2026-07-06 14:19:00+02:00,323.3999938964844,323.3999938964844,323.29998779296875,323.29998779296875,730,NOVO-B.CO,Novo Nordisk,Nasdaq Copenhagen,DKK,20260706_173316
2026-07-06 14:20:00+02:00,323.29998779296875,323.3999938964844,323.25,323.3500061035156,1549,NOVO-B.CO,Novo Nordisk,Nasdaq Copenhagen,DKK,20260706_173316
2026-07-06 14:21:00+02:00,323.3500061035156,323.3999938964844,323.29998779296875,323.3999938964844,2251,NOVO-B.CO,Novo Nordisk,Nasdaq Copenhagen,DKK,20260706_173316
2026-07-06 14:22:00+02:00,323.45001220703125,323.5,323.3500061035156,323.3500061035156,679,NOVO-B.CO,Novo Nordisk,Nasdaq Copenhagen,DKK,20260706_173316
2026-07-06 14:23:00+02:00,323.3999938964844,323.54998779296875,323.3999938964844,323.54998779296875,929,NOVO-B.CO,Novo Nordisk,Nasdaq Copenhagen,DKK,20260706_173316
2026-07-06 14:24:00+02:00,323.5,323.6000061035156,323.45001220703125,323.45001220703125,1695,NOVO-B.CO,Novo Nordisk,Nasdaq Copenhagen,DKK,20260706_173316
2026-07-06 14:25:00+02:00,323.45001220703125,323.54998779296875,323.3500061035156,323.5,2087,NOVO-B.CO,Novo Nordisk,Nasdaq Copenhagen,DKK,20260706_173316
2026-07-06 14:26:00+02:00,323.6000061035156,323.6499938964844,323.54998779296875,323.54998779296875,838,NOVO-B.CO,Novo Nordisk,Nasdaq Copenhagen,DKK,20260706_173316
2026-07-06 14:27:00+02:00,323.70001220703125,323.70001220703125,323.70001220703125,323.70001220703125,92,NOVO-B.CO,Novo Nordisk,Nasdaq Copenhagen,DKK,20260706_173316
2026-07-06 14:28:00+02:00,323.8999938964844,323.8999938964844,323.75,323.75,207,NOVO-B.CO,Novo Nordisk,Nasdaq Copenhagen,DKK,20260706_173316
2026-07-06 14:29:00+02:00,324.0,324.0,323.8500061035156,323.8500061035156,2282,NOVO-B.CO,Novo Nordisk,Nasdaq Copenhagen,DKK,20260706_173316
2026-07-06 14:30:00+02:00,324.2250061035156,324.25,324.0,324.0,1674,NOVO-B.CO,Novo Nordisk,Nasdaq Copenhagen,DKK,20260706_173316
2026-07-06 14:31:00+02:00,324.20001220703125,324.29998779296875,324.20001220703125,324.25,870,NOVO-B.CO,Novo Nordisk,Nasdaq Copenhagen,DKK,20260706_173316
2026-07-06 14:32:00+02:00,324.1000061035156,324.1499938964844,324.04998779296875,324.1499938964844,592,NOVO-B.CO,Novo Nordisk,Nasdaq Copenhagen,DKK,20260706_173316
2026-07-06 14:33:00+02:00,324.04998779296875,324.1000061035156,324.0,324.1000061035156,568,NOVO-B.CO,Novo Nordisk,Nasdaq Copenhagen,DKK,20260706_173316
2026-07-06 14:34:00+02:00,324.04998779296875,324.04998779296875,324.0,324.0,3531,NOVO-B.CO,Novo Nordisk,Nasdaq Copenhagen,DKK,20260706_173316
2026-07-06 14:35:00+02:00,324.20001220703125,324.20001220703125,324.0,324.0,489,NOVO-B.CO,Novo Nordisk,Nasdaq Copenhagen,DKK,20260706_173316
2026-07-06 14:36:00+02:00,324.1000061035156,324.1000061035156,324.04998779296875,324.04998779296875,495,NOVO-B.CO,Novo Nordisk,Nasdaq Copenhagen,DKK,20260706_173316
2026-07-06 14:37:00+02:00,323.95001220703125,324.04998779296875,323.8999938964844,324.04998779296875,1339,NOVO-B.CO,Novo Nordisk,Nasdaq Copenhagen,DKK,20260706_173316
2026-07-06 14:38:00+02:00,323.8999938964844,324.0,323.8999938964844,324.0,1084,NOVO-B.CO,Novo Nordisk,Nasdaq Copenhagen,DKK,20260706_173316
2026-07-06 14:39:00+02:00,324.1000061035156,324.1499938964844,323.8500061035156,323.95001220703125,3009,NOVO-B.CO,Novo Nordisk,Nasdaq Copenhagen,DKK,20260706_173316
2026-07-06 14:40:00+02:00,324.3500061035156,324.3500061035156,324.1499938964844,324.1499938964844,1144,NOVO-B.CO,Novo Nordisk,Nasdaq Copenhagen,DKK,20260706_173316
2026-07-06 14:41:00+02:00,324.25,324.25,324.25,324.25,47,NOVO-B.CO,Novo Nordisk,Nasdaq Copenhagen,DKK,20260706_173316
2026-07-06 14:42:00+02:00,324.54998779296875,324.54998779296875,324.25,324.25,2324,NOVO-B.CO,Novo Nordisk,Nasdaq Copenhagen,DKK,20260706_173316
2026-07-06 14:43:00+02:00,324.54998779296875,324.54998779296875,324.3999938964844,324.45001220703125,181,NOVO-B.CO,Novo Nordisk,Nasdaq Copenhagen,DKK,20260706_173316
2026-07-06 14:44:00+02:00,324.45001220703125,324.5,324.3999938964844,324.5,474,NOVO-B.CO,Novo Nordisk,Nasdaq Copenhagen,DKK,20260706_173316
2026-07-06 14:45:00+02:00,324.3999938964844,324.45001220703125,324.3500061035156,324.3500061035156,1187,NOVO-B.CO,Novo Nordisk,Nasdaq Copenhagen,DKK,20260706_173316
2026-07-06 14:46:00+02:00,324.04998779296875,324.3999938964844,324.04998779296875,324.3999938964844,4140,NOVO-B.CO,Novo Nordisk,Nasdaq Copenhagen,DKK,20260706_173316
2026-07-06 14:47:00+02:00,324.0,324.04998779296875,323.8999938964844,324.04998779296875,1229,NOVO-B.CO,Novo Nordisk,Nasdaq Copenhagen,DKK,20260706_173316
2026-07-06 14:48:00+02:00,323.8999938964844,324.04998779296875,323.8500061035156,323.95001220703125,993,NOVO-B.CO,Novo Nordisk,Nasdaq Copenhagen,DKK,20260706_173316
2026-07-06 14:49:00+02:00,323.8999938964844,323.8999938964844,323.79998779296875,323.8999938964844,947,NOVO-B.CO,Novo Nordisk,Nasdaq Copenhagen,DKK,20260706_173316
2026-07-06 14:50:00+02:00,323.75,323.8999938964844,323.75,323.8999938964844,760,NOVO-B.CO,Novo Nordisk,Nasdaq Copenhagen,DKK,20260706_173316
2026-07-06 14:51:00+02:00,323.70001220703125,323.8500061035156,323.70001220703125,323.8500061035156,764,NOVO-B.CO,Novo Nordisk,Nasdaq Copenhagen,DKK,20260706_173316
2026-07-06 14:52:00+02:00,323.70001220703125,323.75,323.70001220703125,323.70001220703125,235,NOVO-B.CO,Novo Nordisk,Nasdaq Copenhagen,DKK,20260706_173316
2026-07-06 14:53:00+02:00,323.79998779296875,323.8999938964844,323.75,323.79998779296875,1929,NOVO-B.CO,Novo Nordisk,Nasdaq Copenhagen,DKK,20260706_173316
2026-07-06 14:54:00+02:00,324.1000061035156,324.1000061035156,323.79998779296875,323.79998779296875,1786,NOVO-B.CO,Novo Nordisk,Nasdaq Copenhagen,DKK,20260706_173316
2026-07-06 14:55:00+02:00,324.04998779296875,324.1499938964844,324.04998779296875,324.1499938964844,918,NOVO-B.CO,Novo Nordisk,Nasdaq Copenhagen,DKK,20260706_173316
2026-07-06 14:56:00+02:00,324.1000061035156,324.1499938964844,324.0,324.0,784,NOVO-B.CO,Novo Nordisk,Nasdaq Copenhagen,DKK,20260706_173316
2026-07-06 14:57:00+02:00,324.3999938964844,324.3999938964844,324.1499938964844,324.1499938964844,1501,NOVO-B.CO,Novo Nordisk,Nasdaq Copenhagen,DKK,20260706_173316
2026-07-06 14:58:00+02:00,324.29998779296875,324.29998779296875,324.25,324.29998779296875,772,NOVO-B.CO,Novo Nordisk,Nasdaq Copenhagen,DKK,20260706_173316
2026-07-06 14:59:00+02:00,324.29998779296875,324.29998779296875,324.25,324.29998779296875,221,NOVO-B.CO,Novo Nordisk,Nasdaq Copenhagen,DKK,20260706_173316
2026-07-06 15:00:00+02:00,324.20001220703125,324.3500061035156,324.20001220703125,324.29998779296875,409,NOVO-B.CO,Novo Nordisk,Nasdaq Copenhagen,DKK,20260706_173316
2026-07-06 15:01:00+02:00,324.20001220703125,324.20001220703125,324.1499938964844,324.20001220703125,929,NOVO-B.CO,Novo Nordisk,Nasdaq Copenhagen,DKK,20260706_173316
2026-07-06 15:02:00+02:00,323.79998779296875,324.1499938964844,323.79998779296875,324.1499938964844,2393,NOVO-B.CO,Novo Nordisk,Nasdaq Copenhagen,DKK,20260706_173316
2026-07-06 15:03:00+02:00,323.8999938964844,323.8999938964844,323.75,323.75,2000,NOVO-B.CO,Novo Nordisk,Nasdaq Copenhagen,DKK,20260706_173316
2026-07-06 15:04:00+02:00,323.6499938964844,323.8500061035156,323.6000061035156,323.8500061035156,1799,NOVO-B.CO,Novo Nordisk,Nasdaq Copenhagen,DKK,20260706_173316
2026-07-06 15:05:00+02:00,323.70001220703125,323.70001220703125,323.54998779296875,323.6000061035156,1254,NOVO-B.CO,Novo Nordisk,Nasdaq Copenhagen,DKK,20260706_173316
2026-07-06 15:06:00+02:00,323.79998779296875,323.8999938964844,323.75,323.75,1117,NOVO-B.CO,Novo Nordisk,Nasdaq Copenhagen,DKK,20260706_173316
2026-07-06 15:07:00+02:00,323.3999938964844,323.8999938964844,323.3999938964844,323.8500061035156,2431,NOVO-B.CO,Novo Nordisk,Nasdaq Copenhagen,DKK,20260706_173316
2026-07-06 15:08:00+02:00,323.3500061035156,323.3500061035156,323.3500061035156,323.3500061035156,110,NOVO-B.CO,Novo Nordisk,Nasdaq Copenhagen,DKK,20260706_173316
2026-07-06 15:09:00+02:00,323.25,323.45001220703125,323.25,323.45001220703125,1321,NOVO-B.CO,Novo Nordisk,Nasdaq Copenhagen,DKK,20260706_173316
2026-07-06 15:10:00+02:00,323.25,323.29998779296875,323.25,323.29998779296875,1356,NOVO-B.CO,Novo Nordisk,Nasdaq Copenhagen,DKK,20260706_173316
2026-07-06 15:11:00+02:00,323.25,323.3500061035156,323.20001220703125,323.20001220703125,678,NOVO-B.CO,Novo Nordisk,Nasdaq Copenhagen,DKK,20260706_173316
2026-07-06 15:12:00+02:00,323.29998779296875,323.3500061035156,323.25,323.29998779296875,1594,NOVO-B.CO,Novo Nordisk,Nasdaq Copenhagen,DKK,20260706_173316
2026-07-06 15:13:00+02:00,323.3500061035156,323.5,323.25,323.25,1359,NOVO-B.CO,Novo Nordisk,Nasdaq Copenhagen,DKK,20260706_173316
2026-07-06 15:14:00+02:00,323.3999938964844,323.5,323.29998779296875,323.5,1007,NOVO-B.CO,Novo Nordisk,Nasdaq Copenhagen,DKK,20260706_173316
2026-07-06 15:15:00+02:00,323.75,323.75,323.45001220703125,323.45001220703125,2077,NOVO-B.CO,Novo Nordisk,Nasdaq Copenhagen,DKK,20260706_173316
2026-07-06 15:16:00+02:00,324.0,324.0,323.70001220703125,323.70001220703125,2371,NOVO-B.CO,Novo Nordisk,Nasdaq Copenhagen,DKK,20260706_173316
2026-07-06 15:17:00+02:00,324.1499938964844,324.1499938964844,324.0,324.0,999,NOVO-B.CO,Novo Nordisk,Nasdaq Copenhagen,DKK,20260706_173316
2026-07-06 15:18:00+02:00,323.8500061035156,324.04998779296875,323.75,324.04998779296875,2278,NOVO-B.CO,Novo Nordisk,Nasdaq Copenhagen,DKK,20260706_173316
2026-07-06 15:19:00+02:00,323.8999938964844,323.8999938964844,323.8999938964844,323.8999938964844,247,NOVO-B.CO,Novo Nordisk,Nasdaq Copenhagen,DKK,20260706_173316
2026-07-06 15:20:00+02:00,323.8999938964844,324.1000061035156,323.8500061035156,324.0,5264,NOVO-B.CO,Novo Nordisk,Nasdaq Copenhagen,DKK,20260706_173316
2026-07-06 15:21:00+02:00,323.79998779296875,323.8999938964844,323.6499938964844,323.8999938964844,2316,NOVO-B.CO,Novo Nordisk,Nasdaq Copenhagen,DKK,20260706_173316
2026-07-06 15:22:00+02:00,323.6000061035156,323.75,323.54998779296875,323.75,1814,NOVO-B.CO,Novo Nordisk,Nasdaq Copenhagen,DKK,20260706_173316
2026-07-06 15:23:00+02:00,323.6000061035156,323.6000061035156,323.3999938964844,323.6000061035156,2140,NOVO-B.CO,Novo Nordisk,Nasdaq Copenhagen,DKK,20260706_173316
2026-07-06 15:24:00+02:00,323.6000061035156,323.6000061035156,323.5,323.6000061035156,920,NOVO-B.CO,Novo Nordisk,Nasdaq Copenhagen,DKK,20260706_173316
2026-07-06 15:25:00+02:00,323.3500061035156,323.5,323.29998779296875,323.5,3441,NOVO-B.CO,Novo Nordisk,Nasdaq Copenhagen,DKK,20260706_173316
2026-07-06 15:26:00+02:00,323.20001220703125,323.29998779296875,323.20001220703125,323.29998779296875,890,NOVO-B.CO,Novo Nordisk,Nasdaq Copenhagen,DKK,20260706_173316
2026-07-06 15:27:00+02:00,323.8999938964844,324.29998779296875,323.0,323.1499938964844,31365,NOVO-B.CO,Novo Nordisk,Nasdaq Copenhagen,DKK,20260706_173316
2026-07-06 15:28:00+02:00,323.54998779296875,323.95001220703125,323.5,323.8999938964844,2849,NOVO-B.CO,Novo Nordisk,Nasdaq Copenhagen,DKK,20260706_173316
2026-07-06 15:29:00+02:00,322.75,323.6000061035156,322.75,323.54998779296875,12782,NOVO-B.CO,Novo Nordisk,Nasdaq Copenhagen,DKK,20260706_173316
2026-07-06 15:30:00+02:00,322.54998779296875,322.75,321.79998779296875,322.75,55033,NOVO-B.CO,Novo Nordisk,Nasdaq Copenhagen,DKK,20260706_173316
2026-07-06 15:31:00+02:00,321.6000061035156,322.5,321.54998779296875,322.5,13019,NOVO-B.CO,Novo Nordisk,Nasdaq Copenhagen,DKK,20260706_173316
2026-07-06 15:32:00+02:00,321.25,321.70001220703125,321.0,321.54998779296875,11518,NOVO-B.CO,Novo Nordisk,Nasdaq Copenhagen,DKK,20260706_173316
2026-07-06 15:33:00+02:00,320.6000061035156,321.75,320.45001220703125,321.25,25866,NOVO-B.CO,Novo Nordisk,Nasdaq Copenhagen,DKK,20260706_173316
2026-07-06 15:34:00+02:00,321.04998779296875,321.04998779296875,320.25,320.45001220703125,6129,NOVO-B.CO,Novo Nordisk,Nasdaq Copenhagen,DKK,20260706_173316
2026-07-06 15:35:00+02:00,320.3999938964844,321.25,320.25,321.04998779296875,8799,NOVO-B.CO,Novo Nordisk,Nasdaq Copenhagen,DKK,20260706_173316
2026-07-06 15:36:00+02:00,321.0,321.29998779296875,320.29998779296875,320.45001220703125,6561,NOVO-B.CO,Novo Nordisk,Nasdaq Copenhagen,DKK,20260706_173316
2026-07-06 15:37:00+02:00,320.8500061035156,321.04998779296875,320.8500061035156,321.04998779296875,4725,NOVO-B.CO,Novo Nordisk,Nasdaq Copenhagen,DKK,20260706_173316
2026-07-06 15:38:00+02:00,319.79998779296875,320.79998779296875,319.75,320.79998779296875,47822,NOVO-B.CO,Novo Nordisk,Nasdaq Copenhagen,DKK,20260706_173316
2026-07-06 15:39:00+02:00,319.75,320.0,319.6499938964844,319.8500061035156,8015,NOVO-B.CO,Novo Nordisk,Nasdaq Copenhagen,DKK,20260706_173316
2026-07-06 15:40:00+02:00,319.70001220703125,319.79998779296875,319.45001220703125,319.75,5619,NOVO-B.CO,Novo Nordisk,Nasdaq Copenhagen,DKK,20260706_173316
2026-07-06 15:41:00+02:00,319.04998779296875,319.79998779296875,319.04998779296875,319.75,10029,NOVO-B.CO,Novo Nordisk,Nasdaq Copenhagen,DKK,20260706_173316
2026-07-06 15:42:00+02:00,319.0,319.79998779296875,318.79998779296875,319.1000061035156,17126,NOVO-B.CO,Novo Nordisk,Nasdaq Copenhagen,DKK,20260706_173316
2026-07-06 15:43:00+02:00,319.3999938964844,319.3999938964844,318.8500061035156,319.04998779296875,6816,NOVO-B.CO,Novo Nordisk,Nasdaq Copenhagen,DKK,20260706_173316
2026-07-06 15:44:00+02:00,319.54998779296875,319.6000061035156,319.3500061035156,319.3999938964844,7932,NOVO-B.CO,Novo Nordisk,Nasdaq Copenhagen,DKK,20260706_173316
2026-07-06 15:45:00+02:00,319.3500061035156,319.75,319.3500061035156,319.6000061035156,6923,NOVO-B.CO,Novo Nordisk,Nasdaq Copenhagen,DKK,20260706_173316
2026-07-06 15:46:00+02:00,319.54998779296875,319.6499938964844,319.3999938964844,319.3999938964844,2603,NOVO-B.CO,Novo Nordisk,Nasdaq Copenhagen,DKK,20260706_173316
2026-07-06 15:47:00+02:00,318.95001220703125,319.75,318.79998779296875,319.6000061035156,22202,NOVO-B.CO,Novo Nordisk,Nasdaq Copenhagen,DKK,20260706_173316
2026-07-06 15:48:00+02:00,319.3999938964844,319.45001220703125,318.8500061035156,318.8500061035156,15059,NOVO-B.CO,Novo Nordisk,Nasdaq Copenhagen,DKK,20260706_173316
2026-07-06 15:49:00+02:00,319.79998779296875,319.79998779296875,319.3500061035156,319.3999938964844,6394,NOVO-B.CO,Novo Nordisk,Nasdaq Copenhagen,DKK,20260706_173316
2026-07-06 15:50:00+02:00,320.04998779296875,320.3999938964844,319.79998779296875,319.8999938964844,19146,NOVO-B.CO,Novo Nordisk,Nasdaq Copenhagen,DKK,20260706_173316
2026-07-06 15:51:00+02:00,319.95001220703125,320.1499938964844,319.79998779296875,320.1000061035156,13131,NOVO-B.CO,Novo Nordisk,Nasdaq Copenhagen,DKK,20260706_173316
2026-07-06 15:52:00+02:00,319.75,320.1499938964844,319.54998779296875,320.04998779296875,6677,NOVO-B.CO,Novo Nordisk,Nasdaq Copenhagen,DKK,20260706_173316
2026-07-06 15:53:00+02:00,319.3500061035156,319.75,319.20001220703125,319.75,8184,NOVO-B.CO,Novo Nordisk,Nasdaq Copenhagen,DKK,20260706_173316
2026-07-06 15:54:00+02:00,319.3999938964844,319.70001220703125,319.29998779296875,319.29998779296875,2612,NOVO-B.CO,Novo Nordisk,Nasdaq Copenhagen,DKK,20260706_173316
2026-07-06 15:55:00+02:00,318.70001220703125,319.29998779296875,318.70001220703125,319.29998779296875,12786,NOVO-B.CO,Novo Nordisk,Nasdaq Copenhagen,DKK,20260706_173316
2026-07-06 15:56:00+02:00,318.29998779296875,318.70001220703125,318.29998779296875,318.6499938964844,19056,NOVO-B.CO,Novo Nordisk,Nasdaq Copenhagen,DKK,20260706_173316
2026-07-06 15:57:00+02:00,318.79998779296875,318.8999938964844,318.6000061035156,318.6000061035156,5201,NOVO-B.CO,Novo Nordisk,Nasdaq Copenhagen,DKK,20260706_173316
2026-07-06 15:58:00+02:00,318.70001220703125,319.0,318.6499938964844,318.8999938964844,9019,NOVO-B.CO,Novo Nordisk,Nasdaq Copenhagen,DKK,20260706_173316
2026-07-06 15:59:00+02:00,319.25,319.25,318.54998779296875,318.70001220703125,2210,NOVO-B.CO,Novo Nordisk,Nasdaq Copenhagen,DKK,20260706_173316
2026-07-06 16:00:00+02:00,319.6000061035156,319.79998779296875,318.8999938964844,319.20001220703125,8958,NOVO-B.CO,Novo Nordisk,Nasdaq Copenhagen,DKK,20260706_173316
2026-07-06 16:01:00+02:00,319.70001220703125,319.95001220703125,319.70001220703125,319.79998779296875,3677,NOVO-B.CO,Novo Nordisk,Nasdaq Copenhagen,DKK,20260706_173316
2026-07-06 16:02:00+02:00,319.70001220703125,319.79998779296875,319.3999938964844,319.75,2760,NOVO-B.CO,Novo Nordisk,Nasdaq Copenhagen,DKK,20260706_173316
2026-07-06 16:03:00+02:00,319.8500061035156,320.1499938964844,319.6000061035156,319.70001220703125,17963,NOVO-B.CO,Novo Nordisk,Nasdaq Copenhagen,DKK,20260706_173316
2026-07-06 16:04:00+02:00,320.1499938964844,320.20001220703125,319.95001220703125,319.95001220703125,3823,NOVO-B.CO,Novo Nordisk,Nasdaq Copenhagen,DKK,20260706_173316
2026-07-06 16:05:00+02:00,320.20001220703125,320.20001220703125,319.8500061035156,320.1499938964844,7016,NOVO-B.CO,Novo Nordisk,Nasdaq Copenhagen,DKK,20260706_173316
2026-07-06 16:06:00+02:00,320.3999938964844,320.5,320.20001220703125,320.20001220703125,3707,NOVO-B.CO,Novo Nordisk,Nasdaq Copenhagen,DKK,20260706_173316
2026-07-06 16:07:00+02:00,320.25,320.5,320.1499938964844,320.5,3430,NOVO-B.CO,Novo Nordisk,Nasdaq Copenhagen,DKK,20260706_173316
2026-07-06 16:08:00+02:00,320.0,320.25,320.0,320.25,2501,NOVO-B.CO,Novo Nordisk,Nasdaq Copenhagen,DKK,20260706_173316
2026-07-06 16:09:00+02:00,319.79998779296875,320.04998779296875,319.79998779296875,319.95001220703125,4046,NOVO-B.CO,Novo Nordisk,Nasdaq Copenhagen,DKK,20260706_173316
2026-07-06 16:10:00+02:00,319.95001220703125,320.0,319.79998779296875,319.79998779296875,8928,NOVO-B.CO,Novo Nordisk,Nasdaq Copenhagen,DKK,20260706_173316
2026-07-06 16:11:00+02:00,320.20001220703125,320.20001220703125,319.8999938964844,320.04998779296875,5533,NOVO-B.CO,Novo Nordisk,Nasdaq Copenhagen,DKK,20260706_173316
2026-07-06 16:12:00+02:00,320.3999938964844,320.3999938964844,320.04998779296875,320.20001220703125,4313,NOVO-B.CO,Novo Nordisk,Nasdaq Copenhagen,DKK,20260706_173316
2026-07-06 16:13:00+02:00,320.6000061035156,320.6000061035156,320.29998779296875,320.3999938964844,4951,NOVO-B.CO,Novo Nordisk,Nasdaq Copenhagen,DKK,20260706_173316
2026-07-06 16:14:00+02:00,320.54998779296875,320.95001220703125,320.5,320.6499938964844,11978,NOVO-B.CO,Novo Nordisk,Nasdaq Copenhagen,DKK,20260706_173316
2026-07-06 16:15:00+02:00,320.25,320.5,320.25,320.5,4638,NOVO-B.CO,Novo Nordisk,Nasdaq Copenhagen,DKK,20260706_173316
2026-07-06 16:16:00+02:00,320.1499938964844,320.25,319.8999938964844,320.20001220703125,5546,NOVO-B.CO,Novo Nordisk,Nasdaq Copenhagen,DKK,20260706_173316
2026-07-06 16:17:00+02:00,320.20001220703125,320.5,320.1000061035156,320.1499938964844,4192,NOVO-B.CO,Novo Nordisk,Nasdaq Copenhagen,DKK,20260706_173316
2026-07-06 16:18:00+02:00,320.0,320.29998779296875,319.95001220703125,320.29998779296875,5023,NOVO-B.CO,Novo Nordisk,Nasdaq Copenhagen,DKK,20260706_173316
2026-07-06 16:19:00+02:00,320.29998779296875,320.3999938964844,320.1000061035156,320.1000061035156,4584,NOVO-B.CO,Novo Nordisk,Nasdaq Copenhagen,DKK,20260706_173316
2026-07-06 16:20:00+02:00,320.25,320.3999938964844,320.20001220703125,320.20001220703125,4084,NOVO-B.CO,Novo Nordisk,Nasdaq Copenhagen,DKK,20260706_173316
2026-07-06 16:21:00+02:00,320.1000061035156,320.45001220703125,320.04998779296875,320.20001220703125,5052,NOVO-B.CO,Novo Nordisk,Nasdaq Copenhagen,DKK,20260706_173316
2026-07-06 16:22:00+02:00,321.20001220703125,321.25,320.0,320.0,20832,NOVO-B.CO,Novo Nordisk,Nasdaq Copenhagen,DKK,20260706_173316
2026-07-06 16:23:00+02:00,321.1000061035156,321.29998779296875,321.04998779296875,321.29998779296875,3077,NOVO-B.CO,Novo Nordisk,Nasdaq Copenhagen,DKK,20260706_173316
2026-07-06 16:24:00+02:00,321.29998779296875,321.45001220703125,320.8500061035156,321.04998779296875,6033,NOVO-B.CO,Novo Nordisk,Nasdaq Copenhagen,DKK,20260706_173316
2026-07-06 16:25:00+02:00,321.45001220703125,321.54998779296875,321.3500061035156,321.45001220703125,8072,NOVO-B.CO,Novo Nordisk,Nasdaq Copenhagen,DKK,20260706_173316
2026-07-06 16:26:00+02:00,321.1499938964844,321.6000061035156,321.1499938964844,321.6000061035156,11001,NOVO-B.CO,Novo Nordisk,Nasdaq Copenhagen,DKK,20260706_173316
2026-07-06 16:27:00+02:00,321.3500061035156,321.3999938964844,321.25,321.29998779296875,9266,NOVO-B.CO,Novo Nordisk,Nasdaq Copenhagen,DKK,20260706_173316
2026-07-06 16:28:00+02:00,321.6499938964844,321.6499938964844,321.3999938964844,321.45001220703125,9828,NOVO-B.CO,Novo Nordisk,Nasdaq Copenhagen,DKK,20260706_173316
2026-07-06 16:29:00+02:00,321.29998779296875,321.75,321.25,321.6000061035156,5913,NOVO-B.CO,Novo Nordisk,Nasdaq Copenhagen,DKK,20260706_173316
2026-07-06 16:30:00+02:00,321.3999938964844,321.45001220703125,321.04998779296875,321.25,1628,NOVO-B.CO,Novo Nordisk,Nasdaq Copenhagen,DKK,20260706_173316
2026-07-06 16:31:00+02:00,321.6000061035156,321.6000061035156,321.3500061035156,321.3999938964844,3540,NOVO-B.CO,Novo Nordisk,Nasdaq Copenhagen,DKK,20260706_173316
2026-07-06 16:32:00+02:00,320.95001220703125,321.5,320.95001220703125,321.45001220703125,16856,NOVO-B.CO,Novo Nordisk,Nasdaq Copenhagen,DKK,20260706_173316
2026-07-06 16:33:00+02:00,320.6499938964844,321.04998779296875,320.6499938964844,321.04998779296875,5459,NOVO-B.CO,Novo Nordisk,Nasdaq Copenhagen,DKK,20260706_173316
2026-07-06 16:34:00+02:00,320.54998779296875,320.95001220703125,320.54998779296875,320.70001220703125,3383,NOVO-B.CO,Novo Nordisk,Nasdaq Copenhagen,DKK,20260706_173316
2026-07-06 16:35:00+02:00,320.70001220703125,320.70001220703125,320.45001220703125,320.6000061035156,3197,NOVO-B.CO,Novo Nordisk,Nasdaq Copenhagen,DKK,20260706_173316
2026-07-06 16:36:00+02:00,320.6499938964844,320.79998779296875,320.54998779296875,320.75,2637,NOVO-B.CO,Novo Nordisk,Nasdaq Copenhagen,DKK,20260706_173316
2026-07-06 16:37:00+02:00,320.5,320.6499938964844,320.5,320.5,2614,NOVO-B.CO,Novo Nordisk,Nasdaq Copenhagen,DKK,20260706_173316
2026-07-06 16:38:00+02:00,320.04998779296875,320.54998779296875,319.8999938964844,320.5,8591,NOVO-B.CO,Novo Nordisk,Nasdaq Copenhagen,DKK,20260706_173316
2026-07-06 16:39:00+02:00,320.04998779296875,320.04998779296875,319.8999938964844,320.0,2290,NOVO-B.CO,Novo Nordisk,Nasdaq Copenhagen,DKK,20260706_173316
2026-07-06 16:40:00+02:00,320.1000061035156,320.1000061035156,320.0,320.0,602,NOVO-B.CO,Novo Nordisk,Nasdaq Copenhagen,DKK,20260706_173316
2026-07-06 16:41:00+02:00,320.0,320.1000061035156,319.8999938964844,320.0,2333,NOVO-B.CO,Novo Nordisk,Nasdaq Copenhagen,DKK,20260706_173316
2026-07-06 16:42:00+02:00,320.1499938964844,320.1499938964844,319.95001220703125,320.0,2702,NOVO-B.CO,Novo Nordisk,Nasdaq Copenhagen,DKK,20260706_173316
2026-07-06 16:43:00+02:00,320.1499938964844,320.25,320.0,320.1499938964844,5325,NOVO-B.CO,Novo Nordisk,Nasdaq Copenhagen,DKK,20260706_173316
2026-07-06 16:44:00+02:00,320.29998779296875,320.29998779296875,320.1000061035156,320.1000061035156,425,NOVO-B.CO,Novo Nordisk,Nasdaq Copenhagen,DKK,20260706_173316
2026-07-06 16:45:00+02:00,319.8500061035156,320.25,319.79998779296875,320.25,4989,NOVO-B.CO,Novo Nordisk,Nasdaq Copenhagen,DKK,20260706_173316
2026-07-06 16:46:00+02:00,319.8999938964844,319.8999938964844,319.75,319.79998779296875,1836,NOVO-B.CO,Novo Nordisk,Nasdaq Copenhagen,DKK,20260706_173316
2026-07-06 16:47:00+02:00,319.79998779296875,320.04998779296875,319.79998779296875,319.8999938964844,10800,NOVO-B.CO,Novo Nordisk,Nasdaq Copenhagen,DKK,20260706_173316
2026-07-06 16:48:00+02:00,319.8500061035156,320.0,319.79998779296875,319.79998779296875,7006,NOVO-B.CO,Novo Nordisk,Nasdaq Copenhagen,DKK,20260706_173316
2026-07-06 16:49:00+02:00,320.0,320.0,319.8999938964844,319.95001220703125,1437,NOVO-B.CO,Novo Nordisk,Nasdaq Copenhagen,DKK,20260706_173316
2026-07-06 16:50:00+02:00,320.0,320.0,319.8500061035156,319.8999938964844,2705,NOVO-B.CO,Novo Nordisk,Nasdaq Copenhagen,DKK,20260706_173316
2026-07-06 16:51:00+02:00,320.04998779296875,320.04998779296875,319.8500061035156,320.0,7224,NOVO-B.CO,Novo Nordisk,Nasdaq Copenhagen,DKK,20260706_173316
2026-07-06 16:52:00+02:00,320.3999938964844,320.3999938964844,319.95001220703125,320.0,4147,NOVO-B.CO,Novo Nordisk,Nasdaq Copenhagen,DKK,20260706_173316
2026-07-06 16:53:00+02:00,320.3999938964844,320.45001220703125,320.25,320.3500061035156,5020,NOVO-B.CO,Novo Nordisk,Nasdaq Copenhagen,DKK,20260706_173316
2026-07-06 16:54:00+02:00,320.6000061035156,320.70001220703125,320.3999938964844,320.5,15944,NOVO-B.CO,Novo Nordisk,Nasdaq Copenhagen,DKK,20260706_173316
2026-07-06 16:59:00+02:00,321.1000061035156,321.1000061035156,321.1000061035156,321.1000061035156,1258415,NOVO-B.CO,Novo Nordisk,Nasdaq Copenhagen,DKK,20260706_173316
2026-07-06 09:00:00+02:00,328.5,329.45001220703125,328.1000061035156,328.5,0,NOVO-B.CO,Novo Nordisk,Nasdaq Copenhagen,DKK,20260706_192958
2026-07-06 09:01:00+02:00,328.04998779296875,328.6499938964844,327.8999938964844,328.45001220703125,22062,NOVO-B.CO,Novo Nordisk,Nasdaq Copenhagen,DKK,20260706_192958
2026-07-06 09:02:00+02:00,328.1499938964844,328.20001220703125,327.3500061035156,328.20001220703125,18223,NOVO-B.CO,Novo Nordisk,Nasdaq Copenhagen,DKK,20260706_192958
2026-07-06 09:03:00+02:00,328.0,328.45001220703125,327.8500061035156,327.8999938964844,8628,NOVO-B.CO,Novo Nordisk,Nasdaq Copenhagen,DKK,20260706_192958
2026-07-06 09:04:00+02:00,328.1499938964844,328.25,327.8500061035156,328.1499938964844,959,NOVO-B.CO,Novo Nordisk,Nasdaq Copenhagen,DKK,20260706_192958
2026-07-06 09:05:00+02:00,328.79998779296875,328.79998779296875,328.0,328.0,2628,NOVO-B.CO,Novo Nordisk,Nasdaq Copenhagen,DKK,20260706_192958
2026-07-06 09:06:00+02:00,328.70001220703125,329.0,328.70001220703125,328.79998779296875,5497,NOVO-B.CO,Novo Nordisk,Nasdaq Copenhagen,DKK,20260706_192958
2026-07-06 09:07:00+02:00,328.8999938964844,329.04998779296875,328.79998779296875,328.79998779296875,10506,NOVO-B.CO,Novo Nordisk,Nasdaq Copenhagen,DKK,20260706_192958
2026-07-06 09:08:00+02:00,329.3500061035156,329.3999938964844,328.8999938964844,328.8999938964844,3833,NOVO-B.CO,Novo Nordisk,Nasdaq Copenhagen,DKK,20260706_192958
2026-07-06 09:09:00+02:00,329.1499938964844,329.5,329.1499938964844,329.29998779296875,2070,NOVO-B.CO,Novo Nordisk,Nasdaq Copenhagen,DKK,20260706_192958
2026-07-06 09:10:00+02:00,329.1000061035156,329.3999938964844,328.8999938964844,329.20001220703125,18496,NOVO-B.CO,Novo Nordisk,Nasdaq Copenhagen,DKK,20260706_192958
2026-07-06 09:11:00+02:00,330.20001220703125,330.20001220703125,329.20001220703125,329.20001220703125,51975,NOVO-B.CO,Novo Nordisk,Nasdaq Copenhagen,DKK,20260706_192958
2026-07-06 09:12:00+02:00,330.1499938964844,330.20001220703125,330.0,330.1000061035156,6879,NOVO-B.CO,Novo Nordisk,Nasdaq Copenhagen,DKK,20260706_192958
2026-07-06 09:13:00+02:00,330.29998779296875,330.29998779296875,330.04998779296875,330.20001220703125,4929,NOVO-B.CO,Novo Nordisk,Nasdaq Copenhagen,DKK,20260706_192958
2026-07-06 09:14:00+02:00,330.0,330.5,330.0,330.25,5972,NOVO-B.CO,Novo Nordisk,Nasdaq Copenhagen,DKK,20260706_192958
2026-07-06 09:15:00+02:00,330.1499938964844,330.25,330.1499938964844,330.1499938964844,2404,NOVO-B.CO,Novo Nordisk,Nasdaq Copenhagen,DKK,20260706_192958
2026-07-06 09:16:00+02:00,330.1499938964844,330.5,330.0,330.20001220703125,8183,NOVO-B.CO,Novo Nordisk,Nasdaq Copenhagen,DKK,20260706_192958
2026-07-06 09:17:00+02:00,330.1000061035156,330.29998779296875,330.1000061035156,330.1499938964844,2902,NOVO-B.CO,Novo Nordisk,Nasdaq Copenhagen,DKK,20260706_192958
2026-07-06 09:18:00+02:00,329.8500061035156,330.1000061035156,329.6000061035156,330.1000061035156,4884,NOVO-B.CO,Novo Nordisk,Nasdaq Copenhagen,DKK,20260706_192958
2026-07-06 09:19:00+02:00,329.70001220703125,329.79998779296875,329.6000061035156,329.79998779296875,5279,NOVO-B.CO,Novo Nordisk,Nasdaq Copenhagen,DKK,20260706_192958
2026-07-06 09:20:00+02:00,329.6000061035156,329.75,329.25,329.70001220703125,6233,NOVO-B.CO,Novo Nordisk,Nasdaq Copenhagen,DKK,20260706_192958
2026-07-06 09:21:00+02:00,329.6000061035156,329.6499938964844,329.5,329.5,4407,NOVO-B.CO,Novo Nordisk,Nasdaq Copenhagen,DKK,20260706_192958
2026-07-06 09:22:00+02:00,329.70001220703125,329.79998779296875,329.5,329.6499938964844,2680,NOVO-B.CO,Novo Nordisk,Nasdaq Copenhagen,DKK,20260706_192958
2026-07-06 09:23:00+02:00,329.8500061035156,329.8500061035156,329.6499938964844,329.75,4157,NOVO-B.CO,Novo Nordisk,Nasdaq Copenhagen,DKK,20260706_192958
2026-07-06 09:24:00+02:00,329.8500061035156,330.0,329.8500061035156,329.8999938964844,3258,NOVO-B.CO,Novo Nordisk,Nasdaq Copenhagen,DKK,20260706_192958
2026-07-06 09:25:00+02:00,329.1000061035156,329.8500061035156,329.1000061035156,329.8500061035156,7120,NOVO-B.CO,Novo Nordisk,Nasdaq Copenhagen,DKK,20260706_192958
2026-07-06 09:26:00+02:00,328.70001220703125,329.1499938964844,328.70001220703125,329.04998779296875,3968,NOVO-B.CO,Novo Nordisk,Nasdaq Copenhagen,DKK,20260706_192958
2026-07-06 09:27:00+02:00,328.6499938964844,328.70001220703125,328.5,328.70001220703125,1406,NOVO-B.CO,Novo Nordisk,Nasdaq Copenhagen,DKK,20260706_192958
2026-07-06 09:28:00+02:00,328.8999938964844,329.0,328.5,328.54998779296875,9594,NOVO-B.CO,Novo Nordisk,Nasdaq Copenhagen,DKK,20260706_192958
2026-07-06 09:29:00+02:00,328.75,329.0,328.75,329.0,2352,NOVO-B.CO,Novo Nordisk,Nasdaq Copenhagen,DKK,20260706_192958
2026-07-06 09:30:00+02:00,328.6499938964844,328.79998779296875,328.5,328.75,2279,NOVO-B.CO,Novo Nordisk,Nasdaq Copenhagen,DKK,20260706_192958
2026-07-06 09:31:00+02:00,328.29998779296875,328.6499938964844,328.29998779296875,328.6499938964844,3143,NOVO-B.CO,Novo Nordisk,Nasdaq Copenhagen,DKK,20260706_192958
2026-07-06 09:32:00+02:00,328.25,328.3999938964844,328.20001220703125,328.29998779296875,1898,NOVO-B.CO,Novo Nordisk,Nasdaq Copenhagen,DKK,20260706_192958
2026-07-06 09:33:00+02:00,328.6000061035156,328.6000061035156,327.95001220703125,328.25,10182,NOVO-B.CO,Novo Nordisk,Nasdaq Copenhagen,DKK,20260706_192958
2026-07-06 09:34:00+02:00,328.75,329.0,328.6499938964844,328.6499938964844,2611,NOVO-B.CO,Novo Nordisk,Nasdaq Copenhagen,DKK,20260706_192958
2026-07-06 09:35:00+02:00,328.79998779296875,328.95001220703125,328.6499938964844,328.79998779296875,1590,NOVO-B.CO,Novo Nordisk,Nasdaq Copenhagen,DKK,20260706_192958
2026-07-06 09:36:00+02:00,328.6499938964844,328.8999938964844,328.5,328.79998779296875,5161,NOVO-B.CO,Novo Nordisk,Nasdaq Copenhagen,DKK,20260706_192958
2026-07-06 09:37:00+02:00,328.5,328.54998779296875,328.5,328.54998779296875,32,NOVO-B.CO,Novo Nordisk,Nasdaq Copenhagen,DKK,20260706_192958
2026-07-06 09:38:00+02:00,328.8500061035156,328.8500061035156,328.54998779296875,328.54998779296875,2311,NOVO-B.CO,Novo Nordisk,Nasdaq Copenhagen,DKK,20260706_192958
2026-07-06 09:39:00+02:00,328.70001220703125,328.8500061035156,328.70001220703125,328.75,263,NOVO-B.CO,Novo Nordisk,Nasdaq Copenhagen,DKK,20260706_192958
2026-07-06 09:40:00+02:00,328.79998779296875,328.79998779296875,328.70001220703125,328.79998779296875,324,NOVO-B.CO,Novo Nordisk,Nasdaq Copenhagen,DKK,20260706_192958
2026-07-06 09:41:00+02:00,328.79998779296875,328.8999938964844,328.70001220703125,328.8500061035156,1386,NOVO-B.CO,Novo Nordisk,Nasdaq Copenhagen,DKK,20260706_192958
2026-07-06 09:42:00+02:00,328.8500061035156,328.8999938964844,328.6499938964844,328.75,5002,NOVO-B.CO,Novo Nordisk,Nasdaq Copenhagen,DKK,20260706_192958
2026-07-06 09:43:00+02:00,329.0,329.0,328.70001220703125,328.8500061035156,3561,NOVO-B.CO,Novo Nordisk,Nasdaq Copenhagen,DKK,20260706_192958
2026-07-06 09:44:00+02:00,328.79998779296875,329.1000061035156,328.79998779296875,329.04998779296875,6641,NOVO-B.CO,Novo Nordisk,Nasdaq Copenhagen,DKK,20260706_192958
2026-07-06 09:45:00+02:00,328.5,328.8500061035156,328.5,328.8500061035156,2154,NOVO-B.CO,Novo Nordisk,Nasdaq Copenhagen,DKK,20260706_192958
2026-07-06 09:46:00+02:00,328.5249938964844,328.6000061035156,328.3999938964844,328.3999938964844,804,NOVO-B.CO,Novo Nordisk,Nasdaq Copenhagen,DKK,20260706_192958
2026-07-06 09:47:00+02:00,328.6499938964844,328.6499938964844,328.45001220703125,328.45001220703125,2449,NOVO-B.CO,Novo Nordisk,Nasdaq Copenhagen,DKK,20260706_192958
2026-07-06 09:48:00+02:00,328.70001220703125,328.70001220703125,328.54998779296875,328.70001220703125,315,NOVO-B.CO,Novo Nordisk,Nasdaq Copenhagen,DKK,20260706_192958
2026-07-06 09:49:00+02:00,328.70001220703125,328.70001220703125,328.5,328.54998779296875,810,NOVO-B.CO,Novo Nordisk,Nasdaq Copenhagen,DKK,20260706_192958
2026-07-06 09:50:00+02:00,328.3500061035156,328.70001220703125,328.3500061035156,328.70001220703125,4379,NOVO-B.CO,Novo Nordisk,Nasdaq Copenhagen,DKK,20260706_192958
2026-07-06 09:51:00+02:00,328.3500061035156,328.45001220703125,328.3500061035156,328.3500061035156,956,NOVO-B.CO,Novo Nordisk,Nasdaq Copenhagen,DKK,20260706_192958
2026-07-06 09:52:00+02:00,328.3999938964844,328.45001220703125,328.25,328.3500061035156,3449,NOVO-B.CO,Novo Nordisk,Nasdaq Copenhagen,DKK,20260706_192958
2026-07-06 09:53:00+02:00,328.25,328.45001220703125,328.20001220703125,328.3999938964844,4793,NOVO-B.CO,Novo Nordisk,Nasdaq Copenhagen,DKK,20260706_192958
2026-07-06 09:54:00+02:00,328.1000061035156,328.20001220703125,328.1000061035156,328.20001220703125,731,NOVO-B.CO,Novo Nordisk,Nasdaq Copenhagen,DKK,20260706_192958
2026-07-06 09:55:00+02:00,328.20001220703125,328.20001220703125,328.1000061035156,328.20001220703125,417,NOVO-B.CO,Novo Nordisk,Nasdaq Copenhagen,DKK,20260706_192958
2026-07-06 09:56:00+02:00,328.29998779296875,328.29998779296875,328.1000061035156,328.20001220703125,1451,NOVO-B.CO,Novo Nordisk,Nasdaq Copenhagen,DKK,20260706_192958
2026-07-06 09:57:00+02:00,328.3500061035156,328.3500061035156,328.20001220703125,328.29998779296875,3614,NOVO-B.CO,Novo Nordisk,Nasdaq Copenhagen,DKK,20260706_192958
2026-07-06 09:58:00+02:00,328.25,328.3500061035156,328.20001220703125,328.3500061035156,1388,NOVO-B.CO,Novo Nordisk,Nasdaq Copenhagen,DKK,20260706_192958
2026-07-06 09:59:00+02:00,328.25,328.3500061035156,328.1499938964844,328.25,700,NOVO-B.CO,Novo Nordisk,Nasdaq Copenhagen,DKK,20260706_192958
2026-07-06 10:00:00+02:00,328.3500061035156,328.6499938964844,328.29998779296875,328.29998779296875,3542,NOVO-B.CO,Novo Nordisk,Nasdaq Copenhagen,DKK,20260706_192958
2026-07-06 10:01:00+02:00,328.70001220703125,328.70001220703125,328.25,328.25,1233,NOVO-B.CO,Novo Nordisk,Nasdaq Copenhagen,DKK,20260706_192958
2026-07-06 10:02:00+02:00,328.6499938964844,328.70001220703125,328.20001220703125,328.54998779296875,2608,NOVO-B.CO,Novo Nordisk,Nasdaq Copenhagen,DKK,20260706_192958
2026-07-06 10:03:00+02:00,328.5,328.6000061035156,328.5,328.6000061035156,475,NOVO-B.CO,Novo Nordisk,Nasdaq Copenhagen,DKK,20260706_192958
2026-07-06 10:04:00+02:00,328.45001220703125,328.54998779296875,328.3500061035156,328.54998779296875,1010,NOVO-B.CO,Novo Nordisk,Nasdaq Copenhagen,DKK,20260706_192958
2026-07-06 10:05:00+02:00,328.54998779296875,328.6000061035156,328.3999938964844,328.5,1871,NOVO-B.CO,Novo Nordisk,Nasdaq Copenhagen,DKK,20260706_192958
2026-07-06 10:06:00+02:00,328.20001220703125,328.6000061035156,328.20001220703125,328.6000061035156,4629,NOVO-B.CO,Novo Nordisk,Nasdaq Copenhagen,DKK,20260706_192958
2026-07-06 10:07:00+02:00,328.25,328.3500061035156,328.1499938964844,328.1499938964844,956,NOVO-B.CO,Novo Nordisk,Nasdaq Copenhagen,DKK,20260706_192958
2026-07-06 10:08:00+02:00,328.29998779296875,328.3500061035156,328.20001220703125,328.3500061035156,184,NOVO-B.CO,Novo Nordisk,Nasdaq Copenhagen,DKK,20260706_192958
2026-07-06 10:09:00+02:00,327.6000061035156,328.25,327.3999938964844,328.20001220703125,17200,NOVO-B.CO,Novo Nordisk,Nasdaq Copenhagen,DKK,20260706_192958
2026-07-06 10:10:00+02:00,327.45001220703125,327.6499938964844,327.3500061035156,327.6000061035156,5074,NOVO-B.CO,Novo Nordisk,Nasdaq Copenhagen,DKK,20260706_192958
2026-07-06 10:11:00+02:00,326.8500061035156,327.54998779296875,326.79998779296875,327.3999938964844,33741,NOVO-B.CO,Novo Nordisk,Nasdaq Copenhagen,DKK,20260706_192958
2026-07-06 10:12:00+02:00,326.79998779296875,326.8999938964844,326.6000061035156,326.8500061035156,3154,NOVO-B.CO,Novo Nordisk,Nasdaq Copenhagen,DKK,20260706_192958
2026-07-06 10:13:00+02:00,326.8500061035156,326.95001220703125,326.8500061035156,326.95001220703125,365,NOVO-B.CO,Novo Nordisk,Nasdaq Copenhagen,DKK,20260706_192958
2026-07-06 10:14:00+02:00,327.1499938964844,327.1499938964844,326.79998779296875,326.79998779296875,12190,NOVO-B.CO,Novo Nordisk,Nasdaq Copenhagen,DKK,20260706_192958
2026-07-06 10:15:00+02:00,327.25,327.25,327.1000061035156,327.20001220703125,1208,NOVO-B.CO,Novo Nordisk,Nasdaq Copenhagen,DKK,20260706_192958
2026-07-06 10:16:00+02:00,327.20001220703125,327.3500061035156,327.1499938964844,327.29998779296875,947,NOVO-B.CO,Novo Nordisk,Nasdaq Copenhagen,DKK,20260706_192958
2026-07-06 10:17:00+02:00,327.5,327.5,327.29998779296875,327.29998779296875,581,NOVO-B.CO,Novo Nordisk,Nasdaq Copenhagen,DKK,20260706_192958
2026-07-06 10:18:00+02:00,327.8500061035156,327.8500061035156,327.6000061035156,327.6000061035156,937,NOVO-B.CO,Novo Nordisk,Nasdaq Copenhagen,DKK,20260706_192958
2026-07-06 10:19:00+02:00,327.95001220703125,327.95001220703125,327.79998779296875,327.79998779296875,39,NOVO-B.CO,Novo Nordisk,Nasdaq Copenhagen,DKK,20260706_192958
2026-07-06 10:20:00+02:00,327.8500061035156,328.0,327.79998779296875,327.8999938964844,1181,NOVO-B.CO,Novo Nordisk,Nasdaq Copenhagen,DKK,20260706_192958
2026-07-06 10:21:00+02:00,328.20001220703125,328.20001220703125,327.8500061035156,327.8999938964844,1935,NOVO-B.CO,Novo Nordisk,Nasdaq Copenhagen,DKK,20260706_192958
2026-07-06 10:22:00+02:00,328.20001220703125,328.25,328.20001220703125,328.20001220703125,1301,NOVO-B.CO,Novo Nordisk,Nasdaq Copenhagen,DKK,20260706_192958
2026-07-06 10:23:00+02:00,328.04998779296875,328.25,328.04998779296875,328.25,2210,NOVO-B.CO,Novo Nordisk,Nasdaq Copenhagen,DKK,20260706_192958
2026-07-06 10:24:00+02:00,328.25,328.25,328.04998779296875,328.1000061035156,882,NOVO-B.CO,Novo Nordisk,Nasdaq Copenhagen,DKK,20260706_192958
2026-07-06 10:25:00+02:00,328.29998779296875,328.29998779296875,328.20001220703125,328.29998779296875,481,NOVO-B.CO,Novo Nordisk,Nasdaq Copenhagen,DKK,20260706_192958
2026-07-06 10:26:00+02:00,328.1499938964844,328.25,328.1499938964844,328.20001220703125,2092,NOVO-B.CO,Novo Nordisk,Nasdaq Copenhagen,DKK,20260706_192958
2026-07-06 10:27:00+02:00,328.1499938964844,328.29998779296875,328.1499938964844,328.29998779296875,949,NOVO-B.CO,Novo Nordisk,Nasdaq Copenhagen,DKK,20260706_192958
2026-07-06 10:28:00+02:00,328.25,328.29998779296875,328.1499938964844,328.1499938964844,4113,NOVO-B.CO,Novo Nordisk,Nasdaq Copenhagen,DKK,20260706_192958
2026-07-06 10:29:00+02:00,328.29998779296875,328.29998779296875,328.1000061035156,328.29998779296875,264,NOVO-B.CO,Novo Nordisk,Nasdaq Copenhagen,DKK,20260706_192958
2026-07-06 10:30:00+02:00,328.20001220703125,328.20001220703125,328.20001220703125,328.20001220703125,149,NOVO-B.CO,Novo Nordisk,Nasdaq Copenhagen,DKK,20260706_192958
2026-07-06 10:31:00+02:00,327.95001220703125,328.29998779296875,327.95001220703125,328.20001220703125,4143,NOVO-B.CO,Novo Nordisk,Nasdaq Copenhagen,DKK,20260706_192958
2026-07-06 10:32:00+02:00,327.70001220703125,327.8500061035156,327.70001220703125,327.8500061035156,993,NOVO-B.CO,Novo Nordisk,Nasdaq Copenhagen,DKK,20260706_192958
2026-07-06 10:33:00+02:00,327.6000061035156,327.70001220703125,327.6000061035156,327.6499938964844,188,NOVO-B.CO,Novo Nordisk,Nasdaq Copenhagen,DKK,20260706_192958
2026-07-06 10:34:00+02:00,327.70001220703125,327.70001220703125,327.6000061035156,327.6499938964844,479,NOVO-B.CO,Novo Nordisk,Nasdaq Copenhagen,DKK,20260706_192958
2026-07-06 10:35:00+02:00,327.6499938964844,327.70001220703125,327.6499938964844,327.70001220703125,1049,NOVO-B.CO,Novo Nordisk,Nasdaq Copenhagen,DKK,20260706_192958
2026-07-06 10:36:00+02:00,327.6000061035156,327.6000061035156,327.45001220703125,327.54998779296875,5712,NOVO-B.CO,Novo Nordisk,Nasdaq Copenhagen,DKK,20260706_192958
2026-07-06 10:37:00+02:00,327.3999938964844,327.45001220703125,327.29998779296875,327.45001220703125,2150,NOVO-B.CO,Novo Nordisk,Nasdaq Copenhagen,DKK,20260706_192958
2026-07-06 10:38:00+02:00,327.70001220703125,327.79998779296875,327.3999938964844,327.3999938964844,13470,NOVO-B.CO,Novo Nordisk,Nasdaq Copenhagen,DKK,20260706_192958
2026-07-06 10:39:00+02:00,327.54998779296875,327.79998779296875,327.54998779296875,327.70001220703125,2705,NOVO-B.CO,Novo Nordisk,Nasdaq Copenhagen,DKK,20260706_192958
2026-07-06 10:40:00+02:00,327.29998779296875,327.6499938964844,327.29998779296875,327.6499938964844,4122,NOVO-B.CO,Novo Nordisk,Nasdaq Copenhagen,DKK,20260706_192958
2026-07-06 10:41:00+02:00,326.95001220703125,327.29998779296875,326.95001220703125,327.29998779296875,7704,NOVO-B.CO,Novo Nordisk,Nasdaq Copenhagen,DKK,20260706_192958
2026-07-06 10:42:00+02:00,326.8500061035156,326.95001220703125,326.8500061035156,326.95001220703125,917,NOVO-B.CO,Novo Nordisk,Nasdaq Copenhagen,DKK,20260706_192958
2026-07-06 10:43:00+02:00,326.75,327.0,326.75,326.95001220703125,2262,NOVO-B.CO,Novo Nordisk,Nasdaq Copenhagen,DKK,20260706_192958
2026-07-06 10:44:00+02:00,326.8500061035156,327.0,326.8500061035156,326.8999938964844,1802,NOVO-B.CO,Novo Nordisk,Nasdaq Copenhagen,DKK,20260706_192958
2026-07-06 10:45:00+02:00,326.79998779296875,326.95001220703125,326.75,326.95001220703125,1004,NOVO-B.CO,Novo Nordisk,Nasdaq Copenhagen,DKK,20260706_192958
2026-07-06 10:46:00+02:00,327.04998779296875,327.04998779296875,326.8500061035156,326.8999938964844,2263,NOVO-B.CO,Novo Nordisk,Nasdaq Copenhagen,DKK,20260706_192958
2026-07-06 10:47:00+02:00,326.8999938964844,327.04998779296875,326.8999938964844,327.04998779296875,227,NOVO-B.CO,Novo Nordisk,Nasdaq Copenhagen,DKK,20260706_192958
2026-07-06 10:48:00+02:00,326.8500061035156,326.8999938964844,326.79998779296875,326.79998779296875,823,NOVO-B.CO,Novo Nordisk,Nasdaq Copenhagen,DKK,20260706_192958
2026-07-06 10:49:00+02:00,326.79998779296875,326.8999938964844,326.75,326.8999938964844,3131,NOVO-B.CO,Novo Nordisk,Nasdaq Copenhagen,DKK,20260706_192958
2026-07-06 10:50:00+02:00,326.8500061035156,326.8500061035156,326.75,326.79998779296875,1061,NOVO-B.CO,Novo Nordisk,Nasdaq Copenhagen,DKK,20260706_192958
2026-07-06 10:51:00+02:00,326.79998779296875,326.79998779296875,326.70001220703125,326.79998779296875,917,NOVO-B.CO,Novo Nordisk,Nasdaq Copenhagen,DKK,20260706_192958
2026-07-06 10:52:00+02:00,326.70001220703125,326.79998779296875,326.6499938964844,326.79998779296875,2127,NOVO-B.CO,Novo Nordisk,Nasdaq Copenhagen,DKK,20260706_192958
2026-07-06 10:53:00+02:00,326.8500061035156,327.0,326.75,326.75,3578,NOVO-B.CO,Novo Nordisk,Nasdaq Copenhagen,DKK,20260706_192958
2026-07-06 10:54:00+02:00,326.8999938964844,326.95001220703125,326.8500061035156,326.8999938964844,532,NOVO-B.CO,Novo Nordisk,Nasdaq Copenhagen,DKK,20260706_192958
2026-07-06 10:55:00+02:00,326.79998779296875,326.8999938964844,326.79998779296875,326.79998779296875,1005,NOVO-B.CO,Novo Nordisk,Nasdaq Copenhagen,DKK,20260706_192958
2026-07-06 10:56:00+02:00,326.6499938964844,326.79998779296875,326.6499938964844,326.75,842,NOVO-B.CO,Novo Nordisk,Nasdaq Copenhagen,DKK,20260706_192958
2026-07-06 10:57:00+02:00,326.70001220703125,326.79998779296875,326.70001220703125,326.75,1486,NOVO-B.CO,Novo Nordisk,Nasdaq Copenhagen,DKK,20260706_192958
2026-07-06 10:58:00+02:00,326.95001220703125,326.95001220703125,326.6499938964844,326.6499938964844,3145,NOVO-B.CO,Novo Nordisk,Nasdaq Copenhagen,DKK,20260706_192958
2026-07-06 10:59:00+02:00,326.70001220703125,326.8500061035156,326.6000061035156,326.79998779296875,5536,NOVO-B.CO,Novo Nordisk,Nasdaq Copenhagen,DKK,20260706_192958
2026-07-06 11:00:00+02:00,326.70001220703125,326.8999938964844,326.70001220703125,326.70001220703125,587,NOVO-B.CO,Novo Nordisk,Nasdaq Copenhagen,DKK,20260706_192958
2026-07-06 11:01:00+02:00,326.5,326.75,326.45001220703125,326.70001220703125,2313,NOVO-B.CO,Novo Nordisk,Nasdaq Copenhagen,DKK,20260706_192958
2026-07-06 11:02:00+02:00,326.54998779296875,326.54998779296875,326.29998779296875,326.3999938964844,5120,NOVO-B.CO,Novo Nordisk,Nasdaq Copenhagen,DKK,20260706_192958
2026-07-06 11:03:00+02:00,326.5,326.5,326.3500061035156,326.45001220703125,1880,NOVO-B.CO,Novo Nordisk,Nasdaq Copenhagen,DKK,20260706_192958
2026-07-06 11:04:00+02:00,326.25,326.5,326.25,326.5,768,NOVO-B.CO,Novo Nordisk,Nasdaq Copenhagen,DKK,20260706_192958
2026-07-06 11:05:00+02:00,326.04998779296875,326.29998779296875,326.04998779296875,326.29998779296875,4313,NOVO-B.CO,Novo Nordisk,Nasdaq Copenhagen,DKK,20260706_192958
2026-07-06 11:06:00+02:00,326.1000061035156,326.1499938964844,326.0,326.04998779296875,2008,NOVO-B.CO,Novo Nordisk,Nasdaq Copenhagen,DKK,20260706_192958
2026-07-06 11:07:00+02:00,326.1000061035156,326.1000061035156,325.79998779296875,326.04998779296875,26430,NOVO-B.CO,Novo Nordisk,Nasdaq Copenhagen,DKK,20260706_192958
2026-07-06 11:08:00+02:00,326.0,326.1499938964844,326.0,326.1499938964844,833,NOVO-B.CO,Novo Nordisk,Nasdaq Copenhagen,DKK,20260706_192958
2026-07-06 11:09:00+02:00,326.04998779296875,326.04998779296875,325.95001220703125,326.04998779296875,510,NOVO-B.CO,Novo Nordisk,Nasdaq Copenhagen,DKK,20260706_192958
2026-07-06 11:10:00+02:00,326.25,326.25,326.1000061035156,326.1000061035156,441,NOVO-B.CO,Novo Nordisk,Nasdaq Copenhagen,DKK,20260706_192958
2026-07-06 11:11:00+02:00,326.29998779296875,326.29998779296875,326.20001220703125,326.20001220703125,320,NOVO-B.CO,Novo Nordisk,Nasdaq Copenhagen,DKK,20260706_192958
2026-07-06 11:12:00+02:00,326.29998779296875,326.29998779296875,326.29998779296875,326.29998779296875,396,NOVO-B.CO,Novo Nordisk,Nasdaq Copenhagen,DKK,20260706_192958
2026-07-06 11:13:00+02:00,326.25,326.29998779296875,326.25,326.29998779296875,273,NOVO-B.CO,Novo Nordisk,Nasdaq Copenhagen,DKK,20260706_192958
2026-07-06 11:14:00+02:00,326.20001220703125,326.25,326.20001220703125,326.25,407,NOVO-B.CO,Novo Nordisk,Nasdaq Copenhagen,DKK,20260706_192958
2026-07-06 11:15:00+02:00,326.25,326.45001220703125,326.25,326.29998779296875,1400,NOVO-B.CO,Novo Nordisk,Nasdaq Copenhagen,DKK,20260706_192958
2026-07-06 11:16:00+02:00,326.3500061035156,326.3500061035156,326.25,326.25,83,NOVO-B.CO,Novo Nordisk,Nasdaq Copenhagen,DKK,20260706_192958
2026-07-06 11:17:00+02:00,326.3999938964844,326.3999938964844,326.25,326.3500061035156,346,NOVO-B.CO,Novo Nordisk,Nasdaq Copenhagen,DKK,20260706_192958
2026-07-06 11:18:00+02:00,326.29998779296875,326.3999938964844,326.29998779296875,326.3999938964844,826,NOVO-B.CO,Novo Nordisk,Nasdaq Copenhagen,DKK,20260706_192958
2026-07-06 11:19:00+02:00,326.29998779296875,326.3999938964844,326.25,326.25,298,NOVO-B.CO,Novo Nordisk,Nasdaq Copenhagen,DKK,20260706_192958
2026-07-06 11:20:00+02:00,326.25,326.29998779296875,326.25,326.29998779296875,341,NOVO-B.CO,Novo Nordisk,Nasdaq Copenhagen,DKK,20260706_192958
2026-07-06 11:21:00+02:00,326.3500061035156,326.3999938964844,326.29998779296875,326.29998779296875,302,NOVO-B.CO,Novo Nordisk,Nasdaq Copenhagen,DKK,20260706_192958
2026-07-06 11:23:00+02:00,326.29998779296875,326.54998779296875,326.29998779296875,326.3500061035156,2386,NOVO-B.CO,Novo Nordisk,Nasdaq Copenhagen,DKK,20260706_192958
2026-07-06 11:24:00+02:00,326.1499938964844,326.29998779296875,326.04998779296875,326.29998779296875,880,NOVO-B.CO,Novo Nordisk,Nasdaq Copenhagen,DKK,20260706_192958
2026-07-06 11:25:00+02:00,326.20001220703125,326.20001220703125,326.04998779296875,326.1499938964844,1010,NOVO-B.CO,Novo Nordisk,Nasdaq Copenhagen,DKK,20260706_192958
2026-07-06 11:26:00+02:00,326.25,326.25,326.1000061035156,326.1000061035156,475,NOVO-B.CO,Novo Nordisk,Nasdaq Copenhagen,DKK,20260706_192958
2026-07-06 11:27:00+02:00,326.54998779296875,326.54998779296875,326.25,326.25,337,NOVO-B.CO,Novo Nordisk,Nasdaq Copenhagen,DKK,20260706_192958
2026-07-06 11:28:00+02:00,326.3500061035156,326.5,326.1000061035156,326.5,8971,NOVO-B.CO,Novo Nordisk,Nasdaq Copenhagen,DKK,20260706_192958
2026-07-06 11:29:00+02:00,326.6000061035156,326.6000061035156,326.29998779296875,326.29998779296875,1271,NOVO-B.CO,Novo Nordisk,Nasdaq Copenhagen,DKK,20260706_192958
2026-07-06 11:30:00+02:00,326.5,326.5,326.3999938964844,326.45001220703125,1207,NOVO-B.CO,Novo Nordisk,Nasdaq Copenhagen,DKK,20260706_192958
2026-07-06 11:31:00+02:00,326.45001220703125,326.54998779296875,326.45001220703125,326.54998779296875,317,NOVO-B.CO,Novo Nordisk,Nasdaq Copenhagen,DKK,20260706_192958
2026-07-06 11:32:00+02:00,326.45001220703125,326.45001220703125,326.45001220703125,326.45001220703125,7,NOVO-B.CO,Novo Nordisk,Nasdaq Copenhagen,DKK,20260706_192958
2026-07-06 11:33:00+02:00,326.25,326.3999938964844,326.25,326.3999938964844,441,NOVO-B.CO,Novo Nordisk,Nasdaq Copenhagen,DKK,20260706_192958
2026-07-06 11:34:00+02:00,326.3999938964844,326.3999938964844,326.20001220703125,326.25,196,NOVO-B.CO,Novo Nordisk,Nasdaq Copenhagen,DKK,20260706_192958
2026-07-06 11:35:00+02:00,326.3999938964844,326.45001220703125,326.3999938964844,326.45001220703125,447,NOVO-B.CO,Novo Nordisk,Nasdaq Copenhagen,DKK,20260706_192958
2026-07-06 11:36:00+02:00,326.5,326.5,326.45001220703125,326.45001220703125,311,NOVO-B.CO,Novo Nordisk,Nasdaq Copenhagen,DKK,20260706_192958
2026-07-06 11:37:00+02:00,326.3500061035156,326.5,326.3500061035156,326.5,844,NOVO-B.CO,Novo Nordisk,Nasdaq Copenhagen,DKK,20260706_192958
2026-07-06 11:38:00+02:00,326.04998779296875,326.3500061035156,326.0,326.3500061035156,4079,NOVO-B.CO,Novo Nordisk,Nasdaq Copenhagen,DKK,20260706_192958
2026-07-06 11:39:00+02:00,325.8500061035156,326.04998779296875,325.8500061035156,326.0,3289,NOVO-B.CO,Novo Nordisk,Nasdaq Copenhagen,DKK,20260706_192958
2026-07-06 11:40:00+02:00,325.95001220703125,326.04998779296875,325.8999938964844,325.95001220703125,1924,NOVO-B.CO,Novo Nordisk,Nasdaq Copenhagen,DKK,20260706_192958
2026-07-06 11:41:00+02:00,325.8999938964844,325.95001220703125,325.8999938964844,325.95001220703125,451,NOVO-B.CO,Novo Nordisk,Nasdaq Copenhagen,DKK,20260706_192958
2026-07-06 11:42:00+02:00,325.95001220703125,326.04998779296875,325.95001220703125,325.95001220703125,1539,NOVO-B.CO,Novo Nordisk,Nasdaq Copenhagen,DKK,20260706_192958
2026-07-06 11:43:00+02:00,326.1000061035156,326.1000061035156,325.8999938964844,325.8999938964844,6459,NOVO-B.CO,Novo Nordisk,Nasdaq Copenhagen,DKK,20260706_192958
2026-07-06 11:44:00+02:00,326.1000061035156,326.1499938964844,326.04998779296875,326.04998779296875,644,NOVO-B.CO,Novo Nordisk,Nasdaq Copenhagen,DKK,20260706_192958
2026-07-06 11:45:00+02:00,325.79998779296875,326.04998779296875,325.75,326.0,5103,NOVO-B.CO,Novo Nordisk,Nasdaq Copenhagen,DKK,20260706_192958
2026-07-06 11:46:00+02:00,326.1000061035156,326.1000061035156,325.75,325.79998779296875,1782,NOVO-B.CO,Novo Nordisk,Nasdaq Copenhagen,DKK,20260706_192958
2026-07-06 11:47:00+02:00,326.0,326.0,326.0,326.0,23,NOVO-B.CO,Novo Nordisk,Nasdaq Copenhagen,DKK,20260706_192958
2026-07-06 11:48:00+02:00,326.0,326.1000061035156,326.0,326.04998779296875,392,NOVO-B.CO,Novo Nordisk,Nasdaq Copenhagen,DKK,20260706_192958
2026-07-06 11:49:00+02:00,326.1499938964844,326.1499938964844,326.0,326.0,575,NOVO-B.CO,Novo Nordisk,Nasdaq Copenhagen,DKK,20260706_192958
2026-07-06 11:50:00+02:00,326.20001220703125,326.29998779296875,326.1499938964844,326.1499938964844,468,NOVO-B.CO,Novo Nordisk,Nasdaq Copenhagen,DKK,20260706_192958
2026-07-06 11:51:00+02:00,326.1499938964844,326.3500061035156,326.1499938964844,326.20001220703125,1902,NOVO-B.CO,Novo Nordisk,Nasdaq Copenhagen,DKK,20260706_192958
2026-07-06 11:52:00+02:00,326.1499938964844,326.1499938964844,326.04998779296875,326.1000061035156,399,NOVO-B.CO,Novo Nordisk,Nasdaq Copenhagen,DKK,20260706_192958
2026-07-06 11:53:00+02:00,326.1499938964844,326.25,326.04998779296875,326.04998779296875,1703,NOVO-B.CO,Novo Nordisk,Nasdaq Copenhagen,DKK,20260706_192958
2026-07-06 11:54:00+02:00,326.04998779296875,326.20001220703125,326.04998779296875,326.20001220703125,357,NOVO-B.CO,Novo Nordisk,Nasdaq Copenhagen,DKK,20260706_192958
2026-07-06 11:55:00+02:00,326.04998779296875,326.1499938964844,326.04998779296875,326.1000061035156,566,NOVO-B.CO,Novo Nordisk,Nasdaq Copenhagen,DKK,20260706_192958
2026-07-06 11:56:00+02:00,326.1000061035156,326.1000061035156,326.0,326.0,201,NOVO-B.CO,Novo Nordisk,Nasdaq Copenhagen,DKK,20260706_192958
2026-07-06 11:57:00+02:00,325.6000061035156,326.04998779296875,325.54998779296875,326.04998779296875,13545,NOVO-B.CO,Novo Nordisk,Nasdaq Copenhagen,DKK,20260706_192958
2026-07-06 11:58:00+02:00,325.54998779296875,325.6000061035156,325.54998779296875,325.6000061035156,497,NOVO-B.CO,Novo Nordisk,Nasdaq Copenhagen,DKK,20260706_192958
2026-07-06 11:59:00+02:00,325.5,325.6000061035156,325.5,325.5,502,NOVO-B.CO,Novo Nordisk,Nasdaq Copenhagen,DKK,20260706_192958
2026-07-06 12:00:00+02:00,325.45001220703125,325.6000061035156,325.45001220703125,325.6000061035156,2684,NOVO-B.CO,Novo Nordisk,Nasdaq Copenhagen,DKK,20260706_192958
2026-07-06 12:01:00+02:00,325.54998779296875,325.54998779296875,325.3999938964844,325.3999938964844,1213,NOVO-B.CO,Novo Nordisk,Nasdaq Copenhagen,DKK,20260706_192958
2026-07-06 12:02:00+02:00,325.6499938964844,325.70001220703125,325.6000061035156,325.6499938964844,1502,NOVO-B.CO,Novo Nordisk,Nasdaq Copenhagen,DKK,20260706_192958
2026-07-06 12:03:00+02:00,325.54998779296875,325.6499938964844,325.54998779296875,325.6499938964844,374,NOVO-B.CO,Novo Nordisk,Nasdaq Copenhagen,DKK,20260706_192958
2026-07-06 12:04:00+02:00,325.75,325.79998779296875,325.6499938964844,325.6499938964844,848,NOVO-B.CO,Novo Nordisk,Nasdaq Copenhagen,DKK,20260706_192958
2026-07-06 12:05:00+02:00,325.75,325.79998779296875,325.6499938964844,325.75,527,NOVO-B.CO,Novo Nordisk,Nasdaq Copenhagen,DKK,20260706_192958
2026-07-06 12:06:00+02:00,325.6499938964844,325.6499938964844,325.6499938964844,325.6499938964844,12,NOVO-B.CO,Novo Nordisk,Nasdaq Copenhagen,DKK,20260706_192958
2026-07-06 12:07:00+02:00,325.6499938964844,325.79998779296875,325.6499938964844,325.79998779296875,2530,NOVO-B.CO,Novo Nordisk,Nasdaq Copenhagen,DKK,20260706_192958
2026-07-06 12:08:00+02:00,325.54998779296875,325.75,325.54998779296875,325.70001220703125,904,NOVO-B.CO,Novo Nordisk,Nasdaq Copenhagen,DKK,20260706_192958
2026-07-06 12:09:00+02:00,325.54998779296875,325.54998779296875,325.54998779296875,325.54998779296875,459,NOVO-B.CO,Novo Nordisk,Nasdaq Copenhagen,DKK,20260706_192958
2026-07-06 12:10:00+02:00,325.45001220703125,325.5,325.45001220703125,325.5,471,NOVO-B.CO,Novo Nordisk,Nasdaq Copenhagen,DKK,20260706_192958
2026-07-06 12:11:00+02:00,325.6000061035156,325.70001220703125,325.5,325.5,766,NOVO-B.CO,Novo Nordisk,Nasdaq Copenhagen,DKK,20260706_192958
2026-07-06 12:12:00+02:00,325.45001220703125,325.6000061035156,325.45001220703125,325.6000061035156,573,NOVO-B.CO,Novo Nordisk,Nasdaq Copenhagen,DKK,20260706_192958
2026-07-06 12:13:00+02:00,325.29998779296875,325.45001220703125,325.29998779296875,325.45001220703125,913,NOVO-B.CO,Novo Nordisk,Nasdaq Copenhagen,DKK,20260706_192958
2026-07-06 12:14:00+02:00,325.45001220703125,325.45001220703125,325.29998779296875,325.29998779296875,898,NOVO-B.CO,Novo Nordisk,Nasdaq Copenhagen,DKK,20260706_192958
2026-07-06 12:15:00+02:00,325.25,325.29998779296875,325.25,325.29998779296875,179,NOVO-B.CO,Novo Nordisk,Nasdaq Copenhagen,DKK,20260706_192958
2026-07-06 12:16:00+02:00,325.25,325.45001220703125,325.25,325.29998779296875,3018,NOVO-B.CO,Novo Nordisk,Nasdaq Copenhagen,DKK,20260706_192958
2026-07-06 12:17:00+02:00,325.29998779296875,325.3500061035156,325.20001220703125,325.3500061035156,739,NOVO-B.CO,Novo Nordisk,Nasdaq Copenhagen,DKK,20260706_192958
2026-07-06 12:18:00+02:00,325.3500061035156,325.3500061035156,325.29998779296875,325.3500061035156,6829,NOVO-B.CO,Novo Nordisk,Nasdaq Copenhagen,DKK,20260706_192958
2026-07-06 12:19:00+02:00,325.3999938964844,325.3999938964844,325.25,325.25,2764,NOVO-B.CO,Novo Nordisk,Nasdaq Copenhagen,DKK,20260706_192958
2026-07-06 12:20:00+02:00,325.3500061035156,325.3999938964844,325.25,325.3999938964844,2070,NOVO-B.CO,Novo Nordisk,Nasdaq Copenhagen,DKK,20260706_192958
2026-07-06 12:21:00+02:00,324.8999938964844,325.20001220703125,324.8999938964844,325.20001220703125,11289,NOVO-B.CO,Novo Nordisk,Nasdaq Copenhagen,DKK,20260706_192958
2026-07-06 12:22:00+02:00,324.8500061035156,324.8999938964844,324.79998779296875,324.8500061035156,1753,NOVO-B.CO,Novo Nordisk,Nasdaq Copenhagen,DKK,20260706_192958
2026-07-06 12:23:00+02:00,324.8999938964844,324.95001220703125,324.8500061035156,324.8500061035156,161,NOVO-B.CO,Novo Nordisk,Nasdaq Copenhagen,DKK,20260706_192958
2026-07-06 12:24:00+02:00,324.8500061035156,325.0,324.79998779296875,324.8500061035156,3555,NOVO-B.CO,Novo Nordisk,Nasdaq Copenhagen,DKK,20260706_192958
2026-07-06 12:25:00+02:00,324.95001220703125,325.0,324.79998779296875,324.95001220703125,560,NOVO-B.CO,Novo Nordisk,Nasdaq Copenhagen,DKK,20260706_192958
2026-07-06 12:26:00+02:00,324.79998779296875,324.95001220703125,324.79998779296875,324.8500061035156,1427,NOVO-B.CO,Novo Nordisk,Nasdaq Copenhagen,DKK,20260706_192958
2026-07-06 12:27:00+02:00,324.70001220703125,324.79998779296875,324.6499938964844,324.79998779296875,1296,NOVO-B.CO,Novo Nordisk,Nasdaq Copenhagen,DKK,20260706_192958
2026-07-06 12:28:00+02:00,324.5,324.75,324.5,324.75,3518,NOVO-B.CO,Novo Nordisk,Nasdaq Copenhagen,DKK,20260706_192958
2026-07-06 12:29:00+02:00,324.70001220703125,324.70001220703125,324.45001220703125,324.54998779296875,7113,NOVO-B.CO,Novo Nordisk,Nasdaq Copenhagen,DKK,20260706_192958
2026-07-06 12:30:00+02:00,324.75,324.79998779296875,324.70001220703125,324.75,1897,NOVO-B.CO,Novo Nordisk,Nasdaq Copenhagen,DKK,20260706_192958
2026-07-06 12:31:00+02:00,324.6000061035156,324.79998779296875,324.6000061035156,324.79998779296875,910,NOVO-B.CO,Novo Nordisk,Nasdaq Copenhagen,DKK,20260706_192958
2026-07-06 12:32:00+02:00,324.6000061035156,324.6000061035156,324.6000061035156,324.6000061035156,195,NOVO-B.CO,Novo Nordisk,Nasdaq Copenhagen,DKK,20260706_192958
2026-07-06 12:33:00+02:00,324.29998779296875,324.6000061035156,324.0,324.54998779296875,9809,NOVO-B.CO,Novo Nordisk,Nasdaq Copenhagen,DKK,20260706_192958
2026-07-06 12:34:00+02:00,324.3500061035156,324.3500061035156,324.3500061035156,324.3500061035156,110,NOVO-B.CO,Novo Nordisk,Nasdaq Copenhagen,DKK,20260706_192958
2026-07-06 12:35:00+02:00,324.54998779296875,324.54998779296875,324.1499938964844,324.29998779296875,3105,NOVO-B.CO,Novo Nordisk,Nasdaq Copenhagen,DKK,20260706_192958
2026-07-06 12:36:00+02:00,324.5,324.6000061035156,324.3999938964844,324.45001220703125,1236,NOVO-B.CO,Novo Nordisk,Nasdaq Copenhagen,DKK,20260706_192958
2026-07-06 12:37:00+02:00,324.54998779296875,324.6000061035156,324.3999938964844,324.5,835,NOVO-B.CO,Novo Nordisk,Nasdaq Copenhagen,DKK,20260706_192958
2026-07-06 12:38:00+02:00,324.54998779296875,324.6000061035156,324.45001220703125,324.6000061035156,1082,NOVO-B.CO,Novo Nordisk,Nasdaq Copenhagen,DKK,20260706_192958
2026-07-06 12:39:00+02:00,324.54998779296875,324.54998779296875,324.54998779296875,324.54998779296875,502,NOVO-B.CO,Novo Nordisk,Nasdaq Copenhagen,DKK,20260706_192958
2026-07-06 12:40:00+02:00,324.54998779296875,324.54998779296875,324.54998779296875,324.54998779296875,410,NOVO-B.CO,Novo Nordisk,Nasdaq Copenhagen,DKK,20260706_192958
2026-07-06 12:41:00+02:00,324.5,324.5,324.45001220703125,324.45001220703125,1013,NOVO-B.CO,Novo Nordisk,Nasdaq Copenhagen,DKK,20260706_192958
2026-07-06 12:42:00+02:00,324.6000061035156,324.6499938964844,324.5,324.5,536,NOVO-B.CO,Novo Nordisk,Nasdaq Copenhagen,DKK,20260706_192958
2026-07-06 12:43:00+02:00,324.6000061035156,324.6499938964844,324.5,324.6499938964844,1032,NOVO-B.CO,Novo Nordisk,Nasdaq Copenhagen,DKK,20260706_192958
2026-07-06 12:44:00+02:00,324.54998779296875,324.54998779296875,324.54998779296875,324.54998779296875,130,NOVO-B.CO,Novo Nordisk,Nasdaq Copenhagen,DKK,20260706_192958
2026-07-06 12:45:00+02:00,324.3500061035156,324.70001220703125,324.3500061035156,324.6000061035156,2915,NOVO-B.CO,Novo Nordisk,Nasdaq Copenhagen,DKK,20260706_192958
2026-07-06 12:46:00+02:00,324.1499938964844,324.25,324.1499938964844,324.20001220703125,2485,NOVO-B.CO,Novo Nordisk,Nasdaq Copenhagen,DKK,20260706_192958
2026-07-06 12:47:00+02:00,324.25,324.29998779296875,324.1499938964844,324.1499938964844,1423,NOVO-B.CO,Novo Nordisk,Nasdaq Copenhagen,DKK,20260706_192958
2026-07-06 12:48:00+02:00,324.20001220703125,324.29998779296875,324.20001220703125,324.25,173,NOVO-B.CO,Novo Nordisk,Nasdaq Copenhagen,DKK,20260706_192958
2026-07-06 12:49:00+02:00,324.20001220703125,324.29998779296875,324.20001220703125,324.29998779296875,41,NOVO-B.CO,Novo Nordisk,Nasdaq Copenhagen,DKK,20260706_192958
2026-07-06 12:50:00+02:00,324.20001220703125,324.29998779296875,324.20001220703125,324.29998779296875,122,NOVO-B.CO,Novo Nordisk,Nasdaq Copenhagen,DKK,20260706_192958
2026-07-06 12:51:00+02:00,324.25,324.25,324.20001220703125,324.20001220703125,263,NOVO-B.CO,Novo Nordisk,Nasdaq Copenhagen,DKK,20260706_192958
2026-07-06 12:52:00+02:00,324.25,324.29998779296875,324.25,324.29998779296875,591,NOVO-B.CO,Novo Nordisk,Nasdaq Copenhagen,DKK,20260706_192958
2026-07-06 12:53:00+02:00,324.29998779296875,324.29998779296875,324.1499938964844,324.20001220703125,1113,NOVO-B.CO,Novo Nordisk,Nasdaq Copenhagen,DKK,20260706_192958
2026-07-06 12:54:00+02:00,324.20001220703125,324.20001220703125,324.1000061035156,324.20001220703125,846,NOVO-B.CO,Novo Nordisk,Nasdaq Copenhagen,DKK,20260706_192958
2026-07-06 12:55:00+02:00,324.3500061035156,324.3500061035156,324.20001220703125,324.20001220703125,2781,NOVO-B.CO,Novo Nordisk,Nasdaq Copenhagen,DKK,20260706_192958
2026-07-06 12:56:00+02:00,324.25,324.45001220703125,324.20001220703125,324.45001220703125,791,NOVO-B.CO,Novo Nordisk,Nasdaq Copenhagen,DKK,20260706_192958
2026-07-06 12:57:00+02:00,324.0,324.20001220703125,324.0,324.20001220703125,2768,NOVO-B.CO,Novo Nordisk,Nasdaq Copenhagen,DKK,20260706_192958
2026-07-06 12:58:00+02:00,323.8999938964844,323.95001220703125,323.8999938964844,323.95001220703125,955,NOVO-B.CO,Novo Nordisk,Nasdaq Copenhagen,DKK,20260706_192958
2026-07-06 12:59:00+02:00,324.0,324.0,323.95001220703125,323.95001220703125,406,NOVO-B.CO,Novo Nordisk,Nasdaq Copenhagen,DKK,20260706_192958
2026-07-06 13:00:00+02:00,324.0,324.04998779296875,324.0,324.0,540,NOVO-B.CO,Novo Nordisk,Nasdaq Copenhagen,DKK,20260706_192958
2026-07-06 13:01:00+02:00,323.8999938964844,324.0,323.8999938964844,324.0,2406,NOVO-B.CO,Novo Nordisk,Nasdaq Copenhagen,DKK,20260706_192958
2026-07-06 13:02:00+02:00,323.8500061035156,323.95001220703125,323.6499938964844,323.875,3421,NOVO-B.CO,Novo Nordisk,Nasdaq Copenhagen,DKK,20260706_192958
2026-07-06 13:03:00+02:00,323.8500061035156,323.8500061035156,323.79998779296875,323.79998779296875,33,NOVO-B.CO,Novo Nordisk,Nasdaq Copenhagen,DKK,20260706_192958
2026-07-06 13:04:00+02:00,323.95001220703125,323.95001220703125,323.79998779296875,323.79998779296875,296,NOVO-B.CO,Novo Nordisk,Nasdaq Copenhagen,DKK,20260706_192958
2026-07-06 13:05:00+02:00,323.8999938964844,323.8999938964844,323.8500061035156,323.8999938964844,773,NOVO-B.CO,Novo Nordisk,Nasdaq Copenhagen,DKK,20260706_192958
2026-07-06 13:06:00+02:00,324.0,324.04998779296875,323.95001220703125,323.95001220703125,1060,NOVO-B.CO,Novo Nordisk,Nasdaq Copenhagen,DKK,20260706_192958
2026-07-06 13:07:00+02:00,324.04998779296875,324.1499938964844,324.0,324.0,2684,NOVO-B.CO,Novo Nordisk,Nasdaq Copenhagen,DKK,20260706_192958
2026-07-06 13:08:00+02:00,324.1499938964844,324.1499938964844,324.04998779296875,324.04998779296875,111,NOVO-B.CO,Novo Nordisk,Nasdaq Copenhagen,DKK,20260706_192958
2026-07-06 13:09:00+02:00,324.1499938964844,324.25,324.1000061035156,324.25,2725,NOVO-B.CO,Novo Nordisk,Nasdaq Copenhagen,DKK,20260706_192958
2026-07-06 13:10:00+02:00,324.1499938964844,324.20001220703125,324.1499938964844,324.1499938964844,1950,NOVO-B.CO,Novo Nordisk,Nasdaq Copenhagen,DKK,20260706_192958
2026-07-06 13:11:00+02:00,324.1000061035156,324.20001220703125,324.1000061035156,324.1499938964844,2119,NOVO-B.CO,Novo Nordisk,Nasdaq Copenhagen,DKK,20260706_192958
2026-07-06 13:12:00+02:00,324.04998779296875,324.20001220703125,323.95001220703125,324.20001220703125,3154,NOVO-B.CO,Novo Nordisk,Nasdaq Copenhagen,DKK,20260706_192958
2026-07-06 13:13:00+02:00,324.1499938964844,324.1499938964844,324.1000061035156,324.1000061035156,301,NOVO-B.CO,Novo Nordisk,Nasdaq Copenhagen,DKK,20260706_192958
2026-07-06 13:14:00+02:00,324.1000061035156,324.1000061035156,324.1000061035156,324.1000061035156,24,NOVO-B.CO,Novo Nordisk,Nasdaq Copenhagen,DKK,20260706_192958
2026-07-06 13:15:00+02:00,324.1499938964844,324.1499938964844,324.1499938964844,324.1499938964844,205,NOVO-B.CO,Novo Nordisk,Nasdaq Copenhagen,DKK,20260706_192958
2026-07-06 13:16:00+02:00,324.20001220703125,324.20001220703125,324.1499938964844,324.1499938964844,473,NOVO-B.CO,Novo Nordisk,Nasdaq Copenhagen,DKK,20260706_192958
2026-07-06 13:17:00+02:00,324.1499938964844,324.20001220703125,324.1000061035156,324.20001220703125,752,NOVO-B.CO,Novo Nordisk,Nasdaq Copenhagen,DKK,20260706_192958
2026-07-06 13:18:00+02:00,324.0,324.1000061035156,324.0,324.1000061035156,1280,NOVO-B.CO,Novo Nordisk,Nasdaq Copenhagen,DKK,20260706_192958
2026-07-06 13:19:00+02:00,323.8999938964844,324.0,323.8999938964844,324.0,1518,NOVO-B.CO,Novo Nordisk,Nasdaq Copenhagen,DKK,20260706_192958
2026-07-06 13:20:00+02:00,323.8500061035156,323.8999938964844,323.8500061035156,323.8999938964844,1903,NOVO-B.CO,Novo Nordisk,Nasdaq Copenhagen,DKK,20260706_192958
2026-07-06 13:21:00+02:00,323.8999938964844,323.8999938964844,323.79998779296875,323.79998779296875,176,NOVO-B.CO,Novo Nordisk,Nasdaq Copenhagen,DKK,20260706_192958
2026-07-06 13:22:00+02:00,324.0,324.04998779296875,323.8999938964844,323.8999938964844,1735,NOVO-B.CO,Novo Nordisk,Nasdaq Copenhagen,DKK,20260706_192958
2026-07-06 13:23:00+02:00,324.1499938964844,324.1499938964844,324.0,324.0,1677,NOVO-B.CO,Novo Nordisk,Nasdaq Copenhagen,DKK,20260706_192958
2026-07-06 13:24:00+02:00,324.1499938964844,324.20001220703125,324.1000061035156,324.1000061035156,1767,NOVO-B.CO,Novo Nordisk,Nasdaq Copenhagen,DKK,20260706_192958
2026-07-06 13:25:00+02:00,324.5,324.5,324.1499938964844,324.20001220703125,3589,NOVO-B.CO,Novo Nordisk,Nasdaq Copenhagen,DKK,20260706_192958
2026-07-06 13:26:00+02:00,324.45001220703125,324.6000061035156,324.45001220703125,324.5,1215,NOVO-B.CO,Novo Nordisk,Nasdaq Copenhagen,DKK,20260706_192958
2026-07-06 13:27:00+02:00,324.45001220703125,324.45001220703125,324.45001220703125,324.45001220703125,28,NOVO-B.CO,Novo Nordisk,Nasdaq Copenhagen,DKK,20260706_192958
2026-07-06 13:28:00+02:00,324.5,324.54998779296875,324.45001220703125,324.45001220703125,4045,NOVO-B.CO,Novo Nordisk,Nasdaq Copenhagen,DKK,20260706_192958
2026-07-06 13:29:00+02:00,324.29998779296875,324.3999938964844,324.29998779296875,324.3999938964844,1905,NOVO-B.CO,Novo Nordisk,Nasdaq Copenhagen,DKK,20260706_192958
2026-07-06 13:30:00+02:00,324.25,324.3999938964844,324.1499938964844,324.3999938964844,15997,NOVO-B.CO,Novo Nordisk,Nasdaq Copenhagen,DKK,20260706_192958
2026-07-06 13:31:00+02:00,324.3500061035156,324.3999938964844,324.25,324.29998779296875,2390,NOVO-B.CO,Novo Nordisk,Nasdaq Copenhagen,DKK,20260706_192958
2026-07-06 13:32:00+02:00,324.1499938964844,324.3999938964844,324.1499938964844,324.3500061035156,1686,NOVO-B.CO,Novo Nordisk,Nasdaq Copenhagen,DKK,20260706_192958
2026-07-06 13:33:00+02:00,324.29998779296875,324.3500061035156,324.20001220703125,324.20001220703125,1512,NOVO-B.CO,Novo Nordisk,Nasdaq Copenhagen,DKK,20260706_192958
2026-07-06 13:34:00+02:00,324.3500061035156,324.3500061035156,324.3500061035156,324.3500061035156,718,NOVO-B.CO,Novo Nordisk,Nasdaq Copenhagen,DKK,20260706_192958
2026-07-06 13:35:00+02:00,324.45001220703125,324.45001220703125,324.3500061035156,324.3500061035156,850,NOVO-B.CO,Novo Nordisk,Nasdaq Copenhagen,DKK,20260706_192958
2026-07-06 13:36:00+02:00,324.3999938964844,324.5,324.3999938964844,324.5,659,NOVO-B.CO,Novo Nordisk,Nasdaq Copenhagen,DKK,20260706_192958
2026-07-06 13:37:00+02:00,324.3999938964844,324.5,324.3999938964844,324.3999938964844,342,NOVO-B.CO,Novo Nordisk,Nasdaq Copenhagen,DKK,20260706_192958
2026-07-06 13:38:00+02:00,324.3999938964844,324.45001220703125,324.3999938964844,324.3999938964844,136,NOVO-B.CO,Novo Nordisk,Nasdaq Copenhagen,DKK,20260706_192958
2026-07-06 13:39:00+02:00,324.54998779296875,324.54998779296875,324.5,324.5,750,NOVO-B.CO,Novo Nordisk,Nasdaq Copenhagen,DKK,20260706_192958
2026-07-06 13:40:00+02:00,324.54998779296875,324.54998779296875,324.54998779296875,324.54998779296875,274,NOVO-B.CO,Novo Nordisk,Nasdaq Copenhagen,DKK,20260706_192958
2026-07-06 13:41:00+02:00,324.54998779296875,324.54998779296875,324.45001220703125,324.45001220703125,1893,NOVO-B.CO,Novo Nordisk,Nasdaq Copenhagen,DKK,20260706_192958
2026-07-06 13:42:00+02:00,324.6000061035156,324.6000061035156,324.6000061035156,324.6000061035156,574,NOVO-B.CO,Novo Nordisk,Nasdaq Copenhagen,DKK,20260706_192958
2026-07-06 13:43:00+02:00,324.6000061035156,324.6499938964844,324.54998779296875,324.54998779296875,560,NOVO-B.CO,Novo Nordisk,Nasdaq Copenhagen,DKK,20260706_192958
2026-07-06 13:44:00+02:00,324.70001220703125,324.75,324.6000061035156,324.6000061035156,1660,NOVO-B.CO,Novo Nordisk,Nasdaq Copenhagen,DKK,20260706_192958
2026-07-06 13:45:00+02:00,324.6000061035156,324.79998779296875,324.6000061035156,324.79998779296875,2639,NOVO-B.CO,Novo Nordisk,Nasdaq Copenhagen,DKK,20260706_192958
2026-07-06 13:46:00+02:00,324.45001220703125,324.6499938964844,324.45001220703125,324.6499938964844,1121,NOVO-B.CO,Novo Nordisk,Nasdaq Copenhagen,DKK,20260706_192958
2026-07-06 13:47:00+02:00,324.5,324.6499938964844,324.3999938964844,324.54998779296875,2961,NOVO-B.CO,Novo Nordisk,Nasdaq Copenhagen,DKK,20260706_192958
2026-07-06 13:48:00+02:00,324.25,324.45001220703125,324.25,324.45001220703125,3991,NOVO-B.CO,Novo Nordisk,Nasdaq Copenhagen,DKK,20260706_192958
2026-07-06 13:49:00+02:00,324.1499938964844,324.29998779296875,324.1499938964844,324.29998779296875,2460,NOVO-B.CO,Novo Nordisk,Nasdaq Copenhagen,DKK,20260706_192958
2026-07-06 13:50:00+02:00,324.20001220703125,324.20001220703125,324.04998779296875,324.20001220703125,448,NOVO-B.CO,Novo Nordisk,Nasdaq Copenhagen,DKK,20260706_192958
2026-07-06 13:51:00+02:00,323.79998779296875,324.1000061035156,323.79998779296875,324.1000061035156,7953,NOVO-B.CO,Novo Nordisk,Nasdaq Copenhagen,DKK,20260706_192958
2026-07-06 13:52:00+02:00,323.3999938964844,323.79998779296875,323.29998779296875,323.79998779296875,10583,NOVO-B.CO,Novo Nordisk,Nasdaq Copenhagen,DKK,20260706_192958
2026-07-06 13:53:00+02:00,322.70001220703125,323.3500061035156,322.70001220703125,323.29998779296875,13856,NOVO-B.CO,Novo Nordisk,Nasdaq Copenhagen,DKK,20260706_192958
2026-07-06 13:54:00+02:00,322.8999938964844,323.0,322.54998779296875,322.6000061035156,10506,NOVO-B.CO,Novo Nordisk,Nasdaq Copenhagen,DKK,20260706_192958
2026-07-06 13:55:00+02:00,323.25,323.3500061035156,322.95001220703125,322.95001220703125,4749,NOVO-B.CO,Novo Nordisk,Nasdaq Copenhagen,DKK,20260706_192958
2026-07-06 13:56:00+02:00,323.20001220703125,323.3500061035156,323.1000061035156,323.3500061035156,936,NOVO-B.CO,Novo Nordisk,Nasdaq Copenhagen,DKK,20260706_192958
2026-07-06 13:57:00+02:00,322.8999938964844,323.04998779296875,322.8500061035156,323.04998779296875,1346,NOVO-B.CO,Novo Nordisk,Nasdaq Copenhagen,DKK,20260706_192958
2026-07-06 13:58:00+02:00,323.0,323.0,322.8999938964844,322.8999938964844,2211,NOVO-B.CO,Novo Nordisk,Nasdaq Copenhagen,DKK,20260706_192958
2026-07-06 13:59:00+02:00,323.1000061035156,323.1499938964844,323.0,323.1000061035156,443,NOVO-B.CO,Novo Nordisk,Nasdaq Copenhagen,DKK,20260706_192958
2026-07-06 14:00:00+02:00,323.1499938964844,323.1499938964844,323.1000061035156,323.1499938964844,374,NOVO-B.CO,Novo Nordisk,Nasdaq Copenhagen,DKK,20260706_192958
2026-07-06 14:01:00+02:00,322.8999938964844,323.1000061035156,322.8500061035156,323.04998779296875,860,NOVO-B.CO,Novo Nordisk,Nasdaq Copenhagen,DKK,20260706_192958
2026-07-06 14:02:00+02:00,322.8500061035156,322.8999938964844,322.75,322.79998779296875,673,NOVO-B.CO,Novo Nordisk,Nasdaq Copenhagen,DKK,20260706_192958
2026-07-06 14:03:00+02:00,323.04998779296875,323.1000061035156,322.79998779296875,322.8500061035156,3027,NOVO-B.CO,Novo Nordisk,Nasdaq Copenhagen,DKK,20260706_192958
2026-07-06 14:04:00+02:00,322.8999938964844,323.04998779296875,322.8999938964844,323.04998779296875,570,NOVO-B.CO,Novo Nordisk,Nasdaq Copenhagen,DKK,20260706_192958
2026-07-06 14:05:00+02:00,323.04998779296875,323.04998779296875,322.79998779296875,322.8999938964844,1925,NOVO-B.CO,Novo Nordisk,Nasdaq Copenhagen,DKK,20260706_192958
2026-07-06 14:06:00+02:00,323.1000061035156,323.1000061035156,322.8999938964844,322.8999938964844,679,NOVO-B.CO,Novo Nordisk,Nasdaq Copenhagen,DKK,20260706_192958
2026-07-06 14:07:00+02:00,322.54998779296875,323.25,322.45001220703125,323.1499938964844,9226,NOVO-B.CO,Novo Nordisk,Nasdaq Copenhagen,DKK,20260706_192958
2026-07-06 14:08:00+02:00,322.75,322.75,322.6000061035156,322.6499938964844,493,NOVO-B.CO,Novo Nordisk,Nasdaq Copenhagen,DKK,20260706_192958
2026-07-06 14:09:00+02:00,322.70001220703125,322.79998779296875,322.6499938964844,322.70001220703125,560,NOVO-B.CO,Novo Nordisk,Nasdaq Copenhagen,DKK,20260706_192958
2026-07-06 14:10:00+02:00,322.8500061035156,322.8500061035156,322.70001220703125,322.70001220703125,937,NOVO-B.CO,Novo Nordisk,Nasdaq Copenhagen,DKK,20260706_192958
2026-07-06 14:11:00+02:00,322.8999938964844,322.8999938964844,322.79998779296875,322.8999938964844,342,NOVO-B.CO,Novo Nordisk,Nasdaq Copenhagen,DKK,20260706_192958
2026-07-06 14:12:00+02:00,322.95001220703125,323.0,322.8999938964844,322.8999938964844,834,NOVO-B.CO,Novo Nordisk,Nasdaq Copenhagen,DKK,20260706_192958
2026-07-06 14:13:00+02:00,323.5,323.6499938964844,323.0,323.0,19772,NOVO-B.CO,Novo Nordisk,Nasdaq Copenhagen,DKK,20260706_192958
2026-07-06 14:14:00+02:00,323.1000061035156,323.45001220703125,323.1000061035156,323.45001220703125,4843,NOVO-B.CO,Novo Nordisk,Nasdaq Copenhagen,DKK,20260706_192958
2026-07-06 14:15:00+02:00,323.1499938964844,323.20001220703125,323.1000061035156,323.1000061035156,728,NOVO-B.CO,Novo Nordisk,Nasdaq Copenhagen,DKK,20260706_192958
2026-07-06 14:16:00+02:00,323.1499938964844,323.1499938964844,323.1499938964844,323.1499938964844,148,NOVO-B.CO,Novo Nordisk,Nasdaq Copenhagen,DKK,20260706_192958
2026-07-06 14:17:00+02:00,323.1499938964844,323.20001220703125,323.1499938964844,323.20001220703125,396,NOVO-B.CO,Novo Nordisk,Nasdaq Copenhagen,DKK,20260706_192958
2026-07-06 14:18:00+02:00,323.29998779296875,323.3500061035156,323.1499938964844,323.1499938964844,2838,NOVO-B.CO,Novo Nordisk,Nasdaq Copenhagen,DKK,20260706_192958
2026-07-06 14:19:00+02:00,323.3999938964844,323.3999938964844,323.29998779296875,323.29998779296875,730,NOVO-B.CO,Novo Nordisk,Nasdaq Copenhagen,DKK,20260706_192958
2026-07-06 14:20:00+02:00,323.29998779296875,323.3999938964844,323.25,323.3500061035156,1549,NOVO-B.CO,Novo Nordisk,Nasdaq Copenhagen,DKK,20260706_192958
2026-07-06 14:21:00+02:00,323.3500061035156,323.3999938964844,323.29998779296875,323.3999938964844,2251,NOVO-B.CO,Novo Nordisk,Nasdaq Copenhagen,DKK,20260706_192958
2026-07-06 14:22:00+02:00,323.45001220703125,323.5,323.3500061035156,323.3500061035156,679,NOVO-B.CO,Novo Nordisk,Nasdaq Copenhagen,DKK,20260706_192958
2026-07-06 14:23:00+02:00,323.3999938964844,323.54998779296875,323.3999938964844,323.54998779296875,929,NOVO-B.CO,Novo Nordisk,Nasdaq Copenhagen,DKK,20260706_192958
2026-07-06 14:24:00+02:00,323.5,323.6000061035156,323.45001220703125,323.45001220703125,1695,NOVO-B.CO,Novo Nordisk,Nasdaq Copenhagen,DKK,20260706_192958
2026-07-06 14:25:00+02:00,323.45001220703125,323.54998779296875,323.3500061035156,323.5,2087,NOVO-B.CO,Novo Nordisk,Nasdaq Copenhagen,DKK,20260706_192958
2026-07-06 14:26:00+02:00,323.6000061035156,323.6499938964844,323.54998779296875,323.54998779296875,838,NOVO-B.CO,Novo Nordisk,Nasdaq Copenhagen,DKK,20260706_192958
2026-07-06 14:27:00+02:00,323.70001220703125,323.70001220703125,323.70001220703125,323.70001220703125,92,NOVO-B.CO,Novo Nordisk,Nasdaq Copenhagen,DKK,20260706_192958
2026-07-06 14:28:00+02:00,323.8999938964844,323.8999938964844,323.75,323.75,207,NOVO-B.CO,Novo Nordisk,Nasdaq Copenhagen,DKK,20260706_192958
2026-07-06 14:29:00+02:00,324.0,324.0,323.8500061035156,323.8500061035156,2282,NOVO-B.CO,Novo Nordisk,Nasdaq Copenhagen,DKK,20260706_192958
2026-07-06 14:30:00+02:00,324.2250061035156,324.25,324.0,324.0,1674,NOVO-B.CO,Novo Nordisk,Nasdaq Copenhagen,DKK,20260706_192958
2026-07-06 14:31:00+02:00,324.20001220703125,324.29998779296875,324.20001220703125,324.25,870,NOVO-B.CO,Novo Nordisk,Nasdaq Copenhagen,DKK,20260706_192958
2026-07-06 14:32:00+02:00,324.1000061035156,324.1499938964844,324.04998779296875,324.1499938964844,592,NOVO-B.CO,Novo Nordisk,Nasdaq Copenhagen,DKK,20260706_192958
2026-07-06 14:33:00+02:00,324.04998779296875,324.1000061035156,324.0,324.1000061035156,568,NOVO-B.CO,Novo Nordisk,Nasdaq Copenhagen,DKK,20260706_192958
2026-07-06 14:34:00+02:00,324.04998779296875,324.04998779296875,324.0,324.0,3531,NOVO-B.CO,Novo Nordisk,Nasdaq Copenhagen,DKK,20260706_192958
2026-07-06 14:35:00+02:00,324.20001220703125,324.20001220703125,324.0,324.0,489,NOVO-B.CO,Novo Nordisk,Nasdaq Copenhagen,DKK,20260706_192958
2026-07-06 14:36:00+02:00,324.1000061035156,324.1000061035156,324.04998779296875,324.04998779296875,495,NOVO-B.CO,Novo Nordisk,Nasdaq Copenhagen,DKK,20260706_192958
2026-07-06 14:37:00+02:00,323.95001220703125,324.04998779296875,323.8999938964844,324.04998779296875,1339,NOVO-B.CO,Novo Nordisk,Nasdaq Copenhagen,DKK,20260706_192958
2026-07-06 14:38:00+02:00,323.8999938964844,324.0,323.8999938964844,324.0,1084,NOVO-B.CO,Novo Nordisk,Nasdaq Copenhagen,DKK,20260706_192958
2026-07-06 14:39:00+02:00,324.1000061035156,324.1499938964844,323.8500061035156,323.95001220703125,3009,NOVO-B.CO,Novo Nordisk,Nasdaq Copenhagen,DKK,20260706_192958
2026-07-06 14:40:00+02:00,324.3500061035156,324.3500061035156,324.1499938964844,324.1499938964844,1144,NOVO-B.CO,Novo Nordisk,Nasdaq Copenhagen,DKK,20260706_192958
2026-07-06 14:41:00+02:00,324.25,324.25,324.25,324.25,47,NOVO-B.CO,Novo Nordisk,Nasdaq Copenhagen,DKK,20260706_192958
2026-07-06 14:42:00+02:00,324.54998779296875,324.54998779296875,324.25,324.25,2324,NOVO-B.CO,Novo Nordisk,Nasdaq Copenhagen,DKK,20260706_192958
2026-07-06 14:43:00+02:00,324.54998779296875,324.54998779296875,324.3999938964844,324.45001220703125,181,NOVO-B.CO,Novo Nordisk,Nasdaq Copenhagen,DKK,20260706_192958
2026-07-06 14:44:00+02:00,324.45001220703125,324.5,324.3999938964844,324.5,474,NOVO-B.CO,Novo Nordisk,Nasdaq Copenhagen,DKK,20260706_192958
2026-07-06 14:45:00+02:00,324.3999938964844,324.45001220703125,324.3500061035156,324.3500061035156,1187,NOVO-B.CO,Novo Nordisk,Nasdaq Copenhagen,DKK,20260706_192958
2026-07-06 14:46:00+02:00,324.04998779296875,324.3999938964844,324.04998779296875,324.3999938964844,4140,NOVO-B.CO,Novo Nordisk,Nasdaq Copenhagen,DKK,20260706_192958
2026-07-06 14:47:00+02:00,324.0,324.04998779296875,323.8999938964844,324.04998779296875,1229,NOVO-B.CO,Novo Nordisk,Nasdaq Copenhagen,DKK,20260706_192958
2026-07-06 14:48:00+02:00,323.8999938964844,324.04998779296875,323.8500061035156,323.95001220703125,993,NOVO-B.CO,Novo Nordisk,Nasdaq Copenhagen,DKK,20260706_192958
2026-07-06 14:49:00+02:00,323.8999938964844,323.8999938964844,323.79998779296875,323.8999938964844,947,NOVO-B.CO,Novo Nordisk,Nasdaq Copenhagen,DKK,20260706_192958
2026-07-06 14:50:00+02:00,323.75,323.8999938964844,323.75,323.8999938964844,760,NOVO-B.CO,Novo Nordisk,Nasdaq Copenhagen,DKK,20260706_192958
2026-07-06 14:51:00+02:00,323.70001220703125,323.8500061035156,323.70001220703125,323.8500061035156,764,NOVO-B.CO,Novo Nordisk,Nasdaq Copenhagen,DKK,20260706_192958
2026-07-06 14:52:00+02:00,323.70001220703125,323.75,323.70001220703125,323.70001220703125,235,NOVO-B.CO,Novo Nordisk,Nasdaq Copenhagen,DKK,20260706_192958
2026-07-06 14:53:00+02:00,323.79998779296875,323.8999938964844,323.75,323.79998779296875,1929,NOVO-B.CO,Novo Nordisk,Nasdaq Copenhagen,DKK,20260706_192958
2026-07-06 14:54:00+02:00,324.1000061035156,324.1000061035156,323.79998779296875,323.79998779296875,1786,NOVO-B.CO,Novo Nordisk,Nasdaq Copenhagen,DKK,20260706_192958
2026-07-06 14:55:00+02:00,324.04998779296875,324.1499938964844,324.04998779296875,324.1499938964844,918,NOVO-B.CO,Novo Nordisk,Nasdaq Copenhagen,DKK,20260706_192958
2026-07-06 14:56:00+02:00,324.1000061035156,324.1499938964844,324.0,324.0,784,NOVO-B.CO,Novo Nordisk,Nasdaq Copenhagen,DKK,20260706_192958
2026-07-06 14:57:00+02:00,324.3999938964844,324.3999938964844,324.1499938964844,324.1499938964844,1501,NOVO-B.CO,Novo Nordisk,Nasdaq Copenhagen,DKK,20260706_192958
2026-07-06 14:58:00+02:00,324.29998779296875,324.29998779296875,324.25,324.29998779296875,772,NOVO-B.CO,Novo Nordisk,Nasdaq Copenhagen,DKK,20260706_192958
2026-07-06 14:59:00+02:00,324.29998779296875,324.29998779296875,324.25,324.29998779296875,221,NOVO-B.CO,Novo Nordisk,Nasdaq Copenhagen,DKK,20260706_192958
2026-07-06 15:00:00+02:00,324.20001220703125,324.3500061035156,324.20001220703125,324.29998779296875,409,NOVO-B.CO,Novo Nordisk,Nasdaq Copenhagen,DKK,20260706_192958
2026-07-06 15:01:00+02:00,324.20001220703125,324.20001220703125,324.1499938964844,324.20001220703125,929,NOVO-B.CO,Novo Nordisk,Nasdaq Copenhagen,DKK,20260706_192958
2026-07-06 15:02:00+02:00,323.79998779296875,324.1499938964844,323.79998779296875,324.1499938964844,2393,NOVO-B.CO,Novo Nordisk,Nasdaq Copenhagen,DKK,20260706_192958
2026-07-06 15:03:00+02:00,323.8999938964844,323.8999938964844,323.75,323.75,2000,NOVO-B.CO,Novo Nordisk,Nasdaq Copenhagen,DKK,20260706_192958
2026-07-06 15:04:00+02:00,323.6499938964844,323.8500061035156,323.6000061035156,323.8500061035156,1799,NOVO-B.CO,Novo Nordisk,Nasdaq Copenhagen,DKK,20260706_192958
2026-07-06 15:05:00+02:00,323.70001220703125,323.70001220703125,323.54998779296875,323.6000061035156,1254,NOVO-B.CO,Novo Nordisk,Nasdaq Copenhagen,DKK,20260706_192958
2026-07-06 15:06:00+02:00,323.79998779296875,323.8999938964844,323.75,323.75,1117,NOVO-B.CO,Novo Nordisk,Nasdaq Copenhagen,DKK,20260706_192958
2026-07-06 15:07:00+02:00,323.3999938964844,323.8999938964844,323.3999938964844,323.8500061035156,2431,NOVO-B.CO,Novo Nordisk,Nasdaq Copenhagen,DKK,20260706_192958
2026-07-06 15:08:00+02:00,323.3500061035156,323.3500061035156,323.3500061035156,323.3500061035156,110,NOVO-B.CO,Novo Nordisk,Nasdaq Copenhagen,DKK,20260706_192958
2026-07-06 15:09:00+02:00,323.25,323.45001220703125,323.25,323.45001220703125,1321,NOVO-B.CO,Novo Nordisk,Nasdaq Copenhagen,DKK,20260706_192958
2026-07-06 15:10:00+02:00,323.25,323.29998779296875,323.25,323.29998779296875,1356,NOVO-B.CO,Novo Nordisk,Nasdaq Copenhagen,DKK,20260706_192958
2026-07-06 15:11:00+02:00,323.25,323.3500061035156,323.20001220703125,323.20001220703125,678,NOVO-B.CO,Novo Nordisk,Nasdaq Copenhagen,DKK,20260706_192958
2026-07-06 15:12:00+02:00,323.29998779296875,323.3500061035156,323.25,323.29998779296875,1594,NOVO-B.CO,Novo Nordisk,Nasdaq Copenhagen,DKK,20260706_192958
2026-07-06 15:13:00+02:00,323.3500061035156,323.5,323.25,323.25,1359,NOVO-B.CO,Novo Nordisk,Nasdaq Copenhagen,DKK,20260706_192958
2026-07-06 15:14:00+02:00,323.3999938964844,323.5,323.29998779296875,323.5,1007,NOVO-B.CO,Novo Nordisk,Nasdaq Copenhagen,DKK,20260706_192958
2026-07-06 15:15:00+02:00,323.75,323.75,323.45001220703125,323.45001220703125,2077,NOVO-B.CO,Novo Nordisk,Nasdaq Copenhagen,DKK,20260706_192958
2026-07-06 15:16:00+02:00,324.0,324.0,323.70001220703125,323.70001220703125,2371,NOVO-B.CO,Novo Nordisk,Nasdaq Copenhagen,DKK,20260706_192958
2026-07-06 15:17:00+02:00,324.1499938964844,324.1499938964844,324.0,324.0,999,NOVO-B.CO,Novo Nordisk,Nasdaq Copenhagen,DKK,20260706_192958
2026-07-06 15:18:00+02:00,323.8500061035156,324.04998779296875,323.75,324.04998779296875,2278,NOVO-B.CO,Novo Nordisk,Nasdaq Copenhagen,DKK,20260706_192958
2026-07-06 15:19:00+02:00,323.8999938964844,323.8999938964844,323.8999938964844,323.8999938964844,247,NOVO-B.CO,Novo Nordisk,Nasdaq Copenhagen,DKK,20260706_192958
2026-07-06 15:20:00+02:00,323.8999938964844,324.1000061035156,323.8500061035156,324.0,5264,NOVO-B.CO,Novo Nordisk,Nasdaq Copenhagen,DKK,20260706_192958
2026-07-06 15:21:00+02:00,323.79998779296875,323.8999938964844,323.6499938964844,323.8999938964844,2316,NOVO-B.CO,Novo Nordisk,Nasdaq Copenhagen,DKK,20260706_192958
2026-07-06 15:22:00+02:00,323.6000061035156,323.75,323.54998779296875,323.75,1814,NOVO-B.CO,Novo Nordisk,Nasdaq Copenhagen,DKK,20260706_192958
2026-07-06 15:23:00+02:00,323.6000061035156,323.6000061035156,323.3999938964844,323.6000061035156,2140,NOVO-B.CO,Novo Nordisk,Nasdaq Copenhagen,DKK,20260706_192958
2026-07-06 15:24:00+02:00,323.6000061035156,323.6000061035156,323.5,323.6000061035156,920,NOVO-B.CO,Novo Nordisk,Nasdaq Copenhagen,DKK,20260706_192958
2026-07-06 15:25:00+02:00,323.3500061035156,323.5,323.29998779296875,323.5,3441,NOVO-B.CO,Novo Nordisk,Nasdaq Copenhagen,DKK,20260706_192958
2026-07-06 15:26:00+02:00,323.20001220703125,323.29998779296875,323.20001220703125,323.29998779296875,890,NOVO-B.CO,Novo Nordisk,Nasdaq Copenhagen,DKK,20260706_192958
2026-07-06 15:27:00+02:00,323.8999938964844,324.29998779296875,323.0,323.1499938964844,31365,NOVO-B.CO,Novo Nordisk,Nasdaq Copenhagen,DKK,20260706_192958
2026-07-06 15:28:00+02:00,323.54998779296875,323.95001220703125,323.5,323.8999938964844,2849,NOVO-B.CO,Novo Nordisk,Nasdaq Copenhagen,DKK,20260706_192958
2026-07-06 15:29:00+02:00,322.75,323.6000061035156,322.75,323.54998779296875,12782,NOVO-B.CO,Novo Nordisk,Nasdaq Copenhagen,DKK,20260706_192958
2026-07-06 15:30:00+02:00,322.54998779296875,322.75,321.79998779296875,322.75,55033,NOVO-B.CO,Novo Nordisk,Nasdaq Copenhagen,DKK,20260706_192958
2026-07-06 15:31:00+02:00,321.6000061035156,322.5,321.54998779296875,322.5,13019,NOVO-B.CO,Novo Nordisk,Nasdaq Copenhagen,DKK,20260706_192958
2026-07-06 15:32:00+02:00,321.25,321.70001220703125,321.0,321.54998779296875,11518,NOVO-B.CO,Novo Nordisk,Nasdaq Copenhagen,DKK,20260706_192958
2026-07-06 15:33:00+02:00,320.6000061035156,321.75,320.45001220703125,321.25,25866,NOVO-B.CO,Novo Nordisk,Nasdaq Copenhagen,DKK,20260706_192958
2026-07-06 15:34:00+02:00,321.04998779296875,321.04998779296875,320.25,320.45001220703125,6129,NOVO-B.CO,Novo Nordisk,Nasdaq Copenhagen,DKK,20260706_192958
2026-07-06 15:35:00+02:00,320.3999938964844,321.25,320.25,321.04998779296875,8799,NOVO-B.CO,Novo Nordisk,Nasdaq Copenhagen,DKK,20260706_192958
2026-07-06 15:36:00+02:00,321.0,321.29998779296875,320.29998779296875,320.45001220703125,6561,NOVO-B.CO,Novo Nordisk,Nasdaq Copenhagen,DKK,20260706_192958
2026-07-06 15:37:00+02:00,320.8500061035156,321.04998779296875,320.8500061035156,321.04998779296875,4725,NOVO-B.CO,Novo Nordisk,Nasdaq Copenhagen,DKK,20260706_192958
2026-07-06 15:38:00+02:00,319.79998779296875,320.79998779296875,319.75,320.79998779296875,47822,NOVO-B.CO,Novo Nordisk,Nasdaq Copenhagen,DKK,20260706_192958
2026-07-06 15:39:00+02:00,319.75,320.0,319.6499938964844,319.8500061035156,8015,NOVO-B.CO,Novo Nordisk,Nasdaq Copenhagen,DKK,20260706_192958
2026-07-06 15:40:00+02:00,319.70001220703125,319.79998779296875,319.45001220703125,319.75,5619,NOVO-B.CO,Novo Nordisk,Nasdaq Copenhagen,DKK,20260706_192958
2026-07-06 15:41:00+02:00,319.04998779296875,319.79998779296875,319.04998779296875,319.75,10029,NOVO-B.CO,Novo Nordisk,Nasdaq Copenhagen,DKK,20260706_192958
2026-07-06 15:42:00+02:00,319.0,319.79998779296875,318.79998779296875,319.1000061035156,17126,NOVO-B.CO,Novo Nordisk,Nasdaq Copenhagen,DKK,20260706_192958
2026-07-06 15:43:00+02:00,319.3999938964844,319.3999938964844,318.8500061035156,319.04998779296875,6816,NOVO-B.CO,Novo Nordisk,Nasdaq Copenhagen,DKK,20260706_192958
2026-07-06 15:44:00+02:00,319.54998779296875,319.6000061035156,319.3500061035156,319.3999938964844,7932,NOVO-B.CO,Novo Nordisk,Nasdaq Copenhagen,DKK,20260706_192958
2026-07-06 15:45:00+02:00,319.3500061035156,319.75,319.3500061035156,319.6000061035156,6923,NOVO-B.CO,Novo Nordisk,Nasdaq Copenhagen,DKK,20260706_192958
2026-07-06 15:46:00+02:00,319.54998779296875,319.6499938964844,319.3999938964844,319.3999938964844,2603,NOVO-B.CO,Novo Nordisk,Nasdaq Copenhagen,DKK,20260706_192958
2026-07-06 15:47:00+02:00,318.95001220703125,319.75,318.79998779296875,319.6000061035156,22202,NOVO-B.CO,Novo Nordisk,Nasdaq Copenhagen,DKK,20260706_192958
2026-07-06 15:48:00+02:00,319.3999938964844,319.45001220703125,318.8500061035156,318.8500061035156,15059,NOVO-B.CO,Novo Nordisk,Nasdaq Copenhagen,DKK,20260706_192958
2026-07-06 15:49:00+02:00,319.79998779296875,319.79998779296875,319.3500061035156,319.3999938964844,6394,NOVO-B.CO,Novo Nordisk,Nasdaq Copenhagen,DKK,20260706_192958
2026-07-06 15:50:00+02:00,320.04998779296875,320.3999938964844,319.79998779296875,319.8999938964844,19146,NOVO-B.CO,Novo Nordisk,Nasdaq Copenhagen,DKK,20260706_192958
2026-07-06 15:51:00+02:00,319.95001220703125,320.1499938964844,319.79998779296875,320.1000061035156,13131,NOVO-B.CO,Novo Nordisk,Nasdaq Copenhagen,DKK,20260706_192958
2026-07-06 15:52:00+02:00,319.75,320.1499938964844,319.54998779296875,320.04998779296875,6677,NOVO-B.CO,Novo Nordisk,Nasdaq Copenhagen,DKK,20260706_192958
2026-07-06 15:53:00+02:00,319.3500061035156,319.75,319.20001220703125,319.75,8184,NOVO-B.CO,Novo Nordisk,Nasdaq Copenhagen,DKK,20260706_192958
2026-07-06 15:54:00+02:00,319.3999938964844,319.70001220703125,319.29998779296875,319.29998779296875,2612,NOVO-B.CO,Novo Nordisk,Nasdaq Copenhagen,DKK,20260706_192958
2026-07-06 15:55:00+02:00,318.70001220703125,319.29998779296875,318.70001220703125,319.29998779296875,12786,NOVO-B.CO,Novo Nordisk,Nasdaq Copenhagen,DKK,20260706_192958
2026-07-06 15:56:00+02:00,318.29998779296875,318.70001220703125,318.29998779296875,318.6499938964844,19056,NOVO-B.CO,Novo Nordisk,Nasdaq Copenhagen,DKK,20260706_192958
2026-07-06 15:57:00+02:00,318.79998779296875,318.8999938964844,318.6000061035156,318.6000061035156,5201,NOVO-B.CO,Novo Nordisk,Nasdaq Copenhagen,DKK,20260706_192958
2026-07-06 15:58:00+02:00,318.70001220703125,319.0,318.6499938964844,318.8999938964844,9019,NOVO-B.CO,Novo Nordisk,Nasdaq Copenhagen,DKK,20260706_192958
2026-07-06 15:59:00+02:00,319.25,319.25,318.54998779296875,318.70001220703125,2210,NOVO-B.CO,Novo Nordisk,Nasdaq Copenhagen,DKK,20260706_192958
2026-07-06 16:00:00+02:00,319.6000061035156,319.79998779296875,318.8999938964844,319.20001220703125,8958,NOVO-B.CO,Novo Nordisk,Nasdaq Copenhagen,DKK,20260706_192958
2026-07-06 16:01:00+02:00,319.70001220703125,319.95001220703125,319.70001220703125,319.79998779296875,3677,NOVO-B.CO,Novo Nordisk,Nasdaq Copenhagen,DKK,20260706_192958
2026-07-06 16:02:00+02:00,319.70001220703125,319.79998779296875,319.3999938964844,319.75,2760,NOVO-B.CO,Novo Nordisk,Nasdaq Copenhagen,DKK,20260706_192958
2026-07-06 16:03:00+02:00,319.8500061035156,320.1499938964844,319.6000061035156,319.70001220703125,17963,NOVO-B.CO,Novo Nordisk,Nasdaq Copenhagen,DKK,20260706_192958
2026-07-06 16:04:00+02:00,320.1499938964844,320.20001220703125,319.95001220703125,319.95001220703125,3823,NOVO-B.CO,Novo Nordisk,Nasdaq Copenhagen,DKK,20260706_192958
2026-07-06 16:05:00+02:00,320.20001220703125,320.20001220703125,319.8500061035156,320.1499938964844,7016,NOVO-B.CO,Novo Nordisk,Nasdaq Copenhagen,DKK,20260706_192958
2026-07-06 16:06:00+02:00,320.3999938964844,320.5,320.20001220703125,320.20001220703125,3707,NOVO-B.CO,Novo Nordisk,Nasdaq Copenhagen,DKK,20260706_192958
2026-07-06 16:07:00+02:00,320.25,320.5,320.1499938964844,320.5,3430,NOVO-B.CO,Novo Nordisk,Nasdaq Copenhagen,DKK,20260706_192958
2026-07-06 16:08:00+02:00,320.0,320.25,320.0,320.25,2501,NOVO-B.CO,Novo Nordisk,Nasdaq Copenhagen,DKK,20260706_192958
2026-07-06 16:09:00+02:00,319.79998779296875,320.04998779296875,319.79998779296875,319.95001220703125,4046,NOVO-B.CO,Novo Nordisk,Nasdaq Copenhagen,DKK,20260706_192958
2026-07-06 16:10:00+02:00,319.95001220703125,320.0,319.79998779296875,319.79998779296875,8928,NOVO-B.CO,Novo Nordisk,Nasdaq Copenhagen,DKK,20260706_192958
2026-07-06 16:11:00+02:00,320.20001220703125,320.20001220703125,319.8999938964844,320.04998779296875,5533,NOVO-B.CO,Novo Nordisk,Nasdaq Copenhagen,DKK,20260706_192958
2026-07-06 16:12:00+02:00,320.3999938964844,320.3999938964844,320.04998779296875,320.20001220703125,4313,NOVO-B.CO,Novo Nordisk,Nasdaq Copenhagen,DKK,20260706_192958
2026-07-06 16:13:00+02:00,320.6000061035156,320.6000061035156,320.29998779296875,320.3999938964844,4951,NOVO-B.CO,Novo Nordisk,Nasdaq Copenhagen,DKK,20260706_192958
2026-07-06 16:14:00+02:00,320.54998779296875,320.95001220703125,320.5,320.6499938964844,11978,NOVO-B.CO,Novo Nordisk,Nasdaq Copenhagen,DKK,20260706_192958
2026-07-06 16:15:00+02:00,320.25,320.5,320.25,320.5,4638,NOVO-B.CO,Novo Nordisk,Nasdaq Copenhagen,DKK,20260706_192958
2026-07-06 16:16:00+02:00,320.1499938964844,320.25,319.8999938964844,320.20001220703125,5546,NOVO-B.CO,Novo Nordisk,Nasdaq Copenhagen,DKK,20260706_192958
2026-07-06 16:17:00+02:00,320.20001220703125,320.5,320.1000061035156,320.1499938964844,4192,NOVO-B.CO,Novo Nordisk,Nasdaq Copenhagen,DKK,20260706_192958
2026-07-06 16:18:00+02:00,320.0,320.29998779296875,319.95001220703125,320.29998779296875,5023,NOVO-B.CO,Novo Nordisk,Nasdaq Copenhagen,DKK,20260706_192958
2026-07-06 16:19:00+02:00,320.29998779296875,320.3999938964844,320.1000061035156,320.1000061035156,4584,NOVO-B.CO,Novo Nordisk,Nasdaq Copenhagen,DKK,20260706_192958
2026-07-06 16:20:00+02:00,320.25,320.3999938964844,320.20001220703125,320.20001220703125,4084,NOVO-B.CO,Novo Nordisk,Nasdaq Copenhagen,DKK,20260706_192958
2026-07-06 16:21:00+02:00,320.1000061035156,320.45001220703125,320.04998779296875,320.20001220703125,5052,NOVO-B.CO,Novo Nordisk,Nasdaq Copenhagen,DKK,20260706_192958
2026-07-06 16:22:00+02:00,321.20001220703125,321.25,320.0,320.0,20832,NOVO-B.CO,Novo Nordisk,Nasdaq Copenhagen,DKK,20260706_192958
2026-07-06 16:23:00+02:00,321.1000061035156,321.29998779296875,321.04998779296875,321.29998779296875,3077,NOVO-B.CO,Novo Nordisk,Nasdaq Copenhagen,DKK,20260706_192958
2026-07-06 16:24:00+02:00,321.29998779296875,321.45001220703125,320.8500061035156,321.04998779296875,6033,NOVO-B.CO,Novo Nordisk,Nasdaq Copenhagen,DKK,20260706_192958
2026-07-06 16:25:00+02:00,321.45001220703125,321.54998779296875,321.3500061035156,321.45001220703125,8072,NOVO-B.CO,Novo Nordisk,Nasdaq Copenhagen,DKK,20260706_192958
2026-07-06 16:26:00+02:00,321.1499938964844,321.6000061035156,321.1499938964844,321.6000061035156,11001,NOVO-B.CO,Novo Nordisk,Nasdaq Copenhagen,DKK,20260706_192958
2026-07-06 16:27:00+02:00,321.3500061035156,321.3999938964844,321.25,321.29998779296875,9266,NOVO-B.CO,Novo Nordisk,Nasdaq Copenhagen,DKK,20260706_192958
2026-07-06 16:28:00+02:00,321.6499938964844,321.6499938964844,321.3999938964844,321.45001220703125,9828,NOVO-B.CO,Novo Nordisk,Nasdaq Copenhagen,DKK,20260706_192958
2026-07-06 16:29:00+02:00,321.29998779296875,321.75,321.25,321.6000061035156,5913,NOVO-B.CO,Novo Nordisk,Nasdaq Copenhagen,DKK,20260706_192958
2026-07-06 16:30:00+02:00,321.3999938964844,321.45001220703125,321.04998779296875,321.25,1628,NOVO-B.CO,Novo Nordisk,Nasdaq Copenhagen,DKK,20260706_192958
2026-07-06 16:31:00+02:00,321.6000061035156,321.6000061035156,321.3500061035156,321.3999938964844,3540,NOVO-B.CO,Novo Nordisk,Nasdaq Copenhagen,DKK,20260706_192958
2026-07-06 16:32:00+02:00,320.95001220703125,321.5,320.95001220703125,321.45001220703125,16856,NOVO-B.CO,Novo Nordisk,Nasdaq Copenhagen,DKK,20260706_192958
2026-07-06 16:33:00+02:00,320.6499938964844,321.04998779296875,320.6499938964844,321.04998779296875,5459,NOVO-B.CO,Novo Nordisk,Nasdaq Copenhagen,DKK,20260706_192958
2026-07-06 16:34:00+02:00,320.54998779296875,320.95001220703125,320.54998779296875,320.70001220703125,3383,NOVO-B.CO,Novo Nordisk,Nasdaq Copenhagen,DKK,20260706_192958
2026-07-06 16:35:00+02:00,320.70001220703125,320.70001220703125,320.45001220703125,320.6000061035156,3197,NOVO-B.CO,Novo Nordisk,Nasdaq Copenhagen,DKK,20260706_192958
2026-07-06 16:36:00+02:00,320.6499938964844,320.79998779296875,320.54998779296875,320.75,2637,NOVO-B.CO,Novo Nordisk,Nasdaq Copenhagen,DKK,20260706_192958
2026-07-06 16:37:00+02:00,320.5,320.6499938964844,320.5,320.5,2614,NOVO-B.CO,Novo Nordisk,Nasdaq Copenhagen,DKK,20260706_192958
2026-07-06 16:38:00+02:00,320.04998779296875,320.54998779296875,319.8999938964844,320.5,8591,NOVO-B.CO,Novo Nordisk,Nasdaq Copenhagen,DKK,20260706_192958
2026-07-06 16:39:00+02:00,320.04998779296875,320.04998779296875,319.8999938964844,320.0,2290,NOVO-B.CO,Novo Nordisk,Nasdaq Copenhagen,DKK,20260706_192958
2026-07-06 16:40:00+02:00,320.1000061035156,320.1000061035156,320.0,320.0,602,NOVO-B.CO,Novo Nordisk,Nasdaq Copenhagen,DKK,20260706_192958
2026-07-06 16:41:00+02:00,320.0,320.1000061035156,319.8999938964844,320.0,2333,NOVO-B.CO,Novo Nordisk,Nasdaq Copenhagen,DKK,20260706_192958
2026-07-06 16:42:00+02:00,320.1499938964844,320.1499938964844,319.95001220703125,320.0,2702,NOVO-B.CO,Novo Nordisk,Nasdaq Copenhagen,DKK,20260706_192958
2026-07-06 16:43:00+02:00,320.1499938964844,320.25,320.0,320.1499938964844,5325,NOVO-B.CO,Novo Nordisk,Nasdaq Copenhagen,DKK,20260706_192958
2026-07-06 16:44:00+02:00,320.29998779296875,320.29998779296875,320.1000061035156,320.1000061035156,425,NOVO-B.CO,Novo Nordisk,Nasdaq Copenhagen,DKK,20260706_192958
2026-07-06 16:45:00+02:00,319.8500061035156,320.25,319.79998779296875,320.25,4989,NOVO-B.CO,Novo Nordisk,Nasdaq Copenhagen,DKK,20260706_192958
2026-07-06 16:46:00+02:00,319.8999938964844,319.8999938964844,319.75,319.79998779296875,1836,NOVO-B.CO,Novo Nordisk,Nasdaq Copenhagen,DKK,20260706_192958
2026-07-06 16:47:00+02:00,319.79998779296875,320.04998779296875,319.79998779296875,319.8999938964844,10800,NOVO-B.CO,Novo Nordisk,Nasdaq Copenhagen,DKK,20260706_192958
2026-07-06 16:48:00+02:00,319.8500061035156,320.0,319.79998779296875,319.79998779296875,7006,NOVO-B.CO,Novo Nordisk,Nasdaq Copenhagen,DKK,20260706_192958
2026-07-06 16:49:00+02:00,320.0,320.0,319.8999938964844,319.95001220703125,1437,NOVO-B.CO,Novo Nordisk,Nasdaq Copenhagen,DKK,20260706_192958
2026-07-06 16:50:00+02:00,320.0,320.0,319.8500061035156,319.8999938964844,2705,NOVO-B.CO,Novo Nordisk,Nasdaq Copenhagen,DKK,20260706_192958
2026-07-06 16:51:00+02:00,320.04998779296875,320.04998779296875,319.8500061035156,320.0,7224,NOVO-B.CO,Novo Nordisk,Nasdaq Copenhagen,DKK,20260706_192958
2026-07-06 16:52:00+02:00,320.3999938964844,320.3999938964844,319.95001220703125,320.0,4147,NOVO-B.CO,Novo Nordisk,Nasdaq Copenhagen,DKK,20260706_192958
2026-07-06 16:53:00+02:00,320.3999938964844,320.45001220703125,320.25,320.3500061035156,5020,NOVO-B.CO,Novo Nordisk,Nasdaq Copenhagen,DKK,20260706_192958
2026-07-06 16:54:00+02:00,320.6000061035156,320.70001220703125,320.3999938964844,320.5,15944,NOVO-B.CO,Novo Nordisk,Nasdaq Copenhagen,DKK,20260706_192958
2026-07-06 16:59:00+02:00,321.1000061035156,321.1000061035156,321.1000061035156,321.1000061035156,1258415,NOVO-B.CO,Novo Nordisk,Nasdaq Copenhagen,DKK,20260706_192958
2026-07-06 09:00:00+02:00,328.5,329.45001220703125,328.1000061035156,328.5,0,NOVO-B.CO,Novo Nordisk,Nasdaq Copenhagen,DKK,20260706_211029
2026-07-06 09:01:00+02:00,328.04998779296875,328.6499938964844,327.8999938964844,328.45001220703125,22062,NOVO-B.CO,Novo Nordisk,Nasdaq Copenhagen,DKK,20260706_211029
2026-07-06 09:02:00+02:00,328.1499938964844,328.20001220703125,327.3500061035156,328.20001220703125,18223,NOVO-B.CO,Novo Nordisk,Nasdaq Copenhagen,DKK,20260706_211029
2026-07-06 09:03:00+02:00,328.0,328.45001220703125,327.8500061035156,327.8999938964844,8628,NOVO-B.CO,Novo Nordisk,Nasdaq Copenhagen,DKK,20260706_211029
2026-07-06 09:04:00+02:00,328.1499938964844,328.25,327.8500061035156,328.1499938964844,959,NOVO-B.CO,Novo Nordisk,Nasdaq Copenhagen,DKK,20260706_211029
2026-07-06 09:05:00+02:00,328.79998779296875,328.79998779296875,328.0,328.0,2628,NOVO-B.CO,Novo Nordisk,Nasdaq Copenhagen,DKK,20260706_211029
2026-07-06 09:06:00+02:00,328.70001220703125,329.0,328.70001220703125,328.79998779296875,5497,NOVO-B.CO,Novo Nordisk,Nasdaq Copenhagen,DKK,20260706_211029
2026-07-06 09:07:00+02:00,328.8999938964844,329.04998779296875,328.79998779296875,328.79998779296875,10506,NOVO-B.CO,Novo Nordisk,Nasdaq Copenhagen,DKK,20260706_211029
2026-07-06 09:08:00+02:00,329.3500061035156,329.3999938964844,328.8999938964844,328.8999938964844,3833,NOVO-B.CO,Novo Nordisk,Nasdaq Copenhagen,DKK,20260706_211029
2026-07-06 09:09:00+02:00,329.1499938964844,329.5,329.1499938964844,329.29998779296875,2070,NOVO-B.CO,Novo Nordisk,Nasdaq Copenhagen,DKK,20260706_211029
2026-07-06 09:10:00+02:00,329.1000061035156,329.3999938964844,328.8999938964844,329.20001220703125,18496,NOVO-B.CO,Novo Nordisk,Nasdaq Copenhagen,DKK,20260706_211029
2026-07-06 09:11:00+02:00,330.20001220703125,330.20001220703125,329.20001220703125,329.20001220703125,51975,NOVO-B.CO,Novo Nordisk,Nasdaq Copenhagen,DKK,20260706_211029
2026-07-06 09:12:00+02:00,330.1499938964844,330.20001220703125,330.0,330.1000061035156,6879,NOVO-B.CO,Novo Nordisk,Nasdaq Copenhagen,DKK,20260706_211029
2026-07-06 09:13:00+02:00,330.29998779296875,330.29998779296875,330.04998779296875,330.20001220703125,4929,NOVO-B.CO,Novo Nordisk,Nasdaq Copenhagen,DKK,20260706_211029
2026-07-06 09:14:00+02:00,330.0,330.5,330.0,330.25,5972,NOVO-B.CO,Novo Nordisk,Nasdaq Copenhagen,DKK,20260706_211029
2026-07-06 09:15:00+02:00,330.1499938964844,330.25,330.1499938964844,330.1499938964844,2404,NOVO-B.CO,Novo Nordisk,Nasdaq Copenhagen,DKK,20260706_211029
2026-07-06 09:16:00+02:00,330.1499938964844,330.5,330.0,330.20001220703125,8183,NOVO-B.CO,Novo Nordisk,Nasdaq Copenhagen,DKK,20260706_211029
2026-07-06 09:17:00+02:00,330.1000061035156,330.29998779296875,330.1000061035156,330.1499938964844,2902,NOVO-B.CO,Novo Nordisk,Nasdaq Copenhagen,DKK,20260706_211029
2026-07-06 09:18:00+02:00,329.8500061035156,330.1000061035156,329.6000061035156,330.1000061035156,4884,NOVO-B.CO,Novo Nordisk,Nasdaq Copenhagen,DKK,20260706_211029
2026-07-06 09:19:00+02:00,329.70001220703125,329.79998779296875,329.6000061035156,329.79998779296875,5279,NOVO-B.CO,Novo Nordisk,Nasdaq Copenhagen,DKK,20260706_211029
2026-07-06 09:20:00+02:00,329.6000061035156,329.75,329.25,329.70001220703125,6233,NOVO-B.CO,Novo Nordisk,Nasdaq Copenhagen,DKK,20260706_211029
2026-07-06 09:21:00+02:00,329.6000061035156,329.6499938964844,329.5,329.5,4407,NOVO-B.CO,Novo Nordisk,Nasdaq Copenhagen,DKK,20260706_211029
2026-07-06 09:22:00+02:00,329.70001220703125,329.79998779296875,329.5,329.6499938964844,2680,NOVO-B.CO,Novo Nordisk,Nasdaq Copenhagen,DKK,20260706_211029
2026-07-06 09:23:00+02:00,329.8500061035156,329.8500061035156,329.6499938964844,329.75,4157,NOVO-B.CO,Novo Nordisk,Nasdaq Copenhagen,DKK,20260706_211029
2026-07-06 09:24:00+02:00,329.8500061035156,330.0,329.8500061035156,329.8999938964844,3258,NOVO-B.CO,Novo Nordisk,Nasdaq Copenhagen,DKK,20260706_211029
2026-07-06 09:25:00+02:00,329.1000061035156,329.8500061035156,329.1000061035156,329.8500061035156,7120,NOVO-B.CO,Novo Nordisk,Nasdaq Copenhagen,DKK,20260706_211029
2026-07-06 09:26:00+02:00,328.70001220703125,329.1499938964844,328.70001220703125,329.04998779296875,3968,NOVO-B.CO,Novo Nordisk,Nasdaq Copenhagen,DKK,20260706_211029
2026-07-06 09:27:00+02:00,328.6499938964844,328.70001220703125,328.5,328.70001220703125,1406,NOVO-B.CO,Novo Nordisk,Nasdaq Copenhagen,DKK,20260706_211029
2026-07-06 09:28:00+02:00,328.8999938964844,329.0,328.5,328.54998779296875,9594,NOVO-B.CO,Novo Nordisk,Nasdaq Copenhagen,DKK,20260706_211029
2026-07-06 09:29:00+02:00,328.75,329.0,328.75,329.0,2352,NOVO-B.CO,Novo Nordisk,Nasdaq Copenhagen,DKK,20260706_211029
2026-07-06 09:30:00+02:00,328.6499938964844,328.79998779296875,328.5,328.75,2279,NOVO-B.CO,Novo Nordisk,Nasdaq Copenhagen,DKK,20260706_211029
2026-07-06 09:31:00+02:00,328.29998779296875,328.6499938964844,328.29998779296875,328.6499938964844,3143,NOVO-B.CO,Novo Nordisk,Nasdaq Copenhagen,DKK,20260706_211029
2026-07-06 09:32:00+02:00,328.25,328.3999938964844,328.20001220703125,328.29998779296875,1898,NOVO-B.CO,Novo Nordisk,Nasdaq Copenhagen,DKK,20260706_211029
2026-07-06 09:33:00+02:00,328.6000061035156,328.6000061035156,327.95001220703125,328.25,10182,NOVO-B.CO,Novo Nordisk,Nasdaq Copenhagen,DKK,20260706_211029
2026-07-06 09:34:00+02:00,328.75,329.0,328.6499938964844,328.6499938964844,2611,NOVO-B.CO,Novo Nordisk,Nasdaq Copenhagen,DKK,20260706_211029
2026-07-06 09:35:00+02:00,328.79998779296875,328.95001220703125,328.6499938964844,328.79998779296875,1590,NOVO-B.CO,Novo Nordisk,Nasdaq Copenhagen,DKK,20260706_211029
2026-07-06 09:36:00+02:00,328.6499938964844,328.8999938964844,328.5,328.79998779296875,5161,NOVO-B.CO,Novo Nordisk,Nasdaq Copenhagen,DKK,20260706_211029
2026-07-06 09:37:00+02:00,328.5,328.54998779296875,328.5,328.54998779296875,32,NOVO-B.CO,Novo Nordisk,Nasdaq Copenhagen,DKK,20260706_211029
2026-07-06 09:38:00+02:00,328.8500061035156,328.8500061035156,328.54998779296875,328.54998779296875,2311,NOVO-B.CO,Novo Nordisk,Nasdaq Copenhagen,DKK,20260706_211029
2026-07-06 09:39:00+02:00,328.70001220703125,328.8500061035156,328.70001220703125,328.75,263,NOVO-B.CO,Novo Nordisk,Nasdaq Copenhagen,DKK,20260706_211029
2026-07-06 09:40:00+02:00,328.79998779296875,328.79998779296875,328.70001220703125,328.79998779296875,324,NOVO-B.CO,Novo Nordisk,Nasdaq Copenhagen,DKK,20260706_211029
2026-07-06 09:41:00+02:00,328.79998779296875,328.8999938964844,328.70001220703125,328.8500061035156,1386,NOVO-B.CO,Novo Nordisk,Nasdaq Copenhagen,DKK,20260706_211029
2026-07-06 09:42:00+02:00,328.8500061035156,328.8999938964844,328.6499938964844,328.75,5002,NOVO-B.CO,Novo Nordisk,Nasdaq Copenhagen,DKK,20260706_211029
2026-07-06 09:43:00+02:00,329.0,329.0,328.70001220703125,328.8500061035156,3561,NOVO-B.CO,Novo Nordisk,Nasdaq Copenhagen,DKK,20260706_211029
2026-07-06 09:44:00+02:00,328.79998779296875,329.1000061035156,328.79998779296875,329.04998779296875,6641,NOVO-B.CO,Novo Nordisk,Nasdaq Copenhagen,DKK,20260706_211029
2026-07-06 09:45:00+02:00,328.5,328.8500061035156,328.5,328.8500061035156,2154,NOVO-B.CO,Novo Nordisk,Nasdaq Copenhagen,DKK,20260706_211029
2026-07-06 09:46:00+02:00,328.5249938964844,328.6000061035156,328.3999938964844,328.3999938964844,804,NOVO-B.CO,Novo Nordisk,Nasdaq Copenhagen,DKK,20260706_211029
2026-07-06 09:47:00+02:00,328.6499938964844,328.6499938964844,328.45001220703125,328.45001220703125,2449,NOVO-B.CO,Novo Nordisk,Nasdaq Copenhagen,DKK,20260706_211029
2026-07-06 09:48:00+02:00,328.70001220703125,328.70001220703125,328.54998779296875,328.70001220703125,315,NOVO-B.CO,Novo Nordisk,Nasdaq Copenhagen,DKK,20260706_211029
2026-07-06 09:49:00+02:00,328.70001220703125,328.70001220703125,328.5,328.54998779296875,810,NOVO-B.CO,Novo Nordisk,Nasdaq Copenhagen,DKK,20260706_211029
2026-07-06 09:50:00+02:00,328.3500061035156,328.70001220703125,328.3500061035156,328.70001220703125,4379,NOVO-B.CO,Novo Nordisk,Nasdaq Copenhagen,DKK,20260706_211029
2026-07-06 09:51:00+02:00,328.3500061035156,328.45001220703125,328.3500061035156,328.3500061035156,956,NOVO-B.CO,Novo Nordisk,Nasdaq Copenhagen,DKK,20260706_211029
2026-07-06 09:52:00+02:00,328.3999938964844,328.45001220703125,328.25,328.3500061035156,3449,NOVO-B.CO,Novo Nordisk,Nasdaq Copenhagen,DKK,20260706_211029
2026-07-06 09:53:00+02:00,328.25,328.45001220703125,328.20001220703125,328.3999938964844,4793,NOVO-B.CO,Novo Nordisk,Nasdaq Copenhagen,DKK,20260706_211029
2026-07-06 09:54:00+02:00,328.1000061035156,328.20001220703125,328.1000061035156,328.20001220703125,731,NOVO-B.CO,Novo Nordisk,Nasdaq Copenhagen,DKK,20260706_211029
2026-07-06 09:55:00+02:00,328.20001220703125,328.20001220703125,328.1000061035156,328.20001220703125,417,NOVO-B.CO,Novo Nordisk,Nasdaq Copenhagen,DKK,20260706_211029
2026-07-06 09:56:00+02:00,328.29998779296875,328.29998779296875,328.1000061035156,328.20001220703125,1451,NOVO-B.CO,Novo Nordisk,Nasdaq Copenhagen,DKK,20260706_211029
2026-07-06 09:57:00+02:00,328.3500061035156,328.3500061035156,328.20001220703125,328.29998779296875,3614,NOVO-B.CO,Novo Nordisk,Nasdaq Copenhagen,DKK,20260706_211029
2026-07-06 09:58:00+02:00,328.25,328.3500061035156,328.20001220703125,328.3500061035156,1388,NOVO-B.CO,Novo Nordisk,Nasdaq Copenhagen,DKK,20260706_211029
2026-07-06 09:59:00+02:00,328.25,328.3500061035156,328.1499938964844,328.25,700,NOVO-B.CO,Novo Nordisk,Nasdaq Copenhagen,DKK,20260706_211029
2026-07-06 10:00:00+02:00,328.3500061035156,328.6499938964844,328.29998779296875,328.29998779296875,3542,NOVO-B.CO,Novo Nordisk,Nasdaq Copenhagen,DKK,20260706_211029
2026-07-06 10:01:00+02:00,328.70001220703125,328.70001220703125,328.25,328.25,1233,NOVO-B.CO,Novo Nordisk,Nasdaq Copenhagen,DKK,20260706_211029
2026-07-06 10:02:00+02:00,328.6499938964844,328.70001220703125,328.20001220703125,328.54998779296875,2608,NOVO-B.CO,Novo Nordisk,Nasdaq Copenhagen,DKK,20260706_211029
2026-07-06 10:03:00+02:00,328.5,328.6000061035156,328.5,328.6000061035156,475,NOVO-B.CO,Novo Nordisk,Nasdaq Copenhagen,DKK,20260706_211029
2026-07-06 10:04:00+02:00,328.45001220703125,328.54998779296875,328.3500061035156,328.54998779296875,1010,NOVO-B.CO,Novo Nordisk,Nasdaq Copenhagen,DKK,20260706_211029
2026-07-06 10:05:00+02:00,328.54998779296875,328.6000061035156,328.3999938964844,328.5,1871,NOVO-B.CO,Novo Nordisk,Nasdaq Copenhagen,DKK,20260706_211029
2026-07-06 10:06:00+02:00,328.20001220703125,328.6000061035156,328.20001220703125,328.6000061035156,4629,NOVO-B.CO,Novo Nordisk,Nasdaq Copenhagen,DKK,20260706_211029
2026-07-06 10:07:00+02:00,328.25,328.3500061035156,328.1499938964844,328.1499938964844,956,NOVO-B.CO,Novo Nordisk,Nasdaq Copenhagen,DKK,20260706_211029
2026-07-06 10:08:00+02:00,328.29998779296875,328.3500061035156,328.20001220703125,328.3500061035156,184,NOVO-B.CO,Novo Nordisk,Nasdaq Copenhagen,DKK,20260706_211029
2026-07-06 10:09:00+02:00,327.6000061035156,328.25,327.3999938964844,328.20001220703125,17200,NOVO-B.CO,Novo Nordisk,Nasdaq Copenhagen,DKK,20260706_211029
2026-07-06 10:10:00+02:00,327.45001220703125,327.6499938964844,327.3500061035156,327.6000061035156,5074,NOVO-B.CO,Novo Nordisk,Nasdaq Copenhagen,DKK,20260706_211029
2026-07-06 10:11:00+02:00,326.8500061035156,327.54998779296875,326.79998779296875,327.3999938964844,33741,NOVO-B.CO,Novo Nordisk,Nasdaq Copenhagen,DKK,20260706_211029
2026-07-06 10:12:00+02:00,326.79998779296875,326.8999938964844,326.6000061035156,326.8500061035156,3154,NOVO-B.CO,Novo Nordisk,Nasdaq Copenhagen,DKK,20260706_211029
2026-07-06 10:13:00+02:00,326.8500061035156,326.95001220703125,326.8500061035156,326.95001220703125,365,NOVO-B.CO,Novo Nordisk,Nasdaq Copenhagen,DKK,20260706_211029
2026-07-06 10:14:00+02:00,327.1499938964844,327.1499938964844,326.79998779296875,326.79998779296875,12190,NOVO-B.CO,Novo Nordisk,Nasdaq Copenhagen,DKK,20260706_211029
2026-07-06 10:15:00+02:00,327.25,327.25,327.1000061035156,327.20001220703125,1208,NOVO-B.CO,Novo Nordisk,Nasdaq Copenhagen,DKK,20260706_211029
2026-07-06 10:16:00+02:00,327.20001220703125,327.3500061035156,327.1499938964844,327.29998779296875,947,NOVO-B.CO,Novo Nordisk,Nasdaq Copenhagen,DKK,20260706_211029
2026-07-06 10:17:00+02:00,327.5,327.5,327.29998779296875,327.29998779296875,581,NOVO-B.CO,Novo Nordisk,Nasdaq Copenhagen,DKK,20260706_211029
2026-07-06 10:18:00+02:00,327.8500061035156,327.8500061035156,327.6000061035156,327.6000061035156,937,NOVO-B.CO,Novo Nordisk,Nasdaq Copenhagen,DKK,20260706_211029
2026-07-06 10:19:00+02:00,327.95001220703125,327.95001220703125,327.79998779296875,327.79998779296875,39,NOVO-B.CO,Novo Nordisk,Nasdaq Copenhagen,DKK,20260706_211029
2026-07-06 10:20:00+02:00,327.8500061035156,328.0,327.79998779296875,327.8999938964844,1181,NOVO-B.CO,Novo Nordisk,Nasdaq Copenhagen,DKK,20260706_211029
2026-07-06 10:21:00+02:00,328.20001220703125,328.20001220703125,327.8500061035156,327.8999938964844,1935,NOVO-B.CO,Novo Nordisk,Nasdaq Copenhagen,DKK,20260706_211029
2026-07-06 10:22:00+02:00,328.20001220703125,328.25,328.20001220703125,328.20001220703125,1301,NOVO-B.CO,Novo Nordisk,Nasdaq Copenhagen,DKK,20260706_211029
2026-07-06 10:23:00+02:00,328.04998779296875,328.25,328.04998779296875,328.25,2210,NOVO-B.CO,Novo Nordisk,Nasdaq Copenhagen,DKK,20260706_211029
2026-07-06 10:24:00+02:00,328.25,328.25,328.04998779296875,328.1000061035156,882,NOVO-B.CO,Novo Nordisk,Nasdaq Copenhagen,DKK,20260706_211029
2026-07-06 10:25:00+02:00,328.29998779296875,328.29998779296875,328.20001220703125,328.29998779296875,481,NOVO-B.CO,Novo Nordisk,Nasdaq Copenhagen,DKK,20260706_211029
2026-07-06 10:26:00+02:00,328.1499938964844,328.25,328.1499938964844,328.20001220703125,2092,NOVO-B.CO,Novo Nordisk,Nasdaq Copenhagen,DKK,20260706_211029
2026-07-06 10:27:00+02:00,328.1499938964844,328.29998779296875,328.1499938964844,328.29998779296875,949,NOVO-B.CO,Novo Nordisk,Nasdaq Copenhagen,DKK,20260706_211029
2026-07-06 10:28:00+02:00,328.25,328.29998779296875,328.1499938964844,328.1499938964844,4113,NOVO-B.CO,Novo Nordisk,Nasdaq Copenhagen,DKK,20260706_211029
2026-07-06 10:29:00+02:00,328.29998779296875,328.29998779296875,328.1000061035156,328.29998779296875,264,NOVO-B.CO,Novo Nordisk,Nasdaq Copenhagen,DKK,20260706_211029
2026-07-06 10:30:00+02:00,328.20001220703125,328.20001220703125,328.20001220703125,328.20001220703125,149,NOVO-B.CO,Novo Nordisk,Nasdaq Copenhagen,DKK,20260706_211029
2026-07-06 10:31:00+02:00,327.95001220703125,328.29998779296875,327.95001220703125,328.20001220703125,4143,NOVO-B.CO,Novo Nordisk,Nasdaq Copenhagen,DKK,20260706_211029
2026-07-06 10:32:00+02:00,327.70001220703125,327.8500061035156,327.70001220703125,327.8500061035156,993,NOVO-B.CO,Novo Nordisk,Nasdaq Copenhagen,DKK,20260706_211029
2026-07-06 10:33:00+02:00,327.6000061035156,327.70001220703125,327.6000061035156,327.6499938964844,188,NOVO-B.CO,Novo Nordisk,Nasdaq Copenhagen,DKK,20260706_211029
2026-07-06 10:34:00+02:00,327.70001220703125,327.70001220703125,327.6000061035156,327.6499938964844,479,NOVO-B.CO,Novo Nordisk,Nasdaq Copenhagen,DKK,20260706_211029
2026-07-06 10:35:00+02:00,327.6499938964844,327.70001220703125,327.6499938964844,327.70001220703125,1049,NOVO-B.CO,Novo Nordisk,Nasdaq Copenhagen,DKK,20260706_211029
2026-07-06 10:36:00+02:00,327.6000061035156,327.6000061035156,327.45001220703125,327.54998779296875,5712,NOVO-B.CO,Novo Nordisk,Nasdaq Copenhagen,DKK,20260706_211029
2026-07-06 10:37:00+02:00,327.3999938964844,327.45001220703125,327.29998779296875,327.45001220703125,2150,NOVO-B.CO,Novo Nordisk,Nasdaq Copenhagen,DKK,20260706_211029
2026-07-06 10:38:00+02:00,327.70001220703125,327.79998779296875,327.3999938964844,327.3999938964844,13470,NOVO-B.CO,Novo Nordisk,Nasdaq Copenhagen,DKK,20260706_211029
2026-07-06 10:39:00+02:00,327.54998779296875,327.79998779296875,327.54998779296875,327.70001220703125,2705,NOVO-B.CO,Novo Nordisk,Nasdaq Copenhagen,DKK,20260706_211029
2026-07-06 10:40:00+02:00,327.29998779296875,327.6499938964844,327.29998779296875,327.6499938964844,4122,NOVO-B.CO,Novo Nordisk,Nasdaq Copenhagen,DKK,20260706_211029
2026-07-06 10:41:00+02:00,326.95001220703125,327.29998779296875,326.95001220703125,327.29998779296875,7704,NOVO-B.CO,Novo Nordisk,Nasdaq Copenhagen,DKK,20260706_211029
2026-07-06 10:42:00+02:00,326.8500061035156,326.95001220703125,326.8500061035156,326.95001220703125,917,NOVO-B.CO,Novo Nordisk,Nasdaq Copenhagen,DKK,20260706_211029
2026-07-06 10:43:00+02:00,326.75,327.0,326.75,326.95001220703125,2262,NOVO-B.CO,Novo Nordisk,Nasdaq Copenhagen,DKK,20260706_211029
2026-07-06 10:44:00+02:00,326.8500061035156,327.0,326.8500061035156,326.8999938964844,1802,NOVO-B.CO,Novo Nordisk,Nasdaq Copenhagen,DKK,20260706_211029
2026-07-06 10:45:00+02:00,326.79998779296875,326.95001220703125,326.75,326.95001220703125,1004,NOVO-B.CO,Novo Nordisk,Nasdaq Copenhagen,DKK,20260706_211029
2026-07-06 10:46:00+02:00,327.04998779296875,327.04998779296875,326.8500061035156,326.8999938964844,2263,NOVO-B.CO,Novo Nordisk,Nasdaq Copenhagen,DKK,20260706_211029
2026-07-06 10:47:00+02:00,326.8999938964844,327.04998779296875,326.8999938964844,327.04998779296875,227,NOVO-B.CO,Novo Nordisk,Nasdaq Copenhagen,DKK,20260706_211029
2026-07-06 10:48:00+02:00,326.8500061035156,326.8999938964844,326.79998779296875,326.79998779296875,823,NOVO-B.CO,Novo Nordisk,Nasdaq Copenhagen,DKK,20260706_211029
2026-07-06 10:49:00+02:00,326.79998779296875,326.8999938964844,326.75,326.8999938964844,3131,NOVO-B.CO,Novo Nordisk,Nasdaq Copenhagen,DKK,20260706_211029
2026-07-06 10:50:00+02:00,326.8500061035156,326.8500061035156,326.75,326.79998779296875,1061,NOVO-B.CO,Novo Nordisk,Nasdaq Copenhagen,DKK,20260706_211029
2026-07-06 10:51:00+02:00,326.79998779296875,326.79998779296875,326.70001220703125,326.79998779296875,917,NOVO-B.CO,Novo Nordisk,Nasdaq Copenhagen,DKK,20260706_211029
2026-07-06 10:52:00+02:00,326.70001220703125,326.79998779296875,326.6499938964844,326.79998779296875,2127,NOVO-B.CO,Novo Nordisk,Nasdaq Copenhagen,DKK,20260706_211029
2026-07-06 10:53:00+02:00,326.8500061035156,327.0,326.75,326.75,3578,NOVO-B.CO,Novo Nordisk,Nasdaq Copenhagen,DKK,20260706_211029
2026-07-06 10:54:00+02:00,326.8999938964844,326.95001220703125,326.8500061035156,326.8999938964844,532,NOVO-B.CO,Novo Nordisk,Nasdaq Copenhagen,DKK,20260706_211029
2026-07-06 10:55:00+02:00,326.79998779296875,326.8999938964844,326.79998779296875,326.79998779296875,1005,NOVO-B.CO,Novo Nordisk,Nasdaq Copenhagen,DKK,20260706_211029
2026-07-06 10:56:00+02:00,326.6499938964844,326.79998779296875,326.6499938964844,326.75,842,NOVO-B.CO,Novo Nordisk,Nasdaq Copenhagen,DKK,20260706_211029
2026-07-06 10:57:00+02:00,326.70001220703125,326.79998779296875,326.70001220703125,326.75,1486,NOVO-B.CO,Novo Nordisk,Nasdaq Copenhagen,DKK,20260706_211029
2026-07-06 10:58:00+02:00,326.95001220703125,326.95001220703125,326.6499938964844,326.6499938964844,3145,NOVO-B.CO,Novo Nordisk,Nasdaq Copenhagen,DKK,20260706_211029
2026-07-06 10:59:00+02:00,326.70001220703125,326.8500061035156,326.6000061035156,326.79998779296875,5536,NOVO-B.CO,Novo Nordisk,Nasdaq Copenhagen,DKK,20260706_211029
2026-07-06 11:00:00+02:00,326.70001220703125,326.8999938964844,326.70001220703125,326.70001220703125,587,NOVO-B.CO,Novo Nordisk,Nasdaq Copenhagen,DKK,20260706_211029
2026-07-06 11:01:00+02:00,326.5,326.75,326.45001220703125,326.70001220703125,2313,NOVO-B.CO,Novo Nordisk,Nasdaq Copenhagen,DKK,20260706_211029
2026-07-06 11:02:00+02:00,326.54998779296875,326.54998779296875,326.29998779296875,326.3999938964844,5120,NOVO-B.CO,Novo Nordisk,Nasdaq Copenhagen,DKK,20260706_211029
2026-07-06 11:03:00+02:00,326.5,326.5,326.3500061035156,326.45001220703125,1880,NOVO-B.CO,Novo Nordisk,Nasdaq Copenhagen,DKK,20260706_211029
2026-07-06 11:04:00+02:00,326.25,326.5,326.25,326.5,768,NOVO-B.CO,Novo Nordisk,Nasdaq Copenhagen,DKK,20260706_211029
2026-07-06 11:05:00+02:00,326.04998779296875,326.29998779296875,326.04998779296875,326.29998779296875,4313,NOVO-B.CO,Novo Nordisk,Nasdaq Copenhagen,DKK,20260706_211029
2026-07-06 11:06:00+02:00,326.1000061035156,326.1499938964844,326.0,326.04998779296875,2008,NOVO-B.CO,Novo Nordisk,Nasdaq Copenhagen,DKK,20260706_211029
2026-07-06 11:07:00+02:00,326.1000061035156,326.1000061035156,325.79998779296875,326.04998779296875,26430,NOVO-B.CO,Novo Nordisk,Nasdaq Copenhagen,DKK,20260706_211029
2026-07-06 11:08:00+02:00,326.0,326.1499938964844,326.0,326.1499938964844,833,NOVO-B.CO,Novo Nordisk,Nasdaq Copenhagen,DKK,20260706_211029
2026-07-06 11:09:00+02:00,326.04998779296875,326.04998779296875,325.95001220703125,326.04998779296875,510,NOVO-B.CO,Novo Nordisk,Nasdaq Copenhagen,DKK,20260706_211029
2026-07-06 11:10:00+02:00,326.25,326.25,326.1000061035156,326.1000061035156,441,NOVO-B.CO,Novo Nordisk,Nasdaq Copenhagen,DKK,20260706_211029
2026-07-06 11:11:00+02:00,326.29998779296875,326.29998779296875,326.20001220703125,326.20001220703125,320,NOVO-B.CO,Novo Nordisk,Nasdaq Copenhagen,DKK,20260706_211029
2026-07-06 11:12:00+02:00,326.29998779296875,326.29998779296875,326.29998779296875,326.29998779296875,396,NOVO-B.CO,Novo Nordisk,Nasdaq Copenhagen,DKK,20260706_211029
2026-07-06 11:13:00+02:00,326.25,326.29998779296875,326.25,326.29998779296875,273,NOVO-B.CO,Novo Nordisk,Nasdaq Copenhagen,DKK,20260706_211029
2026-07-06 11:14:00+02:00,326.20001220703125,326.25,326.20001220703125,326.25,407,NOVO-B.CO,Novo Nordisk,Nasdaq Copenhagen,DKK,20260706_211029
2026-07-06 11:15:00+02:00,326.25,326.45001220703125,326.25,326.29998779296875,1400,NOVO-B.CO,Novo Nordisk,Nasdaq Copenhagen,DKK,20260706_211029
2026-07-06 11:16:00+02:00,326.3500061035156,326.3500061035156,326.25,326.25,83,NOVO-B.CO,Novo Nordisk,Nasdaq Copenhagen,DKK,20260706_211029
2026-07-06 11:17:00+02:00,326.3999938964844,326.3999938964844,326.25,326.3500061035156,346,NOVO-B.CO,Novo Nordisk,Nasdaq Copenhagen,DKK,20260706_211029
2026-07-06 11:18:00+02:00,326.29998779296875,326.3999938964844,326.29998779296875,326.3999938964844,826,NOVO-B.CO,Novo Nordisk,Nasdaq Copenhagen,DKK,20260706_211029
2026-07-06 11:19:00+02:00,326.29998779296875,326.3999938964844,326.25,326.25,298,NOVO-B.CO,Novo Nordisk,Nasdaq Copenhagen,DKK,20260706_211029
2026-07-06 11:20:00+02:00,326.25,326.29998779296875,326.25,326.29998779296875,341,NOVO-B.CO,Novo Nordisk,Nasdaq Copenhagen,DKK,20260706_211029
2026-07-06 11:21:00+02:00,326.3500061035156,326.3999938964844,326.29998779296875,326.29998779296875,302,NOVO-B.CO,Novo Nordisk,Nasdaq Copenhagen,DKK,20260706_211029
2026-07-06 11:23:00+02:00,326.29998779296875,326.54998779296875,326.29998779296875,326.3500061035156,2386,NOVO-B.CO,Novo Nordisk,Nasdaq Copenhagen,DKK,20260706_211029
2026-07-06 11:24:00+02:00,326.1499938964844,326.29998779296875,326.04998779296875,326.29998779296875,880,NOVO-B.CO,Novo Nordisk,Nasdaq Copenhagen,DKK,20260706_211029
2026-07-06 11:25:00+02:00,326.20001220703125,326.20001220703125,326.04998779296875,326.1499938964844,1010,NOVO-B.CO,Novo Nordisk,Nasdaq Copenhagen,DKK,20260706_211029
2026-07-06 11:26:00+02:00,326.25,326.25,326.1000061035156,326.1000061035156,475,NOVO-B.CO,Novo Nordisk,Nasdaq Copenhagen,DKK,20260706_211029
2026-07-06 11:27:00+02:00,326.54998779296875,326.54998779296875,326.25,326.25,337,NOVO-B.CO,Novo Nordisk,Nasdaq Copenhagen,DKK,20260706_211029
2026-07-06 11:28:00+02:00,326.3500061035156,326.5,326.1000061035156,326.5,8971,NOVO-B.CO,Novo Nordisk,Nasdaq Copenhagen,DKK,20260706_211029
2026-07-06 11:29:00+02:00,326.6000061035156,326.6000061035156,326.29998779296875,326.29998779296875,1271,NOVO-B.CO,Novo Nordisk,Nasdaq Copenhagen,DKK,20260706_211029
2026-07-06 11:30:00+02:00,326.5,326.5,326.3999938964844,326.45001220703125,1207,NOVO-B.CO,Novo Nordisk,Nasdaq Copenhagen,DKK,20260706_211029
2026-07-06 11:31:00+02:00,326.45001220703125,326.54998779296875,326.45001220703125,326.54998779296875,317,NOVO-B.CO,Novo Nordisk,Nasdaq Copenhagen,DKK,20260706_211029
2026-07-06 11:32:00+02:00,326.45001220703125,326.45001220703125,326.45001220703125,326.45001220703125,7,NOVO-B.CO,Novo Nordisk,Nasdaq Copenhagen,DKK,20260706_211029
2026-07-06 11:33:00+02:00,326.25,326.3999938964844,326.25,326.3999938964844,441,NOVO-B.CO,Novo Nordisk,Nasdaq Copenhagen,DKK,20260706_211029
2026-07-06 11:34:00+02:00,326.3999938964844,326.3999938964844,326.20001220703125,326.25,196,NOVO-B.CO,Novo Nordisk,Nasdaq Copenhagen,DKK,20260706_211029
2026-07-06 11:35:00+02:00,326.3999938964844,326.45001220703125,326.3999938964844,326.45001220703125,447,NOVO-B.CO,Novo Nordisk,Nasdaq Copenhagen,DKK,20260706_211029
2026-07-06 11:36:00+02:00,326.5,326.5,326.45001220703125,326.45001220703125,311,NOVO-B.CO,Novo Nordisk,Nasdaq Copenhagen,DKK,20260706_211029
2026-07-06 11:37:00+02:00,326.3500061035156,326.5,326.3500061035156,326.5,844,NOVO-B.CO,Novo Nordisk,Nasdaq Copenhagen,DKK,20260706_211029
2026-07-06 11:38:00+02:00,326.04998779296875,326.3500061035156,326.0,326.3500061035156,4079,NOVO-B.CO,Novo Nordisk,Nasdaq Copenhagen,DKK,20260706_211029
2026-07-06 11:39:00+02:00,325.8500061035156,326.04998779296875,325.8500061035156,326.0,3289,NOVO-B.CO,Novo Nordisk,Nasdaq Copenhagen,DKK,20260706_211029
2026-07-06 11:40:00+02:00,325.95001220703125,326.04998779296875,325.8999938964844,325.95001220703125,1924,NOVO-B.CO,Novo Nordisk,Nasdaq Copenhagen,DKK,20260706_211029
2026-07-06 11:41:00+02:00,325.8999938964844,325.95001220703125,325.8999938964844,325.95001220703125,451,NOVO-B.CO,Novo Nordisk,Nasdaq Copenhagen,DKK,20260706_211029
2026-07-06 11:42:00+02:00,325.95001220703125,326.04998779296875,325.95001220703125,325.95001220703125,1539,NOVO-B.CO,Novo Nordisk,Nasdaq Copenhagen,DKK,20260706_211029
2026-07-06 11:43:00+02:00,326.1000061035156,326.1000061035156,325.8999938964844,325.8999938964844,6459,NOVO-B.CO,Novo Nordisk,Nasdaq Copenhagen,DKK,20260706_211029
2026-07-06 11:44:00+02:00,326.1000061035156,326.1499938964844,326.04998779296875,326.04998779296875,644,NOVO-B.CO,Novo Nordisk,Nasdaq Copenhagen,DKK,20260706_211029
2026-07-06 11:45:00+02:00,325.79998779296875,326.04998779296875,325.75,326.0,5103,NOVO-B.CO,Novo Nordisk,Nasdaq Copenhagen,DKK,20260706_211029
2026-07-06 11:46:00+02:00,326.1000061035156,326.1000061035156,325.75,325.79998779296875,1782,NOVO-B.CO,Novo Nordisk,Nasdaq Copenhagen,DKK,20260706_211029
2026-07-06 11:47:00+02:00,326.0,326.0,326.0,326.0,23,NOVO-B.CO,Novo Nordisk,Nasdaq Copenhagen,DKK,20260706_211029
2026-07-06 11:48:00+02:00,326.0,326.1000061035156,326.0,326.04998779296875,392,NOVO-B.CO,Novo Nordisk,Nasdaq Copenhagen,DKK,20260706_211029
2026-07-06 11:49:00+02:00,326.1499938964844,326.1499938964844,326.0,326.0,575,NOVO-B.CO,Novo Nordisk,Nasdaq Copenhagen,DKK,20260706_211029
2026-07-06 11:50:00+02:00,326.20001220703125,326.29998779296875,326.1499938964844,326.1499938964844,468,NOVO-B.CO,Novo Nordisk,Nasdaq Copenhagen,DKK,20260706_211029
2026-07-06 11:51:00+02:00,326.1499938964844,326.3500061035156,326.1499938964844,326.20001220703125,1902,NOVO-B.CO,Novo Nordisk,Nasdaq Copenhagen,DKK,20260706_211029
2026-07-06 11:52:00+02:00,326.1499938964844,326.1499938964844,326.04998779296875,326.1000061035156,399,NOVO-B.CO,Novo Nordisk,Nasdaq Copenhagen,DKK,20260706_211029
2026-07-06 11:53:00+02:00,326.1499938964844,326.25,326.04998779296875,326.04998779296875,1703,NOVO-B.CO,Novo Nordisk,Nasdaq Copenhagen,DKK,20260706_211029
2026-07-06 11:54:00+02:00,326.04998779296875,326.20001220703125,326.04998779296875,326.20001220703125,357,NOVO-B.CO,Novo Nordisk,Nasdaq Copenhagen,DKK,20260706_211029
2026-07-06 11:55:00+02:00,326.04998779296875,326.1499938964844,326.04998779296875,326.1000061035156,566,NOVO-B.CO,Novo Nordisk,Nasdaq Copenhagen,DKK,20260706_211029
2026-07-06 11:56:00+02:00,326.1000061035156,326.1000061035156,326.0,326.0,201,NOVO-B.CO,Novo Nordisk,Nasdaq Copenhagen,DKK,20260706_211029
2026-07-06 11:57:00+02:00,325.6000061035156,326.04998779296875,325.54998779296875,326.04998779296875,13545,NOVO-B.CO,Novo Nordisk,Nasdaq Copenhagen,DKK,20260706_211029
2026-07-06 11:58:00+02:00,325.54998779296875,325.6000061035156,325.54998779296875,325.6000061035156,497,NOVO-B.CO,Novo Nordisk,Nasdaq Copenhagen,DKK,20260706_211029
2026-07-06 11:59:00+02:00,325.5,325.6000061035156,325.5,325.5,502,NOVO-B.CO,Novo Nordisk,Nasdaq Copenhagen,DKK,20260706_211029
2026-07-06 12:00:00+02:00,325.45001220703125,325.6000061035156,325.45001220703125,325.6000061035156,2684,NOVO-B.CO,Novo Nordisk,Nasdaq Copenhagen,DKK,20260706_211029
2026-07-06 12:01:00+02:00,325.54998779296875,325.54998779296875,325.3999938964844,325.3999938964844,1213,NOVO-B.CO,Novo Nordisk,Nasdaq Copenhagen,DKK,20260706_211029
2026-07-06 12:02:00+02:00,325.6499938964844,325.70001220703125,325.6000061035156,325.6499938964844,1502,NOVO-B.CO,Novo Nordisk,Nasdaq Copenhagen,DKK,20260706_211029
2026-07-06 12:03:00+02:00,325.54998779296875,325.6499938964844,325.54998779296875,325.6499938964844,374,NOVO-B.CO,Novo Nordisk,Nasdaq Copenhagen,DKK,20260706_211029
2026-07-06 12:04:00+02:00,325.75,325.79998779296875,325.6499938964844,325.6499938964844,848,NOVO-B.CO,Novo Nordisk,Nasdaq Copenhagen,DKK,20260706_211029
2026-07-06 12:05:00+02:00,325.75,325.79998779296875,325.6499938964844,325.75,527,NOVO-B.CO,Novo Nordisk,Nasdaq Copenhagen,DKK,20260706_211029
2026-07-06 12:06:00+02:00,325.6499938964844,325.6499938964844,325.6499938964844,325.6499938964844,12,NOVO-B.CO,Novo Nordisk,Nasdaq Copenhagen,DKK,20260706_211029
2026-07-06 12:07:00+02:00,325.6499938964844,325.79998779296875,325.6499938964844,325.79998779296875,2530,NOVO-B.CO,Novo Nordisk,Nasdaq Copenhagen,DKK,20260706_211029
2026-07-06 12:08:00+02:00,325.54998779296875,325.75,325.54998779296875,325.70001220703125,904,NOVO-B.CO,Novo Nordisk,Nasdaq Copenhagen,DKK,20260706_211029
2026-07-06 12:09:00+02:00,325.54998779296875,325.54998779296875,325.54998779296875,325.54998779296875,459,NOVO-B.CO,Novo Nordisk,Nasdaq Copenhagen,DKK,20260706_211029
2026-07-06 12:10:00+02:00,325.45001220703125,325.5,325.45001220703125,325.5,471,NOVO-B.CO,Novo Nordisk,Nasdaq Copenhagen,DKK,20260706_211029
2026-07-06 12:11:00+02:00,325.6000061035156,325.70001220703125,325.5,325.5,766,NOVO-B.CO,Novo Nordisk,Nasdaq Copenhagen,DKK,20260706_211029
2026-07-06 12:12:00+02:00,325.45001220703125,325.6000061035156,325.45001220703125,325.6000061035156,573,NOVO-B.CO,Novo Nordisk,Nasdaq Copenhagen,DKK,20260706_211029
2026-07-06 12:13:00+02:00,325.29998779296875,325.45001220703125,325.29998779296875,325.45001220703125,913,NOVO-B.CO,Novo Nordisk,Nasdaq Copenhagen,DKK,20260706_211029
2026-07-06 12:14:00+02:00,325.45001220703125,325.45001220703125,325.29998779296875,325.29998779296875,898,NOVO-B.CO,Novo Nordisk,Nasdaq Copenhagen,DKK,20260706_211029
2026-07-06 12:15:00+02:00,325.25,325.29998779296875,325.25,325.29998779296875,179,NOVO-B.CO,Novo Nordisk,Nasdaq Copenhagen,DKK,20260706_211029
2026-07-06 12:16:00+02:00,325.25,325.45001220703125,325.25,325.29998779296875,3018,NOVO-B.CO,Novo Nordisk,Nasdaq Copenhagen,DKK,20260706_211029
2026-07-06 12:17:00+02:00,325.29998779296875,325.3500061035156,325.20001220703125,325.3500061035156,739,NOVO-B.CO,Novo Nordisk,Nasdaq Copenhagen,DKK,20260706_211029
2026-07-06 12:18:00+02:00,325.3500061035156,325.3500061035156,325.29998779296875,325.3500061035156,6829,NOVO-B.CO,Novo Nordisk,Nasdaq Copenhagen,DKK,20260706_211029
2026-07-06 12:19:00+02:00,325.3999938964844,325.3999938964844,325.25,325.25,2764,NOVO-B.CO,Novo Nordisk,Nasdaq Copenhagen,DKK,20260706_211029
2026-07-06 12:20:00+02:00,325.3500061035156,325.3999938964844,325.25,325.3999938964844,2070,NOVO-B.CO,Novo Nordisk,Nasdaq Copenhagen,DKK,20260706_211029
2026-07-06 12:21:00+02:00,324.8999938964844,325.20001220703125,324.8999938964844,325.20001220703125,11289,NOVO-B.CO,Novo Nordisk,Nasdaq Copenhagen,DKK,20260706_211029
2026-07-06 12:22:00+02:00,324.8500061035156,324.8999938964844,324.79998779296875,324.8500061035156,1753,NOVO-B.CO,Novo Nordisk,Nasdaq Copenhagen,DKK,20260706_211029
2026-07-06 12:23:00+02:00,324.8999938964844,324.95001220703125,324.8500061035156,324.8500061035156,161,NOVO-B.CO,Novo Nordisk,Nasdaq Copenhagen,DKK,20260706_211029
2026-07-06 12:24:00+02:00,324.8500061035156,325.0,324.79998779296875,324.8500061035156,3555,NOVO-B.CO,Novo Nordisk,Nasdaq Copenhagen,DKK,20260706_211029
2026-07-06 12:25:00+02:00,324.95001220703125,325.0,324.79998779296875,324.95001220703125,560,NOVO-B.CO,Novo Nordisk,Nasdaq Copenhagen,DKK,20260706_211029
2026-07-06 12:26:00+02:00,324.79998779296875,324.95001220703125,324.79998779296875,324.8500061035156,1427,NOVO-B.CO,Novo Nordisk,Nasdaq Copenhagen,DKK,20260706_211029
2026-07-06 12:27:00+02:00,324.70001220703125,324.79998779296875,324.6499938964844,324.79998779296875,1296,NOVO-B.CO,Novo Nordisk,Nasdaq Copenhagen,DKK,20260706_211029
2026-07-06 12:28:00+02:00,324.5,324.75,324.5,324.75,3518,NOVO-B.CO,Novo Nordisk,Nasdaq Copenhagen,DKK,20260706_211029
2026-07-06 12:29:00+02:00,324.70001220703125,324.70001220703125,324.45001220703125,324.54998779296875,7113,NOVO-B.CO,Novo Nordisk,Nasdaq Copenhagen,DKK,20260706_211029
2026-07-06 12:30:00+02:00,324.75,324.79998779296875,324.70001220703125,324.75,1897,NOVO-B.CO,Novo Nordisk,Nasdaq Copenhagen,DKK,20260706_211029
2026-07-06 12:31:00+02:00,324.6000061035156,324.79998779296875,324.6000061035156,324.79998779296875,910,NOVO-B.CO,Novo Nordisk,Nasdaq Copenhagen,DKK,20260706_211029
2026-07-06 12:32:00+02:00,324.6000061035156,324.6000061035156,324.6000061035156,324.6000061035156,195,NOVO-B.CO,Novo Nordisk,Nasdaq Copenhagen,DKK,20260706_211029
2026-07-06 12:33:00+02:00,324.29998779296875,324.6000061035156,324.0,324.54998779296875,9809,NOVO-B.CO,Novo Nordisk,Nasdaq Copenhagen,DKK,20260706_211029
2026-07-06 12:34:00+02:00,324.3500061035156,324.3500061035156,324.3500061035156,324.3500061035156,110,NOVO-B.CO,Novo Nordisk,Nasdaq Copenhagen,DKK,20260706_211029
2026-07-06 12:35:00+02:00,324.54998779296875,324.54998779296875,324.1499938964844,324.29998779296875,3105,NOVO-B.CO,Novo Nordisk,Nasdaq Copenhagen,DKK,20260706_211029
2026-07-06 12:36:00+02:00,324.5,324.6000061035156,324.3999938964844,324.45001220703125,1236,NOVO-B.CO,Novo Nordisk,Nasdaq Copenhagen,DKK,20260706_211029
2026-07-06 12:37:00+02:00,324.54998779296875,324.6000061035156,324.3999938964844,324.5,835,NOVO-B.CO,Novo Nordisk,Nasdaq Copenhagen,DKK,20260706_211029
2026-07-06 12:38:00+02:00,324.54998779296875,324.6000061035156,324.45001220703125,324.6000061035156,1082,NOVO-B.CO,Novo Nordisk,Nasdaq Copenhagen,DKK,20260706_211029
2026-07-06 12:39:00+02:00,324.54998779296875,324.54998779296875,324.54998779296875,324.54998779296875,502,NOVO-B.CO,Novo Nordisk,Nasdaq Copenhagen,DKK,20260706_211029
2026-07-06 12:40:00+02:00,324.54998779296875,324.54998779296875,324.54998779296875,324.54998779296875,410,NOVO-B.CO,Novo Nordisk,Nasdaq Copenhagen,DKK,20260706_211029
2026-07-06 12:41:00+02:00,324.5,324.5,324.45001220703125,324.45001220703125,1013,NOVO-B.CO,Novo Nordisk,Nasdaq Copenhagen,DKK,20260706_211029
2026-07-06 12:42:00+02:00,324.6000061035156,324.6499938964844,324.5,324.5,536,NOVO-B.CO,Novo Nordisk,Nasdaq Copenhagen,DKK,20260706_211029
2026-07-06 12:43:00+02:00,324.6000061035156,324.6499938964844,324.5,324.6499938964844,1032,NOVO-B.CO,Novo Nordisk,Nasdaq Copenhagen,DKK,20260706_211029
2026-07-06 12:44:00+02:00,324.54998779296875,324.54998779296875,324.54998779296875,324.54998779296875,130,NOVO-B.CO,Novo Nordisk,Nasdaq Copenhagen,DKK,20260706_211029
2026-07-06 12:45:00+02:00,324.3500061035156,324.70001220703125,324.3500061035156,324.6000061035156,2915,NOVO-B.CO,Novo Nordisk,Nasdaq Copenhagen,DKK,20260706_211029
2026-07-06 12:46:00+02:00,324.1499938964844,324.25,324.1499938964844,324.20001220703125,2485,NOVO-B.CO,Novo Nordisk,Nasdaq Copenhagen,DKK,20260706_211029
2026-07-06 12:47:00+02:00,324.25,324.29998779296875,324.1499938964844,324.1499938964844,1423,NOVO-B.CO,Novo Nordisk,Nasdaq Copenhagen,DKK,20260706_211029
2026-07-06 12:48:00+02:00,324.20001220703125,324.29998779296875,324.20001220703125,324.25,173,NOVO-B.CO,Novo Nordisk,Nasdaq Copenhagen,DKK,20260706_211029
2026-07-06 12:49:00+02:00,324.20001220703125,324.29998779296875,324.20001220703125,324.29998779296875,41,NOVO-B.CO,Novo Nordisk,Nasdaq Copenhagen,DKK,20260706_211029
2026-07-06 12:50:00+02:00,324.20001220703125,324.29998779296875,324.20001220703125,324.29998779296875,122,NOVO-B.CO,Novo Nordisk,Nasdaq Copenhagen,DKK,20260706_211029
2026-07-06 12:51:00+02:00,324.25,324.25,324.20001220703125,324.20001220703125,263,NOVO-B.CO,Novo Nordisk,Nasdaq Copenhagen,DKK,20260706_211029
2026-07-06 12:52:00+02:00,324.25,324.29998779296875,324.25,324.29998779296875,591,NOVO-B.CO,Novo Nordisk,Nasdaq Copenhagen,DKK,20260706_211029
2026-07-06 12:53:00+02:00,324.29998779296875,324.29998779296875,324.1499938964844,324.20001220703125,1113,NOVO-B.CO,Novo Nordisk,Nasdaq Copenhagen,DKK,20260706_211029
2026-07-06 12:54:00+02:00,324.20001220703125,324.20001220703125,324.1000061035156,324.20001220703125,846,NOVO-B.CO,Novo Nordisk,Nasdaq Copenhagen,DKK,20260706_211029
2026-07-06 12:55:00+02:00,324.3500061035156,324.3500061035156,324.20001220703125,324.20001220703125,2781,NOVO-B.CO,Novo Nordisk,Nasdaq Copenhagen,DKK,20260706_211029
2026-07-06 12:56:00+02:00,324.25,324.45001220703125,324.20001220703125,324.45001220703125,791,NOVO-B.CO,Novo Nordisk,Nasdaq Copenhagen,DKK,20260706_211029
2026-07-06 12:57:00+02:00,324.0,324.20001220703125,324.0,324.20001220703125,2768,NOVO-B.CO,Novo Nordisk,Nasdaq Copenhagen,DKK,20260706_211029
2026-07-06 12:58:00+02:00,323.8999938964844,323.95001220703125,323.8999938964844,323.95001220703125,955,NOVO-B.CO,Novo Nordisk,Nasdaq Copenhagen,DKK,20260706_211029
2026-07-06 12:59:00+02:00,324.0,324.0,323.95001220703125,323.95001220703125,406,NOVO-B.CO,Novo Nordisk,Nasdaq Copenhagen,DKK,20260706_211029
2026-07-06 13:00:00+02:00,324.0,324.04998779296875,324.0,324.0,540,NOVO-B.CO,Novo Nordisk,Nasdaq Copenhagen,DKK,20260706_211029
2026-07-06 13:01:00+02:00,323.8999938964844,324.0,323.8999938964844,324.0,2406,NOVO-B.CO,Novo Nordisk,Nasdaq Copenhagen,DKK,20260706_211029
2026-07-06 13:02:00+02:00,323.8500061035156,323.95001220703125,323.6499938964844,323.875,3421,NOVO-B.CO,Novo Nordisk,Nasdaq Copenhagen,DKK,20260706_211029
2026-07-06 13:03:00+02:00,323.8500061035156,323.8500061035156,323.79998779296875,323.79998779296875,33,NOVO-B.CO,Novo Nordisk,Nasdaq Copenhagen,DKK,20260706_211029
2026-07-06 13:04:00+02:00,323.95001220703125,323.95001220703125,323.79998779296875,323.79998779296875,296,NOVO-B.CO,Novo Nordisk,Nasdaq Copenhagen,DKK,20260706_211029
2026-07-06 13:05:00+02:00,323.8999938964844,323.8999938964844,323.8500061035156,323.8999938964844,773,NOVO-B.CO,Novo Nordisk,Nasdaq Copenhagen,DKK,20260706_211029
2026-07-06 13:06:00+02:00,324.0,324.04998779296875,323.95001220703125,323.95001220703125,1060,NOVO-B.CO,Novo Nordisk,Nasdaq Copenhagen,DKK,20260706_211029
2026-07-06 13:07:00+02:00,324.04998779296875,324.1499938964844,324.0,324.0,2684,NOVO-B.CO,Novo Nordisk,Nasdaq Copenhagen,DKK,20260706_211029
2026-07-06 13:08:00+02:00,324.1499938964844,324.1499938964844,324.04998779296875,324.04998779296875,111,NOVO-B.CO,Novo Nordisk,Nasdaq Copenhagen,DKK,20260706_211029
2026-07-06 13:09:00+02:00,324.1499938964844,324.25,324.1000061035156,324.25,2725,NOVO-B.CO,Novo Nordisk,Nasdaq Copenhagen,DKK,20260706_211029
2026-07-06 13:10:00+02:00,324.1499938964844,324.20001220703125,324.1499938964844,324.1499938964844,1950,NOVO-B.CO,Novo Nordisk,Nasdaq Copenhagen,DKK,20260706_211029
2026-07-06 13:11:00+02:00,324.1000061035156,324.20001220703125,324.1000061035156,324.1499938964844,2119,NOVO-B.CO,Novo Nordisk,Nasdaq Copenhagen,DKK,20260706_211029
2026-07-06 13:12:00+02:00,324.04998779296875,324.20001220703125,323.95001220703125,324.20001220703125,3154,NOVO-B.CO,Novo Nordisk,Nasdaq Copenhagen,DKK,20260706_211029
2026-07-06 13:13:00+02:00,324.1499938964844,324.1499938964844,324.1000061035156,324.1000061035156,301,NOVO-B.CO,Novo Nordisk,Nasdaq Copenhagen,DKK,20260706_211029
2026-07-06 13:14:00+02:00,324.1000061035156,324.1000061035156,324.1000061035156,324.1000061035156,24,NOVO-B.CO,Novo Nordisk,Nasdaq Copenhagen,DKK,20260706_211029
2026-07-06 13:15:00+02:00,324.1499938964844,324.1499938964844,324.1499938964844,324.1499938964844,205,NOVO-B.CO,Novo Nordisk,Nasdaq Copenhagen,DKK,20260706_211029
2026-07-06 13:16:00+02:00,324.20001220703125,324.20001220703125,324.1499938964844,324.1499938964844,473,NOVO-B.CO,Novo Nordisk,Nasdaq Copenhagen,DKK,20260706_211029
2026-07-06 13:17:00+02:00,324.1499938964844,324.20001220703125,324.1000061035156,324.20001220703125,752,NOVO-B.CO,Novo Nordisk,Nasdaq Copenhagen,DKK,20260706_211029
2026-07-06 13:18:00+02:00,324.0,324.1000061035156,324.0,324.1000061035156,1280,NOVO-B.CO,Novo Nordisk,Nasdaq Copenhagen,DKK,20260706_211029
2026-07-06 13:19:00+02:00,323.8999938964844,324.0,323.8999938964844,324.0,1518,NOVO-B.CO,Novo Nordisk,Nasdaq Copenhagen,DKK,20260706_211029
2026-07-06 13:20:00+02:00,323.8500061035156,323.8999938964844,323.8500061035156,323.8999938964844,1903,NOVO-B.CO,Novo Nordisk,Nasdaq Copenhagen,DKK,20260706_211029
2026-07-06 13:21:00+02:00,323.8999938964844,323.8999938964844,323.79998779296875,323.79998779296875,176,NOVO-B.CO,Novo Nordisk,Nasdaq Copenhagen,DKK,20260706_211029
2026-07-06 13:22:00+02:00,324.0,324.04998779296875,323.8999938964844,323.8999938964844,1735,NOVO-B.CO,Novo Nordisk,Nasdaq Copenhagen,DKK,20260706_211029
2026-07-06 13:23:00+02:00,324.1499938964844,324.1499938964844,324.0,324.0,1677,NOVO-B.CO,Novo Nordisk,Nasdaq Copenhagen,DKK,20260706_211029
2026-07-06 13:24:00+02:00,324.1499938964844,324.20001220703125,324.1000061035156,324.1000061035156,1767,NOVO-B.CO,Novo Nordisk,Nasdaq Copenhagen,DKK,20260706_211029
2026-07-06 13:25:00+02:00,324.5,324.5,324.1499938964844,324.20001220703125,3589,NOVO-B.CO,Novo Nordisk,Nasdaq Copenhagen,DKK,20260706_211029
2026-07-06 13:26:00+02:00,324.45001220703125,324.6000061035156,324.45001220703125,324.5,1215,NOVO-B.CO,Novo Nordisk,Nasdaq Copenhagen,DKK,20260706_211029
2026-07-06 13:27:00+02:00,324.45001220703125,324.45001220703125,324.45001220703125,324.45001220703125,28,NOVO-B.CO,Novo Nordisk,Nasdaq Copenhagen,DKK,20260706_211029
2026-07-06 13:28:00+02:00,324.5,324.54998779296875,324.45001220703125,324.45001220703125,4045,NOVO-B.CO,Novo Nordisk,Nasdaq Copenhagen,DKK,20260706_211029
2026-07-06 13:29:00+02:00,324.29998779296875,324.3999938964844,324.29998779296875,324.3999938964844,1905,NOVO-B.CO,Novo Nordisk,Nasdaq Copenhagen,DKK,20260706_211029
2026-07-06 13:30:00+02:00,324.25,324.3999938964844,324.1499938964844,324.3999938964844,15997,NOVO-B.CO,Novo Nordisk,Nasdaq Copenhagen,DKK,20260706_211029
2026-07-06 13:31:00+02:00,324.3500061035156,324.3999938964844,324.25,324.29998779296875,2390,NOVO-B.CO,Novo Nordisk,Nasdaq Copenhagen,DKK,20260706_211029
2026-07-06 13:32:00+02:00,324.1499938964844,324.3999938964844,324.1499938964844,324.3500061035156,1686,NOVO-B.CO,Novo Nordisk,Nasdaq Copenhagen,DKK,20260706_211029
2026-07-06 13:33:00+02:00,324.29998779296875,324.3500061035156,324.20001220703125,324.20001220703125,1512,NOVO-B.CO,Novo Nordisk,Nasdaq Copenhagen,DKK,20260706_211029
2026-07-06 13:34:00+02:00,324.3500061035156,324.3500061035156,324.3500061035156,324.3500061035156,718,NOVO-B.CO,Novo Nordisk,Nasdaq Copenhagen,DKK,20260706_211029
2026-07-06 13:35:00+02:00,324.45001220703125,324.45001220703125,324.3500061035156,324.3500061035156,850,NOVO-B.CO,Novo Nordisk,Nasdaq Copenhagen,DKK,20260706_211029
2026-07-06 13:36:00+02:00,324.3999938964844,324.5,324.3999938964844,324.5,659,NOVO-B.CO,Novo Nordisk,Nasdaq Copenhagen,DKK,20260706_211029
2026-07-06 13:37:00+02:00,324.3999938964844,324.5,324.3999938964844,324.3999938964844,342,NOVO-B.CO,Novo Nordisk,Nasdaq Copenhagen,DKK,20260706_211029
2026-07-06 13:38:00+02:00,324.3999938964844,324.45001220703125,324.3999938964844,324.3999938964844,136,NOVO-B.CO,Novo Nordisk,Nasdaq Copenhagen,DKK,20260706_211029
2026-07-06 13:39:00+02:00,324.54998779296875,324.54998779296875,324.5,324.5,750,NOVO-B.CO,Novo Nordisk,Nasdaq Copenhagen,DKK,20260706_211029
2026-07-06 13:40:00+02:00,324.54998779296875,324.54998779296875,324.54998779296875,324.54998779296875,274,NOVO-B.CO,Novo Nordisk,Nasdaq Copenhagen,DKK,20260706_211029
2026-07-06 13:41:00+02:00,324.54998779296875,324.54998779296875,324.45001220703125,324.45001220703125,1893,NOVO-B.CO,Novo Nordisk,Nasdaq Copenhagen,DKK,20260706_211029
2026-07-06 13:42:00+02:00,324.6000061035156,324.6000061035156,324.6000061035156,324.6000061035156,574,NOVO-B.CO,Novo Nordisk,Nasdaq Copenhagen,DKK,20260706_211029
2026-07-06 13:43:00+02:00,324.6000061035156,324.6499938964844,324.54998779296875,324.54998779296875,560,NOVO-B.CO,Novo Nordisk,Nasdaq Copenhagen,DKK,20260706_211029
2026-07-06 13:44:00+02:00,324.70001220703125,324.75,324.6000061035156,324.6000061035156,1660,NOVO-B.CO,Novo Nordisk,Nasdaq Copenhagen,DKK,20260706_211029
2026-07-06 13:45:00+02:00,324.6000061035156,324.79998779296875,324.6000061035156,324.79998779296875,2639,NOVO-B.CO,Novo Nordisk,Nasdaq Copenhagen,DKK,20260706_211029
2026-07-06 13:46:00+02:00,324.45001220703125,324.6499938964844,324.45001220703125,324.6499938964844,1121,NOVO-B.CO,Novo Nordisk,Nasdaq Copenhagen,DKK,20260706_211029
2026-07-06 13:47:00+02:00,324.5,324.6499938964844,324.3999938964844,324.54998779296875,2961,NOVO-B.CO,Novo Nordisk,Nasdaq Copenhagen,DKK,20260706_211029
2026-07-06 13:48:00+02:00,324.25,324.45001220703125,324.25,324.45001220703125,3991,NOVO-B.CO,Novo Nordisk,Nasdaq Copenhagen,DKK,20260706_211029
2026-07-06 13:49:00+02:00,324.1499938964844,324.29998779296875,324.1499938964844,324.29998779296875,2460,NOVO-B.CO,Novo Nordisk,Nasdaq Copenhagen,DKK,20260706_211029
2026-07-06 13:50:00+02:00,324.20001220703125,324.20001220703125,324.04998779296875,324.20001220703125,448,NOVO-B.CO,Novo Nordisk,Nasdaq Copenhagen,DKK,20260706_211029
2026-07-06 13:51:00+02:00,323.79998779296875,324.1000061035156,323.79998779296875,324.1000061035156,7953,NOVO-B.CO,Novo Nordisk,Nasdaq Copenhagen,DKK,20260706_211029
2026-07-06 13:52:00+02:00,323.3999938964844,323.79998779296875,323.29998779296875,323.79998779296875,10583,NOVO-B.CO,Novo Nordisk,Nasdaq Copenhagen,DKK,20260706_211029
2026-07-06 13:53:00+02:00,322.70001220703125,323.3500061035156,322.70001220703125,323.29998779296875,13856,NOVO-B.CO,Novo Nordisk,Nasdaq Copenhagen,DKK,20260706_211029
2026-07-06 13:54:00+02:00,322.8999938964844,323.0,322.54998779296875,322.6000061035156,10506,NOVO-B.CO,Novo Nordisk,Nasdaq Copenhagen,DKK,20260706_211029
2026-07-06 13:55:00+02:00,323.25,323.3500061035156,322.95001220703125,322.95001220703125,4749,NOVO-B.CO,Novo Nordisk,Nasdaq Copenhagen,DKK,20260706_211029
2026-07-06 13:56:00+02:00,323.20001220703125,323.3500061035156,323.1000061035156,323.3500061035156,936,NOVO-B.CO,Novo Nordisk,Nasdaq Copenhagen,DKK,20260706_211029
2026-07-06 13:57:00+02:00,322.8999938964844,323.04998779296875,322.8500061035156,323.04998779296875,1346,NOVO-B.CO,Novo Nordisk,Nasdaq Copenhagen,DKK,20260706_211029
2026-07-06 13:58:00+02:00,323.0,323.0,322.8999938964844,322.8999938964844,2211,NOVO-B.CO,Novo Nordisk,Nasdaq Copenhagen,DKK,20260706_211029
2026-07-06 13:59:00+02:00,323.1000061035156,323.1499938964844,323.0,323.1000061035156,443,NOVO-B.CO,Novo Nordisk,Nasdaq Copenhagen,DKK,20260706_211029
2026-07-06 14:00:00+02:00,323.1499938964844,323.1499938964844,323.1000061035156,323.1499938964844,374,NOVO-B.CO,Novo Nordisk,Nasdaq Copenhagen,DKK,20260706_211029
2026-07-06 14:01:00+02:00,322.8999938964844,323.1000061035156,322.8500061035156,323.04998779296875,860,NOVO-B.CO,Novo Nordisk,Nasdaq Copenhagen,DKK,20260706_211029
2026-07-06 14:02:00+02:00,322.8500061035156,322.8999938964844,322.75,322.79998779296875,673,NOVO-B.CO,Novo Nordisk,Nasdaq Copenhagen,DKK,20260706_211029
2026-07-06 14:03:00+02:00,323.04998779296875,323.1000061035156,322.79998779296875,322.8500061035156,3027,NOVO-B.CO,Novo Nordisk,Nasdaq Copenhagen,DKK,20260706_211029
2026-07-06 14:04:00+02:00,322.8999938964844,323.04998779296875,322.8999938964844,323.04998779296875,570,NOVO-B.CO,Novo Nordisk,Nasdaq Copenhagen,DKK,20260706_211029
2026-07-06 14:05:00+02:00,323.04998779296875,323.04998779296875,322.79998779296875,322.8999938964844,1925,NOVO-B.CO,Novo Nordisk,Nasdaq Copenhagen,DKK,20260706_211029
2026-07-06 14:06:00+02:00,323.1000061035156,323.1000061035156,322.8999938964844,322.8999938964844,679,NOVO-B.CO,Novo Nordisk,Nasdaq Copenhagen,DKK,20260706_211029
2026-07-06 14:07:00+02:00,322.54998779296875,323.25,322.45001220703125,323.1499938964844,9226,NOVO-B.CO,Novo Nordisk,Nasdaq Copenhagen,DKK,20260706_211029
2026-07-06 14:08:00+02:00,322.75,322.75,322.6000061035156,322.6499938964844,493,NOVO-B.CO,Novo Nordisk,Nasdaq Copenhagen,DKK,20260706_211029
2026-07-06 14:09:00+02:00,322.70001220703125,322.79998779296875,322.6499938964844,322.70001220703125,560,NOVO-B.CO,Novo Nordisk,Nasdaq Copenhagen,DKK,20260706_211029
2026-07-06 14:10:00+02:00,322.8500061035156,322.8500061035156,322.70001220703125,322.70001220703125,937,NOVO-B.CO,Novo Nordisk,Nasdaq Copenhagen,DKK,20260706_211029
2026-07-06 14:11:00+02:00,322.8999938964844,322.8999938964844,322.79998779296875,322.8999938964844,342,NOVO-B.CO,Novo Nordisk,Nasdaq Copenhagen,DKK,20260706_211029
2026-07-06 14:12:00+02:00,322.95001220703125,323.0,322.8999938964844,322.8999938964844,834,NOVO-B.CO,Novo Nordisk,Nasdaq Copenhagen,DKK,20260706_211029
2026-07-06 14:13:00+02:00,323.5,323.6499938964844,323.0,323.0,19772,NOVO-B.CO,Novo Nordisk,Nasdaq Copenhagen,DKK,20260706_211029
2026-07-06 14:14:00+02:00,323.1000061035156,323.45001220703125,323.1000061035156,323.45001220703125,4843,NOVO-B.CO,Novo Nordisk,Nasdaq Copenhagen,DKK,20260706_211029
2026-07-06 14:15:00+02:00,323.1499938964844,323.20001220703125,323.1000061035156,323.1000061035156,728,NOVO-B.CO,Novo Nordisk,Nasdaq Copenhagen,DKK,20260706_211029
2026-07-06 14:16:00+02:00,323.1499938964844,323.1499938964844,323.1499938964844,323.1499938964844,148,NOVO-B.CO,Novo Nordisk,Nasdaq Copenhagen,DKK,20260706_211029
2026-07-06 14:17:00+02:00,323.1499938964844,323.20001220703125,323.1499938964844,323.20001220703125,396,NOVO-B.CO,Novo Nordisk,Nasdaq Copenhagen,DKK,20260706_211029
2026-07-06 14:18:00+02:00,323.29998779296875,323.3500061035156,323.1499938964844,323.1499938964844,2838,NOVO-B.CO,Novo Nordisk,Nasdaq Copenhagen,DKK,20260706_211029
2026-07-06 14:19:00+02:00,323.3999938964844,323.3999938964844,323.29998779296875,323.29998779296875,730,NOVO-B.CO,Novo Nordisk,Nasdaq Copenhagen,DKK,20260706_211029
2026-07-06 14:20:00+02:00,323.29998779296875,323.3999938964844,323.25,323.3500061035156,1549,NOVO-B.CO,Novo Nordisk,Nasdaq Copenhagen,DKK,20260706_211029
2026-07-06 14:21:00+02:00,323.3500061035156,323.3999938964844,323.29998779296875,323.3999938964844,2251,NOVO-B.CO,Novo Nordisk,Nasdaq Copenhagen,DKK,20260706_211029
2026-07-06 14:22:00+02:00,323.45001220703125,323.5,323.3500061035156,323.3500061035156,679,NOVO-B.CO,Novo Nordisk,Nasdaq Copenhagen,DKK,20260706_211029
2026-07-06 14:23:00+02:00,323.3999938964844,323.54998779296875,323.3999938964844,323.54998779296875,929,NOVO-B.CO,Novo Nordisk,Nasdaq Copenhagen,DKK,20260706_211029
2026-07-06 14:24:00+02:00,323.5,323.6000061035156,323.45001220703125,323.45001220703125,1695,NOVO-B.CO,Novo Nordisk,Nasdaq Copenhagen,DKK,20260706_211029
2026-07-06 14:25:00+02:00,323.45001220703125,323.54998779296875,323.3500061035156,323.5,2087,NOVO-B.CO,Novo Nordisk,Nasdaq Copenhagen,DKK,20260706_211029
2026-07-06 14:26:00+02:00,323.6000061035156,323.6499938964844,323.54998779296875,323.54998779296875,838,NOVO-B.CO,Novo Nordisk,Nasdaq Copenhagen,DKK,20260706_211029
2026-07-06 14:27:00+02:00,323.70001220703125,323.70001220703125,323.70001220703125,323.70001220703125,92,NOVO-B.CO,Novo Nordisk,Nasdaq Copenhagen,DKK,20260706_211029
2026-07-06 14:28:00+02:00,323.8999938964844,323.8999938964844,323.75,323.75,207,NOVO-B.CO,Novo Nordisk,Nasdaq Copenhagen,DKK,20260706_211029
2026-07-06 14:29:00+02:00,324.0,324.0,323.8500061035156,323.8500061035156,2282,NOVO-B.CO,Novo Nordisk,Nasdaq Copenhagen,DKK,20260706_211029
2026-07-06 14:30:00+02:00,324.2250061035156,324.25,324.0,324.0,1674,NOVO-B.CO,Novo Nordisk,Nasdaq Copenhagen,DKK,20260706_211029
2026-07-06 14:31:00+02:00,324.20001220703125,324.29998779296875,324.20001220703125,324.25,870,NOVO-B.CO,Novo Nordisk,Nasdaq Copenhagen,DKK,20260706_211029
2026-07-06 14:32:00+02:00,324.1000061035156,324.1499938964844,324.04998779296875,324.1499938964844,592,NOVO-B.CO,Novo Nordisk,Nasdaq Copenhagen,DKK,20260706_211029
2026-07-06 14:33:00+02:00,324.04998779296875,324.1000061035156,324.0,324.1000061035156,568,NOVO-B.CO,Novo Nordisk,Nasdaq Copenhagen,DKK,20260706_211029
2026-07-06 14:34:00+02:00,324.04998779296875,324.04998779296875,324.0,324.0,3531,NOVO-B.CO,Novo Nordisk,Nasdaq Copenhagen,DKK,20260706_211029
2026-07-06 14:35:00+02:00,324.20001220703125,324.20001220703125,324.0,324.0,489,NOVO-B.CO,Novo Nordisk,Nasdaq Copenhagen,DKK,20260706_211029
2026-07-06 14:36:00+02:00,324.1000061035156,324.1000061035156,324.04998779296875,324.04998779296875,495,NOVO-B.CO,Novo Nordisk,Nasdaq Copenhagen,DKK,20260706_211029
2026-07-06 14:37:00+02:00,323.95001220703125,324.04998779296875,323.8999938964844,324.04998779296875,1339,NOVO-B.CO,Novo Nordisk,Nasdaq Copenhagen,DKK,20260706_211029
2026-07-06 14:38:00+02:00,323.8999938964844,324.0,323.8999938964844,324.0,1084,NOVO-B.CO,Novo Nordisk,Nasdaq Copenhagen,DKK,20260706_211029
2026-07-06 14:39:00+02:00,324.1000061035156,324.1499938964844,323.8500061035156,323.95001220703125,3009,NOVO-B.CO,Novo Nordisk,Nasdaq Copenhagen,DKK,20260706_211029
2026-07-06 14:40:00+02:00,324.3500061035156,324.3500061035156,324.1499938964844,324.1499938964844,1144,NOVO-B.CO,Novo Nordisk,Nasdaq Copenhagen,DKK,20260706_211029
2026-07-06 14:41:00+02:00,324.25,324.25,324.25,324.25,47,NOVO-B.CO,Novo Nordisk,Nasdaq Copenhagen,DKK,20260706_211029
2026-07-06 14:42:00+02:00,324.54998779296875,324.54998779296875,324.25,324.25,2324,NOVO-B.CO,Novo Nordisk,Nasdaq Copenhagen,DKK,20260706_211029
2026-07-06 14:43:00+02:00,324.54998779296875,324.54998779296875,324.3999938964844,324.45001220703125,181,NOVO-B.CO,Novo Nordisk,Nasdaq Copenhagen,DKK,20260706_211029
2026-07-06 14:44:00+02:00,324.45001220703125,324.5,324.3999938964844,324.5,474,NOVO-B.CO,Novo Nordisk,Nasdaq Copenhagen,DKK,20260706_211029
2026-07-06 14:45:00+02:00,324.3999938964844,324.45001220703125,324.3500061035156,324.3500061035156,1187,NOVO-B.CO,Novo Nordisk,Nasdaq Copenhagen,DKK,20260706_211029
2026-07-06 14:46:00+02:00,324.04998779296875,324.3999938964844,324.04998779296875,324.3999938964844,4140,NOVO-B.CO,Novo Nordisk,Nasdaq Copenhagen,DKK,20260706_211029
2026-07-06 14:47:00+02:00,324.0,324.04998779296875,323.8999938964844,324.04998779296875,1229,NOVO-B.CO,Novo Nordisk,Nasdaq Copenhagen,DKK,20260706_211029
2026-07-06 14:48:00+02:00,323.8999938964844,324.04998779296875,323.8500061035156,323.95001220703125,993,NOVO-B.CO,Novo Nordisk,Nasdaq Copenhagen,DKK,20260706_211029
2026-07-06 14:49:00+02:00,323.8999938964844,323.8999938964844,323.79998779296875,323.8999938964844,947,NOVO-B.CO,Novo Nordisk,Nasdaq Copenhagen,DKK,20260706_211029
2026-07-06 14:50:00+02:00,323.75,323.8999938964844,323.75,323.8999938964844,760,NOVO-B.CO,Novo Nordisk,Nasdaq Copenhagen,DKK,20260706_211029
2026-07-06 14:51:00+02:00,323.70001220703125,323.8500061035156,323.70001220703125,323.8500061035156,764,NOVO-B.CO,Novo Nordisk,Nasdaq Copenhagen,DKK,20260706_211029
2026-07-06 14:52:00+02:00,323.70001220703125,323.75,323.70001220703125,323.70001220703125,235,NOVO-B.CO,Novo Nordisk,Nasdaq Copenhagen,DKK,20260706_211029
2026-07-06 14:53:00+02:00,323.79998779296875,323.8999938964844,323.75,323.79998779296875,1929,NOVO-B.CO,Novo Nordisk,Nasdaq Copenhagen,DKK,20260706_211029
2026-07-06 14:54:00+02:00,324.1000061035156,324.1000061035156,323.79998779296875,323.79998779296875,1786,NOVO-B.CO,Novo Nordisk,Nasdaq Copenhagen,DKK,20260706_211029
2026-07-06 14:55:00+02:00,324.04998779296875,324.1499938964844,324.04998779296875,324.1499938964844,918,NOVO-B.CO,Novo Nordisk,Nasdaq Copenhagen,DKK,20260706_211029
2026-07-06 14:56:00+02:00,324.1000061035156,324.1499938964844,324.0,324.0,784,NOVO-B.CO,Novo Nordisk,Nasdaq Copenhagen,DKK,20260706_211029
2026-07-06 14:57:00+02:00,324.3999938964844,324.3999938964844,324.1499938964844,324.1499938964844,1501,NOVO-B.CO,Novo Nordisk,Nasdaq Copenhagen,DKK,20260706_211029
2026-07-06 14:58:00+02:00,324.29998779296875,324.29998779296875,324.25,324.29998779296875,772,NOVO-B.CO,Novo Nordisk,Nasdaq Copenhagen,DKK,20260706_211029
2026-07-06 14:59:00+02:00,324.29998779296875,324.29998779296875,324.25,324.29998779296875,221,NOVO-B.CO,Novo Nordisk,Nasdaq Copenhagen,DKK,20260706_211029
2026-07-06 15:00:00+02:00,324.20001220703125,324.3500061035156,324.20001220703125,324.29998779296875,409,NOVO-B.CO,Novo Nordisk,Nasdaq Copenhagen,DKK,20260706_211029
2026-07-06 15:01:00+02:00,324.20001220703125,324.20001220703125,324.1499938964844,324.20001220703125,929,NOVO-B.CO,Novo Nordisk,Nasdaq Copenhagen,DKK,20260706_211029
2026-07-06 15:02:00+02:00,323.79998779296875,324.1499938964844,323.79998779296875,324.1499938964844,2393,NOVO-B.CO,Novo Nordisk,Nasdaq Copenhagen,DKK,20260706_211029
2026-07-06 15:03:00+02:00,323.8999938964844,323.8999938964844,323.75,323.75,2000,NOVO-B.CO,Novo Nordisk,Nasdaq Copenhagen,DKK,20260706_211029
2026-07-06 15:04:00+02:00,323.6499938964844,323.8500061035156,323.6000061035156,323.8500061035156,1799,NOVO-B.CO,Novo Nordisk,Nasdaq Copenhagen,DKK,20260706_211029
2026-07-06 15:05:00+02:00,323.70001220703125,323.70001220703125,323.54998779296875,323.6000061035156,1254,NOVO-B.CO,Novo Nordisk,Nasdaq Copenhagen,DKK,20260706_211029
2026-07-06 15:06:00+02:00,323.79998779296875,323.8999938964844,323.75,323.75,1117,NOVO-B.CO,Novo Nordisk,Nasdaq Copenhagen,DKK,20260706_211029
2026-07-06 15:07:00+02:00,323.3999938964844,323.8999938964844,323.3999938964844,323.8500061035156,2431,NOVO-B.CO,Novo Nordisk,Nasdaq Copenhagen,DKK,20260706_211029
2026-07-06 15:08:00+02:00,323.3500061035156,323.3500061035156,323.3500061035156,323.3500061035156,110,NOVO-B.CO,Novo Nordisk,Nasdaq Copenhagen,DKK,20260706_211029
2026-07-06 15:09:00+02:00,323.25,323.45001220703125,323.25,323.45001220703125,1321,NOVO-B.CO,Novo Nordisk,Nasdaq Copenhagen,DKK,20260706_211029
2026-07-06 15:10:00+02:00,323.25,323.29998779296875,323.25,323.29998779296875,1356,NOVO-B.CO,Novo Nordisk,Nasdaq Copenhagen,DKK,20260706_211029
2026-07-06 15:11:00+02:00,323.25,323.3500061035156,323.20001220703125,323.20001220703125,678,NOVO-B.CO,Novo Nordisk,Nasdaq Copenhagen,DKK,20260706_211029
2026-07-06 15:12:00+02:00,323.29998779296875,323.3500061035156,323.25,323.29998779296875,1594,NOVO-B.CO,Novo Nordisk,Nasdaq Copenhagen,DKK,20260706_211029
2026-07-06 15:13:00+02:00,323.3500061035156,323.5,323.25,323.25,1359,NOVO-B.CO,Novo Nordisk,Nasdaq Copenhagen,DKK,20260706_211029
2026-07-06 15:14:00+02:00,323.3999938964844,323.5,323.29998779296875,323.5,1007,NOVO-B.CO,Novo Nordisk,Nasdaq Copenhagen,DKK,20260706_211029
2026-07-06 15:15:00+02:00,323.75,323.75,323.45001220703125,323.45001220703125,2077,NOVO-B.CO,Novo Nordisk,Nasdaq Copenhagen,DKK,20260706_211029
2026-07-06 15:16:00+02:00,324.0,324.0,323.70001220703125,323.70001220703125,2371,NOVO-B.CO,Novo Nordisk,Nasdaq Copenhagen,DKK,20260706_211029
2026-07-06 15:17:00+02:00,324.1499938964844,324.1499938964844,324.0,324.0,999,NOVO-B.CO,Novo Nordisk,Nasdaq Copenhagen,DKK,20260706_211029
2026-07-06 15:18:00+02:00,323.8500061035156,324.04998779296875,323.75,324.04998779296875,2278,NOVO-B.CO,Novo Nordisk,Nasdaq Copenhagen,DKK,20260706_211029
2026-07-06 15:19:00+02:00,323.8999938964844,323.8999938964844,323.8999938964844,323.8999938964844,247,NOVO-B.CO,Novo Nordisk,Nasdaq Copenhagen,DKK,20260706_211029
2026-07-06 15:20:00+02:00,323.8999938964844,324.1000061035156,323.8500061035156,324.0,5264,NOVO-B.CO,Novo Nordisk,Nasdaq Copenhagen,DKK,20260706_211029
2026-07-06 15:21:00+02:00,323.79998779296875,323.8999938964844,323.6499938964844,323.8999938964844,2316,NOVO-B.CO,Novo Nordisk,Nasdaq Copenhagen,DKK,20260706_211029
2026-07-06 15:22:00+02:00,323.6000061035156,323.75,323.54998779296875,323.75,1814,NOVO-B.CO,Novo Nordisk,Nasdaq Copenhagen,DKK,20260706_211029
2026-07-06 15:23:00+02:00,323.6000061035156,323.6000061035156,323.3999938964844,323.6000061035156,2140,NOVO-B.CO,Novo Nordisk,Nasdaq Copenhagen,DKK,20260706_211029
2026-07-06 15:24:00+02:00,323.6000061035156,323.6000061035156,323.5,323.6000061035156,920,NOVO-B.CO,Novo Nordisk,Nasdaq Copenhagen,DKK,20260706_211029
2026-07-06 15:25:00+02:00,323.3500061035156,323.5,323.29998779296875,323.5,3441,NOVO-B.CO,Novo Nordisk,Nasdaq Copenhagen,DKK,20260706_211029
2026-07-06 15:26:00+02:00,323.20001220703125,323.29998779296875,323.20001220703125,323.29998779296875,890,NOVO-B.CO,Novo Nordisk,Nasdaq Copenhagen,DKK,20260706_211029
2026-07-06 15:27:00+02:00,323.8999938964844,324.29998779296875,323.0,323.1499938964844,31365,NOVO-B.CO,Novo Nordisk,Nasdaq Copenhagen,DKK,20260706_211029
2026-07-06 15:28:00+02:00,323.54998779296875,323.95001220703125,323.5,323.8999938964844,2849,NOVO-B.CO,Novo Nordisk,Nasdaq Copenhagen,DKK,20260706_211029
2026-07-06 15:29:00+02:00,322.75,323.6000061035156,322.75,323.54998779296875,12782,NOVO-B.CO,Novo Nordisk,Nasdaq Copenhagen,DKK,20260706_211029
2026-07-06 15:30:00+02:00,322.54998779296875,322.75,321.79998779296875,322.75,55033,NOVO-B.CO,Novo Nordisk,Nasdaq Copenhagen,DKK,20260706_211029
2026-07-06 15:31:00+02:00,321.6000061035156,322.5,321.54998779296875,322.5,13019,NOVO-B.CO,Novo Nordisk,Nasdaq Copenhagen,DKK,20260706_211029
2026-07-06 15:32:00+02:00,321.25,321.70001220703125,321.0,321.54998779296875,11518,NOVO-B.CO,Novo Nordisk,Nasdaq Copenhagen,DKK,20260706_211029
2026-07-06 15:33:00+02:00,320.6000061035156,321.75,320.45001220703125,321.25,25866,NOVO-B.CO,Novo Nordisk,Nasdaq Copenhagen,DKK,20260706_211029
2026-07-06 15:34:00+02:00,321.04998779296875,321.04998779296875,320.25,320.45001220703125,6129,NOVO-B.CO,Novo Nordisk,Nasdaq Copenhagen,DKK,20260706_211029
2026-07-06 15:35:00+02:00,320.3999938964844,321.25,320.25,321.04998779296875,8799,NOVO-B.CO,Novo Nordisk,Nasdaq Copenhagen,DKK,20260706_211029
2026-07-06 15:36:00+02:00,321.0,321.29998779296875,320.29998779296875,320.45001220703125,6561,NOVO-B.CO,Novo Nordisk,Nasdaq Copenhagen,DKK,20260706_211029
2026-07-06 15:37:00+02:00,320.8500061035156,321.04998779296875,320.8500061035156,321.04998779296875,4725,NOVO-B.CO,Novo Nordisk,Nasdaq Copenhagen,DKK,20260706_211029
2026-07-06 15:38:00+02:00,319.79998779296875,320.79998779296875,319.75,320.79998779296875,47822,NOVO-B.CO,Novo Nordisk,Nasdaq Copenhagen,DKK,20260706_211029
2026-07-06 15:39:00+02:00,319.75,320.0,319.6499938964844,319.8500061035156,8015,NOVO-B.CO,Novo Nordisk,Nasdaq Copenhagen,DKK,20260706_211029
2026-07-06 15:40:00+02:00,319.70001220703125,319.79998779296875,319.45001220703125,319.75,5619,NOVO-B.CO,Novo Nordisk,Nasdaq Copenhagen,DKK,20260706_211029
2026-07-06 15:41:00+02:00,319.04998779296875,319.79998779296875,319.04998779296875,319.75,10029,NOVO-B.CO,Novo Nordisk,Nasdaq Copenhagen,DKK,20260706_211029
2026-07-06 15:42:00+02:00,319.0,319.79998779296875,318.79998779296875,319.1000061035156,17126,NOVO-B.CO,Novo Nordisk,Nasdaq Copenhagen,DKK,20260706_211029
2026-07-06 15:43:00+02:00,319.3999938964844,319.3999938964844,318.8500061035156,319.04998779296875,6816,NOVO-B.CO,Novo Nordisk,Nasdaq Copenhagen,DKK,20260706_211029
2026-07-06 15:44:00+02:00,319.54998779296875,319.6000061035156,319.3500061035156,319.3999938964844,7932,NOVO-B.CO,Novo Nordisk,Nasdaq Copenhagen,DKK,20260706_211029
2026-07-06 15:45:00+02:00,319.3500061035156,319.75,319.3500061035156,319.6000061035156,6923,NOVO-B.CO,Novo Nordisk,Nasdaq Copenhagen,DKK,20260706_211029
2026-07-06 15:46:00+02:00,319.54998779296875,319.6499938964844,319.3999938964844,319.3999938964844,2603,NOVO-B.CO,Novo Nordisk,Nasdaq Copenhagen,DKK,20260706_211029
2026-07-06 15:47:00+02:00,318.95001220703125,319.75,318.79998779296875,319.6000061035156,22202,NOVO-B.CO,Novo Nordisk,Nasdaq Copenhagen,DKK,20260706_211029
2026-07-06 15:48:00+02:00,319.3999938964844,319.45001220703125,318.8500061035156,318.8500061035156,15059,NOVO-B.CO,Novo Nordisk,Nasdaq Copenhagen,DKK,20260706_211029
2026-07-06 15:49:00+02:00,319.79998779296875,319.79998779296875,319.3500061035156,319.3999938964844,6394,NOVO-B.CO,Novo Nordisk,Nasdaq Copenhagen,DKK,20260706_211029
2026-07-06 15:50:00+02:00,320.04998779296875,320.3999938964844,319.79998779296875,319.8999938964844,19146,NOVO-B.CO,Novo Nordisk,Nasdaq Copenhagen,DKK,20260706_211029
2026-07-06 15:51:00+02:00,319.95001220703125,320.1499938964844,319.79998779296875,320.1000061035156,13131,NOVO-B.CO,Novo Nordisk,Nasdaq Copenhagen,DKK,20260706_211029
2026-07-06 15:52:00+02:00,319.75,320.1499938964844,319.54998779296875,320.04998779296875,6677,NOVO-B.CO,Novo Nordisk,Nasdaq Copenhagen,DKK,20260706_211029
2026-07-06 15:53:00+02:00,319.3500061035156,319.75,319.20001220703125,319.75,8184,NOVO-B.CO,Novo Nordisk,Nasdaq Copenhagen,DKK,20260706_211029
2026-07-06 15:54:00+02:00,319.3999938964844,319.70001220703125,319.29998779296875,319.29998779296875,2612,NOVO-B.CO,Novo Nordisk,Nasdaq Copenhagen,DKK,20260706_211029
2026-07-06 15:55:00+02:00,318.70001220703125,319.29998779296875,318.70001220703125,319.29998779296875,12786,NOVO-B.CO,Novo Nordisk,Nasdaq Copenhagen,DKK,20260706_211029
2026-07-06 15:56:00+02:00,318.29998779296875,318.70001220703125,318.29998779296875,318.6499938964844,19056,NOVO-B.CO,Novo Nordisk,Nasdaq Copenhagen,DKK,20260706_211029
2026-07-06 15:57:00+02:00,318.79998779296875,318.8999938964844,318.6000061035156,318.6000061035156,5201,NOVO-B.CO,Novo Nordisk,Nasdaq Copenhagen,DKK,20260706_211029
2026-07-06 15:58:00+02:00,318.70001220703125,319.0,318.6499938964844,318.8999938964844,9019,NOVO-B.CO,Novo Nordisk,Nasdaq Copenhagen,DKK,20260706_211029
2026-07-06 15:59:00+02:00,319.25,319.25,318.54998779296875,318.70001220703125,2210,NOVO-B.CO,Novo Nordisk,Nasdaq Copenhagen,DKK,20260706_211029
2026-07-06 16:00:00+02:00,319.6000061035156,319.79998779296875,318.8999938964844,319.20001220703125,8958,NOVO-B.CO,Novo Nordisk,Nasdaq Copenhagen,DKK,20260706_211029
2026-07-06 16:01:00+02:00,319.70001220703125,319.95001220703125,319.70001220703125,319.79998779296875,3677,NOVO-B.CO,Novo Nordisk,Nasdaq Copenhagen,DKK,20260706_211029
2026-07-06 16:02:00+02:00,319.70001220703125,319.79998779296875,319.3999938964844,319.75,2760,NOVO-B.CO,Novo Nordisk,Nasdaq Copenhagen,DKK,20260706_211029
2026-07-06 16:03:00+02:00,319.8500061035156,320.1499938964844,319.6000061035156,319.70001220703125,17963,NOVO-B.CO,Novo Nordisk,Nasdaq Copenhagen,DKK,20260706_211029
2026-07-06 16:04:00+02:00,320.1499938964844,320.20001220703125,319.95001220703125,319.95001220703125,3823,NOVO-B.CO,Novo Nordisk,Nasdaq Copenhagen,DKK,20260706_211029
2026-07-06 16:05:00+02:00,320.20001220703125,320.20001220703125,319.8500061035156,320.1499938964844,7016,NOVO-B.CO,Novo Nordisk,Nasdaq Copenhagen,DKK,20260706_211029
2026-07-06 16:06:00+02:00,320.3999938964844,320.5,320.20001220703125,320.20001220703125,3707,NOVO-B.CO,Novo Nordisk,Nasdaq Copenhagen,DKK,20260706_211029
2026-07-06 16:07:00+02:00,320.25,320.5,320.1499938964844,320.5,3430,NOVO-B.CO,Novo Nordisk,Nasdaq Copenhagen,DKK,20260706_211029
2026-07-06 16:08:00+02:00,320.0,320.25,320.0,320.25,2501,NOVO-B.CO,Novo Nordisk,Nasdaq Copenhagen,DKK,20260706_211029
2026-07-06 16:09:00+02:00,319.79998779296875,320.04998779296875,319.79998779296875,319.95001220703125,4046,NOVO-B.CO,Novo Nordisk,Nasdaq Copenhagen,DKK,20260706_211029
2026-07-06 16:10:00+02:00,319.95001220703125,320.0,319.79998779296875,319.79998779296875,8928,NOVO-B.CO,Novo Nordisk,Nasdaq Copenhagen,DKK,20260706_211029
2026-07-06 16:11:00+02:00,320.20001220703125,320.20001220703125,319.8999938964844,320.04998779296875,5533,NOVO-B.CO,Novo Nordisk,Nasdaq Copenhagen,DKK,20260706_211029
2026-07-06 16:12:00+02:00,320.3999938964844,320.3999938964844,320.04998779296875,320.20001220703125,4313,NOVO-B.CO,Novo Nordisk,Nasdaq Copenhagen,DKK,20260706_211029
2026-07-06 16:13:00+02:00,320.6000061035156,320.6000061035156,320.29998779296875,320.3999938964844,4951,NOVO-B.CO,Novo Nordisk,Nasdaq Copenhagen,DKK,20260706_211029
2026-07-06 16:14:00+02:00,320.54998779296875,320.95001220703125,320.5,320.6499938964844,11978,NOVO-B.CO,Novo Nordisk,Nasdaq Copenhagen,DKK,20260706_211029
2026-07-06 16:15:00+02:00,320.25,320.5,320.25,320.5,4638,NOVO-B.CO,Novo Nordisk,Nasdaq Copenhagen,DKK,20260706_211029
2026-07-06 16:16:00+02:00,320.1499938964844,320.25,319.8999938964844,320.20001220703125,5546,NOVO-B.CO,Novo Nordisk,Nasdaq Copenhagen,DKK,20260706_211029
2026-07-06 16:17:00+02:00,320.20001220703125,320.5,320.1000061035156,320.1499938964844,4192,NOVO-B.CO,Novo Nordisk,Nasdaq Copenhagen,DKK,20260706_211029
2026-07-06 16:18:00+02:00,320.0,320.29998779296875,319.95001220703125,320.29998779296875,5023,NOVO-B.CO,Novo Nordisk,Nasdaq Copenhagen,DKK,20260706_211029
2026-07-06 16:19:00+02:00,320.29998779296875,320.3999938964844,320.1000061035156,320.1000061035156,4584,NOVO-B.CO,Novo Nordisk,Nasdaq Copenhagen,DKK,20260706_211029
2026-07-06 16:20:00+02:00,320.25,320.3999938964844,320.20001220703125,320.20001220703125,4084,NOVO-B.CO,Novo Nordisk,Nasdaq Copenhagen,DKK,20260706_211029
2026-07-06 16:21:00+02:00,320.1000061035156,320.45001220703125,320.04998779296875,320.20001220703125,5052,NOVO-B.CO,Novo Nordisk,Nasdaq Copenhagen,DKK,20260706_211029
2026-07-06 16:22:00+02:00,321.20001220703125,321.25,320.0,320.0,20832,NOVO-B.CO,Novo Nordisk,Nasdaq Copenhagen,DKK,20260706_211029
2026-07-06 16:23:00+02:00,321.1000061035156,321.29998779296875,321.04998779296875,321.29998779296875,3077,NOVO-B.CO,Novo Nordisk,Nasdaq Copenhagen,DKK,20260706_211029
2026-07-06 16:24:00+02:00,321.29998779296875,321.45001220703125,320.8500061035156,321.04998779296875,6033,NOVO-B.CO,Novo Nordisk,Nasdaq Copenhagen,DKK,20260706_211029
2026-07-06 16:25:00+02:00,321.45001220703125,321.54998779296875,321.3500061035156,321.45001220703125,8072,NOVO-B.CO,Novo Nordisk,Nasdaq Copenhagen,DKK,20260706_211029
2026-07-06 16:26:00+02:00,321.1499938964844,321.6000061035156,321.1499938964844,321.6000061035156,11001,NOVO-B.CO,Novo Nordisk,Nasdaq Copenhagen,DKK,20260706_211029
2026-07-06 16:27:00+02:00,321.3500061035156,321.3999938964844,321.25,321.29998779296875,9266,NOVO-B.CO,Novo Nordisk,Nasdaq Copenhagen,DKK,20260706_211029
2026-07-06 16:28:00+02:00,321.6499938964844,321.6499938964844,321.3999938964844,321.45001220703125,9828,NOVO-B.CO,Novo Nordisk,Nasdaq Copenhagen,DKK,20260706_211029
2026-07-06 16:29:00+02:00,321.29998779296875,321.75,321.25,321.6000061035156,5913,NOVO-B.CO,Novo Nordisk,Nasdaq Copenhagen,DKK,20260706_211029
2026-07-06 16:30:00+02:00,321.3999938964844,321.45001220703125,321.04998779296875,321.25,1628,NOVO-B.CO,Novo Nordisk,Nasdaq Copenhagen,DKK,20260706_211029
2026-07-06 16:31:00+02:00,321.6000061035156,321.6000061035156,321.3500061035156,321.3999938964844,3540,NOVO-B.CO,Novo Nordisk,Nasdaq Copenhagen,DKK,20260706_211029
2026-07-06 16:32:00+02:00,320.95001220703125,321.5,320.95001220703125,321.45001220703125,16856,NOVO-B.CO,Novo Nordisk,Nasdaq Copenhagen,DKK,20260706_211029
2026-07-06 16:33:00+02:00,320.6499938964844,321.04998779296875,320.6499938964844,321.04998779296875,5459,NOVO-B.CO,Novo Nordisk,Nasdaq Copenhagen,DKK,20260706_211029
2026-07-06 16:34:00+02:00,320.54998779296875,320.95001220703125,320.54998779296875,320.70001220703125,3383,NOVO-B.CO,Novo Nordisk,Nasdaq Copenhagen,DKK,20260706_211029
2026-07-06 16:35:00+02:00,320.70001220703125,320.70001220703125,320.45001220703125,320.6000061035156,3197,NOVO-B.CO,Novo Nordisk,Nasdaq Copenhagen,DKK,20260706_211029
2026-07-06 16:36:00+02:00,320.6499938964844,320.79998779296875,320.54998779296875,320.75,2637,NOVO-B.CO,Novo Nordisk,Nasdaq Copenhagen,DKK,20260706_211029
2026-07-06 16:37:00+02:00,320.5,320.6499938964844,320.5,320.5,2614,NOVO-B.CO,Novo Nordisk,Nasdaq Copenhagen,DKK,20260706_211029
2026-07-06 16:38:00+02:00,320.04998779296875,320.54998779296875,319.8999938964844,320.5,8591,NOVO-B.CO,Novo Nordisk,Nasdaq Copenhagen,DKK,20260706_211029
2026-07-06 16:39:00+02:00,320.04998779296875,320.04998779296875,319.8999938964844,320.0,2290,NOVO-B.CO,Novo Nordisk,Nasdaq Copenhagen,DKK,20260706_211029
2026-07-06 16:40:00+02:00,320.1000061035156,320.1000061035156,320.0,320.0,602,NOVO-B.CO,Novo Nordisk,Nasdaq Copenhagen,DKK,20260706_211029
2026-07-06 16:41:00+02:00,320.0,320.1000061035156,319.8999938964844,320.0,2333,NOVO-B.CO,Novo Nordisk,Nasdaq Copenhagen,DKK,20260706_211029
2026-07-06 16:42:00+02:00,320.1499938964844,320.1499938964844,319.95001220703125,320.0,2702,NOVO-B.CO,Novo Nordisk,Nasdaq Copenhagen,DKK,20260706_211029
2026-07-06 16:43:00+02:00,320.1499938964844,320.25,320.0,320.1499938964844,5325,NOVO-B.CO,Novo Nordisk,Nasdaq Copenhagen,DKK,20260706_211029
2026-07-06 16:44:00+02:00,320.29998779296875,320.29998779296875,320.1000061035156,320.1000061035156,425,NOVO-B.CO,Novo Nordisk,Nasdaq Copenhagen,DKK,20260706_211029
2026-07-06 16:45:00+02:00,319.8500061035156,320.25,319.79998779296875,320.25,4989,NOVO-B.CO,Novo Nordisk,Nasdaq Copenhagen,DKK,20260706_211029
2026-07-06 16:46:00+02:00,319.8999938964844,319.8999938964844,319.75,319.79998779296875,1836,NOVO-B.CO,Novo Nordisk,Nasdaq Copenhagen,DKK,20260706_211029
2026-07-06 16:47:00+02:00,319.79998779296875,320.04998779296875,319.79998779296875,319.8999938964844,10800,NOVO-B.CO,Novo Nordisk,Nasdaq Copenhagen,DKK,20260706_211029
2026-07-06 16:48:00+02:00,319.8500061035156,320.0,319.79998779296875,319.79998779296875,7006,NOVO-B.CO,Novo Nordisk,Nasdaq Copenhagen,DKK,20260706_211029
2026-07-06 16:49:00+02:00,320.0,320.0,319.8999938964844,319.95001220703125,1437,NOVO-B.CO,Novo Nordisk,Nasdaq Copenhagen,DKK,20260706_211029
2026-07-06 16:50:00+02:00,320.0,320.0,319.8500061035156,319.8999938964844,2705,NOVO-B.CO,Novo Nordisk,Nasdaq Copenhagen,DKK,20260706_211029
2026-07-06 16:51:00+02:00,320.04998779296875,320.04998779296875,319.8500061035156,320.0,7224,NOVO-B.CO,Novo Nordisk,Nasdaq Copenhagen,DKK,20260706_211029
2026-07-06 16:52:00+02:00,320.3999938964844,320.3999938964844,319.95001220703125,320.0,4147,NOVO-B.CO,Novo Nordisk,Nasdaq Copenhagen,DKK,20260706_211029
2026-07-06 16:53:00+02:00,320.3999938964844,320.45001220703125,320.25,320.3500061035156,5020,NOVO-B.CO,Novo Nordisk,Nasdaq Copenhagen,DKK,20260706_211029
2026-07-06 16:54:00+02:00,320.6000061035156,320.70001220703125,320.3999938964844,320.5,15944,NOVO-B.CO,Novo Nordisk,Nasdaq Copenhagen,DKK,20260706_211029
2026-07-06 16:59:00+02:00,321.1000061035156,321.1000061035156,321.1000061035156,321.1000061035156,1258415,NOVO-B.CO,Novo Nordisk,Nasdaq Copenhagen,DKK,20260706_211029
