Price,Close,High,Low,Open,Volume,ticker,company,exchange,currency,fetched_at_utc
Ticker,NVDA,NVDA,NVDA,NVDA,NVDA,,,,,
Datetime,,,,,,,,,,
2026-07-02 09:30:00-04:00,197.72999572753906,197.98989868164062,196.77999877929688,197.14999389648438,4231642,NVDA,NVIDIA,Nasdaq,USD,20260703_081139
2026-07-02 09:31:00-04:00,197.97000122070312,198.0,197.16000366210938,197.70599365234375,420062,NVDA,NVIDIA,Nasdaq,USD,20260703_081139
2026-07-02 09:32:00-04:00,198.0850067138672,198.39999389648438,197.80099487304688,197.94000244140625,2038069,NVDA,NVIDIA,Nasdaq,USD,20260703_081139
2026-07-02 09:33:00-04:00,198.42999267578125,198.69000244140625,197.8000030517578,198.10000610351562,477126,NVDA,NVIDIA,Nasdaq,USD,20260703_081139
2026-07-02 09:34:00-04:00,198.375,198.60989379882812,198.0500030517578,198.4199981689453,358194,NVDA,NVIDIA,Nasdaq,USD,20260703_081139
2026-07-02 09:35:00-04:00,198.25,198.3699951171875,197.9199981689453,198.3699951171875,319553,NVDA,NVIDIA,Nasdaq,USD,20260703_081139
2026-07-02 09:36:00-04:00,198.35000610351562,198.39999389648438,197.92999267578125,198.25,383331,NVDA,NVIDIA,Nasdaq,USD,20260703_081139
2026-07-02 09:37:00-04:00,198.11000061035156,198.52499389648438,198.0800018310547,198.3249969482422,349771,NVDA,NVIDIA,Nasdaq,USD,20260703_081139
2026-07-02 09:38:00-04:00,197.9250030517578,198.14999389648438,197.51499938964844,198.10000610351562,346828,NVDA,NVIDIA,Nasdaq,USD,20260703_081139
2026-07-02 09:39:00-04:00,197.77999877929688,198.02000427246094,197.6699981689453,197.93499755859375,289771,NVDA,NVIDIA,Nasdaq,USD,20260703_081139
2026-07-02 09:40:00-04:00,197.63999938964844,198.08999633789062,197.5800018310547,197.75999450683594,251786,NVDA,NVIDIA,Nasdaq,USD,20260703_081139
2026-07-02 09:41:00-04:00,198.19500732421875,198.2899932861328,197.5500030517578,197.64019775390625,322390,NVDA,NVIDIA,Nasdaq,USD,20260703_081139
2026-07-02 09:42:00-04:00,198.05999755859375,198.3000030517578,197.97999572753906,198.13510131835938,288761,NVDA,NVIDIA,Nasdaq,USD,20260703_081139
2026-07-02 09:43:00-04:00,198.17950439453125,198.27499389648438,197.9770050048828,198.03990173339844,322024,NVDA,NVIDIA,Nasdaq,USD,20260703_081139
2026-07-02 09:44:00-04:00,198.10000610351562,198.17999267578125,197.8000030517578,198.16000366210938,206656,NVDA,NVIDIA,Nasdaq,USD,20260703_081139
2026-07-02 09:45:00-04:00,197.9949951171875,198.36000061035156,197.8300018310547,198.11990356445312,320610,NVDA,NVIDIA,Nasdaq,USD,20260703_081139
2026-07-02 09:46:00-04:00,197.7100067138672,198.1199951171875,197.6999969482422,198.02000427246094,185282,NVDA,NVIDIA,Nasdaq,USD,20260703_081139
2026-07-02 09:47:00-04:00,198.1999969482422,198.24000549316406,197.61000061035156,197.6999969482422,345939,NVDA,NVIDIA,Nasdaq,USD,20260703_081139
2026-07-02 09:48:00-04:00,198.15499877929688,198.4499969482422,198.1199951171875,198.1699981689453,280413,NVDA,NVIDIA,Nasdaq,USD,20260703_081139
2026-07-02 09:49:00-04:00,198.35000610351562,198.57000732421875,198.00999450683594,198.13999938964844,299272,NVDA,NVIDIA,Nasdaq,USD,20260703_081139
2026-07-02 09:50:00-04:00,198.6699981689453,198.94000244140625,198.2270050048828,198.30499267578125,458795,NVDA,NVIDIA,Nasdaq,USD,20260703_081139
2026-07-02 09:51:00-04:00,198.6199951171875,198.80999755859375,198.47999572753906,198.61500549316406,300650,NVDA,NVIDIA,Nasdaq,USD,20260703_081139
2026-07-02 09:52:00-04:00,198.10000610351562,198.59979248046875,198.05999755859375,198.57000732421875,366131,NVDA,NVIDIA,Nasdaq,USD,20260703_081139
2026-07-02 09:53:00-04:00,197.60989379882812,198.22000122070312,197.5,198.09970092773438,681074,NVDA,NVIDIA,Nasdaq,USD,20260703_081139
2026-07-02 09:54:00-04:00,198.3800048828125,198.4600067138672,197.5,197.5800018310547,436333,NVDA,NVIDIA,Nasdaq,USD,20260703_081139
2026-07-02 09:55:00-04:00,198.69000244140625,198.69000244140625,198.02999877929688,198.3972930908203,473792,NVDA,NVIDIA,Nasdaq,USD,20260703_081139
2026-07-02 09:56:00-04:00,198.4600067138672,198.77499389648438,198.2100067138672,198.66000366210938,243356,NVDA,NVIDIA,Nasdaq,USD,20260703_081139
2026-07-02 09:57:00-04:00,198.36309814453125,198.5,198.22000122070312,198.4499969482422,197504,NVDA,NVIDIA,Nasdaq,USD,20260703_081139
2026-07-02 09:58:00-04:00,198.6199951171875,198.66079711914062,198.2700958251953,198.3800048828125,203982,NVDA,NVIDIA,Nasdaq,USD,20260703_081139
2026-07-02 09:59:00-04:00,198.85499572753906,198.89010620117188,198.57000732421875,198.610107421875,328489,NVDA,NVIDIA,Nasdaq,USD,20260703_081139
2026-07-02 10:00:00-04:00,198.84500122070312,198.9199981689453,198.5500030517578,198.89999389648438,307438,NVDA,NVIDIA,Nasdaq,USD,20260703_081139
2026-07-02 10:01:00-04:00,199.69000244140625,199.7100067138672,198.78700256347656,198.84500122070312,554863,NVDA,NVIDIA,Nasdaq,USD,20260703_081139
2026-07-02 10:02:00-04:00,199.97000122070312,200.0399932861328,199.64999389648438,199.69500732421875,805830,NVDA,NVIDIA,Nasdaq,USD,20260703_081139
2026-07-02 10:03:00-04:00,199.82000732421875,200.05499267578125,199.6999969482422,199.97000122070312,606783,NVDA,NVIDIA,Nasdaq,USD,20260703_081139
2026-07-02 10:04:00-04:00,199.53500366210938,199.80999755859375,199.42999267578125,199.80999755859375,389375,NVDA,NVIDIA,Nasdaq,USD,20260703_081139
2026-07-02 10:05:00-04:00,199.77999877929688,199.8300018310547,199.3800048828125,199.5500030517578,272437,NVDA,NVIDIA,Nasdaq,USD,20260703_081139
2026-07-02 10:06:00-04:00,199.44219970703125,199.81500244140625,199.34019470214844,199.8000030517578,245079,NVDA,NVIDIA,Nasdaq,USD,20260703_081139
2026-07-02 10:07:00-04:00,199.56500244140625,199.82000732421875,199.41000366210938,199.42999267578125,290260,NVDA,NVIDIA,Nasdaq,USD,20260703_081139
2026-07-02 10:08:00-04:00,199.0800018310547,199.5800018310547,199.02980041503906,199.5500030517578,307789,NVDA,NVIDIA,Nasdaq,USD,20260703_081139
2026-07-02 10:09:00-04:00,198.80999755859375,199.139892578125,198.6699981689453,199.0800018310547,328591,NVDA,NVIDIA,Nasdaq,USD,20260703_081139
2026-07-02 10:10:00-04:00,198.63999938964844,198.89999389648438,198.52000427246094,198.86000061035156,241939,NVDA,NVIDIA,Nasdaq,USD,20260703_081139
2026-07-02 10:11:00-04:00,198.74000549316406,198.88999938964844,198.5601043701172,198.6699981689453,237772,NVDA,NVIDIA,Nasdaq,USD,20260703_081139
2026-07-02 10:12:00-04:00,199.02000427246094,199.08990478515625,198.6649932861328,198.71499633789062,256771,NVDA,NVIDIA,Nasdaq,USD,20260703_081139
2026-07-02 10:13:00-04:00,199.1300048828125,199.27999877929688,198.9499969482422,199.0175018310547,236907,NVDA,NVIDIA,Nasdaq,USD,20260703_081139
2026-07-02 10:14:00-04:00,199.0330047607422,199.35499572753906,198.97999572753906,199.1300048828125,289103,NVDA,NVIDIA,Nasdaq,USD,20260703_081139
2026-07-02 10:15:00-04:00,198.9600067138672,199.05999755859375,198.80999755859375,199.03500366210938,206299,NVDA,NVIDIA,Nasdaq,USD,20260703_081139
2026-07-02 10:16:00-04:00,198.84320068359375,199.36349487304688,198.8300018310547,198.97000122070312,292232,NVDA,NVIDIA,Nasdaq,USD,20260703_081139
2026-07-02 10:17:00-04:00,198.7100067138672,199.0850067138672,198.7100067138672,198.88499450683594,196646,NVDA,NVIDIA,Nasdaq,USD,20260703_081139
2026-07-02 10:18:00-04:00,198.77000427246094,199.125,198.49200439453125,198.72079467773438,343445,NVDA,NVIDIA,Nasdaq,USD,20260703_081139
2026-07-02 10:19:00-04:00,199.2100067138672,199.25,198.6999969482422,198.77000427246094,284237,NVDA,NVIDIA,Nasdaq,USD,20260703_081139
2026-07-02 10:20:00-04:00,198.90499877929688,199.33999633789062,198.82009887695312,199.22999572753906,228322,NVDA,NVIDIA,Nasdaq,USD,20260703_081139
2026-07-02 10:21:00-04:00,198.9550018310547,199.27000427246094,198.8300018310547,198.91000366210938,199741,NVDA,NVIDIA,Nasdaq,USD,20260703_081139
2026-07-02 10:22:00-04:00,198.8300018310547,198.97000122070312,198.55039978027344,198.9199981689453,292424,NVDA,NVIDIA,Nasdaq,USD,20260703_081139
2026-07-02 10:23:00-04:00,198.86500549316406,199.0,198.50999450683594,198.81610107421875,259371,NVDA,NVIDIA,Nasdaq,USD,20260703_081139
2026-07-02 10:24:00-04:00,198.4801025390625,199.0,198.46009826660156,198.86500549316406,238362,NVDA,NVIDIA,Nasdaq,USD,20260703_081139
2026-07-02 10:25:00-04:00,198.57000732421875,198.64340209960938,198.235107421875,198.5050048828125,332142,NVDA,NVIDIA,Nasdaq,USD,20260703_081139
2026-07-02 10:26:00-04:00,198.57000732421875,198.74000549316406,198.4199981689453,198.5749969482422,255051,NVDA,NVIDIA,Nasdaq,USD,20260703_081139
2026-07-02 10:27:00-04:00,197.71499633789062,198.5850067138672,197.6649932861328,198.5800018310547,490738,NVDA,NVIDIA,Nasdaq,USD,20260703_081139
2026-07-02 10:28:00-04:00,197.66000366210938,197.8300018310547,197.44000244140625,197.75,456852,NVDA,NVIDIA,Nasdaq,USD,20260703_081139
2026-07-02 10:29:00-04:00,197.85000610351562,198.0,197.64999389648438,197.6750030517578,281383,NVDA,NVIDIA,Nasdaq,USD,20260703_081139
2026-07-02 10:30:00-04:00,197.90499877929688,198.1999969482422,197.57000732421875,197.88999938964844,413531,NVDA,NVIDIA,Nasdaq,USD,20260703_081139
2026-07-02 10:31:00-04:00,197.8800048828125,198.2050018310547,197.8699951171875,197.90499877929688,258599,NVDA,NVIDIA,Nasdaq,USD,20260703_081139
2026-07-02 10:32:00-04:00,197.52999877929688,198.1649932861328,197.47500610351562,197.9199981689453,249458,NVDA,NVIDIA,Nasdaq,USD,20260703_081139
2026-07-02 10:33:00-04:00,197.27999877929688,197.7899932861328,197.25,197.5399932861328,371719,NVDA,NVIDIA,Nasdaq,USD,20260703_081139
2026-07-02 10:34:00-04:00,196.75999450683594,197.44000244140625,196.66000366210938,197.3000030517578,488524,NVDA,NVIDIA,Nasdaq,USD,20260703_081139
2026-07-02 10:35:00-04:00,196.7100067138672,197.0,196.61000061035156,196.79010009765625,454063,NVDA,NVIDIA,Nasdaq,USD,20260703_081139
2026-07-02 10:36:00-04:00,197.17999267578125,197.19500732421875,196.61000061035156,196.70010375976562,353336,NVDA,NVIDIA,Nasdaq,USD,20260703_081139
2026-07-02 10:37:00-04:00,197.35000610351562,197.5095977783203,197.13499450683594,197.1649932861328,286034,NVDA,NVIDIA,Nasdaq,USD,20260703_081139
2026-07-02 10:38:00-04:00,197.17999267578125,197.36000061035156,197.07000732421875,197.36000061035156,245514,NVDA,NVIDIA,Nasdaq,USD,20260703_081139
2026-07-02 10:39:00-04:00,197.10000610351562,197.36000061035156,197.02000427246094,197.18499755859375,191679,NVDA,NVIDIA,Nasdaq,USD,20260703_081139
2026-07-02 10:40:00-04:00,197.07510375976562,197.2799072265625,196.9600067138672,197.10000610351562,230759,NVDA,NVIDIA,Nasdaq,USD,20260703_081139
2026-07-02 10:41:00-04:00,196.80999755859375,197.1240997314453,196.6999969482422,197.08999633789062,302746,NVDA,NVIDIA,Nasdaq,USD,20260703_081139
2026-07-02 10:42:00-04:00,196.30999755859375,196.8300018310547,196.30999755859375,196.8300018310547,474063,NVDA,NVIDIA,Nasdaq,USD,20260703_081139
2026-07-02 10:43:00-04:00,196.35499572753906,196.42999267578125,196.0800018310547,196.3249969482422,440670,NVDA,NVIDIA,Nasdaq,USD,20260703_081139
2026-07-02 10:44:00-04:00,196.4600067138672,196.60000610351562,196.19000244140625,196.3800048828125,373151,NVDA,NVIDIA,Nasdaq,USD,20260703_081139
2026-07-02 10:45:00-04:00,196.44000244140625,196.7899932861328,196.3699951171875,196.47000122070312,371831,NVDA,NVIDIA,Nasdaq,USD,20260703_081139
2026-07-02 10:46:00-04:00,196.5,196.5655975341797,196.1199951171875,196.4600067138672,335701,NVDA,NVIDIA,Nasdaq,USD,20260703_081139
2026-07-02 10:47:00-04:00,196.27000427246094,196.86000061035156,196.22999572753906,196.50999450683594,408428,NVDA,NVIDIA,Nasdaq,USD,20260703_081139
2026-07-02 10:48:00-04:00,195.9600067138672,196.39999389648438,195.860107421875,196.25,502233,NVDA,NVIDIA,Nasdaq,USD,20260703_081139
2026-07-02 10:49:00-04:00,196.4250030517578,196.63479614257812,195.91000366210938,195.93099975585938,409802,NVDA,NVIDIA,Nasdaq,USD,20260703_081139
2026-07-02 10:50:00-04:00,196.25509643554688,196.49000549316406,196.0500030517578,196.39999389648438,450270,NVDA,NVIDIA,Nasdaq,USD,20260703_081139
2026-07-02 10:51:00-04:00,196.22999572753906,196.58999633789062,196.08999633789062,196.25999450683594,413335,NVDA,NVIDIA,Nasdaq,USD,20260703_081139
2026-07-02 10:52:00-04:00,195.6300048828125,196.21499633789062,195.50999450683594,196.16009521484375,368106,NVDA,NVIDIA,Nasdaq,USD,20260703_081139
2026-07-02 10:53:00-04:00,195.47500610351562,195.75,195.2100067138672,195.6199951171875,554830,NVDA,NVIDIA,Nasdaq,USD,20260703_081139
2026-07-02 10:54:00-04:00,195.5,195.6300048828125,195.38999938964844,195.46670532226562,302087,NVDA,NVIDIA,Nasdaq,USD,20260703_081139
2026-07-02 10:55:00-04:00,195.89999389648438,196.0500030517578,195.50999450683594,195.50999450683594,370341,NVDA,NVIDIA,Nasdaq,USD,20260703_081139
2026-07-02 10:56:00-04:00,195.9250030517578,196.15989685058594,195.86000061035156,195.92999267578125,283990,NVDA,NVIDIA,Nasdaq,USD,20260703_081139
2026-07-02 10:57:00-04:00,195.72329711914062,195.9499969482422,195.6199951171875,195.9199981689453,259862,NVDA,NVIDIA,Nasdaq,USD,20260703_081139
2026-07-02 10:58:00-04:00,195.96180725097656,196.0299072265625,195.69000244140625,195.74000549316406,237048,NVDA,NVIDIA,Nasdaq,USD,20260703_081139
2026-07-02 10:59:00-04:00,196.24000549316406,196.2899932861328,195.95010375976562,195.95010375976562,271414,NVDA,NVIDIA,Nasdaq,USD,20260703_081139
2026-07-02 11:00:00-04:00,196.32000732421875,196.33999633789062,195.92999267578125,196.25,257412,NVDA,NVIDIA,Nasdaq,USD,20260703_081139
2026-07-02 11:01:00-04:00,196.2100067138672,196.47000122070312,196.2100067138672,196.30999755859375,323443,NVDA,NVIDIA,Nasdaq,USD,20260703_081139
2026-07-02 11:02:00-04:00,196.27499389648438,196.31500244140625,196.03500366210938,196.21499633789062,217168,NVDA,NVIDIA,Nasdaq,USD,20260703_081139
2026-07-02 11:03:00-04:00,195.9600067138672,196.45899963378906,195.92999267578125,196.30999755859375,244655,NVDA,NVIDIA,Nasdaq,USD,20260703_081139
2026-07-02 11:04:00-04:00,195.60000610351562,196.05999755859375,195.58999633789062,195.99000549316406,247935,NVDA,NVIDIA,Nasdaq,USD,20260703_081139
2026-07-02 11:05:00-04:00,195.44430541992188,195.77000427246094,195.44000244140625,195.61000061035156,510925,NVDA,NVIDIA,Nasdaq,USD,20260703_081139
2026-07-02 11:06:00-04:00,195.06500244140625,195.42999267578125,195.02999877929688,195.42999267578125,412482,NVDA,NVIDIA,Nasdaq,USD,20260703_081139
2026-07-02 11:07:00-04:00,194.7449951171875,195.1699981689453,194.7100067138672,195.06500244140625,791574,NVDA,NVIDIA,Nasdaq,USD,20260703_081139
2026-07-02 11:08:00-04:00,195.0050048828125,195.2899932861328,194.73300170898438,194.7899932861328,450243,NVDA,NVIDIA,Nasdaq,USD,20260703_081139
2026-07-02 11:09:00-04:00,194.9949951171875,195.1750030517578,194.86000061035156,194.9949951171875,346074,NVDA,NVIDIA,Nasdaq,USD,20260703_081139
2026-07-02 11:10:00-04:00,194.97999572753906,195.11500549316406,194.77239990234375,195.00999450683594,343247,NVDA,NVIDIA,Nasdaq,USD,20260703_081139
2026-07-02 11:11:00-04:00,195.31509399414062,195.39500427246094,194.91000366210938,194.98699951171875,529528,NVDA,NVIDIA,Nasdaq,USD,20260703_081139
2026-07-02 11:12:00-04:00,195.21499633789062,195.3699951171875,195.1999969482422,195.30999755859375,238524,NVDA,NVIDIA,Nasdaq,USD,20260703_081139
2026-07-02 11:13:00-04:00,195.23500061035156,195.42999267578125,195.1699981689453,195.1999969482422,225046,NVDA,NVIDIA,Nasdaq,USD,20260703_081139
2026-07-02 11:14:00-04:00,195.25999450683594,195.41000366210938,195.08999633789062,195.23500061035156,268686,NVDA,NVIDIA,Nasdaq,USD,20260703_081139
2026-07-02 11:15:00-04:00,195.08999633789062,195.4600067138672,195.0236053466797,195.27000427246094,245381,NVDA,NVIDIA,Nasdaq,USD,20260703_081139
2026-07-02 11:16:00-04:00,195.02499389648438,195.10000610351562,194.86000061035156,195.0800018310547,266227,NVDA,NVIDIA,Nasdaq,USD,20260703_081139
2026-07-02 11:17:00-04:00,195.00999450683594,195.23959350585938,194.85000610351562,195.0399932861328,257180,NVDA,NVIDIA,Nasdaq,USD,20260703_081139
2026-07-02 11:18:00-04:00,195.0800018310547,195.22999572753906,194.8000946044922,194.99000549316406,337696,NVDA,NVIDIA,Nasdaq,USD,20260703_081139
2026-07-02 11:19:00-04:00,195.0399932861328,195.0850067138672,194.9199981689453,195.06500244140625,229328,NVDA,NVIDIA,Nasdaq,USD,20260703_081139
2026-07-02 11:20:00-04:00,195.00999450683594,195.32000732421875,194.69000244140625,195.05990600585938,422910,NVDA,NVIDIA,Nasdaq,USD,20260703_081139
2026-07-02 11:21:00-04:00,194.875,195.0399932861328,194.8101043701172,195.00999450683594,305386,NVDA,NVIDIA,Nasdaq,USD,20260703_081139
2026-07-02 11:22:00-04:00,194.77499389648438,195.0500030517578,194.7100067138672,194.86000061035156,295402,NVDA,NVIDIA,Nasdaq,USD,20260703_081139
2026-07-02 11:23:00-04:00,194.7899932861328,194.89500427246094,194.6199951171875,194.77000427246094,292483,NVDA,NVIDIA,Nasdaq,USD,20260703_081139
2026-07-02 11:24:00-04:00,194.8249969482422,195.01499938964844,194.72000122070312,194.7873992919922,418271,NVDA,NVIDIA,Nasdaq,USD,20260703_081139
2026-07-02 11:25:00-04:00,194.5399932861328,194.86500549316406,194.4199981689453,194.83999633789062,459878,NVDA,NVIDIA,Nasdaq,USD,20260703_081139
2026-07-02 11:26:00-04:00,194.875,194.99000549316406,194.5399932861328,194.5500030517578,408411,NVDA,NVIDIA,Nasdaq,USD,20260703_081139
2026-07-02 11:27:00-04:00,195.0800018310547,195.1999053955078,194.8800048828125,194.8800048828125,286539,NVDA,NVIDIA,Nasdaq,USD,20260703_081139
2026-07-02 11:28:00-04:00,194.99000549316406,195.10989379882812,194.88999938964844,195.0749969482422,196961,NVDA,NVIDIA,Nasdaq,USD,20260703_081139
2026-07-02 11:29:00-04:00,194.7794952392578,195.00979614257812,194.77000427246094,194.97999572753906,189347,NVDA,NVIDIA,Nasdaq,USD,20260703_081139
2026-07-02 11:30:00-04:00,195.16000366210938,195.3699951171875,194.75999450683594,194.77999877929688,293633,NVDA,NVIDIA,Nasdaq,USD,20260703_081139
2026-07-02 11:31:00-04:00,195.22000122070312,195.27999877929688,194.94000244140625,195.14999389648438,237867,NVDA,NVIDIA,Nasdaq,USD,20260703_081139
2026-07-02 11:32:00-04:00,195.25950622558594,195.39999389648438,195.0906982421875,195.22000122070312,203372,NVDA,NVIDIA,Nasdaq,USD,20260703_081139
2026-07-02 11:33:00-04:00,195.38999938964844,195.47000122070312,195.25,195.25,271992,NVDA,NVIDIA,Nasdaq,USD,20260703_081139
2026-07-02 11:34:00-04:00,195.46499633789062,195.5800018310547,195.38499450683594,195.38499450683594,235765,NVDA,NVIDIA,Nasdaq,USD,20260703_081139
2026-07-02 11:35:00-04:00,195.69000244140625,195.8000030517578,195.41000366210938,195.47999572753906,309012,NVDA,NVIDIA,Nasdaq,USD,20260703_081139
2026-07-02 11:36:00-04:00,195.66990661621094,195.75,195.57049560546875,195.69000244140625,231564,NVDA,NVIDIA,Nasdaq,USD,20260703_081139
2026-07-02 11:37:00-04:00,195.6497039794922,195.7100067138672,195.5,195.64999389648438,194582,NVDA,NVIDIA,Nasdaq,USD,20260703_081139
2026-07-02 11:38:00-04:00,195.7550048828125,195.9199981689453,195.58279418945312,195.63499450683594,291310,NVDA,NVIDIA,Nasdaq,USD,20260703_081139
2026-07-02 11:39:00-04:00,195.5135040283203,195.7899932861328,195.51300048828125,195.75,192276,NVDA,NVIDIA,Nasdaq,USD,20260703_081139
2026-07-02 11:40:00-04:00,195.83999633789062,196.0,195.41000366210938,195.52999877929688,325330,NVDA,NVIDIA,Nasdaq,USD,20260703_081139
2026-07-02 11:41:00-04:00,195.51499938964844,195.8498992919922,195.44500732421875,195.8498992919922,274466,NVDA,NVIDIA,Nasdaq,USD,20260703_081139
2026-07-02 11:42:00-04:00,195.39999389648438,195.4949951171875,195.35000610351562,195.49000549316406,350207,NVDA,NVIDIA,Nasdaq,USD,20260703_081139
2026-07-02 11:43:00-04:00,195.13999938964844,195.41000366210938,195.07000732421875,195.40499877929688,339554,NVDA,NVIDIA,Nasdaq,USD,20260703_081139
2026-07-02 11:44:00-04:00,195.06509399414062,195.36000061035156,195.0399932861328,195.13999938964844,202725,NVDA,NVIDIA,Nasdaq,USD,20260703_081139
2026-07-02 11:45:00-04:00,195.31500244140625,195.39999389648438,195.0449981689453,195.0800018310547,159234,NVDA,NVIDIA,Nasdaq,USD,20260703_081139
2026-07-02 11:46:00-04:00,195.07000732421875,195.33999633789062,194.97000122070312,195.3105010986328,207915,NVDA,NVIDIA,Nasdaq,USD,20260703_081139
2026-07-02 11:47:00-04:00,195.05999755859375,195.16990661621094,194.89999389648438,195.0800018310547,185010,NVDA,NVIDIA,Nasdaq,USD,20260703_081139
2026-07-02 11:48:00-04:00,194.88999938964844,195.08999633789062,194.8800048828125,195.0200958251953,157423,NVDA,NVIDIA,Nasdaq,USD,20260703_081139
2026-07-02 11:49:00-04:00,194.74000549316406,194.92999267578125,194.66000366210938,194.89999389648438,204402,NVDA,NVIDIA,Nasdaq,USD,20260703_081139
2026-07-02 11:50:00-04:00,194.55999755859375,194.74000549316406,194.52000427246094,194.72999572753906,210139,NVDA,NVIDIA,Nasdaq,USD,20260703_081139
2026-07-02 11:51:00-04:00,194.50999450683594,194.59800720214844,194.35000610351562,194.55999755859375,334370,NVDA,NVIDIA,Nasdaq,USD,20260703_081139
2026-07-02 11:52:00-04:00,194.33999633789062,194.68499755859375,194.27999877929688,194.50999450683594,286620,NVDA,NVIDIA,Nasdaq,USD,20260703_081139
2026-07-02 11:53:00-04:00,194.2100067138672,194.35000610351562,194.05999755859375,194.33999633789062,303053,NVDA,NVIDIA,Nasdaq,USD,20260703_081139
2026-07-02 11:54:00-04:00,194.4346923828125,194.50999450683594,194.17999267578125,194.2100067138672,196633,NVDA,NVIDIA,Nasdaq,USD,20260703_081139
2026-07-02 11:55:00-04:00,194.35000610351562,194.55799865722656,194.33999633789062,194.4409942626953,185037,NVDA,NVIDIA,Nasdaq,USD,20260703_081139
2026-07-02 11:56:00-04:00,194.2050018310547,194.39999389648438,194.1199951171875,194.3699951171875,286878,NVDA,NVIDIA,Nasdaq,USD,20260703_081139
2026-07-02 11:57:00-04:00,194.27000427246094,194.32000732421875,194.01499938964844,194.1999969482422,264846,NVDA,NVIDIA,Nasdaq,USD,20260703_081139
2026-07-02 11:58:00-04:00,194.4499969482422,194.52000427246094,194.19410705566406,194.27000427246094,238117,NVDA,NVIDIA,Nasdaq,USD,20260703_081139
2026-07-02 11:59:00-04:00,194.49000549316406,194.63999938964844,194.44000244140625,194.47610473632812,200792,NVDA,NVIDIA,Nasdaq,USD,20260703_081139
2026-07-02 12:00:00-04:00,194.27000427246094,194.55999755859375,194.22000122070312,194.5,191365,NVDA,NVIDIA,Nasdaq,USD,20260703_081139
2026-07-02 12:01:00-04:00,194.27999877929688,194.4113006591797,194.16000366210938,194.27000427246094,153268,NVDA,NVIDIA,Nasdaq,USD,20260703_081139
2026-07-02 12:02:00-04:00,194.07000732421875,194.30999755859375,194.02999877929688,194.28500366210938,236253,NVDA,NVIDIA,Nasdaq,USD,20260703_081139
2026-07-02 12:03:00-04:00,194.19500732421875,194.3000030517578,193.88999938964844,194.05999755859375,537646,NVDA,NVIDIA,Nasdaq,USD,20260703_081139
2026-07-02 12:04:00-04:00,194.36000061035156,194.3800048828125,194.08999633789062,194.19000244140625,199486,NVDA,NVIDIA,Nasdaq,USD,20260703_081139
2026-07-02 12:05:00-04:00,194.25999450683594,194.4199981689453,194.24000549316406,194.35499572753906,210771,NVDA,NVIDIA,Nasdaq,USD,20260703_081139
2026-07-02 12:06:00-04:00,194.15989685058594,194.3000030517578,194.07000732421875,194.2550048828125,179634,NVDA,NVIDIA,Nasdaq,USD,20260703_081139
2026-07-02 12:07:00-04:00,194.13999938964844,194.27999877929688,194.06610107421875,194.15989685058594,137095,NVDA,NVIDIA,Nasdaq,USD,20260703_081139
2026-07-02 12:08:00-04:00,194.07000732421875,194.22000122070312,194.00999450683594,194.16000366210938,182643,NVDA,NVIDIA,Nasdaq,USD,20260703_081139
2026-07-02 12:09:00-04:00,193.98370361328125,194.11000061035156,193.86000061035156,194.10000610351562,231915,NVDA,NVIDIA,Nasdaq,USD,20260703_081139
2026-07-02 12:10:00-04:00,194.35000610351562,194.38999938964844,193.94000244140625,193.98500061035156,261793,NVDA,NVIDIA,Nasdaq,USD,20260703_081139
2026-07-02 12:11:00-04:00,194.3800048828125,194.49000549316406,194.27000427246094,194.3300018310547,285336,NVDA,NVIDIA,Nasdaq,USD,20260703_081139
2026-07-02 12:12:00-04:00,194.57000732421875,194.57000732421875,194.1199951171875,194.35000610351562,312853,NVDA,NVIDIA,Nasdaq,USD,20260703_081139
2026-07-02 12:13:00-04:00,194.5,194.59359741210938,194.41000366210938,194.57000732421875,231520,NVDA,NVIDIA,Nasdaq,USD,20260703_081139
2026-07-02 12:14:00-04:00,194.55999755859375,194.6591033935547,194.48260498046875,194.49000549316406,235420,NVDA,NVIDIA,Nasdaq,USD,20260703_081139
2026-07-02 12:15:00-04:00,194.27000427246094,194.61000061035156,194.0800018310547,194.57000732421875,426180,NVDA,NVIDIA,Nasdaq,USD,20260703_081139
2026-07-02 12:16:00-04:00,194.3000030517578,194.375,194.22000122070312,194.27999877929688,188484,NVDA,NVIDIA,Nasdaq,USD,20260703_081139
2026-07-02 12:17:00-04:00,194.1649932861328,194.4799041748047,194.1300048828125,194.3000030517578,241139,NVDA,NVIDIA,Nasdaq,USD,20260703_081139
2026-07-02 12:18:00-04:00,194.33999633789062,194.35000610351562,194.16180419921875,194.1649932861328,197327,NVDA,NVIDIA,Nasdaq,USD,20260703_081139
2026-07-02 12:19:00-04:00,194.07000732421875,194.42999267578125,194.05999755859375,194.35000610351562,335927,NVDA,NVIDIA,Nasdaq,USD,20260703_081139
2026-07-02 12:20:00-04:00,194.0800018310547,194.1300048828125,193.7949981689453,194.0749969482422,515610,NVDA,NVIDIA,Nasdaq,USD,20260703_081139
2026-07-02 12:21:00-04:00,193.9600067138672,194.14999389648438,193.9149932861328,194.08999633789062,242442,NVDA,NVIDIA,Nasdaq,USD,20260703_081139
2026-07-02 12:22:00-04:00,193.82000732421875,193.97999572753906,193.7100067138672,193.9600067138672,369511,NVDA,NVIDIA,Nasdaq,USD,20260703_081139
2026-07-02 12:23:00-04:00,193.6999969482422,193.90499877929688,193.69140625,193.8300018310547,232949,NVDA,NVIDIA,Nasdaq,USD,20260703_081139
2026-07-02 12:24:00-04:00,193.8699951171875,193.94000244140625,193.625,193.6999969482422,280257,NVDA,NVIDIA,Nasdaq,USD,20260703_081139
2026-07-02 12:25:00-04:00,193.92999267578125,194.12989807128906,193.8699951171875,193.875,285501,NVDA,NVIDIA,Nasdaq,USD,20260703_081139
2026-07-02 12:26:00-04:00,193.8350067138672,193.9499969482422,193.6999969482422,193.91000366210938,212881,NVDA,NVIDIA,Nasdaq,USD,20260703_081139
2026-07-02 12:27:00-04:00,193.9550018310547,193.97999572753906,193.83999633789062,193.83999633789062,262255,NVDA,NVIDIA,Nasdaq,USD,20260703_081139
2026-07-02 12:28:00-04:00,193.99000549316406,194.02000427246094,193.8699951171875,193.9499969482422,131509,NVDA,NVIDIA,Nasdaq,USD,20260703_081139
2026-07-02 12:29:00-04:00,193.7899932861328,194.06500244140625,193.6699981689453,193.99000549316406,131970,NVDA,NVIDIA,Nasdaq,USD,20260703_081139
2026-07-02 12:30:00-04:00,193.7550048828125,193.86000061035156,193.6699981689453,193.7899932861328,226301,NVDA,NVIDIA,Nasdaq,USD,20260703_081139
2026-07-02 12:31:00-04:00,193.69000244140625,193.80499267578125,193.66000366210938,193.74049377441406,215400,NVDA,NVIDIA,Nasdaq,USD,20260703_081139
2026-07-02 12:32:00-04:00,193.6750030517578,193.75,193.6199951171875,193.6699981689453,167067,NVDA,NVIDIA,Nasdaq,USD,20260703_081139
2026-07-02 12:33:00-04:00,193.73049926757812,193.85000610351562,193.6649932861328,193.6649932861328,154462,NVDA,NVIDIA,Nasdaq,USD,20260703_081139
2026-07-02 12:34:00-04:00,193.47000122070312,193.75,193.4600067138672,193.74000549316406,267759,NVDA,NVIDIA,Nasdaq,USD,20260703_081139
2026-07-02 12:35:00-04:00,193.6300048828125,193.63999938964844,193.38999938964844,193.4600067138672,288832,NVDA,NVIDIA,Nasdaq,USD,20260703_081139
2026-07-02 12:36:00-04:00,193.38999938964844,193.66000366210938,193.30999755859375,193.6300048828125,343132,NVDA,NVIDIA,Nasdaq,USD,20260703_081139
2026-07-02 12:37:00-04:00,193.22000122070312,193.5756072998047,193.17999267578125,193.38450622558594,292147,NVDA,NVIDIA,Nasdaq,USD,20260703_081139
2026-07-02 12:38:00-04:00,193.35000610351562,193.3972930908203,193.22000122070312,193.22000122070312,212147,NVDA,NVIDIA,Nasdaq,USD,20260703_081139
2026-07-02 12:39:00-04:00,193.43499755859375,193.45970153808594,193.25,193.3300018310547,175488,NVDA,NVIDIA,Nasdaq,USD,20260703_081139
2026-07-02 12:40:00-04:00,193.75010681152344,193.7899932861328,193.39999389648438,193.44009399414062,287573,NVDA,NVIDIA,Nasdaq,USD,20260703_081139
2026-07-02 12:41:00-04:00,193.64999389648438,193.85000610351562,193.63499450683594,193.75,216552,NVDA,NVIDIA,Nasdaq,USD,20260703_081139
2026-07-02 12:42:00-04:00,193.76499938964844,193.85000610351562,193.60000610351562,193.63999938964844,237498,NVDA,NVIDIA,Nasdaq,USD,20260703_081139
2026-07-02 12:43:00-04:00,193.9199981689453,194.02000427246094,193.6999969482422,193.76499938964844,229177,NVDA,NVIDIA,Nasdaq,USD,20260703_081139
2026-07-02 12:44:00-04:00,194.0399932861328,194.15989685058594,193.9250030517578,193.9250030517578,251338,NVDA,NVIDIA,Nasdaq,USD,20260703_081139
2026-07-02 12:45:00-04:00,194.0,194.0800018310547,193.8699951171875,194.0399932861328,199672,NVDA,NVIDIA,Nasdaq,USD,20260703_081139
2026-07-02 12:46:00-04:00,193.97000122070312,194.05999755859375,193.9149932861328,193.99000549316406,124890,NVDA,NVIDIA,Nasdaq,USD,20260703_081139
2026-07-02 12:47:00-04:00,194.07000732421875,194.1092071533203,193.94000244140625,193.96499633789062,150897,NVDA,NVIDIA,Nasdaq,USD,20260703_081139
2026-07-02 12:48:00-04:00,194.10000610351562,194.14999389648438,193.92999267578125,194.0601043701172,134088,NVDA,NVIDIA,Nasdaq,USD,20260703_081139
2026-07-02 12:49:00-04:00,193.89990234375,194.14999389648438,193.85499572753906,194.10000610351562,167999,NVDA,NVIDIA,Nasdaq,USD,20260703_081139
2026-07-02 12:50:00-04:00,193.72999572753906,193.89639282226562,193.63999938964844,193.8914031982422,265710,NVDA,NVIDIA,Nasdaq,USD,20260703_081139
2026-07-02 12:51:00-04:00,193.86000061035156,193.86500549316406,193.67999267578125,193.72999572753906,197526,NVDA,NVIDIA,Nasdaq,USD,20260703_081139
2026-07-02 12:52:00-04:00,193.99000549316406,194.0,193.75999450683594,193.83999633789062,197091,NVDA,NVIDIA,Nasdaq,USD,20260703_081139
2026-07-02 12:53:00-04:00,193.8249969482422,194.0500030517578,193.74000549316406,193.97999572753906,174992,NVDA,NVIDIA,Nasdaq,USD,20260703_081139
2026-07-02 12:54:00-04:00,193.86990356445312,194.0050048828125,193.81509399414062,193.83999633789062,148694,NVDA,NVIDIA,Nasdaq,USD,20260703_081139
2026-07-02 12:55:00-04:00,193.61500549316406,193.87750244140625,193.57009887695312,193.8699951171875,220408,NVDA,NVIDIA,Nasdaq,USD,20260703_081139
2026-07-02 12:56:00-04:00,193.29010009765625,193.62989807128906,193.27000427246094,193.62989807128906,271990,NVDA,NVIDIA,Nasdaq,USD,20260703_081139
2026-07-02 12:57:00-04:00,193.2100067138672,193.41000366210938,193.1999969482422,193.2899932861328,182074,NVDA,NVIDIA,Nasdaq,USD,20260703_081139
2026-07-02 12:58:00-04:00,193.32000732421875,193.33999633789062,193.1300048828125,193.22000122070312,201441,NVDA,NVIDIA,Nasdaq,USD,20260703_081139
2026-07-02 12:59:00-04:00,193.49000549316406,193.5399932861328,193.30999755859375,193.32000732421875,165575,NVDA,NVIDIA,Nasdaq,USD,20260703_081139
2026-07-02 13:00:00-04:00,193.11000061035156,193.50999450683594,193.10009765625,193.5,184422,NVDA,NVIDIA,Nasdaq,USD,20260703_081139
2026-07-02 13:01:00-04:00,193.01499938964844,193.22999572753906,192.9199981689453,193.11000061035156,605688,NVDA,NVIDIA,Nasdaq,USD,20260703_081139
2026-07-02 13:02:00-04:00,193.03500366210938,193.26499938964844,192.99000549316406,193.02000427246094,284821,NVDA,NVIDIA,Nasdaq,USD,20260703_081139
2026-07-02 13:03:00-04:00,193.02999877929688,193.0500030517578,192.8800048828125,193.02499389648438,230921,NVDA,NVIDIA,Nasdaq,USD,20260703_081139
2026-07-02 13:04:00-04:00,193.0500030517578,193.07989501953125,192.88999938964844,193.02999877929688,179406,NVDA,NVIDIA,Nasdaq,USD,20260703_081139
2026-07-02 13:05:00-04:00,193.27000427246094,193.27000427246094,192.88999938964844,193.0500030517578,277843,NVDA,NVIDIA,Nasdaq,USD,20260703_081139
2026-07-02 13:06:00-04:00,193.5399932861328,193.5500030517578,193.2205047607422,193.27000427246094,221653,NVDA,NVIDIA,Nasdaq,USD,20260703_081139
2026-07-02 13:07:00-04:00,193.58999633789062,193.72000122070312,193.50999450683594,193.5449981689453,149253,NVDA,NVIDIA,Nasdaq,USD,20260703_081139
2026-07-02 13:08:00-04:00,193.41000366210938,193.60000610351562,193.22000122070312,193.60000610351562,205746,NVDA,NVIDIA,Nasdaq,USD,20260703_081139
2026-07-02 13:09:00-04:00,193.2100067138672,193.4600067138672,193.19000244140625,193.41000366210938,151649,NVDA,NVIDIA,Nasdaq,USD,20260703_081139
2026-07-02 13:10:00-04:00,193.2100067138672,193.33999633789062,193.07009887695312,193.20030212402344,142359,NVDA,NVIDIA,Nasdaq,USD,20260703_081139
2026-07-02 13:11:00-04:00,193.2449951171875,193.25999450683594,193.14999389648438,193.20989990234375,117817,NVDA,NVIDIA,Nasdaq,USD,20260703_081139
2026-07-02 13:12:00-04:00,193.02999877929688,193.29049682617188,193.01010131835938,193.24000549316406,175710,NVDA,NVIDIA,Nasdaq,USD,20260703_081139
2026-07-02 13:13:00-04:00,192.97000122070312,193.11500549316406,192.8800048828125,193.00999450683594,285104,NVDA,NVIDIA,Nasdaq,USD,20260703_081139
2026-07-02 13:14:00-04:00,193.0749969482422,193.22999572753906,192.97000122070312,192.97999572753906,190420,NVDA,NVIDIA,Nasdaq,USD,20260703_081139
2026-07-02 13:15:00-04:00,192.92999267578125,193.07000732421875,192.9250030517578,193.07000732421875,191514,NVDA,NVIDIA,Nasdaq,USD,20260703_081139
2026-07-02 13:16:00-04:00,193.2100067138672,193.22000122070312,192.9300994873047,192.9398956298828,156032,NVDA,NVIDIA,Nasdaq,USD,20260703_081139
2026-07-02 13:17:00-04:00,193.1999969482422,193.40989685058594,193.16000366210938,193.22000122070312,224917,NVDA,NVIDIA,Nasdaq,USD,20260703_081139
2026-07-02 13:18:00-04:00,193.1999969482422,193.33999633789062,193.16000366210938,193.2100067138672,121758,NVDA,NVIDIA,Nasdaq,USD,20260703_081139
2026-07-02 13:19:00-04:00,193.0699005126953,193.22000122070312,193.02000427246094,193.2050018310547,136121,NVDA,NVIDIA,Nasdaq,USD,20260703_081139
2026-07-02 13:20:00-04:00,192.92999267578125,193.139892578125,192.91000366210938,193.05999755859375,209372,NVDA,NVIDIA,Nasdaq,USD,20260703_081139
2026-07-02 13:21:00-04:00,193.1199951171875,193.16000366210938,192.92999267578125,192.92999267578125,174340,NVDA,NVIDIA,Nasdaq,USD,20260703_081139
2026-07-02 13:22:00-04:00,193.1699981689453,193.35000610351562,193.11000061035156,193.1300048828125,147227,NVDA,NVIDIA,Nasdaq,USD,20260703_081139
2026-07-02 13:23:00-04:00,193.02000427246094,193.16200256347656,193.02000427246094,193.16000366210938,134225,NVDA,NVIDIA,Nasdaq,USD,20260703_081139
2026-07-02 13:24:00-04:00,192.9600067138672,193.13999938964844,192.91000366210938,193.02999877929688,173608,NVDA,NVIDIA,Nasdaq,USD,20260703_081139
2026-07-02 13:25:00-04:00,192.88999938964844,193.0500030517578,192.85000610351562,192.97000122070312,215949,NVDA,NVIDIA,Nasdaq,USD,20260703_081139
2026-07-02 13:26:00-04:00,192.83999633789062,193.0,192.76199340820312,192.88499450683594,185676,NVDA,NVIDIA,Nasdaq,USD,20260703_081139
2026-07-02 13:27:00-04:00,192.9250030517578,193.0,192.85000610351562,192.85000610351562,170779,NVDA,NVIDIA,Nasdaq,USD,20260703_081139
2026-07-02 13:28:00-04:00,193.0,193.02000427246094,192.89999389648438,192.92019653320312,201262,NVDA,NVIDIA,Nasdaq,USD,20260703_081139
2026-07-02 13:29:00-04:00,193.0500030517578,193.13999938964844,192.92999267578125,193.0,139498,NVDA,NVIDIA,Nasdaq,USD,20260703_081139
2026-07-02 13:30:00-04:00,193.02000427246094,193.1800994873047,193.02000427246094,193.0449981689453,189065,NVDA,NVIDIA,Nasdaq,USD,20260703_081139
2026-07-02 13:31:00-04:00,193.10000610351562,193.14990234375,193.01010131835938,193.02999877929688,120168,NVDA,NVIDIA,Nasdaq,USD,20260703_081139
2026-07-02 13:32:00-04:00,193.1649932861328,193.27999877929688,193.0601043701172,193.11000061035156,180018,NVDA,NVIDIA,Nasdaq,USD,20260703_081139
2026-07-02 13:33:00-04:00,193.0800018310547,193.23500061035156,193.01499938964844,193.1649932861328,144772,NVDA,NVIDIA,Nasdaq,USD,20260703_081139
2026-07-02 13:34:00-04:00,192.94000244140625,193.1699981689453,192.94000244140625,193.0800018310547,131762,NVDA,NVIDIA,Nasdaq,USD,20260703_081139
2026-07-02 13:35:00-04:00,192.90499877929688,193.02000427246094,192.72999572753906,192.92999267578125,230920,NVDA,NVIDIA,Nasdaq,USD,20260703_081139
2026-07-02 13:36:00-04:00,192.72999572753906,192.97000122070312,192.6699981689453,192.89500427246094,187402,NVDA,NVIDIA,Nasdaq,USD,20260703_081139
2026-07-02 13:37:00-04:00,192.66000366210938,192.75999450683594,192.60000610351562,192.74000549316406,162416,NVDA,NVIDIA,Nasdaq,USD,20260703_081139
2026-07-02 13:38:00-04:00,192.41000366210938,192.73300170898438,192.39500427246094,192.66000366210938,298980,NVDA,NVIDIA,Nasdaq,USD,20260703_081139
2026-07-02 13:39:00-04:00,192.3800048828125,192.5500030517578,192.36000061035156,192.4199981689453,204138,NVDA,NVIDIA,Nasdaq,USD,20260703_081139
2026-07-02 13:40:00-04:00,192.5605010986328,192.57000732421875,192.35000610351562,192.38999938964844,290634,NVDA,NVIDIA,Nasdaq,USD,20260703_081139
2026-07-02 13:41:00-04:00,192.9250030517578,193.02000427246094,192.54600524902344,192.54600524902344,238854,NVDA,NVIDIA,Nasdaq,USD,20260703_081139
2026-07-02 13:42:00-04:00,192.98500061035156,193.0399932861328,192.88009643554688,192.92999267578125,226534,NVDA,NVIDIA,Nasdaq,USD,20260703_081139
2026-07-02 13:43:00-04:00,192.9600067138672,192.99000549316406,192.82000732421875,192.9499969482422,140949,NVDA,NVIDIA,Nasdaq,USD,20260703_081139
2026-07-02 13:44:00-04:00,192.9499969482422,193.0399932861328,192.86000061035156,192.9600067138672,178894,NVDA,NVIDIA,Nasdaq,USD,20260703_081139
2026-07-02 13:45:00-04:00,192.78500366210938,193.0500030517578,192.76499938964844,192.9499969482422,179289,NVDA,NVIDIA,Nasdaq,USD,20260703_081139
2026-07-02 13:46:00-04:00,192.80999755859375,192.8800048828125,192.72999572753906,192.7899932861328,160466,NVDA,NVIDIA,Nasdaq,USD,20260703_081139
2026-07-02 13:47:00-04:00,192.6199951171875,192.82000732421875,192.61000061035156,192.8000030517578,189716,NVDA,NVIDIA,Nasdaq,USD,20260703_081139
2026-07-02 13:48:00-04:00,192.7949981689453,192.8699951171875,192.52000427246094,192.6199951171875,268587,NVDA,NVIDIA,Nasdaq,USD,20260703_081139
2026-07-02 13:49:00-04:00,192.83999633789062,192.92999267578125,192.7899932861328,192.7949981689453,167361,NVDA,NVIDIA,Nasdaq,USD,20260703_081139
2026-07-02 13:50:00-04:00,192.80999755859375,192.88999938964844,192.66000366210938,192.82000732421875,191699,NVDA,NVIDIA,Nasdaq,USD,20260703_081139
2026-07-02 13:51:00-04:00,192.85499572753906,192.94000244140625,192.72500610351562,192.80999755859375,180512,NVDA,NVIDIA,Nasdaq,USD,20260703_081139
2026-07-02 13:52:00-04:00,192.86000061035156,192.88999938964844,192.6699981689453,192.85499572753906,144725,NVDA,NVIDIA,Nasdaq,USD,20260703_081139
2026-07-02 13:53:00-04:00,192.8800048828125,192.92999267578125,192.83999633789062,192.86000061035156,104779,NVDA,NVIDIA,Nasdaq,USD,20260703_081139
2026-07-02 13:54:00-04:00,193.05999755859375,193.1199951171875,192.8800048828125,192.88999938964844,206035,NVDA,NVIDIA,Nasdaq,USD,20260703_081139
2026-07-02 13:55:00-04:00,192.97999572753906,193.14999389648438,192.9499969482422,193.0850067138672,173131,NVDA,NVIDIA,Nasdaq,USD,20260703_081139
2026-07-02 13:56:00-04:00,192.83999633789062,192.97999572753906,192.77999877929688,192.97000122070312,136024,NVDA,NVIDIA,Nasdaq,USD,20260703_081139
2026-07-02 13:57:00-04:00,192.77000427246094,192.91000366210938,192.7301025390625,192.85000610351562,128305,NVDA,NVIDIA,Nasdaq,USD,20260703_081139
2026-07-02 13:58:00-04:00,192.5399932861328,192.75999450683594,192.52000427246094,192.75999450683594,192004,NVDA,NVIDIA,Nasdaq,USD,20260703_081139
2026-07-02 13:59:00-04:00,192.5449981689453,192.63499450683594,192.38999938964844,192.5449981689453,271220,NVDA,NVIDIA,Nasdaq,USD,20260703_081139
2026-07-02 14:00:00-04:00,192.7100067138672,192.73500061035156,192.5,192.5449981689453,269699,NVDA,NVIDIA,Nasdaq,USD,20260703_081139
2026-07-02 14:01:00-04:00,192.74000549316406,192.8000030517578,192.62010192871094,192.6999969482422,214208,NVDA,NVIDIA,Nasdaq,USD,20260703_081139
2026-07-02 14:02:00-04:00,192.7100067138672,192.77999877929688,192.6699981689453,192.74000549316406,121572,NVDA,NVIDIA,Nasdaq,USD,20260703_081139
2026-07-02 14:03:00-04:00,192.7100067138672,192.74989318847656,192.66000366210938,192.70989990234375,138919,NVDA,NVIDIA,Nasdaq,USD,20260703_081139
2026-07-02 14:04:00-04:00,192.85499572753906,192.86000061035156,192.6699981689453,192.7100067138672,148748,NVDA,NVIDIA,Nasdaq,USD,20260703_081139
2026-07-02 14:05:00-04:00,193.072998046875,193.1699981689453,192.85000610351562,192.85499572753906,206057,NVDA,NVIDIA,Nasdaq,USD,20260703_081139
2026-07-02 14:06:00-04:00,193.36000061035156,193.4698028564453,193.0,193.07000732421875,293348,NVDA,NVIDIA,Nasdaq,USD,20260703_081139
2026-07-02 14:07:00-04:00,193.22500610351562,193.38499450683594,193.22000122070312,193.35000610351562,187301,NVDA,NVIDIA,Nasdaq,USD,20260703_081139
2026-07-02 14:08:00-04:00,193.30520629882812,193.3300018310547,193.17999267578125,193.2299041748047,155769,NVDA,NVIDIA,Nasdaq,USD,20260703_081139
2026-07-02 14:09:00-04:00,193.4949951171875,193.50999450683594,193.27999877929688,193.32000732421875,182859,NVDA,NVIDIA,Nasdaq,USD,20260703_081139
2026-07-02 14:10:00-04:00,193.610107421875,193.6999053955078,193.4499969482422,193.49009704589844,289482,NVDA,NVIDIA,Nasdaq,USD,20260703_081139
2026-07-02 14:11:00-04:00,193.5449981689453,193.6999969482422,193.48199462890625,193.6199951171875,168964,NVDA,NVIDIA,Nasdaq,USD,20260703_081139
2026-07-02 14:12:00-04:00,193.58999633789062,193.64999389648438,193.48500061035156,193.5449981689453,178580,NVDA,NVIDIA,Nasdaq,USD,20260703_081139
2026-07-02 14:13:00-04:00,193.375,193.59640502929688,193.37010192871094,193.5800018310547,146119,NVDA,NVIDIA,Nasdaq,USD,20260703_081139
2026-07-02 14:14:00-04:00,193.19509887695312,193.4199981689453,193.14999389648438,193.375,173612,NVDA,NVIDIA,Nasdaq,USD,20260703_081139
2026-07-02 14:15:00-04:00,193.1750030517578,193.25,193.0019989013672,193.19009399414062,192053,NVDA,NVIDIA,Nasdaq,USD,20260703_081139
2026-07-02 14:16:00-04:00,193.1403045654297,193.22999572753906,193.0500030517578,193.17999267578125,158157,NVDA,NVIDIA,Nasdaq,USD,20260703_081139
2026-07-02 14:17:00-04:00,192.82009887695312,193.14500427246094,192.80999755859375,193.14500427246094,227682,NVDA,NVIDIA,Nasdaq,USD,20260703_081139
2026-07-02 14:18:00-04:00,192.77499389648438,193.00990295410156,192.58999633789062,192.83999633789062,418312,NVDA,NVIDIA,Nasdaq,USD,20260703_081139
2026-07-02 14:19:00-04:00,192.92999267578125,192.9499969482422,192.74000549316406,192.7899932861328,180077,NVDA,NVIDIA,Nasdaq,USD,20260703_081139
2026-07-02 14:20:00-04:00,193.10000610351562,193.1199951171875,192.8800048828125,192.91000366210938,183015,NVDA,NVIDIA,Nasdaq,USD,20260703_081139
2026-07-02 14:21:00-04:00,193.0500030517578,193.1999969482422,192.97000122070312,193.11000061035156,171769,NVDA,NVIDIA,Nasdaq,USD,20260703_081139
2026-07-02 14:22:00-04:00,193.19000244140625,193.27999877929688,193.02000427246094,193.04010009765625,158482,NVDA,NVIDIA,Nasdaq,USD,20260703_081139
2026-07-02 14:23:00-04:00,193.14999389648438,193.19000244140625,193.07009887695312,193.19000244140625,139139,NVDA,NVIDIA,Nasdaq,USD,20260703_081139
2026-07-02 14:24:00-04:00,193.30799865722656,193.32000732421875,193.14500427246094,193.14999389648438,127624,NVDA,NVIDIA,Nasdaq,USD,20260703_081139
2026-07-02 14:25:00-04:00,193.3300018310547,193.55999755859375,193.2899932861328,193.30499267578125,212980,NVDA,NVIDIA,Nasdaq,USD,20260703_081139
2026-07-02 14:26:00-04:00,193.56500244140625,193.58999633789062,193.25999450683594,193.32000732421875,182312,NVDA,NVIDIA,Nasdaq,USD,20260703_081139
2026-07-02 14:27:00-04:00,193.5399932861328,193.6699981689453,193.47000122070312,193.56500244140625,157912,NVDA,NVIDIA,Nasdaq,USD,20260703_081139
2026-07-02 14:28:00-04:00,193.66000366210938,193.72509765625,193.52999877929688,193.5399932861328,175982,NVDA,NVIDIA,Nasdaq,USD,20260703_081139
2026-07-02 14:29:00-04:00,193.76260375976562,193.86000061035156,193.63999938964844,193.66000366210938,288846,NVDA,NVIDIA,Nasdaq,USD,20260703_081139
2026-07-02 14:30:00-04:00,193.77650451660156,193.88499450683594,193.64999389648438,193.75999450683594,162010,NVDA,NVIDIA,Nasdaq,USD,20260703_081139
2026-07-02 14:31:00-04:00,193.87010192871094,193.88999938964844,193.75,193.77459716796875,142238,NVDA,NVIDIA,Nasdaq,USD,20260703_081139
2026-07-02 14:32:00-04:00,193.8350067138672,193.88999938964844,193.69000244140625,193.875,198173,NVDA,NVIDIA,Nasdaq,USD,20260703_081139
2026-07-02 14:33:00-04:00,193.83999633789062,193.9499969482422,193.82000732421875,193.8300018310547,204983,NVDA,NVIDIA,Nasdaq,USD,20260703_081139
2026-07-02 14:34:00-04:00,193.60000610351562,193.83999633789062,193.5399932861328,193.83009338378906,227574,NVDA,NVIDIA,Nasdaq,USD,20260703_081139
2026-07-02 14:35:00-04:00,193.5399932861328,193.7100067138672,193.52499389648438,193.6199951171875,165906,NVDA,NVIDIA,Nasdaq,USD,20260703_081139
2026-07-02 14:36:00-04:00,193.39999389648438,193.55999755859375,193.38999938964844,193.5449981689453,145526,NVDA,NVIDIA,Nasdaq,USD,20260703_081139
2026-07-02 14:37:00-04:00,193.5399932861328,193.57899475097656,193.38499450683594,193.41000366210938,104166,NVDA,NVIDIA,Nasdaq,USD,20260703_081139
2026-07-02 14:38:00-04:00,193.44000244140625,193.64999389648438,193.41000366210938,193.5341033935547,159247,NVDA,NVIDIA,Nasdaq,USD,20260703_081139
2026-07-02 14:39:00-04:00,193.46499633789062,193.52000427246094,193.36000061035156,193.4300994873047,110186,NVDA,NVIDIA,Nasdaq,USD,20260703_081139
2026-07-02 14:40:00-04:00,193.48500061035156,193.52000427246094,193.40499877929688,193.47000122070312,203991,NVDA,NVIDIA,Nasdaq,USD,20260703_081139
2026-07-02 14:41:00-04:00,193.36000061035156,193.50999450683594,193.3300018310547,193.49000549316406,108893,NVDA,NVIDIA,Nasdaq,USD,20260703_081139
2026-07-02 14:42:00-04:00,193.3800048828125,193.4499969482422,193.35989379882812,193.35989379882812,191310,NVDA,NVIDIA,Nasdaq,USD,20260703_081139
2026-07-02 14:43:00-04:00,193.3800048828125,193.4499969482422,193.30999755859375,193.3699951171875,149408,NVDA,NVIDIA,Nasdaq,USD,20260703_081139
2026-07-02 14:44:00-04:00,193.22500610351562,193.45849609375,193.20069885253906,193.40989685058594,110929,NVDA,NVIDIA,Nasdaq,USD,20260703_081139
2026-07-02 14:45:00-04:00,192.9290008544922,193.2299041748047,192.89999389648438,193.22000122070312,254721,NVDA,NVIDIA,Nasdaq,USD,20260703_081139
2026-07-02 14:46:00-04:00,192.99000549316406,193.0800018310547,192.9199981689453,192.9250030517578,246862,NVDA,NVIDIA,Nasdaq,USD,20260703_081139
2026-07-02 14:47:00-04:00,193.2050018310547,193.22999572753906,192.99000549316406,192.99000549316406,216640,NVDA,NVIDIA,Nasdaq,USD,20260703_081139
2026-07-02 14:48:00-04:00,193.3800048828125,193.38999938964844,193.17999267578125,193.1999969482422,134476,NVDA,NVIDIA,Nasdaq,USD,20260703_081139
2026-07-02 14:49:00-04:00,193.44979858398438,193.4600067138672,193.33999633789062,193.375,153155,NVDA,NVIDIA,Nasdaq,USD,20260703_081139
2026-07-02 14:50:00-04:00,193.52999877929688,193.53990173339844,193.33160400390625,193.44000244140625,137213,NVDA,NVIDIA,Nasdaq,USD,20260703_081139
2026-07-02 14:51:00-04:00,193.57000732421875,193.6699981689453,193.52000427246094,193.53419494628906,136182,NVDA,NVIDIA,Nasdaq,USD,20260703_081139
2026-07-02 14:52:00-04:00,193.69000244140625,193.75999450683594,193.5605010986328,193.5749969482422,181554,NVDA,NVIDIA,Nasdaq,USD,20260703_081139
2026-07-02 14:53:00-04:00,193.49000549316406,193.69000244140625,193.42999267578125,193.67999267578125,157322,NVDA,NVIDIA,Nasdaq,USD,20260703_081139
2026-07-02 14:54:00-04:00,193.4600067138672,193.5399932861328,193.4001007080078,193.49989318847656,139953,NVDA,NVIDIA,Nasdaq,USD,20260703_081139
2026-07-02 14:55:00-04:00,193.56500244140625,193.57029724121094,193.4149932861328,193.4600067138672,154005,NVDA,NVIDIA,Nasdaq,USD,20260703_081139
2026-07-02 14:56:00-04:00,193.3800048828125,193.67999267578125,193.26499938964844,193.57000732421875,294773,NVDA,NVIDIA,Nasdaq,USD,20260703_081139
2026-07-02 14:57:00-04:00,193.4976043701172,193.54010009765625,193.36000061035156,193.38999938964844,147751,NVDA,NVIDIA,Nasdaq,USD,20260703_081139
2026-07-02 14:58:00-04:00,193.35000610351562,193.5749969482422,193.30999755859375,193.49000549316406,139967,NVDA,NVIDIA,Nasdaq,USD,20260703_081139
2026-07-02 14:59:00-04:00,193.42999267578125,193.4499969482422,193.22000122070312,193.3459014892578,131781,NVDA,NVIDIA,Nasdaq,USD,20260703_081139
2026-07-02 15:00:00-04:00,193.24000549316406,193.52999877929688,193.24000549316406,193.4199981689453,150753,NVDA,NVIDIA,Nasdaq,USD,20260703_081139
2026-07-02 15:01:00-04:00,193.17999267578125,193.27999877929688,193.0800018310547,193.22000122070312,162494,NVDA,NVIDIA,Nasdaq,USD,20260703_081139
2026-07-02 15:02:00-04:00,193.25999450683594,193.36000061035156,193.1300048828125,193.18499755859375,227509,NVDA,NVIDIA,Nasdaq,USD,20260703_081139
2026-07-02 15:03:00-04:00,193.16000366210938,193.3101043701172,193.14999389648438,193.2550048828125,98439,NVDA,NVIDIA,Nasdaq,USD,20260703_081139
2026-07-02 15:04:00-04:00,192.7899932861328,193.21499633789062,192.72999572753906,193.15859985351562,292271,NVDA,NVIDIA,Nasdaq,USD,20260703_081139
2026-07-02 15:05:00-04:00,192.72000122070312,192.88999938964844,192.64500427246094,192.78500366210938,212416,NVDA,NVIDIA,Nasdaq,USD,20260703_081139
2026-07-02 15:06:00-04:00,192.85000610351562,192.97000122070312,192.6501007080078,192.7100067138672,220049,NVDA,NVIDIA,Nasdaq,USD,20260703_081139
2026-07-02 15:07:00-04:00,192.6699981689453,192.88999938964844,192.57000732421875,192.83999633789062,235237,NVDA,NVIDIA,Nasdaq,USD,20260703_081139
2026-07-02 15:08:00-04:00,192.6699981689453,192.75,192.61000061035156,192.66000366210938,120159,NVDA,NVIDIA,Nasdaq,USD,20260703_081139
2026-07-02 15:09:00-04:00,192.67999267578125,192.77000427246094,192.6300048828125,192.6699981689453,161113,NVDA,NVIDIA,Nasdaq,USD,20260703_081139
2026-07-02 15:10:00-04:00,192.7050018310547,192.75999450683594,192.52999877929688,192.67999267578125,175005,NVDA,NVIDIA,Nasdaq,USD,20260703_081139
2026-07-02 15:11:00-04:00,192.77999877929688,192.8300018310547,192.64999389648438,192.7100067138672,192885,NVDA,NVIDIA,Nasdaq,USD,20260703_081139
2026-07-02 15:12:00-04:00,192.82000732421875,192.88999938964844,192.7050018310547,192.77000427246094,175185,NVDA,NVIDIA,Nasdaq,USD,20260703_081139
2026-07-02 15:13:00-04:00,192.80999755859375,192.9196014404297,192.77000427246094,192.81500244140625,145774,NVDA,NVIDIA,Nasdaq,USD,20260703_081139
2026-07-02 15:14:00-04:00,192.88009643554688,192.97999572753906,192.75,192.80499267578125,174507,NVDA,NVIDIA,Nasdaq,USD,20260703_081139
2026-07-02 15:15:00-04:00,192.96009826660156,193.0399932861328,192.83009338378906,192.88499450683594,222041,NVDA,NVIDIA,Nasdaq,USD,20260703_081139
2026-07-02 15:16:00-04:00,192.88499450683594,192.97970581054688,192.7899932861328,192.96730041503906,150351,NVDA,NVIDIA,Nasdaq,USD,20260703_081139
2026-07-02 15:17:00-04:00,192.88499450683594,192.92999267578125,192.81500244140625,192.84500122070312,137979,NVDA,NVIDIA,Nasdaq,USD,20260703_081139
2026-07-02 15:18:00-04:00,192.9149932861328,192.9600067138672,192.7801055908203,192.8699951171875,158089,NVDA,NVIDIA,Nasdaq,USD,20260703_081139
2026-07-02 15:19:00-04:00,193.0500030517578,193.21499633789062,192.9199981689453,192.9199981689453,276504,NVDA,NVIDIA,Nasdaq,USD,20260703_081139
2026-07-02 15:20:00-04:00,192.91000366210938,193.1199951171875,192.8800048828125,193.0800018310547,207155,NVDA,NVIDIA,Nasdaq,USD,20260703_081139
2026-07-02 15:21:00-04:00,192.9199981689453,193.0299072265625,192.8300018310547,192.89999389648438,176511,NVDA,NVIDIA,Nasdaq,USD,20260703_081139
2026-07-02 15:22:00-04:00,192.8354949951172,192.98500061035156,192.81500244140625,192.9250030517578,244941,NVDA,NVIDIA,Nasdaq,USD,20260703_081139
2026-07-02 15:23:00-04:00,192.8300018310547,192.9499053955078,192.72000122070312,192.8249969482422,208355,NVDA,NVIDIA,Nasdaq,USD,20260703_081139
2026-07-02 15:24:00-04:00,192.80999755859375,192.86500549316406,192.7200927734375,192.8350067138672,161628,NVDA,NVIDIA,Nasdaq,USD,20260703_081139
2026-07-02 15:25:00-04:00,192.77999877929688,192.83999633789062,192.6999969482422,192.80999755859375,192913,NVDA,NVIDIA,Nasdaq,USD,20260703_081139
2026-07-02 15:26:00-04:00,192.80999755859375,192.8300018310547,192.64999389648438,192.7899932861328,263189,NVDA,NVIDIA,Nasdaq,USD,20260703_081139
2026-07-02 15:27:00-04:00,192.8000030517578,192.9600067138672,192.76499938964844,192.80999755859375,293004,NVDA,NVIDIA,Nasdaq,USD,20260703_081139
2026-07-02 15:28:00-04:00,193.15499877929688,193.23500061035156,192.77000427246094,192.7899932861328,270882,NVDA,NVIDIA,Nasdaq,USD,20260703_081139
2026-07-02 15:29:00-04:00,193.10499572753906,193.3300018310547,193.09010314941406,193.15499877929688,309534,NVDA,NVIDIA,Nasdaq,USD,20260703_081139
2026-07-02 15:30:00-04:00,193.35000610351562,193.36000061035156,193.06500244140625,193.11500549316406,296049,NVDA,NVIDIA,Nasdaq,USD,20260703_081139
2026-07-02 15:31:00-04:00,193.2550048828125,193.42999267578125,193.15499877929688,193.36000061035156,221978,NVDA,NVIDIA,Nasdaq,USD,20260703_081139
2026-07-02 15:32:00-04:00,193.30999755859375,193.4199981689453,193.2449951171875,193.2550048828125,206537,NVDA,NVIDIA,Nasdaq,USD,20260703_081139
2026-07-02 15:33:00-04:00,193.4250030517578,193.52000427246094,193.30999755859375,193.30999755859375,235550,NVDA,NVIDIA,Nasdaq,USD,20260703_081139
2026-07-02 15:34:00-04:00,193.54910278320312,193.5800018310547,193.3699951171875,193.42999267578125,218227,NVDA,NVIDIA,Nasdaq,USD,20260703_081139
2026-07-02 15:35:00-04:00,193.5800018310547,193.67999267578125,193.47000122070312,193.5399932861328,241612,NVDA,NVIDIA,Nasdaq,USD,20260703_081139
2026-07-02 15:36:00-04:00,193.47999572753906,193.60499572753906,193.42999267578125,193.57000732421875,279476,NVDA,NVIDIA,Nasdaq,USD,20260703_081139
2026-07-02 15:37:00-04:00,193.61000061035156,193.61399841308594,193.32000732421875,193.5,265266,NVDA,NVIDIA,Nasdaq,USD,20260703_081139
2026-07-02 15:38:00-04:00,193.69500732421875,193.8000030517578,193.57000732421875,193.6199951171875,253882,NVDA,NVIDIA,Nasdaq,USD,20260703_081139
2026-07-02 15:39:00-04:00,193.67999267578125,193.77999877929688,193.5749969482422,193.69009399414062,209360,NVDA,NVIDIA,Nasdaq,USD,20260703_081139
2026-07-02 15:40:00-04:00,193.69000244140625,193.72000122070312,193.51499938964844,193.67999267578125,196956,NVDA,NVIDIA,Nasdaq,USD,20260703_081139
2026-07-02 15:41:00-04:00,193.5325927734375,193.6999969482422,193.53050231933594,193.68499755859375,177102,NVDA,NVIDIA,Nasdaq,USD,20260703_081139
2026-07-02 15:42:00-04:00,193.59500122070312,193.6199951171875,193.44000244140625,193.5399932861328,244525,NVDA,NVIDIA,Nasdaq,USD,20260703_081139
2026-07-02 15:43:00-04:00,193.60499572753906,193.66000366210938,193.5449981689453,193.5959930419922,211837,NVDA,NVIDIA,Nasdaq,USD,20260703_081139
2026-07-02 15:44:00-04:00,193.6649932861328,193.75,193.52999877929688,193.60000610351562,229451,NVDA,NVIDIA,Nasdaq,USD,20260703_081139
2026-07-02 15:45:00-04:00,193.52999877929688,193.7449951171875,193.52999877929688,193.66000366210938,245181,NVDA,NVIDIA,Nasdaq,USD,20260703_081139
2026-07-02 15:46:00-04:00,193.52499389648438,193.64999389648438,193.41000366210938,193.52000427246094,348108,NVDA,NVIDIA,Nasdaq,USD,20260703_081139
2026-07-02 15:47:00-04:00,193.5449981689453,193.69000244140625,193.49000549316406,193.52999877929688,202418,NVDA,NVIDIA,Nasdaq,USD,20260703_081139
2026-07-02 15:48:00-04:00,193.57000732421875,193.61000061035156,193.4949951171875,193.5449981689453,811162,NVDA,NVIDIA,Nasdaq,USD,20260703_081139
2026-07-02 15:49:00-04:00,193.6300048828125,193.63499450683594,193.42999267578125,193.5625,309647,NVDA,NVIDIA,Nasdaq,USD,20260703_081139
2026-07-02 15:50:00-04:00,194.14999389648438,194.97999572753906,193.63999938964844,193.63999938964844,1132749,NVDA,NVIDIA,Nasdaq,USD,20260703_081139
2026-07-02 15:51:00-04:00,194.0850067138672,194.2100067138672,193.9499969482422,194.14999389648438,458008,NVDA,NVIDIA,Nasdaq,USD,20260703_081139
2026-07-02 15:52:00-04:00,194.02000427246094,194.1649932861328,193.91000366210938,194.0800018310547,398246,NVDA,NVIDIA,Nasdaq,USD,20260703_081139
2026-07-02 15:53:00-04:00,194.0800018310547,194.25999450683594,193.9300994873047,194.02999877929688,442665,NVDA,NVIDIA,Nasdaq,USD,20260703_081139
2026-07-02 15:54:00-04:00,194.67799377441406,194.67999267578125,194.02999877929688,194.08999633789062,679212,NVDA,NVIDIA,Nasdaq,USD,20260703_081139
2026-07-02 15:55:00-04:00,194.75070190429688,194.75999450683594,194.22999572753906,194.6699981689453,1006180,NVDA,NVIDIA,Nasdaq,USD,20260703_081139
2026-07-02 15:56:00-04:00,194.60499572753906,194.75999450683594,194.5500030517578,194.75,664992,NVDA,NVIDIA,Nasdaq,USD,20260703_081139
2026-07-02 15:57:00-04:00,194.7449951171875,194.80999755859375,194.60499572753906,194.60499572753906,869429,NVDA,NVIDIA,Nasdaq,USD,20260703_081139
2026-07-02 15:58:00-04:00,194.8300018310547,194.84500122070312,194.6699981689453,194.7449951171875,956771,NVDA,NVIDIA,Nasdaq,USD,20260703_081139
2026-07-02 15:59:00-04:00,194.6199951171875,195.0,194.33999633789062,194.8350067138672,3080294,NVDA,NVIDIA,Nasdaq,USD,20260703_081139
2026-07-02 09:30:00-04:00,197.72999572753906,197.98989868164062,196.77999877929688,197.14999389648438,4231642,NVDA,NVIDIA,Nasdaq,USD,20260703_094838
2026-07-02 09:31:00-04:00,197.97000122070312,198.0,197.16000366210938,197.70599365234375,420062,NVDA,NVIDIA,Nasdaq,USD,20260703_094838
2026-07-02 09:32:00-04:00,198.0850067138672,198.39999389648438,197.80099487304688,197.94000244140625,2038069,NVDA,NVIDIA,Nasdaq,USD,20260703_094838
2026-07-02 09:33:00-04:00,198.42999267578125,198.69000244140625,197.8000030517578,198.10000610351562,477126,NVDA,NVIDIA,Nasdaq,USD,20260703_094838
2026-07-02 09:34:00-04:00,198.375,198.60989379882812,198.0500030517578,198.4199981689453,358194,NVDA,NVIDIA,Nasdaq,USD,20260703_094838
2026-07-02 09:35:00-04:00,198.25,198.3699951171875,197.9199981689453,198.3699951171875,319553,NVDA,NVIDIA,Nasdaq,USD,20260703_094838
2026-07-02 09:36:00-04:00,198.35000610351562,198.39999389648438,197.92999267578125,198.25,383331,NVDA,NVIDIA,Nasdaq,USD,20260703_094838
2026-07-02 09:37:00-04:00,198.11000061035156,198.52499389648438,198.0800018310547,198.3249969482422,349771,NVDA,NVIDIA,Nasdaq,USD,20260703_094838
2026-07-02 09:38:00-04:00,197.9250030517578,198.14999389648438,197.51499938964844,198.10000610351562,346828,NVDA,NVIDIA,Nasdaq,USD,20260703_094838
2026-07-02 09:39:00-04:00,197.77999877929688,198.02000427246094,197.6699981689453,197.93499755859375,289771,NVDA,NVIDIA,Nasdaq,USD,20260703_094838
2026-07-02 09:40:00-04:00,197.63999938964844,198.08999633789062,197.5800018310547,197.75999450683594,251786,NVDA,NVIDIA,Nasdaq,USD,20260703_094838
2026-07-02 09:41:00-04:00,198.19500732421875,198.2899932861328,197.5500030517578,197.64019775390625,322390,NVDA,NVIDIA,Nasdaq,USD,20260703_094838
2026-07-02 09:42:00-04:00,198.05999755859375,198.3000030517578,197.97999572753906,198.13510131835938,288761,NVDA,NVIDIA,Nasdaq,USD,20260703_094838
2026-07-02 09:43:00-04:00,198.17950439453125,198.27499389648438,197.9770050048828,198.03990173339844,322024,NVDA,NVIDIA,Nasdaq,USD,20260703_094838
2026-07-02 09:44:00-04:00,198.10000610351562,198.17999267578125,197.8000030517578,198.16000366210938,206656,NVDA,NVIDIA,Nasdaq,USD,20260703_094838
2026-07-02 09:45:00-04:00,197.9949951171875,198.36000061035156,197.8300018310547,198.11990356445312,320610,NVDA,NVIDIA,Nasdaq,USD,20260703_094838
2026-07-02 09:46:00-04:00,197.7100067138672,198.1199951171875,197.6999969482422,198.02000427246094,185282,NVDA,NVIDIA,Nasdaq,USD,20260703_094838
2026-07-02 09:47:00-04:00,198.1999969482422,198.24000549316406,197.61000061035156,197.6999969482422,345939,NVDA,NVIDIA,Nasdaq,USD,20260703_094838
2026-07-02 09:48:00-04:00,198.15499877929688,198.4499969482422,198.1199951171875,198.1699981689453,280413,NVDA,NVIDIA,Nasdaq,USD,20260703_094838
2026-07-02 09:49:00-04:00,198.35000610351562,198.57000732421875,198.00999450683594,198.13999938964844,299272,NVDA,NVIDIA,Nasdaq,USD,20260703_094838
2026-07-02 09:50:00-04:00,198.6699981689453,198.94000244140625,198.2270050048828,198.30499267578125,458795,NVDA,NVIDIA,Nasdaq,USD,20260703_094838
2026-07-02 09:51:00-04:00,198.6199951171875,198.80999755859375,198.47999572753906,198.61500549316406,300650,NVDA,NVIDIA,Nasdaq,USD,20260703_094838
2026-07-02 09:52:00-04:00,198.10000610351562,198.59979248046875,198.05999755859375,198.57000732421875,366131,NVDA,NVIDIA,Nasdaq,USD,20260703_094838
2026-07-02 09:53:00-04:00,197.60989379882812,198.22000122070312,197.5,198.09970092773438,681074,NVDA,NVIDIA,Nasdaq,USD,20260703_094838
2026-07-02 09:54:00-04:00,198.3800048828125,198.4600067138672,197.5,197.5800018310547,436333,NVDA,NVIDIA,Nasdaq,USD,20260703_094838
2026-07-02 09:55:00-04:00,198.69000244140625,198.69000244140625,198.02999877929688,198.3972930908203,473792,NVDA,NVIDIA,Nasdaq,USD,20260703_094838
2026-07-02 09:56:00-04:00,198.4600067138672,198.77499389648438,198.2100067138672,198.66000366210938,243356,NVDA,NVIDIA,Nasdaq,USD,20260703_094838
2026-07-02 09:57:00-04:00,198.36309814453125,198.5,198.22000122070312,198.4499969482422,197504,NVDA,NVIDIA,Nasdaq,USD,20260703_094838
2026-07-02 09:58:00-04:00,198.6199951171875,198.66079711914062,198.2700958251953,198.3800048828125,203982,NVDA,NVIDIA,Nasdaq,USD,20260703_094838
2026-07-02 09:59:00-04:00,198.85499572753906,198.89010620117188,198.57000732421875,198.610107421875,328489,NVDA,NVIDIA,Nasdaq,USD,20260703_094838
2026-07-02 10:00:00-04:00,198.84500122070312,198.9199981689453,198.5500030517578,198.89999389648438,307438,NVDA,NVIDIA,Nasdaq,USD,20260703_094838
2026-07-02 10:01:00-04:00,199.69000244140625,199.7100067138672,198.78700256347656,198.84500122070312,554863,NVDA,NVIDIA,Nasdaq,USD,20260703_094838
2026-07-02 10:02:00-04:00,199.97000122070312,200.0399932861328,199.64999389648438,199.69500732421875,805830,NVDA,NVIDIA,Nasdaq,USD,20260703_094838
2026-07-02 10:03:00-04:00,199.82000732421875,200.05499267578125,199.6999969482422,199.97000122070312,606783,NVDA,NVIDIA,Nasdaq,USD,20260703_094838
2026-07-02 10:04:00-04:00,199.53500366210938,199.80999755859375,199.42999267578125,199.80999755859375,389375,NVDA,NVIDIA,Nasdaq,USD,20260703_094838
2026-07-02 10:05:00-04:00,199.77999877929688,199.8300018310547,199.3800048828125,199.5500030517578,272437,NVDA,NVIDIA,Nasdaq,USD,20260703_094838
2026-07-02 10:06:00-04:00,199.44219970703125,199.81500244140625,199.34019470214844,199.8000030517578,245079,NVDA,NVIDIA,Nasdaq,USD,20260703_094838
2026-07-02 10:07:00-04:00,199.56500244140625,199.82000732421875,199.41000366210938,199.42999267578125,290260,NVDA,NVIDIA,Nasdaq,USD,20260703_094838
2026-07-02 10:08:00-04:00,199.0800018310547,199.5800018310547,199.02980041503906,199.5500030517578,307789,NVDA,NVIDIA,Nasdaq,USD,20260703_094838
2026-07-02 10:09:00-04:00,198.80999755859375,199.139892578125,198.6699981689453,199.0800018310547,328591,NVDA,NVIDIA,Nasdaq,USD,20260703_094838
2026-07-02 10:10:00-04:00,198.63999938964844,198.89999389648438,198.52000427246094,198.86000061035156,241939,NVDA,NVIDIA,Nasdaq,USD,20260703_094838
2026-07-02 10:11:00-04:00,198.74000549316406,198.88999938964844,198.5601043701172,198.6699981689453,237772,NVDA,NVIDIA,Nasdaq,USD,20260703_094838
2026-07-02 10:12:00-04:00,199.02000427246094,199.08990478515625,198.6649932861328,198.71499633789062,256771,NVDA,NVIDIA,Nasdaq,USD,20260703_094838
2026-07-02 10:13:00-04:00,199.1300048828125,199.27999877929688,198.9499969482422,199.0175018310547,236907,NVDA,NVIDIA,Nasdaq,USD,20260703_094838
2026-07-02 10:14:00-04:00,199.0330047607422,199.35499572753906,198.97999572753906,199.1300048828125,289103,NVDA,NVIDIA,Nasdaq,USD,20260703_094838
2026-07-02 10:15:00-04:00,198.9600067138672,199.05999755859375,198.80999755859375,199.03500366210938,206299,NVDA,NVIDIA,Nasdaq,USD,20260703_094838
2026-07-02 10:16:00-04:00,198.84320068359375,199.36349487304688,198.8300018310547,198.97000122070312,292232,NVDA,NVIDIA,Nasdaq,USD,20260703_094838
2026-07-02 10:17:00-04:00,198.7100067138672,199.0850067138672,198.7100067138672,198.88499450683594,196646,NVDA,NVIDIA,Nasdaq,USD,20260703_094838
2026-07-02 10:18:00-04:00,198.77000427246094,199.125,198.49200439453125,198.72079467773438,343445,NVDA,NVIDIA,Nasdaq,USD,20260703_094838
2026-07-02 10:19:00-04:00,199.2100067138672,199.25,198.6999969482422,198.77000427246094,284237,NVDA,NVIDIA,Nasdaq,USD,20260703_094838
2026-07-02 10:20:00-04:00,198.90499877929688,199.33999633789062,198.82009887695312,199.22999572753906,228322,NVDA,NVIDIA,Nasdaq,USD,20260703_094838
2026-07-02 10:21:00-04:00,198.9550018310547,199.27000427246094,198.8300018310547,198.91000366210938,199741,NVDA,NVIDIA,Nasdaq,USD,20260703_094838
2026-07-02 10:22:00-04:00,198.8300018310547,198.97000122070312,198.55039978027344,198.9199981689453,292424,NVDA,NVIDIA,Nasdaq,USD,20260703_094838
2026-07-02 10:23:00-04:00,198.86500549316406,199.0,198.50999450683594,198.81610107421875,259371,NVDA,NVIDIA,Nasdaq,USD,20260703_094838
2026-07-02 10:24:00-04:00,198.4801025390625,199.0,198.46009826660156,198.86500549316406,238362,NVDA,NVIDIA,Nasdaq,USD,20260703_094838
2026-07-02 10:25:00-04:00,198.57000732421875,198.64340209960938,198.235107421875,198.5050048828125,332142,NVDA,NVIDIA,Nasdaq,USD,20260703_094838
2026-07-02 10:26:00-04:00,198.57000732421875,198.74000549316406,198.4199981689453,198.5749969482422,255051,NVDA,NVIDIA,Nasdaq,USD,20260703_094838
2026-07-02 10:27:00-04:00,197.71499633789062,198.5850067138672,197.6649932861328,198.5800018310547,490738,NVDA,NVIDIA,Nasdaq,USD,20260703_094838
2026-07-02 10:28:00-04:00,197.66000366210938,197.8300018310547,197.44000244140625,197.75,456852,NVDA,NVIDIA,Nasdaq,USD,20260703_094838
2026-07-02 10:29:00-04:00,197.85000610351562,198.0,197.64999389648438,197.6750030517578,281383,NVDA,NVIDIA,Nasdaq,USD,20260703_094838
2026-07-02 10:30:00-04:00,197.90499877929688,198.1999969482422,197.57000732421875,197.88999938964844,413531,NVDA,NVIDIA,Nasdaq,USD,20260703_094838
2026-07-02 10:31:00-04:00,197.8800048828125,198.2050018310547,197.8699951171875,197.90499877929688,258599,NVDA,NVIDIA,Nasdaq,USD,20260703_094838
2026-07-02 10:32:00-04:00,197.52999877929688,198.1649932861328,197.47500610351562,197.9199981689453,249458,NVDA,NVIDIA,Nasdaq,USD,20260703_094838
2026-07-02 10:33:00-04:00,197.27999877929688,197.7899932861328,197.25,197.5399932861328,371719,NVDA,NVIDIA,Nasdaq,USD,20260703_094838
2026-07-02 10:34:00-04:00,196.75999450683594,197.44000244140625,196.66000366210938,197.3000030517578,488524,NVDA,NVIDIA,Nasdaq,USD,20260703_094838
2026-07-02 10:35:00-04:00,196.7100067138672,197.0,196.61000061035156,196.79010009765625,454063,NVDA,NVIDIA,Nasdaq,USD,20260703_094838
2026-07-02 10:36:00-04:00,197.17999267578125,197.19500732421875,196.61000061035156,196.70010375976562,353336,NVDA,NVIDIA,Nasdaq,USD,20260703_094838
2026-07-02 10:37:00-04:00,197.35000610351562,197.5095977783203,197.13499450683594,197.1649932861328,286034,NVDA,NVIDIA,Nasdaq,USD,20260703_094838
2026-07-02 10:38:00-04:00,197.17999267578125,197.36000061035156,197.07000732421875,197.36000061035156,245514,NVDA,NVIDIA,Nasdaq,USD,20260703_094838
2026-07-02 10:39:00-04:00,197.10000610351562,197.36000061035156,197.02000427246094,197.18499755859375,191679,NVDA,NVIDIA,Nasdaq,USD,20260703_094838
2026-07-02 10:40:00-04:00,197.07510375976562,197.2799072265625,196.9600067138672,197.10000610351562,230759,NVDA,NVIDIA,Nasdaq,USD,20260703_094838
2026-07-02 10:41:00-04:00,196.80999755859375,197.1240997314453,196.6999969482422,197.08999633789062,302746,NVDA,NVIDIA,Nasdaq,USD,20260703_094838
2026-07-02 10:42:00-04:00,196.30999755859375,196.8300018310547,196.30999755859375,196.8300018310547,474063,NVDA,NVIDIA,Nasdaq,USD,20260703_094838
2026-07-02 10:43:00-04:00,196.35499572753906,196.42999267578125,196.0800018310547,196.3249969482422,440670,NVDA,NVIDIA,Nasdaq,USD,20260703_094838
2026-07-02 10:44:00-04:00,196.4600067138672,196.60000610351562,196.19000244140625,196.3800048828125,373151,NVDA,NVIDIA,Nasdaq,USD,20260703_094838
2026-07-02 10:45:00-04:00,196.44000244140625,196.7899932861328,196.3699951171875,196.47000122070312,371831,NVDA,NVIDIA,Nasdaq,USD,20260703_094838
2026-07-02 10:46:00-04:00,196.5,196.5655975341797,196.1199951171875,196.4600067138672,335701,NVDA,NVIDIA,Nasdaq,USD,20260703_094838
2026-07-02 10:47:00-04:00,196.27000427246094,196.86000061035156,196.22999572753906,196.50999450683594,408428,NVDA,NVIDIA,Nasdaq,USD,20260703_094838
2026-07-02 10:48:00-04:00,195.9600067138672,196.39999389648438,195.860107421875,196.25,502233,NVDA,NVIDIA,Nasdaq,USD,20260703_094838
2026-07-02 10:49:00-04:00,196.4250030517578,196.63479614257812,195.91000366210938,195.93099975585938,409802,NVDA,NVIDIA,Nasdaq,USD,20260703_094838
2026-07-02 10:50:00-04:00,196.25509643554688,196.49000549316406,196.0500030517578,196.39999389648438,450270,NVDA,NVIDIA,Nasdaq,USD,20260703_094838
2026-07-02 10:51:00-04:00,196.22999572753906,196.58999633789062,196.08999633789062,196.25999450683594,413335,NVDA,NVIDIA,Nasdaq,USD,20260703_094838
2026-07-02 10:52:00-04:00,195.6300048828125,196.21499633789062,195.50999450683594,196.16009521484375,368106,NVDA,NVIDIA,Nasdaq,USD,20260703_094838
2026-07-02 10:53:00-04:00,195.47500610351562,195.75,195.2100067138672,195.6199951171875,554830,NVDA,NVIDIA,Nasdaq,USD,20260703_094838
2026-07-02 10:54:00-04:00,195.5,195.6300048828125,195.38999938964844,195.46670532226562,302087,NVDA,NVIDIA,Nasdaq,USD,20260703_094838
2026-07-02 10:55:00-04:00,195.89999389648438,196.0500030517578,195.50999450683594,195.50999450683594,370341,NVDA,NVIDIA,Nasdaq,USD,20260703_094838
2026-07-02 10:56:00-04:00,195.9250030517578,196.15989685058594,195.86000061035156,195.92999267578125,283990,NVDA,NVIDIA,Nasdaq,USD,20260703_094838
2026-07-02 10:57:00-04:00,195.72329711914062,195.9499969482422,195.6199951171875,195.9199981689453,259862,NVDA,NVIDIA,Nasdaq,USD,20260703_094838
2026-07-02 10:58:00-04:00,195.96180725097656,196.0299072265625,195.69000244140625,195.74000549316406,237048,NVDA,NVIDIA,Nasdaq,USD,20260703_094838
2026-07-02 10:59:00-04:00,196.24000549316406,196.2899932861328,195.95010375976562,195.95010375976562,271414,NVDA,NVIDIA,Nasdaq,USD,20260703_094838
2026-07-02 11:00:00-04:00,196.32000732421875,196.33999633789062,195.92999267578125,196.25,257412,NVDA,NVIDIA,Nasdaq,USD,20260703_094838
2026-07-02 11:01:00-04:00,196.2100067138672,196.47000122070312,196.2100067138672,196.30999755859375,323443,NVDA,NVIDIA,Nasdaq,USD,20260703_094838
2026-07-02 11:02:00-04:00,196.27499389648438,196.31500244140625,196.03500366210938,196.21499633789062,217168,NVDA,NVIDIA,Nasdaq,USD,20260703_094838
2026-07-02 11:03:00-04:00,195.9600067138672,196.45899963378906,195.92999267578125,196.30999755859375,244655,NVDA,NVIDIA,Nasdaq,USD,20260703_094838
2026-07-02 11:04:00-04:00,195.60000610351562,196.05999755859375,195.58999633789062,195.99000549316406,247935,NVDA,NVIDIA,Nasdaq,USD,20260703_094838
2026-07-02 11:05:00-04:00,195.44430541992188,195.77000427246094,195.44000244140625,195.61000061035156,510925,NVDA,NVIDIA,Nasdaq,USD,20260703_094838
2026-07-02 11:06:00-04:00,195.06500244140625,195.42999267578125,195.02999877929688,195.42999267578125,412482,NVDA,NVIDIA,Nasdaq,USD,20260703_094838
2026-07-02 11:07:00-04:00,194.7449951171875,195.1699981689453,194.7100067138672,195.06500244140625,791574,NVDA,NVIDIA,Nasdaq,USD,20260703_094838
2026-07-02 11:08:00-04:00,195.0050048828125,195.2899932861328,194.73300170898438,194.7899932861328,450243,NVDA,NVIDIA,Nasdaq,USD,20260703_094838
2026-07-02 11:09:00-04:00,194.9949951171875,195.1750030517578,194.86000061035156,194.9949951171875,346074,NVDA,NVIDIA,Nasdaq,USD,20260703_094838
2026-07-02 11:10:00-04:00,194.97999572753906,195.11500549316406,194.77239990234375,195.00999450683594,343247,NVDA,NVIDIA,Nasdaq,USD,20260703_094838
2026-07-02 11:11:00-04:00,195.31509399414062,195.39500427246094,194.91000366210938,194.98699951171875,529528,NVDA,NVIDIA,Nasdaq,USD,20260703_094838
2026-07-02 11:12:00-04:00,195.21499633789062,195.3699951171875,195.1999969482422,195.30999755859375,238524,NVDA,NVIDIA,Nasdaq,USD,20260703_094838
2026-07-02 11:13:00-04:00,195.23500061035156,195.42999267578125,195.1699981689453,195.1999969482422,225046,NVDA,NVIDIA,Nasdaq,USD,20260703_094838
2026-07-02 11:14:00-04:00,195.25999450683594,195.41000366210938,195.08999633789062,195.23500061035156,268686,NVDA,NVIDIA,Nasdaq,USD,20260703_094838
2026-07-02 11:15:00-04:00,195.08999633789062,195.4600067138672,195.0236053466797,195.27000427246094,245381,NVDA,NVIDIA,Nasdaq,USD,20260703_094838
2026-07-02 11:16:00-04:00,195.02499389648438,195.10000610351562,194.86000061035156,195.0800018310547,266227,NVDA,NVIDIA,Nasdaq,USD,20260703_094838
2026-07-02 11:17:00-04:00,195.00999450683594,195.23959350585938,194.85000610351562,195.0399932861328,257180,NVDA,NVIDIA,Nasdaq,USD,20260703_094838
2026-07-02 11:18:00-04:00,195.0800018310547,195.22999572753906,194.8000946044922,194.99000549316406,337696,NVDA,NVIDIA,Nasdaq,USD,20260703_094838
2026-07-02 11:19:00-04:00,195.0399932861328,195.0850067138672,194.9199981689453,195.06500244140625,229328,NVDA,NVIDIA,Nasdaq,USD,20260703_094838
2026-07-02 11:20:00-04:00,195.00999450683594,195.32000732421875,194.69000244140625,195.05990600585938,422910,NVDA,NVIDIA,Nasdaq,USD,20260703_094838
2026-07-02 11:21:00-04:00,194.875,195.0399932861328,194.8101043701172,195.00999450683594,305386,NVDA,NVIDIA,Nasdaq,USD,20260703_094838
2026-07-02 11:22:00-04:00,194.77499389648438,195.0500030517578,194.7100067138672,194.86000061035156,295402,NVDA,NVIDIA,Nasdaq,USD,20260703_094838
2026-07-02 11:23:00-04:00,194.7899932861328,194.89500427246094,194.6199951171875,194.77000427246094,292483,NVDA,NVIDIA,Nasdaq,USD,20260703_094838
2026-07-02 11:24:00-04:00,194.8249969482422,195.01499938964844,194.72000122070312,194.7873992919922,418271,NVDA,NVIDIA,Nasdaq,USD,20260703_094838
2026-07-02 11:25:00-04:00,194.5399932861328,194.86500549316406,194.4199981689453,194.83999633789062,459878,NVDA,NVIDIA,Nasdaq,USD,20260703_094838
2026-07-02 11:26:00-04:00,194.875,194.99000549316406,194.5399932861328,194.5500030517578,408411,NVDA,NVIDIA,Nasdaq,USD,20260703_094838
2026-07-02 11:27:00-04:00,195.0800018310547,195.1999053955078,194.8800048828125,194.8800048828125,286539,NVDA,NVIDIA,Nasdaq,USD,20260703_094838
2026-07-02 11:28:00-04:00,194.99000549316406,195.10989379882812,194.88999938964844,195.0749969482422,196961,NVDA,NVIDIA,Nasdaq,USD,20260703_094838
2026-07-02 11:29:00-04:00,194.7794952392578,195.00979614257812,194.77000427246094,194.97999572753906,189347,NVDA,NVIDIA,Nasdaq,USD,20260703_094838
2026-07-02 11:30:00-04:00,195.16000366210938,195.3699951171875,194.75999450683594,194.77999877929688,293633,NVDA,NVIDIA,Nasdaq,USD,20260703_094838
2026-07-02 11:31:00-04:00,195.22000122070312,195.27999877929688,194.94000244140625,195.14999389648438,237867,NVDA,NVIDIA,Nasdaq,USD,20260703_094838
2026-07-02 11:32:00-04:00,195.25950622558594,195.39999389648438,195.0906982421875,195.22000122070312,203372,NVDA,NVIDIA,Nasdaq,USD,20260703_094838
2026-07-02 11:33:00-04:00,195.38999938964844,195.47000122070312,195.25,195.25,271992,NVDA,NVIDIA,Nasdaq,USD,20260703_094838
2026-07-02 11:34:00-04:00,195.46499633789062,195.5800018310547,195.38499450683594,195.38499450683594,235765,NVDA,NVIDIA,Nasdaq,USD,20260703_094838
2026-07-02 11:35:00-04:00,195.69000244140625,195.8000030517578,195.41000366210938,195.47999572753906,309012,NVDA,NVIDIA,Nasdaq,USD,20260703_094838
2026-07-02 11:36:00-04:00,195.66990661621094,195.75,195.57049560546875,195.69000244140625,231564,NVDA,NVIDIA,Nasdaq,USD,20260703_094838
2026-07-02 11:37:00-04:00,195.6497039794922,195.7100067138672,195.5,195.64999389648438,194582,NVDA,NVIDIA,Nasdaq,USD,20260703_094838
2026-07-02 11:38:00-04:00,195.7550048828125,195.9199981689453,195.58279418945312,195.63499450683594,291310,NVDA,NVIDIA,Nasdaq,USD,20260703_094838
2026-07-02 11:39:00-04:00,195.5135040283203,195.7899932861328,195.51300048828125,195.75,192276,NVDA,NVIDIA,Nasdaq,USD,20260703_094838
2026-07-02 11:40:00-04:00,195.83999633789062,196.0,195.41000366210938,195.52999877929688,325330,NVDA,NVIDIA,Nasdaq,USD,20260703_094838
2026-07-02 11:41:00-04:00,195.51499938964844,195.8498992919922,195.44500732421875,195.8498992919922,274466,NVDA,NVIDIA,Nasdaq,USD,20260703_094838
2026-07-02 11:42:00-04:00,195.39999389648438,195.4949951171875,195.35000610351562,195.49000549316406,350207,NVDA,NVIDIA,Nasdaq,USD,20260703_094838
2026-07-02 11:43:00-04:00,195.13999938964844,195.41000366210938,195.07000732421875,195.40499877929688,339554,NVDA,NVIDIA,Nasdaq,USD,20260703_094838
2026-07-02 11:44:00-04:00,195.06509399414062,195.36000061035156,195.0399932861328,195.13999938964844,202725,NVDA,NVIDIA,Nasdaq,USD,20260703_094838
2026-07-02 11:45:00-04:00,195.31500244140625,195.39999389648438,195.0449981689453,195.0800018310547,159234,NVDA,NVIDIA,Nasdaq,USD,20260703_094838
2026-07-02 11:46:00-04:00,195.07000732421875,195.33999633789062,194.97000122070312,195.3105010986328,207915,NVDA,NVIDIA,Nasdaq,USD,20260703_094838
2026-07-02 11:47:00-04:00,195.05999755859375,195.16990661621094,194.89999389648438,195.0800018310547,185010,NVDA,NVIDIA,Nasdaq,USD,20260703_094838
2026-07-02 11:48:00-04:00,194.88999938964844,195.08999633789062,194.8800048828125,195.0200958251953,157423,NVDA,NVIDIA,Nasdaq,USD,20260703_094838
2026-07-02 11:49:00-04:00,194.74000549316406,194.92999267578125,194.66000366210938,194.89999389648438,204402,NVDA,NVIDIA,Nasdaq,USD,20260703_094838
2026-07-02 11:50:00-04:00,194.55999755859375,194.74000549316406,194.52000427246094,194.72999572753906,210139,NVDA,NVIDIA,Nasdaq,USD,20260703_094838
2026-07-02 11:51:00-04:00,194.50999450683594,194.59800720214844,194.35000610351562,194.55999755859375,334370,NVDA,NVIDIA,Nasdaq,USD,20260703_094838
2026-07-02 11:52:00-04:00,194.33999633789062,194.68499755859375,194.27999877929688,194.50999450683594,286620,NVDA,NVIDIA,Nasdaq,USD,20260703_094838
2026-07-02 11:53:00-04:00,194.2100067138672,194.35000610351562,194.05999755859375,194.33999633789062,303053,NVDA,NVIDIA,Nasdaq,USD,20260703_094838
2026-07-02 11:54:00-04:00,194.4346923828125,194.50999450683594,194.17999267578125,194.2100067138672,196633,NVDA,NVIDIA,Nasdaq,USD,20260703_094838
2026-07-02 11:55:00-04:00,194.35000610351562,194.55799865722656,194.33999633789062,194.4409942626953,185037,NVDA,NVIDIA,Nasdaq,USD,20260703_094838
2026-07-02 11:56:00-04:00,194.2050018310547,194.39999389648438,194.1199951171875,194.3699951171875,286878,NVDA,NVIDIA,Nasdaq,USD,20260703_094838
2026-07-02 11:57:00-04:00,194.27000427246094,194.32000732421875,194.01499938964844,194.1999969482422,264846,NVDA,NVIDIA,Nasdaq,USD,20260703_094838
2026-07-02 11:58:00-04:00,194.4499969482422,194.52000427246094,194.19410705566406,194.27000427246094,238117,NVDA,NVIDIA,Nasdaq,USD,20260703_094838
2026-07-02 11:59:00-04:00,194.49000549316406,194.63999938964844,194.44000244140625,194.47610473632812,200792,NVDA,NVIDIA,Nasdaq,USD,20260703_094838
2026-07-02 12:00:00-04:00,194.27000427246094,194.55999755859375,194.22000122070312,194.5,191365,NVDA,NVIDIA,Nasdaq,USD,20260703_094838
2026-07-02 12:01:00-04:00,194.27999877929688,194.4113006591797,194.16000366210938,194.27000427246094,153268,NVDA,NVIDIA,Nasdaq,USD,20260703_094838
2026-07-02 12:02:00-04:00,194.07000732421875,194.30999755859375,194.02999877929688,194.28500366210938,236253,NVDA,NVIDIA,Nasdaq,USD,20260703_094838
2026-07-02 12:03:00-04:00,194.19500732421875,194.3000030517578,193.88999938964844,194.05999755859375,537646,NVDA,NVIDIA,Nasdaq,USD,20260703_094838
2026-07-02 12:04:00-04:00,194.36000061035156,194.3800048828125,194.08999633789062,194.19000244140625,199486,NVDA,NVIDIA,Nasdaq,USD,20260703_094838
2026-07-02 12:05:00-04:00,194.25999450683594,194.4199981689453,194.24000549316406,194.35499572753906,210771,NVDA,NVIDIA,Nasdaq,USD,20260703_094838
2026-07-02 12:06:00-04:00,194.15989685058594,194.3000030517578,194.07000732421875,194.2550048828125,179634,NVDA,NVIDIA,Nasdaq,USD,20260703_094838
2026-07-02 12:07:00-04:00,194.13999938964844,194.27999877929688,194.06610107421875,194.15989685058594,137095,NVDA,NVIDIA,Nasdaq,USD,20260703_094838
2026-07-02 12:08:00-04:00,194.07000732421875,194.22000122070312,194.00999450683594,194.16000366210938,182643,NVDA,NVIDIA,Nasdaq,USD,20260703_094838
2026-07-02 12:09:00-04:00,193.98370361328125,194.11000061035156,193.86000061035156,194.10000610351562,231915,NVDA,NVIDIA,Nasdaq,USD,20260703_094838
2026-07-02 12:10:00-04:00,194.35000610351562,194.38999938964844,193.94000244140625,193.98500061035156,261793,NVDA,NVIDIA,Nasdaq,USD,20260703_094838
2026-07-02 12:11:00-04:00,194.3800048828125,194.49000549316406,194.27000427246094,194.3300018310547,285336,NVDA,NVIDIA,Nasdaq,USD,20260703_094838
2026-07-02 12:12:00-04:00,194.57000732421875,194.57000732421875,194.1199951171875,194.35000610351562,312853,NVDA,NVIDIA,Nasdaq,USD,20260703_094838
2026-07-02 12:13:00-04:00,194.5,194.59359741210938,194.41000366210938,194.57000732421875,231520,NVDA,NVIDIA,Nasdaq,USD,20260703_094838
2026-07-02 12:14:00-04:00,194.55999755859375,194.6591033935547,194.48260498046875,194.49000549316406,235420,NVDA,NVIDIA,Nasdaq,USD,20260703_094838
2026-07-02 12:15:00-04:00,194.27000427246094,194.61000061035156,194.0800018310547,194.57000732421875,426180,NVDA,NVIDIA,Nasdaq,USD,20260703_094838
2026-07-02 12:16:00-04:00,194.3000030517578,194.375,194.22000122070312,194.27999877929688,188484,NVDA,NVIDIA,Nasdaq,USD,20260703_094838
2026-07-02 12:17:00-04:00,194.1649932861328,194.4799041748047,194.1300048828125,194.3000030517578,241139,NVDA,NVIDIA,Nasdaq,USD,20260703_094838
2026-07-02 12:18:00-04:00,194.33999633789062,194.35000610351562,194.16180419921875,194.1649932861328,197327,NVDA,NVIDIA,Nasdaq,USD,20260703_094838
2026-07-02 12:19:00-04:00,194.07000732421875,194.42999267578125,194.05999755859375,194.35000610351562,335927,NVDA,NVIDIA,Nasdaq,USD,20260703_094838
2026-07-02 12:20:00-04:00,194.0800018310547,194.1300048828125,193.7949981689453,194.0749969482422,515610,NVDA,NVIDIA,Nasdaq,USD,20260703_094838
2026-07-02 12:21:00-04:00,193.9600067138672,194.14999389648438,193.9149932861328,194.08999633789062,242442,NVDA,NVIDIA,Nasdaq,USD,20260703_094838
2026-07-02 12:22:00-04:00,193.82000732421875,193.97999572753906,193.7100067138672,193.9600067138672,369511,NVDA,NVIDIA,Nasdaq,USD,20260703_094838
2026-07-02 12:23:00-04:00,193.6999969482422,193.90499877929688,193.69140625,193.8300018310547,232949,NVDA,NVIDIA,Nasdaq,USD,20260703_094838
2026-07-02 12:24:00-04:00,193.8699951171875,193.94000244140625,193.625,193.6999969482422,280257,NVDA,NVIDIA,Nasdaq,USD,20260703_094838
2026-07-02 12:25:00-04:00,193.92999267578125,194.12989807128906,193.8699951171875,193.875,285501,NVDA,NVIDIA,Nasdaq,USD,20260703_094838
2026-07-02 12:26:00-04:00,193.8350067138672,193.9499969482422,193.6999969482422,193.91000366210938,212881,NVDA,NVIDIA,Nasdaq,USD,20260703_094838
2026-07-02 12:27:00-04:00,193.9550018310547,193.97999572753906,193.83999633789062,193.83999633789062,262255,NVDA,NVIDIA,Nasdaq,USD,20260703_094838
2026-07-02 12:28:00-04:00,193.99000549316406,194.02000427246094,193.8699951171875,193.9499969482422,131509,NVDA,NVIDIA,Nasdaq,USD,20260703_094838
2026-07-02 12:29:00-04:00,193.7899932861328,194.06500244140625,193.6699981689453,193.99000549316406,131970,NVDA,NVIDIA,Nasdaq,USD,20260703_094838
2026-07-02 12:30:00-04:00,193.7550048828125,193.86000061035156,193.6699981689453,193.7899932861328,226301,NVDA,NVIDIA,Nasdaq,USD,20260703_094838
2026-07-02 12:31:00-04:00,193.69000244140625,193.80499267578125,193.66000366210938,193.74049377441406,215400,NVDA,NVIDIA,Nasdaq,USD,20260703_094838
2026-07-02 12:32:00-04:00,193.6750030517578,193.75,193.6199951171875,193.6699981689453,167067,NVDA,NVIDIA,Nasdaq,USD,20260703_094838
2026-07-02 12:33:00-04:00,193.73049926757812,193.85000610351562,193.6649932861328,193.6649932861328,154462,NVDA,NVIDIA,Nasdaq,USD,20260703_094838
2026-07-02 12:34:00-04:00,193.47000122070312,193.75,193.4600067138672,193.74000549316406,267759,NVDA,NVIDIA,Nasdaq,USD,20260703_094838
2026-07-02 12:35:00-04:00,193.6300048828125,193.63999938964844,193.38999938964844,193.4600067138672,288832,NVDA,NVIDIA,Nasdaq,USD,20260703_094838
2026-07-02 12:36:00-04:00,193.38999938964844,193.66000366210938,193.30999755859375,193.6300048828125,343132,NVDA,NVIDIA,Nasdaq,USD,20260703_094838
2026-07-02 12:37:00-04:00,193.22000122070312,193.5756072998047,193.17999267578125,193.38450622558594,292147,NVDA,NVIDIA,Nasdaq,USD,20260703_094838
2026-07-02 12:38:00-04:00,193.35000610351562,193.3972930908203,193.22000122070312,193.22000122070312,212147,NVDA,NVIDIA,Nasdaq,USD,20260703_094838
2026-07-02 12:39:00-04:00,193.43499755859375,193.45970153808594,193.25,193.3300018310547,175488,NVDA,NVIDIA,Nasdaq,USD,20260703_094838
2026-07-02 12:40:00-04:00,193.75010681152344,193.7899932861328,193.39999389648438,193.44009399414062,287573,NVDA,NVIDIA,Nasdaq,USD,20260703_094838
2026-07-02 12:41:00-04:00,193.64999389648438,193.85000610351562,193.63499450683594,193.75,216552,NVDA,NVIDIA,Nasdaq,USD,20260703_094838
2026-07-02 12:42:00-04:00,193.76499938964844,193.85000610351562,193.60000610351562,193.63999938964844,237498,NVDA,NVIDIA,Nasdaq,USD,20260703_094838
2026-07-02 12:43:00-04:00,193.9199981689453,194.02000427246094,193.6999969482422,193.76499938964844,229177,NVDA,NVIDIA,Nasdaq,USD,20260703_094838
2026-07-02 12:44:00-04:00,194.0399932861328,194.15989685058594,193.9250030517578,193.9250030517578,251338,NVDA,NVIDIA,Nasdaq,USD,20260703_094838
2026-07-02 12:45:00-04:00,194.0,194.0800018310547,193.8699951171875,194.0399932861328,199672,NVDA,NVIDIA,Nasdaq,USD,20260703_094838
2026-07-02 12:46:00-04:00,193.97000122070312,194.05999755859375,193.9149932861328,193.99000549316406,124890,NVDA,NVIDIA,Nasdaq,USD,20260703_094838
2026-07-02 12:47:00-04:00,194.07000732421875,194.1092071533203,193.94000244140625,193.96499633789062,150897,NVDA,NVIDIA,Nasdaq,USD,20260703_094838
2026-07-02 12:48:00-04:00,194.10000610351562,194.14999389648438,193.92999267578125,194.0601043701172,134088,NVDA,NVIDIA,Nasdaq,USD,20260703_094838
2026-07-02 12:49:00-04:00,193.89990234375,194.14999389648438,193.85499572753906,194.10000610351562,167999,NVDA,NVIDIA,Nasdaq,USD,20260703_094838
2026-07-02 12:50:00-04:00,193.72999572753906,193.89639282226562,193.63999938964844,193.8914031982422,265710,NVDA,NVIDIA,Nasdaq,USD,20260703_094838
2026-07-02 12:51:00-04:00,193.86000061035156,193.86500549316406,193.67999267578125,193.72999572753906,197526,NVDA,NVIDIA,Nasdaq,USD,20260703_094838
2026-07-02 12:52:00-04:00,193.99000549316406,194.0,193.75999450683594,193.83999633789062,197091,NVDA,NVIDIA,Nasdaq,USD,20260703_094838
2026-07-02 12:53:00-04:00,193.8249969482422,194.0500030517578,193.74000549316406,193.97999572753906,174992,NVDA,NVIDIA,Nasdaq,USD,20260703_094838
2026-07-02 12:54:00-04:00,193.86990356445312,194.0050048828125,193.81509399414062,193.83999633789062,148694,NVDA,NVIDIA,Nasdaq,USD,20260703_094838
2026-07-02 12:55:00-04:00,193.61500549316406,193.87750244140625,193.57009887695312,193.8699951171875,220408,NVDA,NVIDIA,Nasdaq,USD,20260703_094838
2026-07-02 12:56:00-04:00,193.29010009765625,193.62989807128906,193.27000427246094,193.62989807128906,271990,NVDA,NVIDIA,Nasdaq,USD,20260703_094838
2026-07-02 12:57:00-04:00,193.2100067138672,193.41000366210938,193.1999969482422,193.2899932861328,182074,NVDA,NVIDIA,Nasdaq,USD,20260703_094838
2026-07-02 12:58:00-04:00,193.32000732421875,193.33999633789062,193.1300048828125,193.22000122070312,201441,NVDA,NVIDIA,Nasdaq,USD,20260703_094838
2026-07-02 12:59:00-04:00,193.49000549316406,193.5399932861328,193.30999755859375,193.32000732421875,165575,NVDA,NVIDIA,Nasdaq,USD,20260703_094838
2026-07-02 13:00:00-04:00,193.11000061035156,193.50999450683594,193.10009765625,193.5,184422,NVDA,NVIDIA,Nasdaq,USD,20260703_094838
2026-07-02 13:01:00-04:00,193.01499938964844,193.22999572753906,192.9199981689453,193.11000061035156,605688,NVDA,NVIDIA,Nasdaq,USD,20260703_094838
2026-07-02 13:02:00-04:00,193.03500366210938,193.26499938964844,192.99000549316406,193.02000427246094,284821,NVDA,NVIDIA,Nasdaq,USD,20260703_094838
2026-07-02 13:03:00-04:00,193.02999877929688,193.0500030517578,192.8800048828125,193.02499389648438,230921,NVDA,NVIDIA,Nasdaq,USD,20260703_094838
2026-07-02 13:04:00-04:00,193.0500030517578,193.07989501953125,192.88999938964844,193.02999877929688,179406,NVDA,NVIDIA,Nasdaq,USD,20260703_094838
2026-07-02 13:05:00-04:00,193.27000427246094,193.27000427246094,192.88999938964844,193.0500030517578,277843,NVDA,NVIDIA,Nasdaq,USD,20260703_094838
2026-07-02 13:06:00-04:00,193.5399932861328,193.5500030517578,193.2205047607422,193.27000427246094,221653,NVDA,NVIDIA,Nasdaq,USD,20260703_094838
2026-07-02 13:07:00-04:00,193.58999633789062,193.72000122070312,193.50999450683594,193.5449981689453,149253,NVDA,NVIDIA,Nasdaq,USD,20260703_094838
2026-07-02 13:08:00-04:00,193.41000366210938,193.60000610351562,193.22000122070312,193.60000610351562,205746,NVDA,NVIDIA,Nasdaq,USD,20260703_094838
2026-07-02 13:09:00-04:00,193.2100067138672,193.4600067138672,193.19000244140625,193.41000366210938,151649,NVDA,NVIDIA,Nasdaq,USD,20260703_094838
2026-07-02 13:10:00-04:00,193.2100067138672,193.33999633789062,193.07009887695312,193.20030212402344,142359,NVDA,NVIDIA,Nasdaq,USD,20260703_094838
2026-07-02 13:11:00-04:00,193.2449951171875,193.25999450683594,193.14999389648438,193.20989990234375,117817,NVDA,NVIDIA,Nasdaq,USD,20260703_094838
2026-07-02 13:12:00-04:00,193.02999877929688,193.29049682617188,193.01010131835938,193.24000549316406,175710,NVDA,NVIDIA,Nasdaq,USD,20260703_094838
2026-07-02 13:13:00-04:00,192.97000122070312,193.11500549316406,192.8800048828125,193.00999450683594,285104,NVDA,NVIDIA,Nasdaq,USD,20260703_094838
2026-07-02 13:14:00-04:00,193.0749969482422,193.22999572753906,192.97000122070312,192.97999572753906,190420,NVDA,NVIDIA,Nasdaq,USD,20260703_094838
2026-07-02 13:15:00-04:00,192.92999267578125,193.07000732421875,192.9250030517578,193.07000732421875,191514,NVDA,NVIDIA,Nasdaq,USD,20260703_094838
2026-07-02 13:16:00-04:00,193.2100067138672,193.22000122070312,192.9300994873047,192.9398956298828,156032,NVDA,NVIDIA,Nasdaq,USD,20260703_094838
2026-07-02 13:17:00-04:00,193.1999969482422,193.40989685058594,193.16000366210938,193.22000122070312,224917,NVDA,NVIDIA,Nasdaq,USD,20260703_094838
2026-07-02 13:18:00-04:00,193.1999969482422,193.33999633789062,193.16000366210938,193.2100067138672,121758,NVDA,NVIDIA,Nasdaq,USD,20260703_094838
2026-07-02 13:19:00-04:00,193.0699005126953,193.22000122070312,193.02000427246094,193.2050018310547,136121,NVDA,NVIDIA,Nasdaq,USD,20260703_094838
2026-07-02 13:20:00-04:00,192.92999267578125,193.139892578125,192.91000366210938,193.05999755859375,209372,NVDA,NVIDIA,Nasdaq,USD,20260703_094838
2026-07-02 13:21:00-04:00,193.1199951171875,193.16000366210938,192.92999267578125,192.92999267578125,174340,NVDA,NVIDIA,Nasdaq,USD,20260703_094838
2026-07-02 13:22:00-04:00,193.1699981689453,193.35000610351562,193.11000061035156,193.1300048828125,147227,NVDA,NVIDIA,Nasdaq,USD,20260703_094838
2026-07-02 13:23:00-04:00,193.02000427246094,193.16200256347656,193.02000427246094,193.16000366210938,134225,NVDA,NVIDIA,Nasdaq,USD,20260703_094838
2026-07-02 13:24:00-04:00,192.9600067138672,193.13999938964844,192.91000366210938,193.02999877929688,173608,NVDA,NVIDIA,Nasdaq,USD,20260703_094838
2026-07-02 13:25:00-04:00,192.88999938964844,193.0500030517578,192.85000610351562,192.97000122070312,215949,NVDA,NVIDIA,Nasdaq,USD,20260703_094838
2026-07-02 13:26:00-04:00,192.83999633789062,193.0,192.76199340820312,192.88499450683594,185676,NVDA,NVIDIA,Nasdaq,USD,20260703_094838
2026-07-02 13:27:00-04:00,192.9250030517578,193.0,192.85000610351562,192.85000610351562,170779,NVDA,NVIDIA,Nasdaq,USD,20260703_094838
2026-07-02 13:28:00-04:00,193.0,193.02000427246094,192.89999389648438,192.92019653320312,201262,NVDA,NVIDIA,Nasdaq,USD,20260703_094838
2026-07-02 13:29:00-04:00,193.0500030517578,193.13999938964844,192.92999267578125,193.0,139498,NVDA,NVIDIA,Nasdaq,USD,20260703_094838
2026-07-02 13:30:00-04:00,193.02000427246094,193.1800994873047,193.02000427246094,193.0449981689453,189065,NVDA,NVIDIA,Nasdaq,USD,20260703_094838
2026-07-02 13:31:00-04:00,193.10000610351562,193.14990234375,193.01010131835938,193.02999877929688,120168,NVDA,NVIDIA,Nasdaq,USD,20260703_094838
2026-07-02 13:32:00-04:00,193.1649932861328,193.27999877929688,193.0601043701172,193.11000061035156,180018,NVDA,NVIDIA,Nasdaq,USD,20260703_094838
2026-07-02 13:33:00-04:00,193.0800018310547,193.23500061035156,193.01499938964844,193.1649932861328,144772,NVDA,NVIDIA,Nasdaq,USD,20260703_094838
2026-07-02 13:34:00-04:00,192.94000244140625,193.1699981689453,192.94000244140625,193.0800018310547,131762,NVDA,NVIDIA,Nasdaq,USD,20260703_094838
2026-07-02 13:35:00-04:00,192.90499877929688,193.02000427246094,192.72999572753906,192.92999267578125,230920,NVDA,NVIDIA,Nasdaq,USD,20260703_094838
2026-07-02 13:36:00-04:00,192.72999572753906,192.97000122070312,192.6699981689453,192.89500427246094,187402,NVDA,NVIDIA,Nasdaq,USD,20260703_094838
2026-07-02 13:37:00-04:00,192.66000366210938,192.75999450683594,192.60000610351562,192.74000549316406,162416,NVDA,NVIDIA,Nasdaq,USD,20260703_094838
2026-07-02 13:38:00-04:00,192.41000366210938,192.73300170898438,192.39500427246094,192.66000366210938,298980,NVDA,NVIDIA,Nasdaq,USD,20260703_094838
2026-07-02 13:39:00-04:00,192.3800048828125,192.5500030517578,192.36000061035156,192.4199981689453,204138,NVDA,NVIDIA,Nasdaq,USD,20260703_094838
2026-07-02 13:40:00-04:00,192.5605010986328,192.57000732421875,192.35000610351562,192.38999938964844,290634,NVDA,NVIDIA,Nasdaq,USD,20260703_094838
2026-07-02 13:41:00-04:00,192.9250030517578,193.02000427246094,192.54600524902344,192.54600524902344,238854,NVDA,NVIDIA,Nasdaq,USD,20260703_094838
2026-07-02 13:42:00-04:00,192.98500061035156,193.0399932861328,192.88009643554688,192.92999267578125,226534,NVDA,NVIDIA,Nasdaq,USD,20260703_094838
2026-07-02 13:43:00-04:00,192.9600067138672,192.99000549316406,192.82000732421875,192.9499969482422,140949,NVDA,NVIDIA,Nasdaq,USD,20260703_094838
2026-07-02 13:44:00-04:00,192.9499969482422,193.0399932861328,192.86000061035156,192.9600067138672,178894,NVDA,NVIDIA,Nasdaq,USD,20260703_094838
2026-07-02 13:45:00-04:00,192.78500366210938,193.0500030517578,192.76499938964844,192.9499969482422,179289,NVDA,NVIDIA,Nasdaq,USD,20260703_094838
2026-07-02 13:46:00-04:00,192.80999755859375,192.8800048828125,192.72999572753906,192.7899932861328,160466,NVDA,NVIDIA,Nasdaq,USD,20260703_094838
2026-07-02 13:47:00-04:00,192.6199951171875,192.82000732421875,192.61000061035156,192.8000030517578,189716,NVDA,NVIDIA,Nasdaq,USD,20260703_094838
2026-07-02 13:48:00-04:00,192.7949981689453,192.8699951171875,192.52000427246094,192.6199951171875,268587,NVDA,NVIDIA,Nasdaq,USD,20260703_094838
2026-07-02 13:49:00-04:00,192.83999633789062,192.92999267578125,192.7899932861328,192.7949981689453,167361,NVDA,NVIDIA,Nasdaq,USD,20260703_094838
2026-07-02 13:50:00-04:00,192.80999755859375,192.88999938964844,192.66000366210938,192.82000732421875,191699,NVDA,NVIDIA,Nasdaq,USD,20260703_094838
2026-07-02 13:51:00-04:00,192.85499572753906,192.94000244140625,192.72500610351562,192.80999755859375,180512,NVDA,NVIDIA,Nasdaq,USD,20260703_094838
2026-07-02 13:52:00-04:00,192.86000061035156,192.88999938964844,192.6699981689453,192.85499572753906,144725,NVDA,NVIDIA,Nasdaq,USD,20260703_094838
2026-07-02 13:53:00-04:00,192.8800048828125,192.92999267578125,192.83999633789062,192.86000061035156,104779,NVDA,NVIDIA,Nasdaq,USD,20260703_094838
2026-07-02 13:54:00-04:00,193.05999755859375,193.1199951171875,192.8800048828125,192.88999938964844,206035,NVDA,NVIDIA,Nasdaq,USD,20260703_094838
2026-07-02 13:55:00-04:00,192.97999572753906,193.14999389648438,192.9499969482422,193.0850067138672,173131,NVDA,NVIDIA,Nasdaq,USD,20260703_094838
2026-07-02 13:56:00-04:00,192.83999633789062,192.97999572753906,192.77999877929688,192.97000122070312,136024,NVDA,NVIDIA,Nasdaq,USD,20260703_094838
2026-07-02 13:57:00-04:00,192.77000427246094,192.91000366210938,192.7301025390625,192.85000610351562,128305,NVDA,NVIDIA,Nasdaq,USD,20260703_094838
2026-07-02 13:58:00-04:00,192.5399932861328,192.75999450683594,192.52000427246094,192.75999450683594,192004,NVDA,NVIDIA,Nasdaq,USD,20260703_094838
2026-07-02 13:59:00-04:00,192.5449981689453,192.63499450683594,192.38999938964844,192.5449981689453,271220,NVDA,NVIDIA,Nasdaq,USD,20260703_094838
2026-07-02 14:00:00-04:00,192.7100067138672,192.73500061035156,192.5,192.5449981689453,269699,NVDA,NVIDIA,Nasdaq,USD,20260703_094838
2026-07-02 14:01:00-04:00,192.74000549316406,192.8000030517578,192.62010192871094,192.6999969482422,214208,NVDA,NVIDIA,Nasdaq,USD,20260703_094838
2026-07-02 14:02:00-04:00,192.7100067138672,192.77999877929688,192.6699981689453,192.74000549316406,121572,NVDA,NVIDIA,Nasdaq,USD,20260703_094838
2026-07-02 14:03:00-04:00,192.7100067138672,192.74989318847656,192.66000366210938,192.70989990234375,138919,NVDA,NVIDIA,Nasdaq,USD,20260703_094838
2026-07-02 14:04:00-04:00,192.85499572753906,192.86000061035156,192.6699981689453,192.7100067138672,148748,NVDA,NVIDIA,Nasdaq,USD,20260703_094838
2026-07-02 14:05:00-04:00,193.072998046875,193.1699981689453,192.85000610351562,192.85499572753906,206057,NVDA,NVIDIA,Nasdaq,USD,20260703_094838
2026-07-02 14:06:00-04:00,193.36000061035156,193.4698028564453,193.0,193.07000732421875,293348,NVDA,NVIDIA,Nasdaq,USD,20260703_094838
2026-07-02 14:07:00-04:00,193.22500610351562,193.38499450683594,193.22000122070312,193.35000610351562,187301,NVDA,NVIDIA,Nasdaq,USD,20260703_094838
2026-07-02 14:08:00-04:00,193.30520629882812,193.3300018310547,193.17999267578125,193.2299041748047,155769,NVDA,NVIDIA,Nasdaq,USD,20260703_094838
2026-07-02 14:09:00-04:00,193.4949951171875,193.50999450683594,193.27999877929688,193.32000732421875,182859,NVDA,NVIDIA,Nasdaq,USD,20260703_094838
2026-07-02 14:10:00-04:00,193.610107421875,193.6999053955078,193.4499969482422,193.49009704589844,289482,NVDA,NVIDIA,Nasdaq,USD,20260703_094838
2026-07-02 14:11:00-04:00,193.5449981689453,193.6999969482422,193.48199462890625,193.6199951171875,168964,NVDA,NVIDIA,Nasdaq,USD,20260703_094838
2026-07-02 14:12:00-04:00,193.58999633789062,193.64999389648438,193.48500061035156,193.5449981689453,178580,NVDA,NVIDIA,Nasdaq,USD,20260703_094838
2026-07-02 14:13:00-04:00,193.375,193.59640502929688,193.37010192871094,193.5800018310547,146119,NVDA,NVIDIA,Nasdaq,USD,20260703_094838
2026-07-02 14:14:00-04:00,193.19509887695312,193.4199981689453,193.14999389648438,193.375,173612,NVDA,NVIDIA,Nasdaq,USD,20260703_094838
2026-07-02 14:15:00-04:00,193.1750030517578,193.25,193.0019989013672,193.19009399414062,192053,NVDA,NVIDIA,Nasdaq,USD,20260703_094838
2026-07-02 14:16:00-04:00,193.1403045654297,193.22999572753906,193.0500030517578,193.17999267578125,158157,NVDA,NVIDIA,Nasdaq,USD,20260703_094838
2026-07-02 14:17:00-04:00,192.82009887695312,193.14500427246094,192.80999755859375,193.14500427246094,227682,NVDA,NVIDIA,Nasdaq,USD,20260703_094838
2026-07-02 14:18:00-04:00,192.77499389648438,193.00990295410156,192.58999633789062,192.83999633789062,418312,NVDA,NVIDIA,Nasdaq,USD,20260703_094838
2026-07-02 14:19:00-04:00,192.92999267578125,192.9499969482422,192.74000549316406,192.7899932861328,180077,NVDA,NVIDIA,Nasdaq,USD,20260703_094838
2026-07-02 14:20:00-04:00,193.10000610351562,193.1199951171875,192.8800048828125,192.91000366210938,183015,NVDA,NVIDIA,Nasdaq,USD,20260703_094838
2026-07-02 14:21:00-04:00,193.0500030517578,193.1999969482422,192.97000122070312,193.11000061035156,171769,NVDA,NVIDIA,Nasdaq,USD,20260703_094838
2026-07-02 14:22:00-04:00,193.19000244140625,193.27999877929688,193.02000427246094,193.04010009765625,158482,NVDA,NVIDIA,Nasdaq,USD,20260703_094838
2026-07-02 14:23:00-04:00,193.14999389648438,193.19000244140625,193.07009887695312,193.19000244140625,139139,NVDA,NVIDIA,Nasdaq,USD,20260703_094838
2026-07-02 14:24:00-04:00,193.30799865722656,193.32000732421875,193.14500427246094,193.14999389648438,127624,NVDA,NVIDIA,Nasdaq,USD,20260703_094838
2026-07-02 14:25:00-04:00,193.3300018310547,193.55999755859375,193.2899932861328,193.30499267578125,212980,NVDA,NVIDIA,Nasdaq,USD,20260703_094838
2026-07-02 14:26:00-04:00,193.56500244140625,193.58999633789062,193.25999450683594,193.32000732421875,182312,NVDA,NVIDIA,Nasdaq,USD,20260703_094838
2026-07-02 14:27:00-04:00,193.5399932861328,193.6699981689453,193.47000122070312,193.56500244140625,157912,NVDA,NVIDIA,Nasdaq,USD,20260703_094838
2026-07-02 14:28:00-04:00,193.66000366210938,193.72509765625,193.52999877929688,193.5399932861328,175982,NVDA,NVIDIA,Nasdaq,USD,20260703_094838
2026-07-02 14:29:00-04:00,193.76260375976562,193.86000061035156,193.63999938964844,193.66000366210938,288846,NVDA,NVIDIA,Nasdaq,USD,20260703_094838
2026-07-02 14:30:00-04:00,193.77650451660156,193.88499450683594,193.64999389648438,193.75999450683594,162010,NVDA,NVIDIA,Nasdaq,USD,20260703_094838
2026-07-02 14:31:00-04:00,193.87010192871094,193.88999938964844,193.75,193.77459716796875,142238,NVDA,NVIDIA,Nasdaq,USD,20260703_094838
2026-07-02 14:32:00-04:00,193.8350067138672,193.88999938964844,193.69000244140625,193.875,198173,NVDA,NVIDIA,Nasdaq,USD,20260703_094838
2026-07-02 14:33:00-04:00,193.83999633789062,193.9499969482422,193.82000732421875,193.8300018310547,204983,NVDA,NVIDIA,Nasdaq,USD,20260703_094838
2026-07-02 14:34:00-04:00,193.60000610351562,193.83999633789062,193.5399932861328,193.83009338378906,227574,NVDA,NVIDIA,Nasdaq,USD,20260703_094838
2026-07-02 14:35:00-04:00,193.5399932861328,193.7100067138672,193.52499389648438,193.6199951171875,165906,NVDA,NVIDIA,Nasdaq,USD,20260703_094838
2026-07-02 14:36:00-04:00,193.39999389648438,193.55999755859375,193.38999938964844,193.5449981689453,145526,NVDA,NVIDIA,Nasdaq,USD,20260703_094838
2026-07-02 14:37:00-04:00,193.5399932861328,193.57899475097656,193.38499450683594,193.41000366210938,104166,NVDA,NVIDIA,Nasdaq,USD,20260703_094838
2026-07-02 14:38:00-04:00,193.44000244140625,193.64999389648438,193.41000366210938,193.5341033935547,159247,NVDA,NVIDIA,Nasdaq,USD,20260703_094838
2026-07-02 14:39:00-04:00,193.46499633789062,193.52000427246094,193.36000061035156,193.4300994873047,110186,NVDA,NVIDIA,Nasdaq,USD,20260703_094838
2026-07-02 14:40:00-04:00,193.48500061035156,193.52000427246094,193.40499877929688,193.47000122070312,203991,NVDA,NVIDIA,Nasdaq,USD,20260703_094838
2026-07-02 14:41:00-04:00,193.36000061035156,193.50999450683594,193.3300018310547,193.49000549316406,108893,NVDA,NVIDIA,Nasdaq,USD,20260703_094838
2026-07-02 14:42:00-04:00,193.3800048828125,193.4499969482422,193.35989379882812,193.35989379882812,191310,NVDA,NVIDIA,Nasdaq,USD,20260703_094838
2026-07-02 14:43:00-04:00,193.3800048828125,193.4499969482422,193.30999755859375,193.3699951171875,149408,NVDA,NVIDIA,Nasdaq,USD,20260703_094838
2026-07-02 14:44:00-04:00,193.22500610351562,193.45849609375,193.20069885253906,193.40989685058594,110929,NVDA,NVIDIA,Nasdaq,USD,20260703_094838
2026-07-02 14:45:00-04:00,192.9290008544922,193.2299041748047,192.89999389648438,193.22000122070312,254721,NVDA,NVIDIA,Nasdaq,USD,20260703_094838
2026-07-02 14:46:00-04:00,192.99000549316406,193.0800018310547,192.9199981689453,192.9250030517578,246862,NVDA,NVIDIA,Nasdaq,USD,20260703_094838
2026-07-02 14:47:00-04:00,193.2050018310547,193.22999572753906,192.99000549316406,192.99000549316406,216640,NVDA,NVIDIA,Nasdaq,USD,20260703_094838
2026-07-02 14:48:00-04:00,193.3800048828125,193.38999938964844,193.17999267578125,193.1999969482422,134476,NVDA,NVIDIA,Nasdaq,USD,20260703_094838
2026-07-02 14:49:00-04:00,193.44979858398438,193.4600067138672,193.33999633789062,193.375,153155,NVDA,NVIDIA,Nasdaq,USD,20260703_094838
2026-07-02 14:50:00-04:00,193.52999877929688,193.53990173339844,193.33160400390625,193.44000244140625,137213,NVDA,NVIDIA,Nasdaq,USD,20260703_094838
2026-07-02 14:51:00-04:00,193.57000732421875,193.6699981689453,193.52000427246094,193.53419494628906,136182,NVDA,NVIDIA,Nasdaq,USD,20260703_094838
2026-07-02 14:52:00-04:00,193.69000244140625,193.75999450683594,193.5605010986328,193.5749969482422,181554,NVDA,NVIDIA,Nasdaq,USD,20260703_094838
2026-07-02 14:53:00-04:00,193.49000549316406,193.69000244140625,193.42999267578125,193.67999267578125,157322,NVDA,NVIDIA,Nasdaq,USD,20260703_094838
2026-07-02 14:54:00-04:00,193.4600067138672,193.5399932861328,193.4001007080078,193.49989318847656,139953,NVDA,NVIDIA,Nasdaq,USD,20260703_094838
2026-07-02 14:55:00-04:00,193.56500244140625,193.57029724121094,193.4149932861328,193.4600067138672,154005,NVDA,NVIDIA,Nasdaq,USD,20260703_094838
2026-07-02 14:56:00-04:00,193.3800048828125,193.67999267578125,193.26499938964844,193.57000732421875,294773,NVDA,NVIDIA,Nasdaq,USD,20260703_094838
2026-07-02 14:57:00-04:00,193.4976043701172,193.54010009765625,193.36000061035156,193.38999938964844,147751,NVDA,NVIDIA,Nasdaq,USD,20260703_094838
2026-07-02 14:58:00-04:00,193.35000610351562,193.5749969482422,193.30999755859375,193.49000549316406,139967,NVDA,NVIDIA,Nasdaq,USD,20260703_094838
2026-07-02 14:59:00-04:00,193.42999267578125,193.4499969482422,193.22000122070312,193.3459014892578,131781,NVDA,NVIDIA,Nasdaq,USD,20260703_094838
2026-07-02 15:00:00-04:00,193.24000549316406,193.52999877929688,193.24000549316406,193.4199981689453,150753,NVDA,NVIDIA,Nasdaq,USD,20260703_094838
2026-07-02 15:01:00-04:00,193.17999267578125,193.27999877929688,193.0800018310547,193.22000122070312,162494,NVDA,NVIDIA,Nasdaq,USD,20260703_094838
2026-07-02 15:02:00-04:00,193.25999450683594,193.36000061035156,193.1300048828125,193.18499755859375,227509,NVDA,NVIDIA,Nasdaq,USD,20260703_094838
2026-07-02 15:03:00-04:00,193.16000366210938,193.3101043701172,193.14999389648438,193.2550048828125,98439,NVDA,NVIDIA,Nasdaq,USD,20260703_094838
2026-07-02 15:04:00-04:00,192.7899932861328,193.21499633789062,192.72999572753906,193.15859985351562,292271,NVDA,NVIDIA,Nasdaq,USD,20260703_094838
2026-07-02 15:05:00-04:00,192.72000122070312,192.88999938964844,192.64500427246094,192.78500366210938,212416,NVDA,NVIDIA,Nasdaq,USD,20260703_094838
2026-07-02 15:06:00-04:00,192.85000610351562,192.97000122070312,192.6501007080078,192.7100067138672,220049,NVDA,NVIDIA,Nasdaq,USD,20260703_094838
2026-07-02 15:07:00-04:00,192.6699981689453,192.88999938964844,192.57000732421875,192.83999633789062,235237,NVDA,NVIDIA,Nasdaq,USD,20260703_094838
2026-07-02 15:08:00-04:00,192.6699981689453,192.75,192.61000061035156,192.66000366210938,120159,NVDA,NVIDIA,Nasdaq,USD,20260703_094838
2026-07-02 15:09:00-04:00,192.67999267578125,192.77000427246094,192.6300048828125,192.6699981689453,161113,NVDA,NVIDIA,Nasdaq,USD,20260703_094838
2026-07-02 15:10:00-04:00,192.7050018310547,192.75999450683594,192.52999877929688,192.67999267578125,175005,NVDA,NVIDIA,Nasdaq,USD,20260703_094838
2026-07-02 15:11:00-04:00,192.77999877929688,192.8300018310547,192.64999389648438,192.7100067138672,192885,NVDA,NVIDIA,Nasdaq,USD,20260703_094838
2026-07-02 15:12:00-04:00,192.82000732421875,192.88999938964844,192.7050018310547,192.77000427246094,175185,NVDA,NVIDIA,Nasdaq,USD,20260703_094838
2026-07-02 15:13:00-04:00,192.80999755859375,192.9196014404297,192.77000427246094,192.81500244140625,145774,NVDA,NVIDIA,Nasdaq,USD,20260703_094838
2026-07-02 15:14:00-04:00,192.88009643554688,192.97999572753906,192.75,192.80499267578125,174507,NVDA,NVIDIA,Nasdaq,USD,20260703_094838
2026-07-02 15:15:00-04:00,192.96009826660156,193.0399932861328,192.83009338378906,192.88499450683594,222041,NVDA,NVIDIA,Nasdaq,USD,20260703_094838
2026-07-02 15:16:00-04:00,192.88499450683594,192.97970581054688,192.7899932861328,192.96730041503906,150351,NVDA,NVIDIA,Nasdaq,USD,20260703_094838
2026-07-02 15:17:00-04:00,192.88499450683594,192.92999267578125,192.81500244140625,192.84500122070312,137979,NVDA,NVIDIA,Nasdaq,USD,20260703_094838
2026-07-02 15:18:00-04:00,192.9149932861328,192.9600067138672,192.7801055908203,192.8699951171875,158089,NVDA,NVIDIA,Nasdaq,USD,20260703_094838
2026-07-02 15:19:00-04:00,193.0500030517578,193.21499633789062,192.9199981689453,192.9199981689453,276504,NVDA,NVIDIA,Nasdaq,USD,20260703_094838
2026-07-02 15:20:00-04:00,192.91000366210938,193.1199951171875,192.8800048828125,193.0800018310547,207155,NVDA,NVIDIA,Nasdaq,USD,20260703_094838
2026-07-02 15:21:00-04:00,192.9199981689453,193.0299072265625,192.8300018310547,192.89999389648438,176511,NVDA,NVIDIA,Nasdaq,USD,20260703_094838
2026-07-02 15:22:00-04:00,192.8354949951172,192.98500061035156,192.81500244140625,192.9250030517578,244941,NVDA,NVIDIA,Nasdaq,USD,20260703_094838
2026-07-02 15:23:00-04:00,192.8300018310547,192.9499053955078,192.72000122070312,192.8249969482422,208355,NVDA,NVIDIA,Nasdaq,USD,20260703_094838
2026-07-02 15:24:00-04:00,192.80999755859375,192.86500549316406,192.7200927734375,192.8350067138672,161628,NVDA,NVIDIA,Nasdaq,USD,20260703_094838
2026-07-02 15:25:00-04:00,192.77999877929688,192.83999633789062,192.6999969482422,192.80999755859375,192913,NVDA,NVIDIA,Nasdaq,USD,20260703_094838
2026-07-02 15:26:00-04:00,192.80999755859375,192.8300018310547,192.64999389648438,192.7899932861328,263189,NVDA,NVIDIA,Nasdaq,USD,20260703_094838
2026-07-02 15:27:00-04:00,192.8000030517578,192.9600067138672,192.76499938964844,192.80999755859375,293004,NVDA,NVIDIA,Nasdaq,USD,20260703_094838
2026-07-02 15:28:00-04:00,193.15499877929688,193.23500061035156,192.77000427246094,192.7899932861328,270882,NVDA,NVIDIA,Nasdaq,USD,20260703_094838
2026-07-02 15:29:00-04:00,193.10499572753906,193.3300018310547,193.09010314941406,193.15499877929688,309534,NVDA,NVIDIA,Nasdaq,USD,20260703_094838
2026-07-02 15:30:00-04:00,193.35000610351562,193.36000061035156,193.06500244140625,193.11500549316406,296049,NVDA,NVIDIA,Nasdaq,USD,20260703_094838
2026-07-02 15:31:00-04:00,193.2550048828125,193.42999267578125,193.15499877929688,193.36000061035156,221978,NVDA,NVIDIA,Nasdaq,USD,20260703_094838
2026-07-02 15:32:00-04:00,193.30999755859375,193.4199981689453,193.2449951171875,193.2550048828125,206537,NVDA,NVIDIA,Nasdaq,USD,20260703_094838
2026-07-02 15:33:00-04:00,193.4250030517578,193.52000427246094,193.30999755859375,193.30999755859375,235550,NVDA,NVIDIA,Nasdaq,USD,20260703_094838
2026-07-02 15:34:00-04:00,193.54910278320312,193.5800018310547,193.3699951171875,193.42999267578125,218227,NVDA,NVIDIA,Nasdaq,USD,20260703_094838
2026-07-02 15:35:00-04:00,193.5800018310547,193.67999267578125,193.47000122070312,193.5399932861328,241612,NVDA,NVIDIA,Nasdaq,USD,20260703_094838
2026-07-02 15:36:00-04:00,193.47999572753906,193.60499572753906,193.42999267578125,193.57000732421875,279476,NVDA,NVIDIA,Nasdaq,USD,20260703_094838
2026-07-02 15:37:00-04:00,193.61000061035156,193.61399841308594,193.32000732421875,193.5,265266,NVDA,NVIDIA,Nasdaq,USD,20260703_094838
2026-07-02 15:38:00-04:00,193.69500732421875,193.8000030517578,193.57000732421875,193.6199951171875,253882,NVDA,NVIDIA,Nasdaq,USD,20260703_094838
2026-07-02 15:39:00-04:00,193.67999267578125,193.77999877929688,193.5749969482422,193.69009399414062,209360,NVDA,NVIDIA,Nasdaq,USD,20260703_094838
2026-07-02 15:40:00-04:00,193.69000244140625,193.72000122070312,193.51499938964844,193.67999267578125,196956,NVDA,NVIDIA,Nasdaq,USD,20260703_094838
2026-07-02 15:41:00-04:00,193.5325927734375,193.6999969482422,193.53050231933594,193.68499755859375,177102,NVDA,NVIDIA,Nasdaq,USD,20260703_094838
2026-07-02 15:42:00-04:00,193.59500122070312,193.6199951171875,193.44000244140625,193.5399932861328,244525,NVDA,NVIDIA,Nasdaq,USD,20260703_094838
2026-07-02 15:43:00-04:00,193.60499572753906,193.66000366210938,193.5449981689453,193.5959930419922,211837,NVDA,NVIDIA,Nasdaq,USD,20260703_094838
2026-07-02 15:44:00-04:00,193.6649932861328,193.75,193.52999877929688,193.60000610351562,229451,NVDA,NVIDIA,Nasdaq,USD,20260703_094838
2026-07-02 15:45:00-04:00,193.52999877929688,193.7449951171875,193.52999877929688,193.66000366210938,245181,NVDA,NVIDIA,Nasdaq,USD,20260703_094838
2026-07-02 15:46:00-04:00,193.52499389648438,193.64999389648438,193.41000366210938,193.52000427246094,348108,NVDA,NVIDIA,Nasdaq,USD,20260703_094838
2026-07-02 15:47:00-04:00,193.5449981689453,193.69000244140625,193.49000549316406,193.52999877929688,202418,NVDA,NVIDIA,Nasdaq,USD,20260703_094838
2026-07-02 15:48:00-04:00,193.57000732421875,193.61000061035156,193.4949951171875,193.5449981689453,811162,NVDA,NVIDIA,Nasdaq,USD,20260703_094838
2026-07-02 15:49:00-04:00,193.6300048828125,193.63499450683594,193.42999267578125,193.5625,309647,NVDA,NVIDIA,Nasdaq,USD,20260703_094838
2026-07-02 15:50:00-04:00,194.14999389648438,194.97999572753906,193.63999938964844,193.63999938964844,1132749,NVDA,NVIDIA,Nasdaq,USD,20260703_094838
2026-07-02 15:51:00-04:00,194.0850067138672,194.2100067138672,193.9499969482422,194.14999389648438,458008,NVDA,NVIDIA,Nasdaq,USD,20260703_094838
2026-07-02 15:52:00-04:00,194.02000427246094,194.1649932861328,193.91000366210938,194.0800018310547,398246,NVDA,NVIDIA,Nasdaq,USD,20260703_094838
2026-07-02 15:53:00-04:00,194.0800018310547,194.25999450683594,193.9300994873047,194.02999877929688,442665,NVDA,NVIDIA,Nasdaq,USD,20260703_094838
2026-07-02 15:54:00-04:00,194.67799377441406,194.67999267578125,194.02999877929688,194.08999633789062,679212,NVDA,NVIDIA,Nasdaq,USD,20260703_094838
2026-07-02 15:55:00-04:00,194.75070190429688,194.75999450683594,194.22999572753906,194.6699981689453,1006180,NVDA,NVIDIA,Nasdaq,USD,20260703_094838
2026-07-02 15:56:00-04:00,194.60499572753906,194.75999450683594,194.5500030517578,194.75,664992,NVDA,NVIDIA,Nasdaq,USD,20260703_094838
2026-07-02 15:57:00-04:00,194.7449951171875,194.80999755859375,194.60499572753906,194.60499572753906,869429,NVDA,NVIDIA,Nasdaq,USD,20260703_094838
2026-07-02 15:58:00-04:00,194.8300018310547,194.84500122070312,194.6699981689453,194.7449951171875,956771,NVDA,NVIDIA,Nasdaq,USD,20260703_094838
2026-07-02 15:59:00-04:00,194.6199951171875,195.0,194.33999633789062,194.8350067138672,3080294,NVDA,NVIDIA,Nasdaq,USD,20260703_094838
2026-07-02 09:30:00-04:00,197.72999572753906,197.98989868164062,196.77999877929688,197.14999389648438,4231642,NVDA,NVIDIA,Nasdaq,USD,20260703_115906
2026-07-02 09:31:00-04:00,197.97000122070312,198.0,197.16000366210938,197.70599365234375,420062,NVDA,NVIDIA,Nasdaq,USD,20260703_115906
2026-07-02 09:32:00-04:00,198.0850067138672,198.39999389648438,197.80099487304688,197.94000244140625,2038069,NVDA,NVIDIA,Nasdaq,USD,20260703_115906
2026-07-02 09:33:00-04:00,198.42999267578125,198.69000244140625,197.8000030517578,198.10000610351562,477126,NVDA,NVIDIA,Nasdaq,USD,20260703_115906
2026-07-02 09:34:00-04:00,198.375,198.60989379882812,198.0500030517578,198.4199981689453,358194,NVDA,NVIDIA,Nasdaq,USD,20260703_115906
2026-07-02 09:35:00-04:00,198.25,198.3699951171875,197.9199981689453,198.3699951171875,319553,NVDA,NVIDIA,Nasdaq,USD,20260703_115906
2026-07-02 09:36:00-04:00,198.35000610351562,198.39999389648438,197.92999267578125,198.25,383331,NVDA,NVIDIA,Nasdaq,USD,20260703_115906
2026-07-02 09:37:00-04:00,198.11000061035156,198.52499389648438,198.0800018310547,198.3249969482422,349771,NVDA,NVIDIA,Nasdaq,USD,20260703_115906
2026-07-02 09:38:00-04:00,197.9250030517578,198.14999389648438,197.51499938964844,198.10000610351562,346828,NVDA,NVIDIA,Nasdaq,USD,20260703_115906
2026-07-02 09:39:00-04:00,197.77999877929688,198.02000427246094,197.6699981689453,197.93499755859375,289771,NVDA,NVIDIA,Nasdaq,USD,20260703_115906
2026-07-02 09:40:00-04:00,197.63999938964844,198.08999633789062,197.5800018310547,197.75999450683594,251786,NVDA,NVIDIA,Nasdaq,USD,20260703_115906
2026-07-02 09:41:00-04:00,198.19500732421875,198.2899932861328,197.5500030517578,197.64019775390625,322390,NVDA,NVIDIA,Nasdaq,USD,20260703_115906
2026-07-02 09:42:00-04:00,198.05999755859375,198.3000030517578,197.97999572753906,198.13510131835938,288761,NVDA,NVIDIA,Nasdaq,USD,20260703_115906
2026-07-02 09:43:00-04:00,198.17950439453125,198.27499389648438,197.9770050048828,198.03990173339844,322024,NVDA,NVIDIA,Nasdaq,USD,20260703_115906
2026-07-02 09:44:00-04:00,198.10000610351562,198.17999267578125,197.8000030517578,198.16000366210938,206656,NVDA,NVIDIA,Nasdaq,USD,20260703_115906
2026-07-02 09:45:00-04:00,197.9949951171875,198.36000061035156,197.8300018310547,198.11990356445312,320610,NVDA,NVIDIA,Nasdaq,USD,20260703_115906
2026-07-02 09:46:00-04:00,197.7100067138672,198.1199951171875,197.6999969482422,198.02000427246094,185282,NVDA,NVIDIA,Nasdaq,USD,20260703_115906
2026-07-02 09:47:00-04:00,198.1999969482422,198.24000549316406,197.61000061035156,197.6999969482422,345939,NVDA,NVIDIA,Nasdaq,USD,20260703_115906
2026-07-02 09:48:00-04:00,198.15499877929688,198.4499969482422,198.1199951171875,198.1699981689453,280413,NVDA,NVIDIA,Nasdaq,USD,20260703_115906
2026-07-02 09:49:00-04:00,198.35000610351562,198.57000732421875,198.00999450683594,198.13999938964844,299272,NVDA,NVIDIA,Nasdaq,USD,20260703_115906
2026-07-02 09:50:00-04:00,198.6699981689453,198.94000244140625,198.2270050048828,198.30499267578125,458795,NVDA,NVIDIA,Nasdaq,USD,20260703_115906
2026-07-02 09:51:00-04:00,198.6199951171875,198.80999755859375,198.47999572753906,198.61500549316406,300650,NVDA,NVIDIA,Nasdaq,USD,20260703_115906
2026-07-02 09:52:00-04:00,198.10000610351562,198.59979248046875,198.05999755859375,198.57000732421875,366131,NVDA,NVIDIA,Nasdaq,USD,20260703_115906
2026-07-02 09:53:00-04:00,197.60989379882812,198.22000122070312,197.5,198.09970092773438,681074,NVDA,NVIDIA,Nasdaq,USD,20260703_115906
2026-07-02 09:54:00-04:00,198.3800048828125,198.4600067138672,197.5,197.5800018310547,436333,NVDA,NVIDIA,Nasdaq,USD,20260703_115906
2026-07-02 09:55:00-04:00,198.69000244140625,198.69000244140625,198.02999877929688,198.3972930908203,473792,NVDA,NVIDIA,Nasdaq,USD,20260703_115906
2026-07-02 09:56:00-04:00,198.4600067138672,198.77499389648438,198.2100067138672,198.66000366210938,243356,NVDA,NVIDIA,Nasdaq,USD,20260703_115906
2026-07-02 09:57:00-04:00,198.36309814453125,198.5,198.22000122070312,198.4499969482422,197504,NVDA,NVIDIA,Nasdaq,USD,20260703_115906
2026-07-02 09:58:00-04:00,198.6199951171875,198.66079711914062,198.2700958251953,198.3800048828125,203982,NVDA,NVIDIA,Nasdaq,USD,20260703_115906
2026-07-02 09:59:00-04:00,198.85499572753906,198.89010620117188,198.57000732421875,198.610107421875,328489,NVDA,NVIDIA,Nasdaq,USD,20260703_115906
2026-07-02 10:00:00-04:00,198.84500122070312,198.9199981689453,198.5500030517578,198.89999389648438,307438,NVDA,NVIDIA,Nasdaq,USD,20260703_115906
2026-07-02 10:01:00-04:00,199.69000244140625,199.7100067138672,198.78700256347656,198.84500122070312,554863,NVDA,NVIDIA,Nasdaq,USD,20260703_115906
2026-07-02 10:02:00-04:00,199.97000122070312,200.0399932861328,199.64999389648438,199.69500732421875,805830,NVDA,NVIDIA,Nasdaq,USD,20260703_115906
2026-07-02 10:03:00-04:00,199.82000732421875,200.05499267578125,199.6999969482422,199.97000122070312,606783,NVDA,NVIDIA,Nasdaq,USD,20260703_115906
2026-07-02 10:04:00-04:00,199.53500366210938,199.80999755859375,199.42999267578125,199.80999755859375,389375,NVDA,NVIDIA,Nasdaq,USD,20260703_115906
2026-07-02 10:05:00-04:00,199.77999877929688,199.8300018310547,199.3800048828125,199.5500030517578,272437,NVDA,NVIDIA,Nasdaq,USD,20260703_115906
2026-07-02 10:06:00-04:00,199.44219970703125,199.81500244140625,199.34019470214844,199.8000030517578,245079,NVDA,NVIDIA,Nasdaq,USD,20260703_115906
2026-07-02 10:07:00-04:00,199.56500244140625,199.82000732421875,199.41000366210938,199.42999267578125,290260,NVDA,NVIDIA,Nasdaq,USD,20260703_115906
2026-07-02 10:08:00-04:00,199.0800018310547,199.5800018310547,199.02980041503906,199.5500030517578,307789,NVDA,NVIDIA,Nasdaq,USD,20260703_115906
2026-07-02 10:09:00-04:00,198.80999755859375,199.139892578125,198.6699981689453,199.0800018310547,328591,NVDA,NVIDIA,Nasdaq,USD,20260703_115906
2026-07-02 10:10:00-04:00,198.63999938964844,198.89999389648438,198.52000427246094,198.86000061035156,241939,NVDA,NVIDIA,Nasdaq,USD,20260703_115906
2026-07-02 10:11:00-04:00,198.74000549316406,198.88999938964844,198.5601043701172,198.6699981689453,237772,NVDA,NVIDIA,Nasdaq,USD,20260703_115906
2026-07-02 10:12:00-04:00,199.02000427246094,199.08990478515625,198.6649932861328,198.71499633789062,256771,NVDA,NVIDIA,Nasdaq,USD,20260703_115906
2026-07-02 10:13:00-04:00,199.1300048828125,199.27999877929688,198.9499969482422,199.0175018310547,236907,NVDA,NVIDIA,Nasdaq,USD,20260703_115906
2026-07-02 10:14:00-04:00,199.0330047607422,199.35499572753906,198.97999572753906,199.1300048828125,289103,NVDA,NVIDIA,Nasdaq,USD,20260703_115906
2026-07-02 10:15:00-04:00,198.9600067138672,199.05999755859375,198.80999755859375,199.03500366210938,206299,NVDA,NVIDIA,Nasdaq,USD,20260703_115906
2026-07-02 10:16:00-04:00,198.84320068359375,199.36349487304688,198.8300018310547,198.97000122070312,292232,NVDA,NVIDIA,Nasdaq,USD,20260703_115906
2026-07-02 10:17:00-04:00,198.7100067138672,199.0850067138672,198.7100067138672,198.88499450683594,196646,NVDA,NVIDIA,Nasdaq,USD,20260703_115906
2026-07-02 10:18:00-04:00,198.77000427246094,199.125,198.49200439453125,198.72079467773438,343445,NVDA,NVIDIA,Nasdaq,USD,20260703_115906
2026-07-02 10:19:00-04:00,199.2100067138672,199.25,198.6999969482422,198.77000427246094,284237,NVDA,NVIDIA,Nasdaq,USD,20260703_115906
2026-07-02 10:20:00-04:00,198.90499877929688,199.33999633789062,198.82009887695312,199.22999572753906,228322,NVDA,NVIDIA,Nasdaq,USD,20260703_115906
2026-07-02 10:21:00-04:00,198.9550018310547,199.27000427246094,198.8300018310547,198.91000366210938,199741,NVDA,NVIDIA,Nasdaq,USD,20260703_115906
2026-07-02 10:22:00-04:00,198.8300018310547,198.97000122070312,198.55039978027344,198.9199981689453,292424,NVDA,NVIDIA,Nasdaq,USD,20260703_115906
2026-07-02 10:23:00-04:00,198.86500549316406,199.0,198.50999450683594,198.81610107421875,259371,NVDA,NVIDIA,Nasdaq,USD,20260703_115906
2026-07-02 10:24:00-04:00,198.4801025390625,199.0,198.46009826660156,198.86500549316406,238362,NVDA,NVIDIA,Nasdaq,USD,20260703_115906
2026-07-02 10:25:00-04:00,198.57000732421875,198.64340209960938,198.235107421875,198.5050048828125,332142,NVDA,NVIDIA,Nasdaq,USD,20260703_115906
2026-07-02 10:26:00-04:00,198.57000732421875,198.74000549316406,198.4199981689453,198.5749969482422,255051,NVDA,NVIDIA,Nasdaq,USD,20260703_115906
2026-07-02 10:27:00-04:00,197.71499633789062,198.5850067138672,197.6649932861328,198.5800018310547,490738,NVDA,NVIDIA,Nasdaq,USD,20260703_115906
2026-07-02 10:28:00-04:00,197.66000366210938,197.8300018310547,197.44000244140625,197.75,456852,NVDA,NVIDIA,Nasdaq,USD,20260703_115906
2026-07-02 10:29:00-04:00,197.85000610351562,198.0,197.64999389648438,197.6750030517578,281383,NVDA,NVIDIA,Nasdaq,USD,20260703_115906
2026-07-02 10:30:00-04:00,197.90499877929688,198.1999969482422,197.57000732421875,197.88999938964844,413531,NVDA,NVIDIA,Nasdaq,USD,20260703_115906
2026-07-02 10:31:00-04:00,197.8800048828125,198.2050018310547,197.8699951171875,197.90499877929688,258599,NVDA,NVIDIA,Nasdaq,USD,20260703_115906
2026-07-02 10:32:00-04:00,197.52999877929688,198.1649932861328,197.47500610351562,197.9199981689453,249458,NVDA,NVIDIA,Nasdaq,USD,20260703_115906
2026-07-02 10:33:00-04:00,197.27999877929688,197.7899932861328,197.25,197.5399932861328,371719,NVDA,NVIDIA,Nasdaq,USD,20260703_115906
2026-07-02 10:34:00-04:00,196.75999450683594,197.44000244140625,196.66000366210938,197.3000030517578,488524,NVDA,NVIDIA,Nasdaq,USD,20260703_115906
2026-07-02 10:35:00-04:00,196.7100067138672,197.0,196.61000061035156,196.79010009765625,454063,NVDA,NVIDIA,Nasdaq,USD,20260703_115906
2026-07-02 10:36:00-04:00,197.17999267578125,197.19500732421875,196.61000061035156,196.70010375976562,353336,NVDA,NVIDIA,Nasdaq,USD,20260703_115906
2026-07-02 10:37:00-04:00,197.35000610351562,197.5095977783203,197.13499450683594,197.1649932861328,286034,NVDA,NVIDIA,Nasdaq,USD,20260703_115906
2026-07-02 10:38:00-04:00,197.17999267578125,197.36000061035156,197.07000732421875,197.36000061035156,245514,NVDA,NVIDIA,Nasdaq,USD,20260703_115906
2026-07-02 10:39:00-04:00,197.10000610351562,197.36000061035156,197.02000427246094,197.18499755859375,191679,NVDA,NVIDIA,Nasdaq,USD,20260703_115906
2026-07-02 10:40:00-04:00,197.07510375976562,197.2799072265625,196.9600067138672,197.10000610351562,230759,NVDA,NVIDIA,Nasdaq,USD,20260703_115906
2026-07-02 10:41:00-04:00,196.80999755859375,197.1240997314453,196.6999969482422,197.08999633789062,302746,NVDA,NVIDIA,Nasdaq,USD,20260703_115906
2026-07-02 10:42:00-04:00,196.30999755859375,196.8300018310547,196.30999755859375,196.8300018310547,474063,NVDA,NVIDIA,Nasdaq,USD,20260703_115906
2026-07-02 10:43:00-04:00,196.35499572753906,196.42999267578125,196.0800018310547,196.3249969482422,440670,NVDA,NVIDIA,Nasdaq,USD,20260703_115906
2026-07-02 10:44:00-04:00,196.4600067138672,196.60000610351562,196.19000244140625,196.3800048828125,373151,NVDA,NVIDIA,Nasdaq,USD,20260703_115906
2026-07-02 10:45:00-04:00,196.44000244140625,196.7899932861328,196.3699951171875,196.47000122070312,371831,NVDA,NVIDIA,Nasdaq,USD,20260703_115906
2026-07-02 10:46:00-04:00,196.5,196.5655975341797,196.1199951171875,196.4600067138672,335701,NVDA,NVIDIA,Nasdaq,USD,20260703_115906
2026-07-02 10:47:00-04:00,196.27000427246094,196.86000061035156,196.22999572753906,196.50999450683594,408428,NVDA,NVIDIA,Nasdaq,USD,20260703_115906
2026-07-02 10:48:00-04:00,195.9600067138672,196.39999389648438,195.860107421875,196.25,502233,NVDA,NVIDIA,Nasdaq,USD,20260703_115906
2026-07-02 10:49:00-04:00,196.4250030517578,196.63479614257812,195.91000366210938,195.93099975585938,409802,NVDA,NVIDIA,Nasdaq,USD,20260703_115906
2026-07-02 10:50:00-04:00,196.25509643554688,196.49000549316406,196.0500030517578,196.39999389648438,450270,NVDA,NVIDIA,Nasdaq,USD,20260703_115906
2026-07-02 10:51:00-04:00,196.22999572753906,196.58999633789062,196.08999633789062,196.25999450683594,413335,NVDA,NVIDIA,Nasdaq,USD,20260703_115906
2026-07-02 10:52:00-04:00,195.6300048828125,196.21499633789062,195.50999450683594,196.16009521484375,368106,NVDA,NVIDIA,Nasdaq,USD,20260703_115906
2026-07-02 10:53:00-04:00,195.47500610351562,195.75,195.2100067138672,195.6199951171875,554830,NVDA,NVIDIA,Nasdaq,USD,20260703_115906
2026-07-02 10:54:00-04:00,195.5,195.6300048828125,195.38999938964844,195.46670532226562,302087,NVDA,NVIDIA,Nasdaq,USD,20260703_115906
2026-07-02 10:55:00-04:00,195.89999389648438,196.0500030517578,195.50999450683594,195.50999450683594,370341,NVDA,NVIDIA,Nasdaq,USD,20260703_115906
2026-07-02 10:56:00-04:00,195.9250030517578,196.15989685058594,195.86000061035156,195.92999267578125,283990,NVDA,NVIDIA,Nasdaq,USD,20260703_115906
2026-07-02 10:57:00-04:00,195.72329711914062,195.9499969482422,195.6199951171875,195.9199981689453,259862,NVDA,NVIDIA,Nasdaq,USD,20260703_115906
2026-07-02 10:58:00-04:00,195.96180725097656,196.0299072265625,195.69000244140625,195.74000549316406,237048,NVDA,NVIDIA,Nasdaq,USD,20260703_115906
2026-07-02 10:59:00-04:00,196.24000549316406,196.2899932861328,195.95010375976562,195.95010375976562,271414,NVDA,NVIDIA,Nasdaq,USD,20260703_115906
2026-07-02 11:00:00-04:00,196.32000732421875,196.33999633789062,195.92999267578125,196.25,257412,NVDA,NVIDIA,Nasdaq,USD,20260703_115906
2026-07-02 11:01:00-04:00,196.2100067138672,196.47000122070312,196.2100067138672,196.30999755859375,323443,NVDA,NVIDIA,Nasdaq,USD,20260703_115906
2026-07-02 11:02:00-04:00,196.27499389648438,196.31500244140625,196.03500366210938,196.21499633789062,217168,NVDA,NVIDIA,Nasdaq,USD,20260703_115906
2026-07-02 11:03:00-04:00,195.9600067138672,196.45899963378906,195.92999267578125,196.30999755859375,244655,NVDA,NVIDIA,Nasdaq,USD,20260703_115906
2026-07-02 11:04:00-04:00,195.60000610351562,196.05999755859375,195.58999633789062,195.99000549316406,247935,NVDA,NVIDIA,Nasdaq,USD,20260703_115906
2026-07-02 11:05:00-04:00,195.44430541992188,195.77000427246094,195.44000244140625,195.61000061035156,510925,NVDA,NVIDIA,Nasdaq,USD,20260703_115906
2026-07-02 11:06:00-04:00,195.06500244140625,195.42999267578125,195.02999877929688,195.42999267578125,412482,NVDA,NVIDIA,Nasdaq,USD,20260703_115906
2026-07-02 11:07:00-04:00,194.7449951171875,195.1699981689453,194.7100067138672,195.06500244140625,791574,NVDA,NVIDIA,Nasdaq,USD,20260703_115906
2026-07-02 11:08:00-04:00,195.0050048828125,195.2899932861328,194.73300170898438,194.7899932861328,450243,NVDA,NVIDIA,Nasdaq,USD,20260703_115906
2026-07-02 11:09:00-04:00,194.9949951171875,195.1750030517578,194.86000061035156,194.9949951171875,346074,NVDA,NVIDIA,Nasdaq,USD,20260703_115906
2026-07-02 11:10:00-04:00,194.97999572753906,195.11500549316406,194.77239990234375,195.00999450683594,343247,NVDA,NVIDIA,Nasdaq,USD,20260703_115906
2026-07-02 11:11:00-04:00,195.31509399414062,195.39500427246094,194.91000366210938,194.98699951171875,529528,NVDA,NVIDIA,Nasdaq,USD,20260703_115906
2026-07-02 11:12:00-04:00,195.21499633789062,195.3699951171875,195.1999969482422,195.30999755859375,238524,NVDA,NVIDIA,Nasdaq,USD,20260703_115906
2026-07-02 11:13:00-04:00,195.23500061035156,195.42999267578125,195.1699981689453,195.1999969482422,225046,NVDA,NVIDIA,Nasdaq,USD,20260703_115906
2026-07-02 11:14:00-04:00,195.25999450683594,195.41000366210938,195.08999633789062,195.23500061035156,268686,NVDA,NVIDIA,Nasdaq,USD,20260703_115906
2026-07-02 11:15:00-04:00,195.08999633789062,195.4600067138672,195.0236053466797,195.27000427246094,245381,NVDA,NVIDIA,Nasdaq,USD,20260703_115906
2026-07-02 11:16:00-04:00,195.02499389648438,195.10000610351562,194.86000061035156,195.0800018310547,266227,NVDA,NVIDIA,Nasdaq,USD,20260703_115906
2026-07-02 11:17:00-04:00,195.00999450683594,195.23959350585938,194.85000610351562,195.0399932861328,257180,NVDA,NVIDIA,Nasdaq,USD,20260703_115906
2026-07-02 11:18:00-04:00,195.0800018310547,195.22999572753906,194.8000946044922,194.99000549316406,337696,NVDA,NVIDIA,Nasdaq,USD,20260703_115906
2026-07-02 11:19:00-04:00,195.0399932861328,195.0850067138672,194.9199981689453,195.06500244140625,229328,NVDA,NVIDIA,Nasdaq,USD,20260703_115906
2026-07-02 11:20:00-04:00,195.00999450683594,195.32000732421875,194.69000244140625,195.05990600585938,422910,NVDA,NVIDIA,Nasdaq,USD,20260703_115906
2026-07-02 11:21:00-04:00,194.875,195.0399932861328,194.8101043701172,195.00999450683594,305386,NVDA,NVIDIA,Nasdaq,USD,20260703_115906
2026-07-02 11:22:00-04:00,194.77499389648438,195.0500030517578,194.7100067138672,194.86000061035156,295402,NVDA,NVIDIA,Nasdaq,USD,20260703_115906
2026-07-02 11:23:00-04:00,194.7899932861328,194.89500427246094,194.6199951171875,194.77000427246094,292483,NVDA,NVIDIA,Nasdaq,USD,20260703_115906
2026-07-02 11:24:00-04:00,194.8249969482422,195.01499938964844,194.72000122070312,194.7873992919922,418271,NVDA,NVIDIA,Nasdaq,USD,20260703_115906
2026-07-02 11:25:00-04:00,194.5399932861328,194.86500549316406,194.4199981689453,194.83999633789062,459878,NVDA,NVIDIA,Nasdaq,USD,20260703_115906
2026-07-02 11:26:00-04:00,194.875,194.99000549316406,194.5399932861328,194.5500030517578,408411,NVDA,NVIDIA,Nasdaq,USD,20260703_115906
2026-07-02 11:27:00-04:00,195.0800018310547,195.1999053955078,194.8800048828125,194.8800048828125,286539,NVDA,NVIDIA,Nasdaq,USD,20260703_115906
2026-07-02 11:28:00-04:00,194.99000549316406,195.10989379882812,194.88999938964844,195.0749969482422,196961,NVDA,NVIDIA,Nasdaq,USD,20260703_115906
2026-07-02 11:29:00-04:00,194.7794952392578,195.00979614257812,194.77000427246094,194.97999572753906,189347,NVDA,NVIDIA,Nasdaq,USD,20260703_115906
2026-07-02 11:30:00-04:00,195.16000366210938,195.3699951171875,194.75999450683594,194.77999877929688,293633,NVDA,NVIDIA,Nasdaq,USD,20260703_115906
2026-07-02 11:31:00-04:00,195.22000122070312,195.27999877929688,194.94000244140625,195.14999389648438,237867,NVDA,NVIDIA,Nasdaq,USD,20260703_115906
2026-07-02 11:32:00-04:00,195.25950622558594,195.39999389648438,195.0906982421875,195.22000122070312,203372,NVDA,NVIDIA,Nasdaq,USD,20260703_115906
2026-07-02 11:33:00-04:00,195.38999938964844,195.47000122070312,195.25,195.25,271992,NVDA,NVIDIA,Nasdaq,USD,20260703_115906
2026-07-02 11:34:00-04:00,195.46499633789062,195.5800018310547,195.38499450683594,195.38499450683594,235765,NVDA,NVIDIA,Nasdaq,USD,20260703_115906
2026-07-02 11:35:00-04:00,195.69000244140625,195.8000030517578,195.41000366210938,195.47999572753906,309012,NVDA,NVIDIA,Nasdaq,USD,20260703_115906
2026-07-02 11:36:00-04:00,195.66990661621094,195.75,195.57049560546875,195.69000244140625,231564,NVDA,NVIDIA,Nasdaq,USD,20260703_115906
2026-07-02 11:37:00-04:00,195.6497039794922,195.7100067138672,195.5,195.64999389648438,194582,NVDA,NVIDIA,Nasdaq,USD,20260703_115906
2026-07-02 11:38:00-04:00,195.7550048828125,195.9199981689453,195.58279418945312,195.63499450683594,291310,NVDA,NVIDIA,Nasdaq,USD,20260703_115906
2026-07-02 11:39:00-04:00,195.5135040283203,195.7899932861328,195.51300048828125,195.75,192276,NVDA,NVIDIA,Nasdaq,USD,20260703_115906
2026-07-02 11:40:00-04:00,195.83999633789062,196.0,195.41000366210938,195.52999877929688,325330,NVDA,NVIDIA,Nasdaq,USD,20260703_115906
2026-07-02 11:41:00-04:00,195.51499938964844,195.8498992919922,195.44500732421875,195.8498992919922,274466,NVDA,NVIDIA,Nasdaq,USD,20260703_115906
2026-07-02 11:42:00-04:00,195.39999389648438,195.4949951171875,195.35000610351562,195.49000549316406,350207,NVDA,NVIDIA,Nasdaq,USD,20260703_115906
2026-07-02 11:43:00-04:00,195.13999938964844,195.41000366210938,195.07000732421875,195.40499877929688,339554,NVDA,NVIDIA,Nasdaq,USD,20260703_115906
2026-07-02 11:44:00-04:00,195.06509399414062,195.36000061035156,195.0399932861328,195.13999938964844,202725,NVDA,NVIDIA,Nasdaq,USD,20260703_115906
2026-07-02 11:45:00-04:00,195.31500244140625,195.39999389648438,195.0449981689453,195.0800018310547,159234,NVDA,NVIDIA,Nasdaq,USD,20260703_115906
2026-07-02 11:46:00-04:00,195.07000732421875,195.33999633789062,194.97000122070312,195.3105010986328,207915,NVDA,NVIDIA,Nasdaq,USD,20260703_115906
2026-07-02 11:47:00-04:00,195.05999755859375,195.16990661621094,194.89999389648438,195.0800018310547,185010,NVDA,NVIDIA,Nasdaq,USD,20260703_115906
2026-07-02 11:48:00-04:00,194.88999938964844,195.08999633789062,194.8800048828125,195.0200958251953,157423,NVDA,NVIDIA,Nasdaq,USD,20260703_115906
2026-07-02 11:49:00-04:00,194.74000549316406,194.92999267578125,194.66000366210938,194.89999389648438,204402,NVDA,NVIDIA,Nasdaq,USD,20260703_115906
2026-07-02 11:50:00-04:00,194.55999755859375,194.74000549316406,194.52000427246094,194.72999572753906,210139,NVDA,NVIDIA,Nasdaq,USD,20260703_115906
2026-07-02 11:51:00-04:00,194.50999450683594,194.59800720214844,194.35000610351562,194.55999755859375,334370,NVDA,NVIDIA,Nasdaq,USD,20260703_115906
2026-07-02 11:52:00-04:00,194.33999633789062,194.68499755859375,194.27999877929688,194.50999450683594,286620,NVDA,NVIDIA,Nasdaq,USD,20260703_115906
2026-07-02 11:53:00-04:00,194.2100067138672,194.35000610351562,194.05999755859375,194.33999633789062,303053,NVDA,NVIDIA,Nasdaq,USD,20260703_115906
2026-07-02 11:54:00-04:00,194.4346923828125,194.50999450683594,194.17999267578125,194.2100067138672,196633,NVDA,NVIDIA,Nasdaq,USD,20260703_115906
2026-07-02 11:55:00-04:00,194.35000610351562,194.55799865722656,194.33999633789062,194.4409942626953,185037,NVDA,NVIDIA,Nasdaq,USD,20260703_115906
2026-07-02 11:56:00-04:00,194.2050018310547,194.39999389648438,194.1199951171875,194.3699951171875,286878,NVDA,NVIDIA,Nasdaq,USD,20260703_115906
2026-07-02 11:57:00-04:00,194.27000427246094,194.32000732421875,194.01499938964844,194.1999969482422,264846,NVDA,NVIDIA,Nasdaq,USD,20260703_115906
2026-07-02 11:58:00-04:00,194.4499969482422,194.52000427246094,194.19410705566406,194.27000427246094,238117,NVDA,NVIDIA,Nasdaq,USD,20260703_115906
2026-07-02 11:59:00-04:00,194.49000549316406,194.63999938964844,194.44000244140625,194.47610473632812,200792,NVDA,NVIDIA,Nasdaq,USD,20260703_115906
2026-07-02 12:00:00-04:00,194.27000427246094,194.55999755859375,194.22000122070312,194.5,191365,NVDA,NVIDIA,Nasdaq,USD,20260703_115906
2026-07-02 12:01:00-04:00,194.27999877929688,194.4113006591797,194.16000366210938,194.27000427246094,153268,NVDA,NVIDIA,Nasdaq,USD,20260703_115906
2026-07-02 12:02:00-04:00,194.07000732421875,194.30999755859375,194.02999877929688,194.28500366210938,236253,NVDA,NVIDIA,Nasdaq,USD,20260703_115906
2026-07-02 12:03:00-04:00,194.19500732421875,194.3000030517578,193.88999938964844,194.05999755859375,537646,NVDA,NVIDIA,Nasdaq,USD,20260703_115906
2026-07-02 12:04:00-04:00,194.36000061035156,194.3800048828125,194.08999633789062,194.19000244140625,199486,NVDA,NVIDIA,Nasdaq,USD,20260703_115906
2026-07-02 12:05:00-04:00,194.25999450683594,194.4199981689453,194.24000549316406,194.35499572753906,210771,NVDA,NVIDIA,Nasdaq,USD,20260703_115906
2026-07-02 12:06:00-04:00,194.15989685058594,194.3000030517578,194.07000732421875,194.2550048828125,179634,NVDA,NVIDIA,Nasdaq,USD,20260703_115906
2026-07-02 12:07:00-04:00,194.13999938964844,194.27999877929688,194.06610107421875,194.15989685058594,137095,NVDA,NVIDIA,Nasdaq,USD,20260703_115906
2026-07-02 12:08:00-04:00,194.07000732421875,194.22000122070312,194.00999450683594,194.16000366210938,182643,NVDA,NVIDIA,Nasdaq,USD,20260703_115906
2026-07-02 12:09:00-04:00,193.98370361328125,194.11000061035156,193.86000061035156,194.10000610351562,231915,NVDA,NVIDIA,Nasdaq,USD,20260703_115906
2026-07-02 12:10:00-04:00,194.35000610351562,194.38999938964844,193.94000244140625,193.98500061035156,261793,NVDA,NVIDIA,Nasdaq,USD,20260703_115906
2026-07-02 12:11:00-04:00,194.3800048828125,194.49000549316406,194.27000427246094,194.3300018310547,285336,NVDA,NVIDIA,Nasdaq,USD,20260703_115906
2026-07-02 12:12:00-04:00,194.57000732421875,194.57000732421875,194.1199951171875,194.35000610351562,312853,NVDA,NVIDIA,Nasdaq,USD,20260703_115906
2026-07-02 12:13:00-04:00,194.5,194.59359741210938,194.41000366210938,194.57000732421875,231520,NVDA,NVIDIA,Nasdaq,USD,20260703_115906
2026-07-02 12:14:00-04:00,194.55999755859375,194.6591033935547,194.48260498046875,194.49000549316406,235420,NVDA,NVIDIA,Nasdaq,USD,20260703_115906
2026-07-02 12:15:00-04:00,194.27000427246094,194.61000061035156,194.0800018310547,194.57000732421875,426180,NVDA,NVIDIA,Nasdaq,USD,20260703_115906
2026-07-02 12:16:00-04:00,194.3000030517578,194.375,194.22000122070312,194.27999877929688,188484,NVDA,NVIDIA,Nasdaq,USD,20260703_115906
2026-07-02 12:17:00-04:00,194.1649932861328,194.4799041748047,194.1300048828125,194.3000030517578,241139,NVDA,NVIDIA,Nasdaq,USD,20260703_115906
2026-07-02 12:18:00-04:00,194.33999633789062,194.35000610351562,194.16180419921875,194.1649932861328,197327,NVDA,NVIDIA,Nasdaq,USD,20260703_115906
2026-07-02 12:19:00-04:00,194.07000732421875,194.42999267578125,194.05999755859375,194.35000610351562,335927,NVDA,NVIDIA,Nasdaq,USD,20260703_115906
2026-07-02 12:20:00-04:00,194.0800018310547,194.1300048828125,193.7949981689453,194.0749969482422,515610,NVDA,NVIDIA,Nasdaq,USD,20260703_115906
2026-07-02 12:21:00-04:00,193.9600067138672,194.14999389648438,193.9149932861328,194.08999633789062,242442,NVDA,NVIDIA,Nasdaq,USD,20260703_115906
2026-07-02 12:22:00-04:00,193.82000732421875,193.97999572753906,193.7100067138672,193.9600067138672,369511,NVDA,NVIDIA,Nasdaq,USD,20260703_115906
2026-07-02 12:23:00-04:00,193.6999969482422,193.90499877929688,193.69140625,193.8300018310547,232949,NVDA,NVIDIA,Nasdaq,USD,20260703_115906
2026-07-02 12:24:00-04:00,193.8699951171875,193.94000244140625,193.625,193.6999969482422,280257,NVDA,NVIDIA,Nasdaq,USD,20260703_115906
2026-07-02 12:25:00-04:00,193.92999267578125,194.12989807128906,193.8699951171875,193.875,285501,NVDA,NVIDIA,Nasdaq,USD,20260703_115906
2026-07-02 12:26:00-04:00,193.8350067138672,193.9499969482422,193.6999969482422,193.91000366210938,212881,NVDA,NVIDIA,Nasdaq,USD,20260703_115906
2026-07-02 12:27:00-04:00,193.9550018310547,193.97999572753906,193.83999633789062,193.83999633789062,262255,NVDA,NVIDIA,Nasdaq,USD,20260703_115906
2026-07-02 12:28:00-04:00,193.99000549316406,194.02000427246094,193.8699951171875,193.9499969482422,131509,NVDA,NVIDIA,Nasdaq,USD,20260703_115906
2026-07-02 12:29:00-04:00,193.7899932861328,194.06500244140625,193.6699981689453,193.99000549316406,131970,NVDA,NVIDIA,Nasdaq,USD,20260703_115906
2026-07-02 12:30:00-04:00,193.7550048828125,193.86000061035156,193.6699981689453,193.7899932861328,226301,NVDA,NVIDIA,Nasdaq,USD,20260703_115906
2026-07-02 12:31:00-04:00,193.69000244140625,193.80499267578125,193.66000366210938,193.74049377441406,215400,NVDA,NVIDIA,Nasdaq,USD,20260703_115906
2026-07-02 12:32:00-04:00,193.6750030517578,193.75,193.6199951171875,193.6699981689453,167067,NVDA,NVIDIA,Nasdaq,USD,20260703_115906
2026-07-02 12:33:00-04:00,193.73049926757812,193.85000610351562,193.6649932861328,193.6649932861328,154462,NVDA,NVIDIA,Nasdaq,USD,20260703_115906
2026-07-02 12:34:00-04:00,193.47000122070312,193.75,193.4600067138672,193.74000549316406,267759,NVDA,NVIDIA,Nasdaq,USD,20260703_115906
2026-07-02 12:35:00-04:00,193.6300048828125,193.63999938964844,193.38999938964844,193.4600067138672,288832,NVDA,NVIDIA,Nasdaq,USD,20260703_115906
2026-07-02 12:36:00-04:00,193.38999938964844,193.66000366210938,193.30999755859375,193.6300048828125,343132,NVDA,NVIDIA,Nasdaq,USD,20260703_115906
2026-07-02 12:37:00-04:00,193.22000122070312,193.5756072998047,193.17999267578125,193.38450622558594,292147,NVDA,NVIDIA,Nasdaq,USD,20260703_115906
2026-07-02 12:38:00-04:00,193.35000610351562,193.3972930908203,193.22000122070312,193.22000122070312,212147,NVDA,NVIDIA,Nasdaq,USD,20260703_115906
2026-07-02 12:39:00-04:00,193.43499755859375,193.45970153808594,193.25,193.3300018310547,175488,NVDA,NVIDIA,Nasdaq,USD,20260703_115906
2026-07-02 12:40:00-04:00,193.75010681152344,193.7899932861328,193.39999389648438,193.44009399414062,287573,NVDA,NVIDIA,Nasdaq,USD,20260703_115906
2026-07-02 12:41:00-04:00,193.64999389648438,193.85000610351562,193.63499450683594,193.75,216552,NVDA,NVIDIA,Nasdaq,USD,20260703_115906
2026-07-02 12:42:00-04:00,193.76499938964844,193.85000610351562,193.60000610351562,193.63999938964844,237498,NVDA,NVIDIA,Nasdaq,USD,20260703_115906
2026-07-02 12:43:00-04:00,193.9199981689453,194.02000427246094,193.6999969482422,193.76499938964844,229177,NVDA,NVIDIA,Nasdaq,USD,20260703_115906
2026-07-02 12:44:00-04:00,194.0399932861328,194.15989685058594,193.9250030517578,193.9250030517578,251338,NVDA,NVIDIA,Nasdaq,USD,20260703_115906
2026-07-02 12:45:00-04:00,194.0,194.0800018310547,193.8699951171875,194.0399932861328,199672,NVDA,NVIDIA,Nasdaq,USD,20260703_115906
2026-07-02 12:46:00-04:00,193.97000122070312,194.05999755859375,193.9149932861328,193.99000549316406,124890,NVDA,NVIDIA,Nasdaq,USD,20260703_115906
2026-07-02 12:47:00-04:00,194.07000732421875,194.1092071533203,193.94000244140625,193.96499633789062,150897,NVDA,NVIDIA,Nasdaq,USD,20260703_115906
2026-07-02 12:48:00-04:00,194.10000610351562,194.14999389648438,193.92999267578125,194.0601043701172,134088,NVDA,NVIDIA,Nasdaq,USD,20260703_115906
2026-07-02 12:49:00-04:00,193.89990234375,194.14999389648438,193.85499572753906,194.10000610351562,167999,NVDA,NVIDIA,Nasdaq,USD,20260703_115906
2026-07-02 12:50:00-04:00,193.72999572753906,193.89639282226562,193.63999938964844,193.8914031982422,265710,NVDA,NVIDIA,Nasdaq,USD,20260703_115906
2026-07-02 12:51:00-04:00,193.86000061035156,193.86500549316406,193.67999267578125,193.72999572753906,197526,NVDA,NVIDIA,Nasdaq,USD,20260703_115906
2026-07-02 12:52:00-04:00,193.99000549316406,194.0,193.75999450683594,193.83999633789062,197091,NVDA,NVIDIA,Nasdaq,USD,20260703_115906
2026-07-02 12:53:00-04:00,193.8249969482422,194.0500030517578,193.74000549316406,193.97999572753906,174992,NVDA,NVIDIA,Nasdaq,USD,20260703_115906
2026-07-02 12:54:00-04:00,193.86990356445312,194.0050048828125,193.81509399414062,193.83999633789062,148694,NVDA,NVIDIA,Nasdaq,USD,20260703_115906
2026-07-02 12:55:00-04:00,193.61500549316406,193.87750244140625,193.57009887695312,193.8699951171875,220408,NVDA,NVIDIA,Nasdaq,USD,20260703_115906
2026-07-02 12:56:00-04:00,193.29010009765625,193.62989807128906,193.27000427246094,193.62989807128906,271990,NVDA,NVIDIA,Nasdaq,USD,20260703_115906
2026-07-02 12:57:00-04:00,193.2100067138672,193.41000366210938,193.1999969482422,193.2899932861328,182074,NVDA,NVIDIA,Nasdaq,USD,20260703_115906
2026-07-02 12:58:00-04:00,193.32000732421875,193.33999633789062,193.1300048828125,193.22000122070312,201441,NVDA,NVIDIA,Nasdaq,USD,20260703_115906
2026-07-02 12:59:00-04:00,193.49000549316406,193.5399932861328,193.30999755859375,193.32000732421875,165575,NVDA,NVIDIA,Nasdaq,USD,20260703_115906
2026-07-02 13:00:00-04:00,193.11000061035156,193.50999450683594,193.10009765625,193.5,184422,NVDA,NVIDIA,Nasdaq,USD,20260703_115906
2026-07-02 13:01:00-04:00,193.01499938964844,193.22999572753906,192.9199981689453,193.11000061035156,605688,NVDA,NVIDIA,Nasdaq,USD,20260703_115906
2026-07-02 13:02:00-04:00,193.03500366210938,193.26499938964844,192.99000549316406,193.02000427246094,284821,NVDA,NVIDIA,Nasdaq,USD,20260703_115906
2026-07-02 13:03:00-04:00,193.02999877929688,193.0500030517578,192.8800048828125,193.02499389648438,230921,NVDA,NVIDIA,Nasdaq,USD,20260703_115906
2026-07-02 13:04:00-04:00,193.0500030517578,193.07989501953125,192.88999938964844,193.02999877929688,179406,NVDA,NVIDIA,Nasdaq,USD,20260703_115906
2026-07-02 13:05:00-04:00,193.27000427246094,193.27000427246094,192.88999938964844,193.0500030517578,277843,NVDA,NVIDIA,Nasdaq,USD,20260703_115906
2026-07-02 13:06:00-04:00,193.5399932861328,193.5500030517578,193.2205047607422,193.27000427246094,221653,NVDA,NVIDIA,Nasdaq,USD,20260703_115906
2026-07-02 13:07:00-04:00,193.58999633789062,193.72000122070312,193.50999450683594,193.5449981689453,149253,NVDA,NVIDIA,Nasdaq,USD,20260703_115906
2026-07-02 13:08:00-04:00,193.41000366210938,193.60000610351562,193.22000122070312,193.60000610351562,205746,NVDA,NVIDIA,Nasdaq,USD,20260703_115906
2026-07-02 13:09:00-04:00,193.2100067138672,193.4600067138672,193.19000244140625,193.41000366210938,151649,NVDA,NVIDIA,Nasdaq,USD,20260703_115906
2026-07-02 13:10:00-04:00,193.2100067138672,193.33999633789062,193.07009887695312,193.20030212402344,142359,NVDA,NVIDIA,Nasdaq,USD,20260703_115906
2026-07-02 13:11:00-04:00,193.2449951171875,193.25999450683594,193.14999389648438,193.20989990234375,117817,NVDA,NVIDIA,Nasdaq,USD,20260703_115906
2026-07-02 13:12:00-04:00,193.02999877929688,193.29049682617188,193.01010131835938,193.24000549316406,175710,NVDA,NVIDIA,Nasdaq,USD,20260703_115906
2026-07-02 13:13:00-04:00,192.97000122070312,193.11500549316406,192.8800048828125,193.00999450683594,285104,NVDA,NVIDIA,Nasdaq,USD,20260703_115906
2026-07-02 13:14:00-04:00,193.0749969482422,193.22999572753906,192.97000122070312,192.97999572753906,190420,NVDA,NVIDIA,Nasdaq,USD,20260703_115906
2026-07-02 13:15:00-04:00,192.92999267578125,193.07000732421875,192.9250030517578,193.07000732421875,191514,NVDA,NVIDIA,Nasdaq,USD,20260703_115906
2026-07-02 13:16:00-04:00,193.2100067138672,193.22000122070312,192.9300994873047,192.9398956298828,156032,NVDA,NVIDIA,Nasdaq,USD,20260703_115906
2026-07-02 13:17:00-04:00,193.1999969482422,193.40989685058594,193.16000366210938,193.22000122070312,224917,NVDA,NVIDIA,Nasdaq,USD,20260703_115906
2026-07-02 13:18:00-04:00,193.1999969482422,193.33999633789062,193.16000366210938,193.2100067138672,121758,NVDA,NVIDIA,Nasdaq,USD,20260703_115906
2026-07-02 13:19:00-04:00,193.0699005126953,193.22000122070312,193.02000427246094,193.2050018310547,136121,NVDA,NVIDIA,Nasdaq,USD,20260703_115906
2026-07-02 13:20:00-04:00,192.92999267578125,193.139892578125,192.91000366210938,193.05999755859375,209372,NVDA,NVIDIA,Nasdaq,USD,20260703_115906
2026-07-02 13:21:00-04:00,193.1199951171875,193.16000366210938,192.92999267578125,192.92999267578125,174340,NVDA,NVIDIA,Nasdaq,USD,20260703_115906
2026-07-02 13:22:00-04:00,193.1699981689453,193.35000610351562,193.11000061035156,193.1300048828125,147227,NVDA,NVIDIA,Nasdaq,USD,20260703_115906
2026-07-02 13:23:00-04:00,193.02000427246094,193.16200256347656,193.02000427246094,193.16000366210938,134225,NVDA,NVIDIA,Nasdaq,USD,20260703_115906
2026-07-02 13:24:00-04:00,192.9600067138672,193.13999938964844,192.91000366210938,193.02999877929688,173608,NVDA,NVIDIA,Nasdaq,USD,20260703_115906
2026-07-02 13:25:00-04:00,192.88999938964844,193.0500030517578,192.85000610351562,192.97000122070312,215949,NVDA,NVIDIA,Nasdaq,USD,20260703_115906
2026-07-02 13:26:00-04:00,192.83999633789062,193.0,192.76199340820312,192.88499450683594,185676,NVDA,NVIDIA,Nasdaq,USD,20260703_115906
2026-07-02 13:27:00-04:00,192.9250030517578,193.0,192.85000610351562,192.85000610351562,170779,NVDA,NVIDIA,Nasdaq,USD,20260703_115906
2026-07-02 13:28:00-04:00,193.0,193.02000427246094,192.89999389648438,192.92019653320312,201262,NVDA,NVIDIA,Nasdaq,USD,20260703_115906
2026-07-02 13:29:00-04:00,193.0500030517578,193.13999938964844,192.92999267578125,193.0,139498,NVDA,NVIDIA,Nasdaq,USD,20260703_115906
2026-07-02 13:30:00-04:00,193.02000427246094,193.1800994873047,193.02000427246094,193.0449981689453,189065,NVDA,NVIDIA,Nasdaq,USD,20260703_115906
2026-07-02 13:31:00-04:00,193.10000610351562,193.14990234375,193.01010131835938,193.02999877929688,120168,NVDA,NVIDIA,Nasdaq,USD,20260703_115906
2026-07-02 13:32:00-04:00,193.1649932861328,193.27999877929688,193.0601043701172,193.11000061035156,180018,NVDA,NVIDIA,Nasdaq,USD,20260703_115906
2026-07-02 13:33:00-04:00,193.0800018310547,193.23500061035156,193.01499938964844,193.1649932861328,144772,NVDA,NVIDIA,Nasdaq,USD,20260703_115906
2026-07-02 13:34:00-04:00,192.94000244140625,193.1699981689453,192.94000244140625,193.0800018310547,131762,NVDA,NVIDIA,Nasdaq,USD,20260703_115906
2026-07-02 13:35:00-04:00,192.90499877929688,193.02000427246094,192.72999572753906,192.92999267578125,230920,NVDA,NVIDIA,Nasdaq,USD,20260703_115906
2026-07-02 13:36:00-04:00,192.72999572753906,192.97000122070312,192.6699981689453,192.89500427246094,187402,NVDA,NVIDIA,Nasdaq,USD,20260703_115906
2026-07-02 13:37:00-04:00,192.66000366210938,192.75999450683594,192.60000610351562,192.74000549316406,162416,NVDA,NVIDIA,Nasdaq,USD,20260703_115906
2026-07-02 13:38:00-04:00,192.41000366210938,192.73300170898438,192.39500427246094,192.66000366210938,298980,NVDA,NVIDIA,Nasdaq,USD,20260703_115906
2026-07-02 13:39:00-04:00,192.3800048828125,192.5500030517578,192.36000061035156,192.4199981689453,204138,NVDA,NVIDIA,Nasdaq,USD,20260703_115906
2026-07-02 13:40:00-04:00,192.5605010986328,192.57000732421875,192.35000610351562,192.38999938964844,290634,NVDA,NVIDIA,Nasdaq,USD,20260703_115906
2026-07-02 13:41:00-04:00,192.9250030517578,193.02000427246094,192.54600524902344,192.54600524902344,238854,NVDA,NVIDIA,Nasdaq,USD,20260703_115906
2026-07-02 13:42:00-04:00,192.98500061035156,193.0399932861328,192.88009643554688,192.92999267578125,226534,NVDA,NVIDIA,Nasdaq,USD,20260703_115906
2026-07-02 13:43:00-04:00,192.9600067138672,192.99000549316406,192.82000732421875,192.9499969482422,140949,NVDA,NVIDIA,Nasdaq,USD,20260703_115906
2026-07-02 13:44:00-04:00,192.9499969482422,193.0399932861328,192.86000061035156,192.9600067138672,178894,NVDA,NVIDIA,Nasdaq,USD,20260703_115906
2026-07-02 13:45:00-04:00,192.78500366210938,193.0500030517578,192.76499938964844,192.9499969482422,179289,NVDA,NVIDIA,Nasdaq,USD,20260703_115906
2026-07-02 13:46:00-04:00,192.80999755859375,192.8800048828125,192.72999572753906,192.7899932861328,160466,NVDA,NVIDIA,Nasdaq,USD,20260703_115906
2026-07-02 13:47:00-04:00,192.6199951171875,192.82000732421875,192.61000061035156,192.8000030517578,189716,NVDA,NVIDIA,Nasdaq,USD,20260703_115906
2026-07-02 13:48:00-04:00,192.7949981689453,192.8699951171875,192.52000427246094,192.6199951171875,268587,NVDA,NVIDIA,Nasdaq,USD,20260703_115906
2026-07-02 13:49:00-04:00,192.83999633789062,192.92999267578125,192.7899932861328,192.7949981689453,167361,NVDA,NVIDIA,Nasdaq,USD,20260703_115906
2026-07-02 13:50:00-04:00,192.80999755859375,192.88999938964844,192.66000366210938,192.82000732421875,191699,NVDA,NVIDIA,Nasdaq,USD,20260703_115906
2026-07-02 13:51:00-04:00,192.85499572753906,192.94000244140625,192.72500610351562,192.80999755859375,180512,NVDA,NVIDIA,Nasdaq,USD,20260703_115906
2026-07-02 13:52:00-04:00,192.86000061035156,192.88999938964844,192.6699981689453,192.85499572753906,144725,NVDA,NVIDIA,Nasdaq,USD,20260703_115906
2026-07-02 13:53:00-04:00,192.8800048828125,192.92999267578125,192.83999633789062,192.86000061035156,104779,NVDA,NVIDIA,Nasdaq,USD,20260703_115906
2026-07-02 13:54:00-04:00,193.05999755859375,193.1199951171875,192.8800048828125,192.88999938964844,206035,NVDA,NVIDIA,Nasdaq,USD,20260703_115906
2026-07-02 13:55:00-04:00,192.97999572753906,193.14999389648438,192.9499969482422,193.0850067138672,173131,NVDA,NVIDIA,Nasdaq,USD,20260703_115906
2026-07-02 13:56:00-04:00,192.83999633789062,192.97999572753906,192.77999877929688,192.97000122070312,136024,NVDA,NVIDIA,Nasdaq,USD,20260703_115906
2026-07-02 13:57:00-04:00,192.77000427246094,192.91000366210938,192.7301025390625,192.85000610351562,128305,NVDA,NVIDIA,Nasdaq,USD,20260703_115906
2026-07-02 13:58:00-04:00,192.5399932861328,192.75999450683594,192.52000427246094,192.75999450683594,192004,NVDA,NVIDIA,Nasdaq,USD,20260703_115906
2026-07-02 13:59:00-04:00,192.5449981689453,192.63499450683594,192.38999938964844,192.5449981689453,271220,NVDA,NVIDIA,Nasdaq,USD,20260703_115906
2026-07-02 14:00:00-04:00,192.7100067138672,192.73500061035156,192.5,192.5449981689453,269699,NVDA,NVIDIA,Nasdaq,USD,20260703_115906
2026-07-02 14:01:00-04:00,192.74000549316406,192.8000030517578,192.62010192871094,192.6999969482422,214208,NVDA,NVIDIA,Nasdaq,USD,20260703_115906
2026-07-02 14:02:00-04:00,192.7100067138672,192.77999877929688,192.6699981689453,192.74000549316406,121572,NVDA,NVIDIA,Nasdaq,USD,20260703_115906
2026-07-02 14:03:00-04:00,192.7100067138672,192.74989318847656,192.66000366210938,192.70989990234375,138919,NVDA,NVIDIA,Nasdaq,USD,20260703_115906
2026-07-02 14:04:00-04:00,192.85499572753906,192.86000061035156,192.6699981689453,192.7100067138672,148748,NVDA,NVIDIA,Nasdaq,USD,20260703_115906
2026-07-02 14:05:00-04:00,193.072998046875,193.1699981689453,192.85000610351562,192.85499572753906,206057,NVDA,NVIDIA,Nasdaq,USD,20260703_115906
2026-07-02 14:06:00-04:00,193.36000061035156,193.4698028564453,193.0,193.07000732421875,293348,NVDA,NVIDIA,Nasdaq,USD,20260703_115906
2026-07-02 14:07:00-04:00,193.22500610351562,193.38499450683594,193.22000122070312,193.35000610351562,187301,NVDA,NVIDIA,Nasdaq,USD,20260703_115906
2026-07-02 14:08:00-04:00,193.30520629882812,193.3300018310547,193.17999267578125,193.2299041748047,155769,NVDA,NVIDIA,Nasdaq,USD,20260703_115906
2026-07-02 14:09:00-04:00,193.4949951171875,193.50999450683594,193.27999877929688,193.32000732421875,182859,NVDA,NVIDIA,Nasdaq,USD,20260703_115906
2026-07-02 14:10:00-04:00,193.610107421875,193.6999053955078,193.4499969482422,193.49009704589844,289482,NVDA,NVIDIA,Nasdaq,USD,20260703_115906
2026-07-02 14:11:00-04:00,193.5449981689453,193.6999969482422,193.48199462890625,193.6199951171875,168964,NVDA,NVIDIA,Nasdaq,USD,20260703_115906
2026-07-02 14:12:00-04:00,193.58999633789062,193.64999389648438,193.48500061035156,193.5449981689453,178580,NVDA,NVIDIA,Nasdaq,USD,20260703_115906
2026-07-02 14:13:00-04:00,193.375,193.59640502929688,193.37010192871094,193.5800018310547,146119,NVDA,NVIDIA,Nasdaq,USD,20260703_115906
2026-07-02 14:14:00-04:00,193.19509887695312,193.4199981689453,193.14999389648438,193.375,173612,NVDA,NVIDIA,Nasdaq,USD,20260703_115906
2026-07-02 14:15:00-04:00,193.1750030517578,193.25,193.0019989013672,193.19009399414062,192053,NVDA,NVIDIA,Nasdaq,USD,20260703_115906
2026-07-02 14:16:00-04:00,193.1403045654297,193.22999572753906,193.0500030517578,193.17999267578125,158157,NVDA,NVIDIA,Nasdaq,USD,20260703_115906
2026-07-02 14:17:00-04:00,192.82009887695312,193.14500427246094,192.80999755859375,193.14500427246094,227682,NVDA,NVIDIA,Nasdaq,USD,20260703_115906
2026-07-02 14:18:00-04:00,192.77499389648438,193.00990295410156,192.58999633789062,192.83999633789062,418312,NVDA,NVIDIA,Nasdaq,USD,20260703_115906
2026-07-02 14:19:00-04:00,192.92999267578125,192.9499969482422,192.74000549316406,192.7899932861328,180077,NVDA,NVIDIA,Nasdaq,USD,20260703_115906
2026-07-02 14:20:00-04:00,193.10000610351562,193.1199951171875,192.8800048828125,192.91000366210938,183015,NVDA,NVIDIA,Nasdaq,USD,20260703_115906
2026-07-02 14:21:00-04:00,193.0500030517578,193.1999969482422,192.97000122070312,193.11000061035156,171769,NVDA,NVIDIA,Nasdaq,USD,20260703_115906
2026-07-02 14:22:00-04:00,193.19000244140625,193.27999877929688,193.02000427246094,193.04010009765625,158482,NVDA,NVIDIA,Nasdaq,USD,20260703_115906
2026-07-02 14:23:00-04:00,193.14999389648438,193.19000244140625,193.07009887695312,193.19000244140625,139139,NVDA,NVIDIA,Nasdaq,USD,20260703_115906
2026-07-02 14:24:00-04:00,193.30799865722656,193.32000732421875,193.14500427246094,193.14999389648438,127624,NVDA,NVIDIA,Nasdaq,USD,20260703_115906
2026-07-02 14:25:00-04:00,193.3300018310547,193.55999755859375,193.2899932861328,193.30499267578125,212980,NVDA,NVIDIA,Nasdaq,USD,20260703_115906
2026-07-02 14:26:00-04:00,193.56500244140625,193.58999633789062,193.25999450683594,193.32000732421875,182312,NVDA,NVIDIA,Nasdaq,USD,20260703_115906
2026-07-02 14:27:00-04:00,193.5399932861328,193.6699981689453,193.47000122070312,193.56500244140625,157912,NVDA,NVIDIA,Nasdaq,USD,20260703_115906
2026-07-02 14:28:00-04:00,193.66000366210938,193.72509765625,193.52999877929688,193.5399932861328,175982,NVDA,NVIDIA,Nasdaq,USD,20260703_115906
2026-07-02 14:29:00-04:00,193.76260375976562,193.86000061035156,193.63999938964844,193.66000366210938,288846,NVDA,NVIDIA,Nasdaq,USD,20260703_115906
2026-07-02 14:30:00-04:00,193.77650451660156,193.88499450683594,193.64999389648438,193.75999450683594,162010,NVDA,NVIDIA,Nasdaq,USD,20260703_115906
2026-07-02 14:31:00-04:00,193.87010192871094,193.88999938964844,193.75,193.77459716796875,142238,NVDA,NVIDIA,Nasdaq,USD,20260703_115906
2026-07-02 14:32:00-04:00,193.8350067138672,193.88999938964844,193.69000244140625,193.875,198173,NVDA,NVIDIA,Nasdaq,USD,20260703_115906
2026-07-02 14:33:00-04:00,193.83999633789062,193.9499969482422,193.82000732421875,193.8300018310547,204983,NVDA,NVIDIA,Nasdaq,USD,20260703_115906
2026-07-02 14:34:00-04:00,193.60000610351562,193.83999633789062,193.5399932861328,193.83009338378906,227574,NVDA,NVIDIA,Nasdaq,USD,20260703_115906
2026-07-02 14:35:00-04:00,193.5399932861328,193.7100067138672,193.52499389648438,193.6199951171875,165906,NVDA,NVIDIA,Nasdaq,USD,20260703_115906
2026-07-02 14:36:00-04:00,193.39999389648438,193.55999755859375,193.38999938964844,193.5449981689453,145526,NVDA,NVIDIA,Nasdaq,USD,20260703_115906
2026-07-02 14:37:00-04:00,193.5399932861328,193.57899475097656,193.38499450683594,193.41000366210938,104166,NVDA,NVIDIA,Nasdaq,USD,20260703_115906
2026-07-02 14:38:00-04:00,193.44000244140625,193.64999389648438,193.41000366210938,193.5341033935547,159247,NVDA,NVIDIA,Nasdaq,USD,20260703_115906
2026-07-02 14:39:00-04:00,193.46499633789062,193.52000427246094,193.36000061035156,193.4300994873047,110186,NVDA,NVIDIA,Nasdaq,USD,20260703_115906
2026-07-02 14:40:00-04:00,193.48500061035156,193.52000427246094,193.40499877929688,193.47000122070312,203991,NVDA,NVIDIA,Nasdaq,USD,20260703_115906
2026-07-02 14:41:00-04:00,193.36000061035156,193.50999450683594,193.3300018310547,193.49000549316406,108893,NVDA,NVIDIA,Nasdaq,USD,20260703_115906
2026-07-02 14:42:00-04:00,193.3800048828125,193.4499969482422,193.35989379882812,193.35989379882812,191310,NVDA,NVIDIA,Nasdaq,USD,20260703_115906
2026-07-02 14:43:00-04:00,193.3800048828125,193.4499969482422,193.30999755859375,193.3699951171875,149408,NVDA,NVIDIA,Nasdaq,USD,20260703_115906
2026-07-02 14:44:00-04:00,193.22500610351562,193.45849609375,193.20069885253906,193.40989685058594,110929,NVDA,NVIDIA,Nasdaq,USD,20260703_115906
2026-07-02 14:45:00-04:00,192.9290008544922,193.2299041748047,192.89999389648438,193.22000122070312,254721,NVDA,NVIDIA,Nasdaq,USD,20260703_115906
2026-07-02 14:46:00-04:00,192.99000549316406,193.0800018310547,192.9199981689453,192.9250030517578,246862,NVDA,NVIDIA,Nasdaq,USD,20260703_115906
2026-07-02 14:47:00-04:00,193.2050018310547,193.22999572753906,192.99000549316406,192.99000549316406,216640,NVDA,NVIDIA,Nasdaq,USD,20260703_115906
2026-07-02 14:48:00-04:00,193.3800048828125,193.38999938964844,193.17999267578125,193.1999969482422,134476,NVDA,NVIDIA,Nasdaq,USD,20260703_115906
2026-07-02 14:49:00-04:00,193.44979858398438,193.4600067138672,193.33999633789062,193.375,153155,NVDA,NVIDIA,Nasdaq,USD,20260703_115906
2026-07-02 14:50:00-04:00,193.52999877929688,193.53990173339844,193.33160400390625,193.44000244140625,137213,NVDA,NVIDIA,Nasdaq,USD,20260703_115906
2026-07-02 14:51:00-04:00,193.57000732421875,193.6699981689453,193.52000427246094,193.53419494628906,136182,NVDA,NVIDIA,Nasdaq,USD,20260703_115906
2026-07-02 14:52:00-04:00,193.69000244140625,193.75999450683594,193.5605010986328,193.5749969482422,181554,NVDA,NVIDIA,Nasdaq,USD,20260703_115906
2026-07-02 14:53:00-04:00,193.49000549316406,193.69000244140625,193.42999267578125,193.67999267578125,157322,NVDA,NVIDIA,Nasdaq,USD,20260703_115906
2026-07-02 14:54:00-04:00,193.4600067138672,193.5399932861328,193.4001007080078,193.49989318847656,139953,NVDA,NVIDIA,Nasdaq,USD,20260703_115906
2026-07-02 14:55:00-04:00,193.56500244140625,193.57029724121094,193.4149932861328,193.4600067138672,154005,NVDA,NVIDIA,Nasdaq,USD,20260703_115906
2026-07-02 14:56:00-04:00,193.3800048828125,193.67999267578125,193.26499938964844,193.57000732421875,294773,NVDA,NVIDIA,Nasdaq,USD,20260703_115906
2026-07-02 14:57:00-04:00,193.4976043701172,193.54010009765625,193.36000061035156,193.38999938964844,147751,NVDA,NVIDIA,Nasdaq,USD,20260703_115906
2026-07-02 14:58:00-04:00,193.35000610351562,193.5749969482422,193.30999755859375,193.49000549316406,139967,NVDA,NVIDIA,Nasdaq,USD,20260703_115906
2026-07-02 14:59:00-04:00,193.42999267578125,193.4499969482422,193.22000122070312,193.3459014892578,131781,NVDA,NVIDIA,Nasdaq,USD,20260703_115906
2026-07-02 15:00:00-04:00,193.24000549316406,193.52999877929688,193.24000549316406,193.4199981689453,150753,NVDA,NVIDIA,Nasdaq,USD,20260703_115906
2026-07-02 15:01:00-04:00,193.17999267578125,193.27999877929688,193.0800018310547,193.22000122070312,162494,NVDA,NVIDIA,Nasdaq,USD,20260703_115906
2026-07-02 15:02:00-04:00,193.25999450683594,193.36000061035156,193.1300048828125,193.18499755859375,227509,NVDA,NVIDIA,Nasdaq,USD,20260703_115906
2026-07-02 15:03:00-04:00,193.16000366210938,193.3101043701172,193.14999389648438,193.2550048828125,98439,NVDA,NVIDIA,Nasdaq,USD,20260703_115906
2026-07-02 15:04:00-04:00,192.7899932861328,193.21499633789062,192.72999572753906,193.15859985351562,292271,NVDA,NVIDIA,Nasdaq,USD,20260703_115906
2026-07-02 15:05:00-04:00,192.72000122070312,192.88999938964844,192.64500427246094,192.78500366210938,212416,NVDA,NVIDIA,Nasdaq,USD,20260703_115906
2026-07-02 15:06:00-04:00,192.85000610351562,192.97000122070312,192.6501007080078,192.7100067138672,220049,NVDA,NVIDIA,Nasdaq,USD,20260703_115906
2026-07-02 15:07:00-04:00,192.6699981689453,192.88999938964844,192.57000732421875,192.83999633789062,235237,NVDA,NVIDIA,Nasdaq,USD,20260703_115906
2026-07-02 15:08:00-04:00,192.6699981689453,192.75,192.61000061035156,192.66000366210938,120159,NVDA,NVIDIA,Nasdaq,USD,20260703_115906
2026-07-02 15:09:00-04:00,192.67999267578125,192.77000427246094,192.6300048828125,192.6699981689453,161113,NVDA,NVIDIA,Nasdaq,USD,20260703_115906
2026-07-02 15:10:00-04:00,192.7050018310547,192.75999450683594,192.52999877929688,192.67999267578125,175005,NVDA,NVIDIA,Nasdaq,USD,20260703_115906
2026-07-02 15:11:00-04:00,192.77999877929688,192.8300018310547,192.64999389648438,192.7100067138672,192885,NVDA,NVIDIA,Nasdaq,USD,20260703_115906
2026-07-02 15:12:00-04:00,192.82000732421875,192.88999938964844,192.7050018310547,192.77000427246094,175185,NVDA,NVIDIA,Nasdaq,USD,20260703_115906
2026-07-02 15:13:00-04:00,192.80999755859375,192.9196014404297,192.77000427246094,192.81500244140625,145774,NVDA,NVIDIA,Nasdaq,USD,20260703_115906
2026-07-02 15:14:00-04:00,192.88009643554688,192.97999572753906,192.75,192.80499267578125,174507,NVDA,NVIDIA,Nasdaq,USD,20260703_115906
2026-07-02 15:15:00-04:00,192.96009826660156,193.0399932861328,192.83009338378906,192.88499450683594,222041,NVDA,NVIDIA,Nasdaq,USD,20260703_115906
2026-07-02 15:16:00-04:00,192.88499450683594,192.97970581054688,192.7899932861328,192.96730041503906,150351,NVDA,NVIDIA,Nasdaq,USD,20260703_115906
2026-07-02 15:17:00-04:00,192.88499450683594,192.92999267578125,192.81500244140625,192.84500122070312,137979,NVDA,NVIDIA,Nasdaq,USD,20260703_115906
2026-07-02 15:18:00-04:00,192.9149932861328,192.9600067138672,192.7801055908203,192.8699951171875,158089,NVDA,NVIDIA,Nasdaq,USD,20260703_115906
2026-07-02 15:19:00-04:00,193.0500030517578,193.21499633789062,192.9199981689453,192.9199981689453,276504,NVDA,NVIDIA,Nasdaq,USD,20260703_115906
2026-07-02 15:20:00-04:00,192.91000366210938,193.1199951171875,192.8800048828125,193.0800018310547,207155,NVDA,NVIDIA,Nasdaq,USD,20260703_115906
2026-07-02 15:21:00-04:00,192.9199981689453,193.0299072265625,192.8300018310547,192.89999389648438,176511,NVDA,NVIDIA,Nasdaq,USD,20260703_115906
2026-07-02 15:22:00-04:00,192.8354949951172,192.98500061035156,192.81500244140625,192.9250030517578,244941,NVDA,NVIDIA,Nasdaq,USD,20260703_115906
2026-07-02 15:23:00-04:00,192.8300018310547,192.9499053955078,192.72000122070312,192.8249969482422,208355,NVDA,NVIDIA,Nasdaq,USD,20260703_115906
2026-07-02 15:24:00-04:00,192.80999755859375,192.86500549316406,192.7200927734375,192.8350067138672,161628,NVDA,NVIDIA,Nasdaq,USD,20260703_115906
2026-07-02 15:25:00-04:00,192.77999877929688,192.83999633789062,192.6999969482422,192.80999755859375,192913,NVDA,NVIDIA,Nasdaq,USD,20260703_115906
2026-07-02 15:26:00-04:00,192.80999755859375,192.8300018310547,192.64999389648438,192.7899932861328,263189,NVDA,NVIDIA,Nasdaq,USD,20260703_115906
2026-07-02 15:27:00-04:00,192.8000030517578,192.9600067138672,192.76499938964844,192.80999755859375,293004,NVDA,NVIDIA,Nasdaq,USD,20260703_115906
2026-07-02 15:28:00-04:00,193.15499877929688,193.23500061035156,192.77000427246094,192.7899932861328,270882,NVDA,NVIDIA,Nasdaq,USD,20260703_115906
2026-07-02 15:29:00-04:00,193.10499572753906,193.3300018310547,193.09010314941406,193.15499877929688,309534,NVDA,NVIDIA,Nasdaq,USD,20260703_115906
2026-07-02 15:30:00-04:00,193.35000610351562,193.36000061035156,193.06500244140625,193.11500549316406,296049,NVDA,NVIDIA,Nasdaq,USD,20260703_115906
2026-07-02 15:31:00-04:00,193.2550048828125,193.42999267578125,193.15499877929688,193.36000061035156,221978,NVDA,NVIDIA,Nasdaq,USD,20260703_115906
2026-07-02 15:32:00-04:00,193.30999755859375,193.4199981689453,193.2449951171875,193.2550048828125,206537,NVDA,NVIDIA,Nasdaq,USD,20260703_115906
2026-07-02 15:33:00-04:00,193.4250030517578,193.52000427246094,193.30999755859375,193.30999755859375,235550,NVDA,NVIDIA,Nasdaq,USD,20260703_115906
2026-07-02 15:34:00-04:00,193.54910278320312,193.5800018310547,193.3699951171875,193.42999267578125,218227,NVDA,NVIDIA,Nasdaq,USD,20260703_115906
2026-07-02 15:35:00-04:00,193.5800018310547,193.67999267578125,193.47000122070312,193.5399932861328,241612,NVDA,NVIDIA,Nasdaq,USD,20260703_115906
2026-07-02 15:36:00-04:00,193.47999572753906,193.60499572753906,193.42999267578125,193.57000732421875,279476,NVDA,NVIDIA,Nasdaq,USD,20260703_115906
2026-07-02 15:37:00-04:00,193.61000061035156,193.61399841308594,193.32000732421875,193.5,265266,NVDA,NVIDIA,Nasdaq,USD,20260703_115906
2026-07-02 15:38:00-04:00,193.69500732421875,193.8000030517578,193.57000732421875,193.6199951171875,253882,NVDA,NVIDIA,Nasdaq,USD,20260703_115906
2026-07-02 15:39:00-04:00,193.67999267578125,193.77999877929688,193.5749969482422,193.69009399414062,209360,NVDA,NVIDIA,Nasdaq,USD,20260703_115906
2026-07-02 15:40:00-04:00,193.69000244140625,193.72000122070312,193.51499938964844,193.67999267578125,196956,NVDA,NVIDIA,Nasdaq,USD,20260703_115906
2026-07-02 15:41:00-04:00,193.5325927734375,193.6999969482422,193.53050231933594,193.68499755859375,177102,NVDA,NVIDIA,Nasdaq,USD,20260703_115906
2026-07-02 15:42:00-04:00,193.59500122070312,193.6199951171875,193.44000244140625,193.5399932861328,244525,NVDA,NVIDIA,Nasdaq,USD,20260703_115906
2026-07-02 15:43:00-04:00,193.60499572753906,193.66000366210938,193.5449981689453,193.5959930419922,211837,NVDA,NVIDIA,Nasdaq,USD,20260703_115906
2026-07-02 15:44:00-04:00,193.6649932861328,193.75,193.52999877929688,193.60000610351562,229451,NVDA,NVIDIA,Nasdaq,USD,20260703_115906
2026-07-02 15:45:00-04:00,193.52999877929688,193.7449951171875,193.52999877929688,193.66000366210938,245181,NVDA,NVIDIA,Nasdaq,USD,20260703_115906
2026-07-02 15:46:00-04:00,193.52499389648438,193.64999389648438,193.41000366210938,193.52000427246094,348108,NVDA,NVIDIA,Nasdaq,USD,20260703_115906
2026-07-02 15:47:00-04:00,193.5449981689453,193.69000244140625,193.49000549316406,193.52999877929688,202418,NVDA,NVIDIA,Nasdaq,USD,20260703_115906
2026-07-02 15:48:00-04:00,193.57000732421875,193.61000061035156,193.4949951171875,193.5449981689453,811162,NVDA,NVIDIA,Nasdaq,USD,20260703_115906
2026-07-02 15:49:00-04:00,193.6300048828125,193.63499450683594,193.42999267578125,193.5625,309647,NVDA,NVIDIA,Nasdaq,USD,20260703_115906
2026-07-02 15:50:00-04:00,194.14999389648438,194.97999572753906,193.63999938964844,193.63999938964844,1132749,NVDA,NVIDIA,Nasdaq,USD,20260703_115906
2026-07-02 15:51:00-04:00,194.0850067138672,194.2100067138672,193.9499969482422,194.14999389648438,458008,NVDA,NVIDIA,Nasdaq,USD,20260703_115906
2026-07-02 15:52:00-04:00,194.02000427246094,194.1649932861328,193.91000366210938,194.0800018310547,398246,NVDA,NVIDIA,Nasdaq,USD,20260703_115906
2026-07-02 15:53:00-04:00,194.0800018310547,194.25999450683594,193.9300994873047,194.02999877929688,442665,NVDA,NVIDIA,Nasdaq,USD,20260703_115906
2026-07-02 15:54:00-04:00,194.67799377441406,194.67999267578125,194.02999877929688,194.08999633789062,679212,NVDA,NVIDIA,Nasdaq,USD,20260703_115906
2026-07-02 15:55:00-04:00,194.75070190429688,194.75999450683594,194.22999572753906,194.6699981689453,1006180,NVDA,NVIDIA,Nasdaq,USD,20260703_115906
2026-07-02 15:56:00-04:00,194.60499572753906,194.75999450683594,194.5500030517578,194.75,664992,NVDA,NVIDIA,Nasdaq,USD,20260703_115906
2026-07-02 15:57:00-04:00,194.7449951171875,194.80999755859375,194.60499572753906,194.60499572753906,869429,NVDA,NVIDIA,Nasdaq,USD,20260703_115906
2026-07-02 15:58:00-04:00,194.8300018310547,194.84500122070312,194.6699981689453,194.7449951171875,956771,NVDA,NVIDIA,Nasdaq,USD,20260703_115906
2026-07-02 15:59:00-04:00,194.6199951171875,195.0,194.33999633789062,194.8350067138672,3080294,NVDA,NVIDIA,Nasdaq,USD,20260703_115906
2026-07-02 09:30:00-04:00,197.72999572753906,197.98989868164062,196.77999877929688,197.14999389648438,4231642,NVDA,NVIDIA,Nasdaq,USD,20260703_140048
2026-07-02 09:31:00-04:00,197.97000122070312,198.0,197.16000366210938,197.70599365234375,420062,NVDA,NVIDIA,Nasdaq,USD,20260703_140048
2026-07-02 09:32:00-04:00,198.0850067138672,198.39999389648438,197.80099487304688,197.94000244140625,2038069,NVDA,NVIDIA,Nasdaq,USD,20260703_140048
2026-07-02 09:33:00-04:00,198.42999267578125,198.69000244140625,197.8000030517578,198.10000610351562,477126,NVDA,NVIDIA,Nasdaq,USD,20260703_140048
2026-07-02 09:34:00-04:00,198.375,198.60989379882812,198.0500030517578,198.4199981689453,358194,NVDA,NVIDIA,Nasdaq,USD,20260703_140048
2026-07-02 09:35:00-04:00,198.25,198.3699951171875,197.9199981689453,198.3699951171875,319553,NVDA,NVIDIA,Nasdaq,USD,20260703_140048
2026-07-02 09:36:00-04:00,198.35000610351562,198.39999389648438,197.92999267578125,198.25,383331,NVDA,NVIDIA,Nasdaq,USD,20260703_140048
2026-07-02 09:37:00-04:00,198.11000061035156,198.52499389648438,198.0800018310547,198.3249969482422,349771,NVDA,NVIDIA,Nasdaq,USD,20260703_140048
2026-07-02 09:38:00-04:00,197.9250030517578,198.14999389648438,197.51499938964844,198.10000610351562,346828,NVDA,NVIDIA,Nasdaq,USD,20260703_140048
2026-07-02 09:39:00-04:00,197.77999877929688,198.02000427246094,197.6699981689453,197.93499755859375,289771,NVDA,NVIDIA,Nasdaq,USD,20260703_140048
2026-07-02 09:40:00-04:00,197.63999938964844,198.08999633789062,197.5800018310547,197.75999450683594,251786,NVDA,NVIDIA,Nasdaq,USD,20260703_140048
2026-07-02 09:41:00-04:00,198.19500732421875,198.2899932861328,197.5500030517578,197.64019775390625,322390,NVDA,NVIDIA,Nasdaq,USD,20260703_140048
2026-07-02 09:42:00-04:00,198.05999755859375,198.3000030517578,197.97999572753906,198.13510131835938,288761,NVDA,NVIDIA,Nasdaq,USD,20260703_140048
2026-07-02 09:43:00-04:00,198.17950439453125,198.27499389648438,197.9770050048828,198.03990173339844,322024,NVDA,NVIDIA,Nasdaq,USD,20260703_140048
2026-07-02 09:44:00-04:00,198.10000610351562,198.17999267578125,197.8000030517578,198.16000366210938,206656,NVDA,NVIDIA,Nasdaq,USD,20260703_140048
2026-07-02 09:45:00-04:00,197.9949951171875,198.36000061035156,197.8300018310547,198.11990356445312,320610,NVDA,NVIDIA,Nasdaq,USD,20260703_140048
2026-07-02 09:46:00-04:00,197.7100067138672,198.1199951171875,197.6999969482422,198.02000427246094,185282,NVDA,NVIDIA,Nasdaq,USD,20260703_140048
2026-07-02 09:47:00-04:00,198.1999969482422,198.24000549316406,197.61000061035156,197.6999969482422,345939,NVDA,NVIDIA,Nasdaq,USD,20260703_140048
2026-07-02 09:48:00-04:00,198.15499877929688,198.4499969482422,198.1199951171875,198.1699981689453,280413,NVDA,NVIDIA,Nasdaq,USD,20260703_140048
2026-07-02 09:49:00-04:00,198.35000610351562,198.57000732421875,198.00999450683594,198.13999938964844,299272,NVDA,NVIDIA,Nasdaq,USD,20260703_140048
2026-07-02 09:50:00-04:00,198.6699981689453,198.94000244140625,198.2270050048828,198.30499267578125,458795,NVDA,NVIDIA,Nasdaq,USD,20260703_140048
2026-07-02 09:51:00-04:00,198.6199951171875,198.80999755859375,198.47999572753906,198.61500549316406,300650,NVDA,NVIDIA,Nasdaq,USD,20260703_140048
2026-07-02 09:52:00-04:00,198.10000610351562,198.59979248046875,198.05999755859375,198.57000732421875,366131,NVDA,NVIDIA,Nasdaq,USD,20260703_140048
2026-07-02 09:53:00-04:00,197.60989379882812,198.22000122070312,197.5,198.09970092773438,681074,NVDA,NVIDIA,Nasdaq,USD,20260703_140048
2026-07-02 09:54:00-04:00,198.3800048828125,198.4600067138672,197.5,197.5800018310547,436333,NVDA,NVIDIA,Nasdaq,USD,20260703_140048
2026-07-02 09:55:00-04:00,198.69000244140625,198.69000244140625,198.02999877929688,198.3972930908203,473792,NVDA,NVIDIA,Nasdaq,USD,20260703_140048
2026-07-02 09:56:00-04:00,198.4600067138672,198.77499389648438,198.2100067138672,198.66000366210938,243356,NVDA,NVIDIA,Nasdaq,USD,20260703_140048
2026-07-02 09:57:00-04:00,198.36309814453125,198.5,198.22000122070312,198.4499969482422,197504,NVDA,NVIDIA,Nasdaq,USD,20260703_140048
2026-07-02 09:58:00-04:00,198.6199951171875,198.66079711914062,198.2700958251953,198.3800048828125,203982,NVDA,NVIDIA,Nasdaq,USD,20260703_140048
2026-07-02 09:59:00-04:00,198.85499572753906,198.89010620117188,198.57000732421875,198.610107421875,328489,NVDA,NVIDIA,Nasdaq,USD,20260703_140048
2026-07-02 10:00:00-04:00,198.84500122070312,198.9199981689453,198.5500030517578,198.89999389648438,307438,NVDA,NVIDIA,Nasdaq,USD,20260703_140048
2026-07-02 10:01:00-04:00,199.69000244140625,199.7100067138672,198.78700256347656,198.84500122070312,554863,NVDA,NVIDIA,Nasdaq,USD,20260703_140048
2026-07-02 10:02:00-04:00,199.97000122070312,200.0399932861328,199.64999389648438,199.69500732421875,805830,NVDA,NVIDIA,Nasdaq,USD,20260703_140048
2026-07-02 10:03:00-04:00,199.82000732421875,200.05499267578125,199.6999969482422,199.97000122070312,606783,NVDA,NVIDIA,Nasdaq,USD,20260703_140048
2026-07-02 10:04:00-04:00,199.53500366210938,199.80999755859375,199.42999267578125,199.80999755859375,389375,NVDA,NVIDIA,Nasdaq,USD,20260703_140048
2026-07-02 10:05:00-04:00,199.77999877929688,199.8300018310547,199.3800048828125,199.5500030517578,272437,NVDA,NVIDIA,Nasdaq,USD,20260703_140048
2026-07-02 10:06:00-04:00,199.44219970703125,199.81500244140625,199.34019470214844,199.8000030517578,245079,NVDA,NVIDIA,Nasdaq,USD,20260703_140048
2026-07-02 10:07:00-04:00,199.56500244140625,199.82000732421875,199.41000366210938,199.42999267578125,290260,NVDA,NVIDIA,Nasdaq,USD,20260703_140048
2026-07-02 10:08:00-04:00,199.0800018310547,199.5800018310547,199.02980041503906,199.5500030517578,307789,NVDA,NVIDIA,Nasdaq,USD,20260703_140048
2026-07-02 10:09:00-04:00,198.80999755859375,199.139892578125,198.6699981689453,199.0800018310547,328591,NVDA,NVIDIA,Nasdaq,USD,20260703_140048
2026-07-02 10:10:00-04:00,198.63999938964844,198.89999389648438,198.52000427246094,198.86000061035156,241939,NVDA,NVIDIA,Nasdaq,USD,20260703_140048
2026-07-02 10:11:00-04:00,198.74000549316406,198.88999938964844,198.5601043701172,198.6699981689453,237772,NVDA,NVIDIA,Nasdaq,USD,20260703_140048
2026-07-02 10:12:00-04:00,199.02000427246094,199.08990478515625,198.6649932861328,198.71499633789062,256771,NVDA,NVIDIA,Nasdaq,USD,20260703_140048
2026-07-02 10:13:00-04:00,199.1300048828125,199.27999877929688,198.9499969482422,199.0175018310547,236907,NVDA,NVIDIA,Nasdaq,USD,20260703_140048
2026-07-02 10:14:00-04:00,199.0330047607422,199.35499572753906,198.97999572753906,199.1300048828125,289103,NVDA,NVIDIA,Nasdaq,USD,20260703_140048
2026-07-02 10:15:00-04:00,198.9600067138672,199.05999755859375,198.80999755859375,199.03500366210938,206299,NVDA,NVIDIA,Nasdaq,USD,20260703_140048
2026-07-02 10:16:00-04:00,198.84320068359375,199.36349487304688,198.8300018310547,198.97000122070312,292232,NVDA,NVIDIA,Nasdaq,USD,20260703_140048
2026-07-02 10:17:00-04:00,198.7100067138672,199.0850067138672,198.7100067138672,198.88499450683594,196646,NVDA,NVIDIA,Nasdaq,USD,20260703_140048
2026-07-02 10:18:00-04:00,198.77000427246094,199.125,198.49200439453125,198.72079467773438,343445,NVDA,NVIDIA,Nasdaq,USD,20260703_140048
2026-07-02 10:19:00-04:00,199.2100067138672,199.25,198.6999969482422,198.77000427246094,284237,NVDA,NVIDIA,Nasdaq,USD,20260703_140048
2026-07-02 10:20:00-04:00,198.90499877929688,199.33999633789062,198.82009887695312,199.22999572753906,228322,NVDA,NVIDIA,Nasdaq,USD,20260703_140048
2026-07-02 10:21:00-04:00,198.9550018310547,199.27000427246094,198.8300018310547,198.91000366210938,199741,NVDA,NVIDIA,Nasdaq,USD,20260703_140048
2026-07-02 10:22:00-04:00,198.8300018310547,198.97000122070312,198.55039978027344,198.9199981689453,292424,NVDA,NVIDIA,Nasdaq,USD,20260703_140048
2026-07-02 10:23:00-04:00,198.86500549316406,199.0,198.50999450683594,198.81610107421875,259371,NVDA,NVIDIA,Nasdaq,USD,20260703_140048
2026-07-02 10:24:00-04:00,198.4801025390625,199.0,198.46009826660156,198.86500549316406,238362,NVDA,NVIDIA,Nasdaq,USD,20260703_140048
2026-07-02 10:25:00-04:00,198.57000732421875,198.64340209960938,198.235107421875,198.5050048828125,332142,NVDA,NVIDIA,Nasdaq,USD,20260703_140048
2026-07-02 10:26:00-04:00,198.57000732421875,198.74000549316406,198.4199981689453,198.5749969482422,255051,NVDA,NVIDIA,Nasdaq,USD,20260703_140048
2026-07-02 10:27:00-04:00,197.71499633789062,198.5850067138672,197.6649932861328,198.5800018310547,490738,NVDA,NVIDIA,Nasdaq,USD,20260703_140048
2026-07-02 10:28:00-04:00,197.66000366210938,197.8300018310547,197.44000244140625,197.75,456852,NVDA,NVIDIA,Nasdaq,USD,20260703_140048
2026-07-02 10:29:00-04:00,197.85000610351562,198.0,197.64999389648438,197.6750030517578,281383,NVDA,NVIDIA,Nasdaq,USD,20260703_140048
2026-07-02 10:30:00-04:00,197.90499877929688,198.1999969482422,197.57000732421875,197.88999938964844,413531,NVDA,NVIDIA,Nasdaq,USD,20260703_140048
2026-07-02 10:31:00-04:00,197.8800048828125,198.2050018310547,197.8699951171875,197.90499877929688,258599,NVDA,NVIDIA,Nasdaq,USD,20260703_140048
2026-07-02 10:32:00-04:00,197.52999877929688,198.1649932861328,197.47500610351562,197.9199981689453,249458,NVDA,NVIDIA,Nasdaq,USD,20260703_140048
2026-07-02 10:33:00-04:00,197.27999877929688,197.7899932861328,197.25,197.5399932861328,371719,NVDA,NVIDIA,Nasdaq,USD,20260703_140048
2026-07-02 10:34:00-04:00,196.75999450683594,197.44000244140625,196.66000366210938,197.3000030517578,488524,NVDA,NVIDIA,Nasdaq,USD,20260703_140048
2026-07-02 10:35:00-04:00,196.7100067138672,197.0,196.61000061035156,196.79010009765625,454063,NVDA,NVIDIA,Nasdaq,USD,20260703_140048
2026-07-02 10:36:00-04:00,197.17999267578125,197.19500732421875,196.61000061035156,196.70010375976562,353336,NVDA,NVIDIA,Nasdaq,USD,20260703_140048
2026-07-02 10:37:00-04:00,197.35000610351562,197.5095977783203,197.13499450683594,197.1649932861328,286034,NVDA,NVIDIA,Nasdaq,USD,20260703_140048
2026-07-02 10:38:00-04:00,197.17999267578125,197.36000061035156,197.07000732421875,197.36000061035156,245514,NVDA,NVIDIA,Nasdaq,USD,20260703_140048
2026-07-02 10:39:00-04:00,197.10000610351562,197.36000061035156,197.02000427246094,197.18499755859375,191679,NVDA,NVIDIA,Nasdaq,USD,20260703_140048
2026-07-02 10:40:00-04:00,197.07510375976562,197.2799072265625,196.9600067138672,197.10000610351562,230759,NVDA,NVIDIA,Nasdaq,USD,20260703_140048
2026-07-02 10:41:00-04:00,196.80999755859375,197.1240997314453,196.6999969482422,197.08999633789062,302746,NVDA,NVIDIA,Nasdaq,USD,20260703_140048
2026-07-02 10:42:00-04:00,196.30999755859375,196.8300018310547,196.30999755859375,196.8300018310547,474063,NVDA,NVIDIA,Nasdaq,USD,20260703_140048
2026-07-02 10:43:00-04:00,196.35499572753906,196.42999267578125,196.0800018310547,196.3249969482422,440670,NVDA,NVIDIA,Nasdaq,USD,20260703_140048
2026-07-02 10:44:00-04:00,196.4600067138672,196.60000610351562,196.19000244140625,196.3800048828125,373151,NVDA,NVIDIA,Nasdaq,USD,20260703_140048
2026-07-02 10:45:00-04:00,196.44000244140625,196.7899932861328,196.3699951171875,196.47000122070312,371831,NVDA,NVIDIA,Nasdaq,USD,20260703_140048
2026-07-02 10:46:00-04:00,196.5,196.5655975341797,196.1199951171875,196.4600067138672,335701,NVDA,NVIDIA,Nasdaq,USD,20260703_140048
2026-07-02 10:47:00-04:00,196.27000427246094,196.86000061035156,196.22999572753906,196.50999450683594,408428,NVDA,NVIDIA,Nasdaq,USD,20260703_140048
2026-07-02 10:48:00-04:00,195.9600067138672,196.39999389648438,195.860107421875,196.25,502233,NVDA,NVIDIA,Nasdaq,USD,20260703_140048
2026-07-02 10:49:00-04:00,196.4250030517578,196.63479614257812,195.91000366210938,195.93099975585938,409802,NVDA,NVIDIA,Nasdaq,USD,20260703_140048
2026-07-02 10:50:00-04:00,196.25509643554688,196.49000549316406,196.0500030517578,196.39999389648438,450270,NVDA,NVIDIA,Nasdaq,USD,20260703_140048
2026-07-02 10:51:00-04:00,196.22999572753906,196.58999633789062,196.08999633789062,196.25999450683594,413335,NVDA,NVIDIA,Nasdaq,USD,20260703_140048
2026-07-02 10:52:00-04:00,195.6300048828125,196.21499633789062,195.50999450683594,196.16009521484375,368106,NVDA,NVIDIA,Nasdaq,USD,20260703_140048
2026-07-02 10:53:00-04:00,195.47500610351562,195.75,195.2100067138672,195.6199951171875,554830,NVDA,NVIDIA,Nasdaq,USD,20260703_140048
2026-07-02 10:54:00-04:00,195.5,195.6300048828125,195.38999938964844,195.46670532226562,302087,NVDA,NVIDIA,Nasdaq,USD,20260703_140048
2026-07-02 10:55:00-04:00,195.89999389648438,196.0500030517578,195.50999450683594,195.50999450683594,370341,NVDA,NVIDIA,Nasdaq,USD,20260703_140048
2026-07-02 10:56:00-04:00,195.9250030517578,196.15989685058594,195.86000061035156,195.92999267578125,283990,NVDA,NVIDIA,Nasdaq,USD,20260703_140048
2026-07-02 10:57:00-04:00,195.72329711914062,195.9499969482422,195.6199951171875,195.9199981689453,259862,NVDA,NVIDIA,Nasdaq,USD,20260703_140048
2026-07-02 10:58:00-04:00,195.96180725097656,196.0299072265625,195.69000244140625,195.74000549316406,237048,NVDA,NVIDIA,Nasdaq,USD,20260703_140048
2026-07-02 10:59:00-04:00,196.24000549316406,196.2899932861328,195.95010375976562,195.95010375976562,271414,NVDA,NVIDIA,Nasdaq,USD,20260703_140048
2026-07-02 11:00:00-04:00,196.32000732421875,196.33999633789062,195.92999267578125,196.25,257412,NVDA,NVIDIA,Nasdaq,USD,20260703_140048
2026-07-02 11:01:00-04:00,196.2100067138672,196.47000122070312,196.2100067138672,196.30999755859375,323443,NVDA,NVIDIA,Nasdaq,USD,20260703_140048
2026-07-02 11:02:00-04:00,196.27499389648438,196.31500244140625,196.03500366210938,196.21499633789062,217168,NVDA,NVIDIA,Nasdaq,USD,20260703_140048
2026-07-02 11:03:00-04:00,195.9600067138672,196.45899963378906,195.92999267578125,196.30999755859375,244655,NVDA,NVIDIA,Nasdaq,USD,20260703_140048
2026-07-02 11:04:00-04:00,195.60000610351562,196.05999755859375,195.58999633789062,195.99000549316406,247935,NVDA,NVIDIA,Nasdaq,USD,20260703_140048
2026-07-02 11:05:00-04:00,195.44430541992188,195.77000427246094,195.44000244140625,195.61000061035156,510925,NVDA,NVIDIA,Nasdaq,USD,20260703_140048
2026-07-02 11:06:00-04:00,195.06500244140625,195.42999267578125,195.02999877929688,195.42999267578125,412482,NVDA,NVIDIA,Nasdaq,USD,20260703_140048
2026-07-02 11:07:00-04:00,194.7449951171875,195.1699981689453,194.7100067138672,195.06500244140625,791574,NVDA,NVIDIA,Nasdaq,USD,20260703_140048
2026-07-02 11:08:00-04:00,195.0050048828125,195.2899932861328,194.73300170898438,194.7899932861328,450243,NVDA,NVIDIA,Nasdaq,USD,20260703_140048
2026-07-02 11:09:00-04:00,194.9949951171875,195.1750030517578,194.86000061035156,194.9949951171875,346074,NVDA,NVIDIA,Nasdaq,USD,20260703_140048
2026-07-02 11:10:00-04:00,194.97999572753906,195.11500549316406,194.77239990234375,195.00999450683594,343247,NVDA,NVIDIA,Nasdaq,USD,20260703_140048
2026-07-02 11:11:00-04:00,195.31509399414062,195.39500427246094,194.91000366210938,194.98699951171875,529528,NVDA,NVIDIA,Nasdaq,USD,20260703_140048
2026-07-02 11:12:00-04:00,195.21499633789062,195.3699951171875,195.1999969482422,195.30999755859375,238524,NVDA,NVIDIA,Nasdaq,USD,20260703_140048
2026-07-02 11:13:00-04:00,195.23500061035156,195.42999267578125,195.1699981689453,195.1999969482422,225046,NVDA,NVIDIA,Nasdaq,USD,20260703_140048
2026-07-02 11:14:00-04:00,195.25999450683594,195.41000366210938,195.08999633789062,195.23500061035156,268686,NVDA,NVIDIA,Nasdaq,USD,20260703_140048
2026-07-02 11:15:00-04:00,195.08999633789062,195.4600067138672,195.0236053466797,195.27000427246094,245381,NVDA,NVIDIA,Nasdaq,USD,20260703_140048
2026-07-02 11:16:00-04:00,195.02499389648438,195.10000610351562,194.86000061035156,195.0800018310547,266227,NVDA,NVIDIA,Nasdaq,USD,20260703_140048
2026-07-02 11:17:00-04:00,195.00999450683594,195.23959350585938,194.85000610351562,195.0399932861328,257180,NVDA,NVIDIA,Nasdaq,USD,20260703_140048
2026-07-02 11:18:00-04:00,195.0800018310547,195.22999572753906,194.8000946044922,194.99000549316406,337696,NVDA,NVIDIA,Nasdaq,USD,20260703_140048
2026-07-02 11:19:00-04:00,195.0399932861328,195.0850067138672,194.9199981689453,195.06500244140625,229328,NVDA,NVIDIA,Nasdaq,USD,20260703_140048
2026-07-02 11:20:00-04:00,195.00999450683594,195.32000732421875,194.69000244140625,195.05990600585938,422910,NVDA,NVIDIA,Nasdaq,USD,20260703_140048
2026-07-02 11:21:00-04:00,194.875,195.0399932861328,194.8101043701172,195.00999450683594,305386,NVDA,NVIDIA,Nasdaq,USD,20260703_140048
2026-07-02 11:22:00-04:00,194.77499389648438,195.0500030517578,194.7100067138672,194.86000061035156,295402,NVDA,NVIDIA,Nasdaq,USD,20260703_140048
2026-07-02 11:23:00-04:00,194.7899932861328,194.89500427246094,194.6199951171875,194.77000427246094,292483,NVDA,NVIDIA,Nasdaq,USD,20260703_140048
2026-07-02 11:24:00-04:00,194.8249969482422,195.01499938964844,194.72000122070312,194.7873992919922,418271,NVDA,NVIDIA,Nasdaq,USD,20260703_140048
2026-07-02 11:25:00-04:00,194.5399932861328,194.86500549316406,194.4199981689453,194.83999633789062,459878,NVDA,NVIDIA,Nasdaq,USD,20260703_140048
2026-07-02 11:26:00-04:00,194.875,194.99000549316406,194.5399932861328,194.5500030517578,408411,NVDA,NVIDIA,Nasdaq,USD,20260703_140048
2026-07-02 11:27:00-04:00,195.0800018310547,195.1999053955078,194.8800048828125,194.8800048828125,286539,NVDA,NVIDIA,Nasdaq,USD,20260703_140048
2026-07-02 11:28:00-04:00,194.99000549316406,195.10989379882812,194.88999938964844,195.0749969482422,196961,NVDA,NVIDIA,Nasdaq,USD,20260703_140048
2026-07-02 11:29:00-04:00,194.7794952392578,195.00979614257812,194.77000427246094,194.97999572753906,189347,NVDA,NVIDIA,Nasdaq,USD,20260703_140048
2026-07-02 11:30:00-04:00,195.16000366210938,195.3699951171875,194.75999450683594,194.77999877929688,293633,NVDA,NVIDIA,Nasdaq,USD,20260703_140048
2026-07-02 11:31:00-04:00,195.22000122070312,195.27999877929688,194.94000244140625,195.14999389648438,237867,NVDA,NVIDIA,Nasdaq,USD,20260703_140048
2026-07-02 11:32:00-04:00,195.25950622558594,195.39999389648438,195.0906982421875,195.22000122070312,203372,NVDA,NVIDIA,Nasdaq,USD,20260703_140048
2026-07-02 11:33:00-04:00,195.38999938964844,195.47000122070312,195.25,195.25,271992,NVDA,NVIDIA,Nasdaq,USD,20260703_140048
2026-07-02 11:34:00-04:00,195.46499633789062,195.5800018310547,195.38499450683594,195.38499450683594,235765,NVDA,NVIDIA,Nasdaq,USD,20260703_140048
2026-07-02 11:35:00-04:00,195.69000244140625,195.8000030517578,195.41000366210938,195.47999572753906,309012,NVDA,NVIDIA,Nasdaq,USD,20260703_140048
2026-07-02 11:36:00-04:00,195.66990661621094,195.75,195.57049560546875,195.69000244140625,231564,NVDA,NVIDIA,Nasdaq,USD,20260703_140048
2026-07-02 11:37:00-04:00,195.6497039794922,195.7100067138672,195.5,195.64999389648438,194582,NVDA,NVIDIA,Nasdaq,USD,20260703_140048
2026-07-02 11:38:00-04:00,195.7550048828125,195.9199981689453,195.58279418945312,195.63499450683594,291310,NVDA,NVIDIA,Nasdaq,USD,20260703_140048
2026-07-02 11:39:00-04:00,195.5135040283203,195.7899932861328,195.51300048828125,195.75,192276,NVDA,NVIDIA,Nasdaq,USD,20260703_140048
2026-07-02 11:40:00-04:00,195.83999633789062,196.0,195.41000366210938,195.52999877929688,325330,NVDA,NVIDIA,Nasdaq,USD,20260703_140048
2026-07-02 11:41:00-04:00,195.51499938964844,195.8498992919922,195.44500732421875,195.8498992919922,274466,NVDA,NVIDIA,Nasdaq,USD,20260703_140048
2026-07-02 11:42:00-04:00,195.39999389648438,195.4949951171875,195.35000610351562,195.49000549316406,350207,NVDA,NVIDIA,Nasdaq,USD,20260703_140048
2026-07-02 11:43:00-04:00,195.13999938964844,195.41000366210938,195.07000732421875,195.40499877929688,339554,NVDA,NVIDIA,Nasdaq,USD,20260703_140048
2026-07-02 11:44:00-04:00,195.06509399414062,195.36000061035156,195.0399932861328,195.13999938964844,202725,NVDA,NVIDIA,Nasdaq,USD,20260703_140048
2026-07-02 11:45:00-04:00,195.31500244140625,195.39999389648438,195.0449981689453,195.0800018310547,159234,NVDA,NVIDIA,Nasdaq,USD,20260703_140048
2026-07-02 11:46:00-04:00,195.07000732421875,195.33999633789062,194.97000122070312,195.3105010986328,207915,NVDA,NVIDIA,Nasdaq,USD,20260703_140048
2026-07-02 11:47:00-04:00,195.05999755859375,195.16990661621094,194.89999389648438,195.0800018310547,185010,NVDA,NVIDIA,Nasdaq,USD,20260703_140048
2026-07-02 11:48:00-04:00,194.88999938964844,195.08999633789062,194.8800048828125,195.0200958251953,157423,NVDA,NVIDIA,Nasdaq,USD,20260703_140048
2026-07-02 11:49:00-04:00,194.74000549316406,194.92999267578125,194.66000366210938,194.89999389648438,204402,NVDA,NVIDIA,Nasdaq,USD,20260703_140048
2026-07-02 11:50:00-04:00,194.55999755859375,194.74000549316406,194.52000427246094,194.72999572753906,210139,NVDA,NVIDIA,Nasdaq,USD,20260703_140048
2026-07-02 11:51:00-04:00,194.50999450683594,194.59800720214844,194.35000610351562,194.55999755859375,334370,NVDA,NVIDIA,Nasdaq,USD,20260703_140048
2026-07-02 11:52:00-04:00,194.33999633789062,194.68499755859375,194.27999877929688,194.50999450683594,286620,NVDA,NVIDIA,Nasdaq,USD,20260703_140048
2026-07-02 11:53:00-04:00,194.2100067138672,194.35000610351562,194.05999755859375,194.33999633789062,303053,NVDA,NVIDIA,Nasdaq,USD,20260703_140048
2026-07-02 11:54:00-04:00,194.4346923828125,194.50999450683594,194.17999267578125,194.2100067138672,196633,NVDA,NVIDIA,Nasdaq,USD,20260703_140048
2026-07-02 11:55:00-04:00,194.35000610351562,194.55799865722656,194.33999633789062,194.4409942626953,185037,NVDA,NVIDIA,Nasdaq,USD,20260703_140048
2026-07-02 11:56:00-04:00,194.2050018310547,194.39999389648438,194.1199951171875,194.3699951171875,286878,NVDA,NVIDIA,Nasdaq,USD,20260703_140048
2026-07-02 11:57:00-04:00,194.27000427246094,194.32000732421875,194.01499938964844,194.1999969482422,264846,NVDA,NVIDIA,Nasdaq,USD,20260703_140048
2026-07-02 11:58:00-04:00,194.4499969482422,194.52000427246094,194.19410705566406,194.27000427246094,238117,NVDA,NVIDIA,Nasdaq,USD,20260703_140048
2026-07-02 11:59:00-04:00,194.49000549316406,194.63999938964844,194.44000244140625,194.47610473632812,200792,NVDA,NVIDIA,Nasdaq,USD,20260703_140048
2026-07-02 12:00:00-04:00,194.27000427246094,194.55999755859375,194.22000122070312,194.5,191365,NVDA,NVIDIA,Nasdaq,USD,20260703_140048
2026-07-02 12:01:00-04:00,194.27999877929688,194.4113006591797,194.16000366210938,194.27000427246094,153268,NVDA,NVIDIA,Nasdaq,USD,20260703_140048
2026-07-02 12:02:00-04:00,194.07000732421875,194.30999755859375,194.02999877929688,194.28500366210938,236253,NVDA,NVIDIA,Nasdaq,USD,20260703_140048
2026-07-02 12:03:00-04:00,194.19500732421875,194.3000030517578,193.88999938964844,194.05999755859375,537646,NVDA,NVIDIA,Nasdaq,USD,20260703_140048
2026-07-02 12:04:00-04:00,194.36000061035156,194.3800048828125,194.08999633789062,194.19000244140625,199486,NVDA,NVIDIA,Nasdaq,USD,20260703_140048
2026-07-02 12:05:00-04:00,194.25999450683594,194.4199981689453,194.24000549316406,194.35499572753906,210771,NVDA,NVIDIA,Nasdaq,USD,20260703_140048
2026-07-02 12:06:00-04:00,194.15989685058594,194.3000030517578,194.07000732421875,194.2550048828125,179634,NVDA,NVIDIA,Nasdaq,USD,20260703_140048
2026-07-02 12:07:00-04:00,194.13999938964844,194.27999877929688,194.06610107421875,194.15989685058594,137095,NVDA,NVIDIA,Nasdaq,USD,20260703_140048
2026-07-02 12:08:00-04:00,194.07000732421875,194.22000122070312,194.00999450683594,194.16000366210938,182643,NVDA,NVIDIA,Nasdaq,USD,20260703_140048
2026-07-02 12:09:00-04:00,193.98370361328125,194.11000061035156,193.86000061035156,194.10000610351562,231915,NVDA,NVIDIA,Nasdaq,USD,20260703_140048
2026-07-02 12:10:00-04:00,194.35000610351562,194.38999938964844,193.94000244140625,193.98500061035156,261793,NVDA,NVIDIA,Nasdaq,USD,20260703_140048
2026-07-02 12:11:00-04:00,194.3800048828125,194.49000549316406,194.27000427246094,194.3300018310547,285336,NVDA,NVIDIA,Nasdaq,USD,20260703_140048
2026-07-02 12:12:00-04:00,194.57000732421875,194.57000732421875,194.1199951171875,194.35000610351562,312853,NVDA,NVIDIA,Nasdaq,USD,20260703_140048
2026-07-02 12:13:00-04:00,194.5,194.59359741210938,194.41000366210938,194.57000732421875,231520,NVDA,NVIDIA,Nasdaq,USD,20260703_140048
2026-07-02 12:14:00-04:00,194.55999755859375,194.6591033935547,194.48260498046875,194.49000549316406,235420,NVDA,NVIDIA,Nasdaq,USD,20260703_140048
2026-07-02 12:15:00-04:00,194.27000427246094,194.61000061035156,194.0800018310547,194.57000732421875,426180,NVDA,NVIDIA,Nasdaq,USD,20260703_140048
2026-07-02 12:16:00-04:00,194.3000030517578,194.375,194.22000122070312,194.27999877929688,188484,NVDA,NVIDIA,Nasdaq,USD,20260703_140048
2026-07-02 12:17:00-04:00,194.1649932861328,194.4799041748047,194.1300048828125,194.3000030517578,241139,NVDA,NVIDIA,Nasdaq,USD,20260703_140048
2026-07-02 12:18:00-04:00,194.33999633789062,194.35000610351562,194.16180419921875,194.1649932861328,197327,NVDA,NVIDIA,Nasdaq,USD,20260703_140048
2026-07-02 12:19:00-04:00,194.07000732421875,194.42999267578125,194.05999755859375,194.35000610351562,335927,NVDA,NVIDIA,Nasdaq,USD,20260703_140048
2026-07-02 12:20:00-04:00,194.0800018310547,194.1300048828125,193.7949981689453,194.0749969482422,515610,NVDA,NVIDIA,Nasdaq,USD,20260703_140048
2026-07-02 12:21:00-04:00,193.9600067138672,194.14999389648438,193.9149932861328,194.08999633789062,242442,NVDA,NVIDIA,Nasdaq,USD,20260703_140048
2026-07-02 12:22:00-04:00,193.82000732421875,193.97999572753906,193.7100067138672,193.9600067138672,369511,NVDA,NVIDIA,Nasdaq,USD,20260703_140048
2026-07-02 12:23:00-04:00,193.6999969482422,193.90499877929688,193.69140625,193.8300018310547,232949,NVDA,NVIDIA,Nasdaq,USD,20260703_140048
2026-07-02 12:24:00-04:00,193.8699951171875,193.94000244140625,193.625,193.6999969482422,280257,NVDA,NVIDIA,Nasdaq,USD,20260703_140048
2026-07-02 12:25:00-04:00,193.92999267578125,194.12989807128906,193.8699951171875,193.875,285501,NVDA,NVIDIA,Nasdaq,USD,20260703_140048
2026-07-02 12:26:00-04:00,193.8350067138672,193.9499969482422,193.6999969482422,193.91000366210938,212881,NVDA,NVIDIA,Nasdaq,USD,20260703_140048
2026-07-02 12:27:00-04:00,193.9550018310547,193.97999572753906,193.83999633789062,193.83999633789062,262255,NVDA,NVIDIA,Nasdaq,USD,20260703_140048
2026-07-02 12:28:00-04:00,193.99000549316406,194.02000427246094,193.8699951171875,193.9499969482422,131509,NVDA,NVIDIA,Nasdaq,USD,20260703_140048
2026-07-02 12:29:00-04:00,193.7899932861328,194.06500244140625,193.6699981689453,193.99000549316406,131970,NVDA,NVIDIA,Nasdaq,USD,20260703_140048
2026-07-02 12:30:00-04:00,193.7550048828125,193.86000061035156,193.6699981689453,193.7899932861328,226301,NVDA,NVIDIA,Nasdaq,USD,20260703_140048
2026-07-02 12:31:00-04:00,193.69000244140625,193.80499267578125,193.66000366210938,193.74049377441406,215400,NVDA,NVIDIA,Nasdaq,USD,20260703_140048
2026-07-02 12:32:00-04:00,193.6750030517578,193.75,193.6199951171875,193.6699981689453,167067,NVDA,NVIDIA,Nasdaq,USD,20260703_140048
2026-07-02 12:33:00-04:00,193.73049926757812,193.85000610351562,193.6649932861328,193.6649932861328,154462,NVDA,NVIDIA,Nasdaq,USD,20260703_140048
2026-07-02 12:34:00-04:00,193.47000122070312,193.75,193.4600067138672,193.74000549316406,267759,NVDA,NVIDIA,Nasdaq,USD,20260703_140048
2026-07-02 12:35:00-04:00,193.6300048828125,193.63999938964844,193.38999938964844,193.4600067138672,288832,NVDA,NVIDIA,Nasdaq,USD,20260703_140048
2026-07-02 12:36:00-04:00,193.38999938964844,193.66000366210938,193.30999755859375,193.6300048828125,343132,NVDA,NVIDIA,Nasdaq,USD,20260703_140048
2026-07-02 12:37:00-04:00,193.22000122070312,193.5756072998047,193.17999267578125,193.38450622558594,292147,NVDA,NVIDIA,Nasdaq,USD,20260703_140048
2026-07-02 12:38:00-04:00,193.35000610351562,193.3972930908203,193.22000122070312,193.22000122070312,212147,NVDA,NVIDIA,Nasdaq,USD,20260703_140048
2026-07-02 12:39:00-04:00,193.43499755859375,193.45970153808594,193.25,193.3300018310547,175488,NVDA,NVIDIA,Nasdaq,USD,20260703_140048
2026-07-02 12:40:00-04:00,193.75010681152344,193.7899932861328,193.39999389648438,193.44009399414062,287573,NVDA,NVIDIA,Nasdaq,USD,20260703_140048
2026-07-02 12:41:00-04:00,193.64999389648438,193.85000610351562,193.63499450683594,193.75,216552,NVDA,NVIDIA,Nasdaq,USD,20260703_140048
2026-07-02 12:42:00-04:00,193.76499938964844,193.85000610351562,193.60000610351562,193.63999938964844,237498,NVDA,NVIDIA,Nasdaq,USD,20260703_140048
2026-07-02 12:43:00-04:00,193.9199981689453,194.02000427246094,193.6999969482422,193.76499938964844,229177,NVDA,NVIDIA,Nasdaq,USD,20260703_140048
2026-07-02 12:44:00-04:00,194.0399932861328,194.15989685058594,193.9250030517578,193.9250030517578,251338,NVDA,NVIDIA,Nasdaq,USD,20260703_140048
2026-07-02 12:45:00-04:00,194.0,194.0800018310547,193.8699951171875,194.0399932861328,199672,NVDA,NVIDIA,Nasdaq,USD,20260703_140048
2026-07-02 12:46:00-04:00,193.97000122070312,194.05999755859375,193.9149932861328,193.99000549316406,124890,NVDA,NVIDIA,Nasdaq,USD,20260703_140048
2026-07-02 12:47:00-04:00,194.07000732421875,194.1092071533203,193.94000244140625,193.96499633789062,150897,NVDA,NVIDIA,Nasdaq,USD,20260703_140048
2026-07-02 12:48:00-04:00,194.10000610351562,194.14999389648438,193.92999267578125,194.0601043701172,134088,NVDA,NVIDIA,Nasdaq,USD,20260703_140048
2026-07-02 12:49:00-04:00,193.89990234375,194.14999389648438,193.85499572753906,194.10000610351562,167999,NVDA,NVIDIA,Nasdaq,USD,20260703_140048
2026-07-02 12:50:00-04:00,193.72999572753906,193.89639282226562,193.63999938964844,193.8914031982422,265710,NVDA,NVIDIA,Nasdaq,USD,20260703_140048
2026-07-02 12:51:00-04:00,193.86000061035156,193.86500549316406,193.67999267578125,193.72999572753906,197526,NVDA,NVIDIA,Nasdaq,USD,20260703_140048
2026-07-02 12:52:00-04:00,193.99000549316406,194.0,193.75999450683594,193.83999633789062,197091,NVDA,NVIDIA,Nasdaq,USD,20260703_140048
2026-07-02 12:53:00-04:00,193.8249969482422,194.0500030517578,193.74000549316406,193.97999572753906,174992,NVDA,NVIDIA,Nasdaq,USD,20260703_140048
2026-07-02 12:54:00-04:00,193.86990356445312,194.0050048828125,193.81509399414062,193.83999633789062,148694,NVDA,NVIDIA,Nasdaq,USD,20260703_140048
2026-07-02 12:55:00-04:00,193.61500549316406,193.87750244140625,193.57009887695312,193.8699951171875,220408,NVDA,NVIDIA,Nasdaq,USD,20260703_140048
2026-07-02 12:56:00-04:00,193.29010009765625,193.62989807128906,193.27000427246094,193.62989807128906,271990,NVDA,NVIDIA,Nasdaq,USD,20260703_140048
2026-07-02 12:57:00-04:00,193.2100067138672,193.41000366210938,193.1999969482422,193.2899932861328,182074,NVDA,NVIDIA,Nasdaq,USD,20260703_140048
2026-07-02 12:58:00-04:00,193.32000732421875,193.33999633789062,193.1300048828125,193.22000122070312,201441,NVDA,NVIDIA,Nasdaq,USD,20260703_140048
2026-07-02 12:59:00-04:00,193.49000549316406,193.5399932861328,193.30999755859375,193.32000732421875,165575,NVDA,NVIDIA,Nasdaq,USD,20260703_140048
2026-07-02 13:00:00-04:00,193.11000061035156,193.50999450683594,193.10009765625,193.5,184422,NVDA,NVIDIA,Nasdaq,USD,20260703_140048
2026-07-02 13:01:00-04:00,193.01499938964844,193.22999572753906,192.9199981689453,193.11000061035156,605688,NVDA,NVIDIA,Nasdaq,USD,20260703_140048
2026-07-02 13:02:00-04:00,193.03500366210938,193.26499938964844,192.99000549316406,193.02000427246094,284821,NVDA,NVIDIA,Nasdaq,USD,20260703_140048
2026-07-02 13:03:00-04:00,193.02999877929688,193.0500030517578,192.8800048828125,193.02499389648438,230921,NVDA,NVIDIA,Nasdaq,USD,20260703_140048
2026-07-02 13:04:00-04:00,193.0500030517578,193.07989501953125,192.88999938964844,193.02999877929688,179406,NVDA,NVIDIA,Nasdaq,USD,20260703_140048
2026-07-02 13:05:00-04:00,193.27000427246094,193.27000427246094,192.88999938964844,193.0500030517578,277843,NVDA,NVIDIA,Nasdaq,USD,20260703_140048
2026-07-02 13:06:00-04:00,193.5399932861328,193.5500030517578,193.2205047607422,193.27000427246094,221653,NVDA,NVIDIA,Nasdaq,USD,20260703_140048
2026-07-02 13:07:00-04:00,193.58999633789062,193.72000122070312,193.50999450683594,193.5449981689453,149253,NVDA,NVIDIA,Nasdaq,USD,20260703_140048
2026-07-02 13:08:00-04:00,193.41000366210938,193.60000610351562,193.22000122070312,193.60000610351562,205746,NVDA,NVIDIA,Nasdaq,USD,20260703_140048
2026-07-02 13:09:00-04:00,193.2100067138672,193.4600067138672,193.19000244140625,193.41000366210938,151649,NVDA,NVIDIA,Nasdaq,USD,20260703_140048
2026-07-02 13:10:00-04:00,193.2100067138672,193.33999633789062,193.07009887695312,193.20030212402344,142359,NVDA,NVIDIA,Nasdaq,USD,20260703_140048
2026-07-02 13:11:00-04:00,193.2449951171875,193.25999450683594,193.14999389648438,193.20989990234375,117817,NVDA,NVIDIA,Nasdaq,USD,20260703_140048
2026-07-02 13:12:00-04:00,193.02999877929688,193.29049682617188,193.01010131835938,193.24000549316406,175710,NVDA,NVIDIA,Nasdaq,USD,20260703_140048
2026-07-02 13:13:00-04:00,192.97000122070312,193.11500549316406,192.8800048828125,193.00999450683594,285104,NVDA,NVIDIA,Nasdaq,USD,20260703_140048
2026-07-02 13:14:00-04:00,193.0749969482422,193.22999572753906,192.97000122070312,192.97999572753906,190420,NVDA,NVIDIA,Nasdaq,USD,20260703_140048
2026-07-02 13:15:00-04:00,192.92999267578125,193.07000732421875,192.9250030517578,193.07000732421875,191514,NVDA,NVIDIA,Nasdaq,USD,20260703_140048
2026-07-02 13:16:00-04:00,193.2100067138672,193.22000122070312,192.9300994873047,192.9398956298828,156032,NVDA,NVIDIA,Nasdaq,USD,20260703_140048
2026-07-02 13:17:00-04:00,193.1999969482422,193.40989685058594,193.16000366210938,193.22000122070312,224917,NVDA,NVIDIA,Nasdaq,USD,20260703_140048
2026-07-02 13:18:00-04:00,193.1999969482422,193.33999633789062,193.16000366210938,193.2100067138672,121758,NVDA,NVIDIA,Nasdaq,USD,20260703_140048
2026-07-02 13:19:00-04:00,193.0699005126953,193.22000122070312,193.02000427246094,193.2050018310547,136121,NVDA,NVIDIA,Nasdaq,USD,20260703_140048
2026-07-02 13:20:00-04:00,192.92999267578125,193.139892578125,192.91000366210938,193.05999755859375,209372,NVDA,NVIDIA,Nasdaq,USD,20260703_140048
2026-07-02 13:21:00-04:00,193.1199951171875,193.16000366210938,192.92999267578125,192.92999267578125,174340,NVDA,NVIDIA,Nasdaq,USD,20260703_140048
2026-07-02 13:22:00-04:00,193.1699981689453,193.35000610351562,193.11000061035156,193.1300048828125,147227,NVDA,NVIDIA,Nasdaq,USD,20260703_140048
2026-07-02 13:23:00-04:00,193.02000427246094,193.16200256347656,193.02000427246094,193.16000366210938,134225,NVDA,NVIDIA,Nasdaq,USD,20260703_140048
2026-07-02 13:24:00-04:00,192.9600067138672,193.13999938964844,192.91000366210938,193.02999877929688,173608,NVDA,NVIDIA,Nasdaq,USD,20260703_140048
2026-07-02 13:25:00-04:00,192.88999938964844,193.0500030517578,192.85000610351562,192.97000122070312,215949,NVDA,NVIDIA,Nasdaq,USD,20260703_140048
2026-07-02 13:26:00-04:00,192.83999633789062,193.0,192.76199340820312,192.88499450683594,185676,NVDA,NVIDIA,Nasdaq,USD,20260703_140048
2026-07-02 13:27:00-04:00,192.9250030517578,193.0,192.85000610351562,192.85000610351562,170779,NVDA,NVIDIA,Nasdaq,USD,20260703_140048
2026-07-02 13:28:00-04:00,193.0,193.02000427246094,192.89999389648438,192.92019653320312,201262,NVDA,NVIDIA,Nasdaq,USD,20260703_140048
2026-07-02 13:29:00-04:00,193.0500030517578,193.13999938964844,192.92999267578125,193.0,139498,NVDA,NVIDIA,Nasdaq,USD,20260703_140048
2026-07-02 13:30:00-04:00,193.02000427246094,193.1800994873047,193.02000427246094,193.0449981689453,189065,NVDA,NVIDIA,Nasdaq,USD,20260703_140048
2026-07-02 13:31:00-04:00,193.10000610351562,193.14990234375,193.01010131835938,193.02999877929688,120168,NVDA,NVIDIA,Nasdaq,USD,20260703_140048
2026-07-02 13:32:00-04:00,193.1649932861328,193.27999877929688,193.0601043701172,193.11000061035156,180018,NVDA,NVIDIA,Nasdaq,USD,20260703_140048
2026-07-02 13:33:00-04:00,193.0800018310547,193.23500061035156,193.01499938964844,193.1649932861328,144772,NVDA,NVIDIA,Nasdaq,USD,20260703_140048
2026-07-02 13:34:00-04:00,192.94000244140625,193.1699981689453,192.94000244140625,193.0800018310547,131762,NVDA,NVIDIA,Nasdaq,USD,20260703_140048
2026-07-02 13:35:00-04:00,192.90499877929688,193.02000427246094,192.72999572753906,192.92999267578125,230920,NVDA,NVIDIA,Nasdaq,USD,20260703_140048
2026-07-02 13:36:00-04:00,192.72999572753906,192.97000122070312,192.6699981689453,192.89500427246094,187402,NVDA,NVIDIA,Nasdaq,USD,20260703_140048
2026-07-02 13:37:00-04:00,192.66000366210938,192.75999450683594,192.60000610351562,192.74000549316406,162416,NVDA,NVIDIA,Nasdaq,USD,20260703_140048
2026-07-02 13:38:00-04:00,192.41000366210938,192.73300170898438,192.39500427246094,192.66000366210938,298980,NVDA,NVIDIA,Nasdaq,USD,20260703_140048
2026-07-02 13:39:00-04:00,192.3800048828125,192.5500030517578,192.36000061035156,192.4199981689453,204138,NVDA,NVIDIA,Nasdaq,USD,20260703_140048
2026-07-02 13:40:00-04:00,192.5605010986328,192.57000732421875,192.35000610351562,192.38999938964844,290634,NVDA,NVIDIA,Nasdaq,USD,20260703_140048
2026-07-02 13:41:00-04:00,192.9250030517578,193.02000427246094,192.54600524902344,192.54600524902344,238854,NVDA,NVIDIA,Nasdaq,USD,20260703_140048
2026-07-02 13:42:00-04:00,192.98500061035156,193.0399932861328,192.88009643554688,192.92999267578125,226534,NVDA,NVIDIA,Nasdaq,USD,20260703_140048
2026-07-02 13:43:00-04:00,192.9600067138672,192.99000549316406,192.82000732421875,192.9499969482422,140949,NVDA,NVIDIA,Nasdaq,USD,20260703_140048
2026-07-02 13:44:00-04:00,192.9499969482422,193.0399932861328,192.86000061035156,192.9600067138672,178894,NVDA,NVIDIA,Nasdaq,USD,20260703_140048
2026-07-02 13:45:00-04:00,192.78500366210938,193.0500030517578,192.76499938964844,192.9499969482422,179289,NVDA,NVIDIA,Nasdaq,USD,20260703_140048
2026-07-02 13:46:00-04:00,192.80999755859375,192.8800048828125,192.72999572753906,192.7899932861328,160466,NVDA,NVIDIA,Nasdaq,USD,20260703_140048
2026-07-02 13:47:00-04:00,192.6199951171875,192.82000732421875,192.61000061035156,192.8000030517578,189716,NVDA,NVIDIA,Nasdaq,USD,20260703_140048
2026-07-02 13:48:00-04:00,192.7949981689453,192.8699951171875,192.52000427246094,192.6199951171875,268587,NVDA,NVIDIA,Nasdaq,USD,20260703_140048
2026-07-02 13:49:00-04:00,192.83999633789062,192.92999267578125,192.7899932861328,192.7949981689453,167361,NVDA,NVIDIA,Nasdaq,USD,20260703_140048
2026-07-02 13:50:00-04:00,192.80999755859375,192.88999938964844,192.66000366210938,192.82000732421875,191699,NVDA,NVIDIA,Nasdaq,USD,20260703_140048
2026-07-02 13:51:00-04:00,192.85499572753906,192.94000244140625,192.72500610351562,192.80999755859375,180512,NVDA,NVIDIA,Nasdaq,USD,20260703_140048
2026-07-02 13:52:00-04:00,192.86000061035156,192.88999938964844,192.6699981689453,192.85499572753906,144725,NVDA,NVIDIA,Nasdaq,USD,20260703_140048
2026-07-02 13:53:00-04:00,192.8800048828125,192.92999267578125,192.83999633789062,192.86000061035156,104779,NVDA,NVIDIA,Nasdaq,USD,20260703_140048
2026-07-02 13:54:00-04:00,193.05999755859375,193.1199951171875,192.8800048828125,192.88999938964844,206035,NVDA,NVIDIA,Nasdaq,USD,20260703_140048
2026-07-02 13:55:00-04:00,192.97999572753906,193.14999389648438,192.9499969482422,193.0850067138672,173131,NVDA,NVIDIA,Nasdaq,USD,20260703_140048
2026-07-02 13:56:00-04:00,192.83999633789062,192.97999572753906,192.77999877929688,192.97000122070312,136024,NVDA,NVIDIA,Nasdaq,USD,20260703_140048
2026-07-02 13:57:00-04:00,192.77000427246094,192.91000366210938,192.7301025390625,192.85000610351562,128305,NVDA,NVIDIA,Nasdaq,USD,20260703_140048
2026-07-02 13:58:00-04:00,192.5399932861328,192.75999450683594,192.52000427246094,192.75999450683594,192004,NVDA,NVIDIA,Nasdaq,USD,20260703_140048
2026-07-02 13:59:00-04:00,192.5449981689453,192.63499450683594,192.38999938964844,192.5449981689453,271220,NVDA,NVIDIA,Nasdaq,USD,20260703_140048
2026-07-02 14:00:00-04:00,192.7100067138672,192.73500061035156,192.5,192.5449981689453,269699,NVDA,NVIDIA,Nasdaq,USD,20260703_140048
2026-07-02 14:01:00-04:00,192.74000549316406,192.8000030517578,192.62010192871094,192.6999969482422,214208,NVDA,NVIDIA,Nasdaq,USD,20260703_140048
2026-07-02 14:02:00-04:00,192.7100067138672,192.77999877929688,192.6699981689453,192.74000549316406,121572,NVDA,NVIDIA,Nasdaq,USD,20260703_140048
2026-07-02 14:03:00-04:00,192.7100067138672,192.74989318847656,192.66000366210938,192.70989990234375,138919,NVDA,NVIDIA,Nasdaq,USD,20260703_140048
2026-07-02 14:04:00-04:00,192.85499572753906,192.86000061035156,192.6699981689453,192.7100067138672,148748,NVDA,NVIDIA,Nasdaq,USD,20260703_140048
2026-07-02 14:05:00-04:00,193.072998046875,193.1699981689453,192.85000610351562,192.85499572753906,206057,NVDA,NVIDIA,Nasdaq,USD,20260703_140048
2026-07-02 14:06:00-04:00,193.36000061035156,193.4698028564453,193.0,193.07000732421875,293348,NVDA,NVIDIA,Nasdaq,USD,20260703_140048
2026-07-02 14:07:00-04:00,193.22500610351562,193.38499450683594,193.22000122070312,193.35000610351562,187301,NVDA,NVIDIA,Nasdaq,USD,20260703_140048
2026-07-02 14:08:00-04:00,193.30520629882812,193.3300018310547,193.17999267578125,193.2299041748047,155769,NVDA,NVIDIA,Nasdaq,USD,20260703_140048
2026-07-02 14:09:00-04:00,193.4949951171875,193.50999450683594,193.27999877929688,193.32000732421875,182859,NVDA,NVIDIA,Nasdaq,USD,20260703_140048
2026-07-02 14:10:00-04:00,193.610107421875,193.6999053955078,193.4499969482422,193.49009704589844,289482,NVDA,NVIDIA,Nasdaq,USD,20260703_140048
2026-07-02 14:11:00-04:00,193.5449981689453,193.6999969482422,193.48199462890625,193.6199951171875,168964,NVDA,NVIDIA,Nasdaq,USD,20260703_140048
2026-07-02 14:12:00-04:00,193.58999633789062,193.64999389648438,193.48500061035156,193.5449981689453,178580,NVDA,NVIDIA,Nasdaq,USD,20260703_140048
2026-07-02 14:13:00-04:00,193.375,193.59640502929688,193.37010192871094,193.5800018310547,146119,NVDA,NVIDIA,Nasdaq,USD,20260703_140048
2026-07-02 14:14:00-04:00,193.19509887695312,193.4199981689453,193.14999389648438,193.375,173612,NVDA,NVIDIA,Nasdaq,USD,20260703_140048
2026-07-02 14:15:00-04:00,193.1750030517578,193.25,193.0019989013672,193.19009399414062,192053,NVDA,NVIDIA,Nasdaq,USD,20260703_140048
2026-07-02 14:16:00-04:00,193.1403045654297,193.22999572753906,193.0500030517578,193.17999267578125,158157,NVDA,NVIDIA,Nasdaq,USD,20260703_140048
2026-07-02 14:17:00-04:00,192.82009887695312,193.14500427246094,192.80999755859375,193.14500427246094,227682,NVDA,NVIDIA,Nasdaq,USD,20260703_140048
2026-07-02 14:18:00-04:00,192.77499389648438,193.00990295410156,192.58999633789062,192.83999633789062,418312,NVDA,NVIDIA,Nasdaq,USD,20260703_140048
2026-07-02 14:19:00-04:00,192.92999267578125,192.9499969482422,192.74000549316406,192.7899932861328,180077,NVDA,NVIDIA,Nasdaq,USD,20260703_140048
2026-07-02 14:20:00-04:00,193.10000610351562,193.1199951171875,192.8800048828125,192.91000366210938,183015,NVDA,NVIDIA,Nasdaq,USD,20260703_140048
2026-07-02 14:21:00-04:00,193.0500030517578,193.1999969482422,192.97000122070312,193.11000061035156,171769,NVDA,NVIDIA,Nasdaq,USD,20260703_140048
2026-07-02 14:22:00-04:00,193.19000244140625,193.27999877929688,193.02000427246094,193.04010009765625,158482,NVDA,NVIDIA,Nasdaq,USD,20260703_140048
2026-07-02 14:23:00-04:00,193.14999389648438,193.19000244140625,193.07009887695312,193.19000244140625,139139,NVDA,NVIDIA,Nasdaq,USD,20260703_140048
2026-07-02 14:24:00-04:00,193.30799865722656,193.32000732421875,193.14500427246094,193.14999389648438,127624,NVDA,NVIDIA,Nasdaq,USD,20260703_140048
2026-07-02 14:25:00-04:00,193.3300018310547,193.55999755859375,193.2899932861328,193.30499267578125,212980,NVDA,NVIDIA,Nasdaq,USD,20260703_140048
2026-07-02 14:26:00-04:00,193.56500244140625,193.58999633789062,193.25999450683594,193.32000732421875,182312,NVDA,NVIDIA,Nasdaq,USD,20260703_140048
2026-07-02 14:27:00-04:00,193.5399932861328,193.6699981689453,193.47000122070312,193.56500244140625,157912,NVDA,NVIDIA,Nasdaq,USD,20260703_140048
2026-07-02 14:28:00-04:00,193.66000366210938,193.72509765625,193.52999877929688,193.5399932861328,175982,NVDA,NVIDIA,Nasdaq,USD,20260703_140048
2026-07-02 14:29:00-04:00,193.76260375976562,193.86000061035156,193.63999938964844,193.66000366210938,288846,NVDA,NVIDIA,Nasdaq,USD,20260703_140048
2026-07-02 14:30:00-04:00,193.77650451660156,193.88499450683594,193.64999389648438,193.75999450683594,162010,NVDA,NVIDIA,Nasdaq,USD,20260703_140048
2026-07-02 14:31:00-04:00,193.87010192871094,193.88999938964844,193.75,193.77459716796875,142238,NVDA,NVIDIA,Nasdaq,USD,20260703_140048
2026-07-02 14:32:00-04:00,193.8350067138672,193.88999938964844,193.69000244140625,193.875,198173,NVDA,NVIDIA,Nasdaq,USD,20260703_140048
2026-07-02 14:33:00-04:00,193.83999633789062,193.9499969482422,193.82000732421875,193.8300018310547,204983,NVDA,NVIDIA,Nasdaq,USD,20260703_140048
2026-07-02 14:34:00-04:00,193.60000610351562,193.83999633789062,193.5399932861328,193.83009338378906,227574,NVDA,NVIDIA,Nasdaq,USD,20260703_140048
2026-07-02 14:35:00-04:00,193.5399932861328,193.7100067138672,193.52499389648438,193.6199951171875,165906,NVDA,NVIDIA,Nasdaq,USD,20260703_140048
2026-07-02 14:36:00-04:00,193.39999389648438,193.55999755859375,193.38999938964844,193.5449981689453,145526,NVDA,NVIDIA,Nasdaq,USD,20260703_140048
2026-07-02 14:37:00-04:00,193.5399932861328,193.57899475097656,193.38499450683594,193.41000366210938,104166,NVDA,NVIDIA,Nasdaq,USD,20260703_140048
2026-07-02 14:38:00-04:00,193.44000244140625,193.64999389648438,193.41000366210938,193.5341033935547,159247,NVDA,NVIDIA,Nasdaq,USD,20260703_140048
2026-07-02 14:39:00-04:00,193.46499633789062,193.52000427246094,193.36000061035156,193.4300994873047,110186,NVDA,NVIDIA,Nasdaq,USD,20260703_140048
2026-07-02 14:40:00-04:00,193.48500061035156,193.52000427246094,193.40499877929688,193.47000122070312,203991,NVDA,NVIDIA,Nasdaq,USD,20260703_140048
2026-07-02 14:41:00-04:00,193.36000061035156,193.50999450683594,193.3300018310547,193.49000549316406,108893,NVDA,NVIDIA,Nasdaq,USD,20260703_140048
2026-07-02 14:42:00-04:00,193.3800048828125,193.4499969482422,193.35989379882812,193.35989379882812,191310,NVDA,NVIDIA,Nasdaq,USD,20260703_140048
2026-07-02 14:43:00-04:00,193.3800048828125,193.4499969482422,193.30999755859375,193.3699951171875,149408,NVDA,NVIDIA,Nasdaq,USD,20260703_140048
2026-07-02 14:44:00-04:00,193.22500610351562,193.45849609375,193.20069885253906,193.40989685058594,110929,NVDA,NVIDIA,Nasdaq,USD,20260703_140048
2026-07-02 14:45:00-04:00,192.9290008544922,193.2299041748047,192.89999389648438,193.22000122070312,254721,NVDA,NVIDIA,Nasdaq,USD,20260703_140048
2026-07-02 14:46:00-04:00,192.99000549316406,193.0800018310547,192.9199981689453,192.9250030517578,246862,NVDA,NVIDIA,Nasdaq,USD,20260703_140048
2026-07-02 14:47:00-04:00,193.2050018310547,193.22999572753906,192.99000549316406,192.99000549316406,216640,NVDA,NVIDIA,Nasdaq,USD,20260703_140048
2026-07-02 14:48:00-04:00,193.3800048828125,193.38999938964844,193.17999267578125,193.1999969482422,134476,NVDA,NVIDIA,Nasdaq,USD,20260703_140048
2026-07-02 14:49:00-04:00,193.44979858398438,193.4600067138672,193.33999633789062,193.375,153155,NVDA,NVIDIA,Nasdaq,USD,20260703_140048
2026-07-02 14:50:00-04:00,193.52999877929688,193.53990173339844,193.33160400390625,193.44000244140625,137213,NVDA,NVIDIA,Nasdaq,USD,20260703_140048
2026-07-02 14:51:00-04:00,193.57000732421875,193.6699981689453,193.52000427246094,193.53419494628906,136182,NVDA,NVIDIA,Nasdaq,USD,20260703_140048
2026-07-02 14:52:00-04:00,193.69000244140625,193.75999450683594,193.5605010986328,193.5749969482422,181554,NVDA,NVIDIA,Nasdaq,USD,20260703_140048
2026-07-02 14:53:00-04:00,193.49000549316406,193.69000244140625,193.42999267578125,193.67999267578125,157322,NVDA,NVIDIA,Nasdaq,USD,20260703_140048
2026-07-02 14:54:00-04:00,193.4600067138672,193.5399932861328,193.4001007080078,193.49989318847656,139953,NVDA,NVIDIA,Nasdaq,USD,20260703_140048
2026-07-02 14:55:00-04:00,193.56500244140625,193.57029724121094,193.4149932861328,193.4600067138672,154005,NVDA,NVIDIA,Nasdaq,USD,20260703_140048
2026-07-02 14:56:00-04:00,193.3800048828125,193.67999267578125,193.26499938964844,193.57000732421875,294773,NVDA,NVIDIA,Nasdaq,USD,20260703_140048
2026-07-02 14:57:00-04:00,193.4976043701172,193.54010009765625,193.36000061035156,193.38999938964844,147751,NVDA,NVIDIA,Nasdaq,USD,20260703_140048
2026-07-02 14:58:00-04:00,193.35000610351562,193.5749969482422,193.30999755859375,193.49000549316406,139967,NVDA,NVIDIA,Nasdaq,USD,20260703_140048
2026-07-02 14:59:00-04:00,193.42999267578125,193.4499969482422,193.22000122070312,193.3459014892578,131781,NVDA,NVIDIA,Nasdaq,USD,20260703_140048
2026-07-02 15:00:00-04:00,193.24000549316406,193.52999877929688,193.24000549316406,193.4199981689453,150753,NVDA,NVIDIA,Nasdaq,USD,20260703_140048
2026-07-02 15:01:00-04:00,193.17999267578125,193.27999877929688,193.0800018310547,193.22000122070312,162494,NVDA,NVIDIA,Nasdaq,USD,20260703_140048
2026-07-02 15:02:00-04:00,193.25999450683594,193.36000061035156,193.1300048828125,193.18499755859375,227509,NVDA,NVIDIA,Nasdaq,USD,20260703_140048
2026-07-02 15:03:00-04:00,193.16000366210938,193.3101043701172,193.14999389648438,193.2550048828125,98439,NVDA,NVIDIA,Nasdaq,USD,20260703_140048
2026-07-02 15:04:00-04:00,192.7899932861328,193.21499633789062,192.72999572753906,193.15859985351562,292271,NVDA,NVIDIA,Nasdaq,USD,20260703_140048
2026-07-02 15:05:00-04:00,192.72000122070312,192.88999938964844,192.64500427246094,192.78500366210938,212416,NVDA,NVIDIA,Nasdaq,USD,20260703_140048
2026-07-02 15:06:00-04:00,192.85000610351562,192.97000122070312,192.6501007080078,192.7100067138672,220049,NVDA,NVIDIA,Nasdaq,USD,20260703_140048
2026-07-02 15:07:00-04:00,192.6699981689453,192.88999938964844,192.57000732421875,192.83999633789062,235237,NVDA,NVIDIA,Nasdaq,USD,20260703_140048
2026-07-02 15:08:00-04:00,192.6699981689453,192.75,192.61000061035156,192.66000366210938,120159,NVDA,NVIDIA,Nasdaq,USD,20260703_140048
2026-07-02 15:09:00-04:00,192.67999267578125,192.77000427246094,192.6300048828125,192.6699981689453,161113,NVDA,NVIDIA,Nasdaq,USD,20260703_140048
2026-07-02 15:10:00-04:00,192.7050018310547,192.75999450683594,192.52999877929688,192.67999267578125,175005,NVDA,NVIDIA,Nasdaq,USD,20260703_140048
2026-07-02 15:11:00-04:00,192.77999877929688,192.8300018310547,192.64999389648438,192.7100067138672,192885,NVDA,NVIDIA,Nasdaq,USD,20260703_140048
2026-07-02 15:12:00-04:00,192.82000732421875,192.88999938964844,192.7050018310547,192.77000427246094,175185,NVDA,NVIDIA,Nasdaq,USD,20260703_140048
2026-07-02 15:13:00-04:00,192.80999755859375,192.9196014404297,192.77000427246094,192.81500244140625,145774,NVDA,NVIDIA,Nasdaq,USD,20260703_140048
2026-07-02 15:14:00-04:00,192.88009643554688,192.97999572753906,192.75,192.80499267578125,174507,NVDA,NVIDIA,Nasdaq,USD,20260703_140048
2026-07-02 15:15:00-04:00,192.96009826660156,193.0399932861328,192.83009338378906,192.88499450683594,222041,NVDA,NVIDIA,Nasdaq,USD,20260703_140048
2026-07-02 15:16:00-04:00,192.88499450683594,192.97970581054688,192.7899932861328,192.96730041503906,150351,NVDA,NVIDIA,Nasdaq,USD,20260703_140048
2026-07-02 15:17:00-04:00,192.88499450683594,192.92999267578125,192.81500244140625,192.84500122070312,137979,NVDA,NVIDIA,Nasdaq,USD,20260703_140048
2026-07-02 15:18:00-04:00,192.9149932861328,192.9600067138672,192.7801055908203,192.8699951171875,158089,NVDA,NVIDIA,Nasdaq,USD,20260703_140048
2026-07-02 15:19:00-04:00,193.0500030517578,193.21499633789062,192.9199981689453,192.9199981689453,276504,NVDA,NVIDIA,Nasdaq,USD,20260703_140048
2026-07-02 15:20:00-04:00,192.91000366210938,193.1199951171875,192.8800048828125,193.0800018310547,207155,NVDA,NVIDIA,Nasdaq,USD,20260703_140048
2026-07-02 15:21:00-04:00,192.9199981689453,193.0299072265625,192.8300018310547,192.89999389648438,176511,NVDA,NVIDIA,Nasdaq,USD,20260703_140048
2026-07-02 15:22:00-04:00,192.8354949951172,192.98500061035156,192.81500244140625,192.9250030517578,244941,NVDA,NVIDIA,Nasdaq,USD,20260703_140048
2026-07-02 15:23:00-04:00,192.8300018310547,192.9499053955078,192.72000122070312,192.8249969482422,208355,NVDA,NVIDIA,Nasdaq,USD,20260703_140048
2026-07-02 15:24:00-04:00,192.80999755859375,192.86500549316406,192.7200927734375,192.8350067138672,161628,NVDA,NVIDIA,Nasdaq,USD,20260703_140048
2026-07-02 15:25:00-04:00,192.77999877929688,192.83999633789062,192.6999969482422,192.80999755859375,192913,NVDA,NVIDIA,Nasdaq,USD,20260703_140048
2026-07-02 15:26:00-04:00,192.80999755859375,192.8300018310547,192.64999389648438,192.7899932861328,263189,NVDA,NVIDIA,Nasdaq,USD,20260703_140048
2026-07-02 15:27:00-04:00,192.8000030517578,192.9600067138672,192.76499938964844,192.80999755859375,293004,NVDA,NVIDIA,Nasdaq,USD,20260703_140048
2026-07-02 15:28:00-04:00,193.15499877929688,193.23500061035156,192.77000427246094,192.7899932861328,270882,NVDA,NVIDIA,Nasdaq,USD,20260703_140048
2026-07-02 15:29:00-04:00,193.10499572753906,193.3300018310547,193.09010314941406,193.15499877929688,309534,NVDA,NVIDIA,Nasdaq,USD,20260703_140048
2026-07-02 15:30:00-04:00,193.35000610351562,193.36000061035156,193.06500244140625,193.11500549316406,296049,NVDA,NVIDIA,Nasdaq,USD,20260703_140048
2026-07-02 15:31:00-04:00,193.2550048828125,193.42999267578125,193.15499877929688,193.36000061035156,221978,NVDA,NVIDIA,Nasdaq,USD,20260703_140048
2026-07-02 15:32:00-04:00,193.30999755859375,193.4199981689453,193.2449951171875,193.2550048828125,206537,NVDA,NVIDIA,Nasdaq,USD,20260703_140048
2026-07-02 15:33:00-04:00,193.4250030517578,193.52000427246094,193.30999755859375,193.30999755859375,235550,NVDA,NVIDIA,Nasdaq,USD,20260703_140048
2026-07-02 15:34:00-04:00,193.54910278320312,193.5800018310547,193.3699951171875,193.42999267578125,218227,NVDA,NVIDIA,Nasdaq,USD,20260703_140048
2026-07-02 15:35:00-04:00,193.5800018310547,193.67999267578125,193.47000122070312,193.5399932861328,241612,NVDA,NVIDIA,Nasdaq,USD,20260703_140048
2026-07-02 15:36:00-04:00,193.47999572753906,193.60499572753906,193.42999267578125,193.57000732421875,279476,NVDA,NVIDIA,Nasdaq,USD,20260703_140048
2026-07-02 15:37:00-04:00,193.61000061035156,193.61399841308594,193.32000732421875,193.5,265266,NVDA,NVIDIA,Nasdaq,USD,20260703_140048
2026-07-02 15:38:00-04:00,193.69500732421875,193.8000030517578,193.57000732421875,193.6199951171875,253882,NVDA,NVIDIA,Nasdaq,USD,20260703_140048
2026-07-02 15:39:00-04:00,193.67999267578125,193.77999877929688,193.5749969482422,193.69009399414062,209360,NVDA,NVIDIA,Nasdaq,USD,20260703_140048
2026-07-02 15:40:00-04:00,193.69000244140625,193.72000122070312,193.51499938964844,193.67999267578125,196956,NVDA,NVIDIA,Nasdaq,USD,20260703_140048
2026-07-02 15:41:00-04:00,193.5325927734375,193.6999969482422,193.53050231933594,193.68499755859375,177102,NVDA,NVIDIA,Nasdaq,USD,20260703_140048
2026-07-02 15:42:00-04:00,193.59500122070312,193.6199951171875,193.44000244140625,193.5399932861328,244525,NVDA,NVIDIA,Nasdaq,USD,20260703_140048
2026-07-02 15:43:00-04:00,193.60499572753906,193.66000366210938,193.5449981689453,193.5959930419922,211837,NVDA,NVIDIA,Nasdaq,USD,20260703_140048
2026-07-02 15:44:00-04:00,193.6649932861328,193.75,193.52999877929688,193.60000610351562,229451,NVDA,NVIDIA,Nasdaq,USD,20260703_140048
2026-07-02 15:45:00-04:00,193.52999877929688,193.7449951171875,193.52999877929688,193.66000366210938,245181,NVDA,NVIDIA,Nasdaq,USD,20260703_140048
2026-07-02 15:46:00-04:00,193.52499389648438,193.64999389648438,193.41000366210938,193.52000427246094,348108,NVDA,NVIDIA,Nasdaq,USD,20260703_140048
2026-07-02 15:47:00-04:00,193.5449981689453,193.69000244140625,193.49000549316406,193.52999877929688,202418,NVDA,NVIDIA,Nasdaq,USD,20260703_140048
2026-07-02 15:48:00-04:00,193.57000732421875,193.61000061035156,193.4949951171875,193.5449981689453,811162,NVDA,NVIDIA,Nasdaq,USD,20260703_140048
2026-07-02 15:49:00-04:00,193.6300048828125,193.63499450683594,193.42999267578125,193.5625,309647,NVDA,NVIDIA,Nasdaq,USD,20260703_140048
2026-07-02 15:50:00-04:00,194.14999389648438,194.97999572753906,193.63999938964844,193.63999938964844,1132749,NVDA,NVIDIA,Nasdaq,USD,20260703_140048
2026-07-02 15:51:00-04:00,194.0850067138672,194.2100067138672,193.9499969482422,194.14999389648438,458008,NVDA,NVIDIA,Nasdaq,USD,20260703_140048
2026-07-02 15:52:00-04:00,194.02000427246094,194.1649932861328,193.91000366210938,194.0800018310547,398246,NVDA,NVIDIA,Nasdaq,USD,20260703_140048
2026-07-02 15:53:00-04:00,194.0800018310547,194.25999450683594,193.9300994873047,194.02999877929688,442665,NVDA,NVIDIA,Nasdaq,USD,20260703_140048
2026-07-02 15:54:00-04:00,194.67799377441406,194.67999267578125,194.02999877929688,194.08999633789062,679212,NVDA,NVIDIA,Nasdaq,USD,20260703_140048
2026-07-02 15:55:00-04:00,194.75070190429688,194.75999450683594,194.22999572753906,194.6699981689453,1006180,NVDA,NVIDIA,Nasdaq,USD,20260703_140048
2026-07-02 15:56:00-04:00,194.60499572753906,194.75999450683594,194.5500030517578,194.75,664992,NVDA,NVIDIA,Nasdaq,USD,20260703_140048
2026-07-02 15:57:00-04:00,194.7449951171875,194.80999755859375,194.60499572753906,194.60499572753906,869429,NVDA,NVIDIA,Nasdaq,USD,20260703_140048
2026-07-02 15:58:00-04:00,194.8300018310547,194.84500122070312,194.6699981689453,194.7449951171875,956771,NVDA,NVIDIA,Nasdaq,USD,20260703_140048
2026-07-02 15:59:00-04:00,194.6199951171875,195.0,194.33999633789062,194.8350067138672,3080294,NVDA,NVIDIA,Nasdaq,USD,20260703_140048
2026-07-02 09:30:00-04:00,197.72999572753906,197.98989868164062,196.77999877929688,197.14999389648438,4231642,NVDA,NVIDIA,Nasdaq,USD,20260703_160316
2026-07-02 09:31:00-04:00,197.97000122070312,198.0,197.16000366210938,197.70599365234375,420062,NVDA,NVIDIA,Nasdaq,USD,20260703_160316
2026-07-02 09:32:00-04:00,198.0850067138672,198.39999389648438,197.80099487304688,197.94000244140625,2038069,NVDA,NVIDIA,Nasdaq,USD,20260703_160316
2026-07-02 09:33:00-04:00,198.42999267578125,198.69000244140625,197.8000030517578,198.10000610351562,477126,NVDA,NVIDIA,Nasdaq,USD,20260703_160316
2026-07-02 09:34:00-04:00,198.375,198.60989379882812,198.0500030517578,198.4199981689453,358194,NVDA,NVIDIA,Nasdaq,USD,20260703_160316
2026-07-02 09:35:00-04:00,198.25,198.3699951171875,197.9199981689453,198.3699951171875,319553,NVDA,NVIDIA,Nasdaq,USD,20260703_160316
2026-07-02 09:36:00-04:00,198.35000610351562,198.39999389648438,197.92999267578125,198.25,383331,NVDA,NVIDIA,Nasdaq,USD,20260703_160316
2026-07-02 09:37:00-04:00,198.11000061035156,198.52499389648438,198.0800018310547,198.3249969482422,349771,NVDA,NVIDIA,Nasdaq,USD,20260703_160316
2026-07-02 09:38:00-04:00,197.9250030517578,198.14999389648438,197.51499938964844,198.10000610351562,346828,NVDA,NVIDIA,Nasdaq,USD,20260703_160316
2026-07-02 09:39:00-04:00,197.77999877929688,198.02000427246094,197.6699981689453,197.93499755859375,289771,NVDA,NVIDIA,Nasdaq,USD,20260703_160316
2026-07-02 09:40:00-04:00,197.63999938964844,198.08999633789062,197.5800018310547,197.75999450683594,251786,NVDA,NVIDIA,Nasdaq,USD,20260703_160316
2026-07-02 09:41:00-04:00,198.19500732421875,198.2899932861328,197.5500030517578,197.64019775390625,322390,NVDA,NVIDIA,Nasdaq,USD,20260703_160316
2026-07-02 09:42:00-04:00,198.05999755859375,198.3000030517578,197.97999572753906,198.13510131835938,288761,NVDA,NVIDIA,Nasdaq,USD,20260703_160316
2026-07-02 09:43:00-04:00,198.17950439453125,198.27499389648438,197.9770050048828,198.03990173339844,322024,NVDA,NVIDIA,Nasdaq,USD,20260703_160316
2026-07-02 09:44:00-04:00,198.10000610351562,198.17999267578125,197.8000030517578,198.16000366210938,206656,NVDA,NVIDIA,Nasdaq,USD,20260703_160316
2026-07-02 09:45:00-04:00,197.9949951171875,198.36000061035156,197.8300018310547,198.11990356445312,320610,NVDA,NVIDIA,Nasdaq,USD,20260703_160316
2026-07-02 09:46:00-04:00,197.7100067138672,198.1199951171875,197.6999969482422,198.02000427246094,185282,NVDA,NVIDIA,Nasdaq,USD,20260703_160316
2026-07-02 09:47:00-04:00,198.1999969482422,198.24000549316406,197.61000061035156,197.6999969482422,345939,NVDA,NVIDIA,Nasdaq,USD,20260703_160316
2026-07-02 09:48:00-04:00,198.15499877929688,198.4499969482422,198.1199951171875,198.1699981689453,280413,NVDA,NVIDIA,Nasdaq,USD,20260703_160316
2026-07-02 09:49:00-04:00,198.35000610351562,198.57000732421875,198.00999450683594,198.13999938964844,299272,NVDA,NVIDIA,Nasdaq,USD,20260703_160316
2026-07-02 09:50:00-04:00,198.6699981689453,198.94000244140625,198.2270050048828,198.30499267578125,458795,NVDA,NVIDIA,Nasdaq,USD,20260703_160316
2026-07-02 09:51:00-04:00,198.6199951171875,198.80999755859375,198.47999572753906,198.61500549316406,300650,NVDA,NVIDIA,Nasdaq,USD,20260703_160316
2026-07-02 09:52:00-04:00,198.10000610351562,198.59979248046875,198.05999755859375,198.57000732421875,366131,NVDA,NVIDIA,Nasdaq,USD,20260703_160316
2026-07-02 09:53:00-04:00,197.60989379882812,198.22000122070312,197.5,198.09970092773438,681074,NVDA,NVIDIA,Nasdaq,USD,20260703_160316
2026-07-02 09:54:00-04:00,198.3800048828125,198.4600067138672,197.5,197.5800018310547,436333,NVDA,NVIDIA,Nasdaq,USD,20260703_160316
2026-07-02 09:55:00-04:00,198.69000244140625,198.69000244140625,198.02999877929688,198.3972930908203,473792,NVDA,NVIDIA,Nasdaq,USD,20260703_160316
2026-07-02 09:56:00-04:00,198.4600067138672,198.77499389648438,198.2100067138672,198.66000366210938,243356,NVDA,NVIDIA,Nasdaq,USD,20260703_160316
2026-07-02 09:57:00-04:00,198.36309814453125,198.5,198.22000122070312,198.4499969482422,197504,NVDA,NVIDIA,Nasdaq,USD,20260703_160316
2026-07-02 09:58:00-04:00,198.6199951171875,198.66079711914062,198.2700958251953,198.3800048828125,203982,NVDA,NVIDIA,Nasdaq,USD,20260703_160316
2026-07-02 09:59:00-04:00,198.85499572753906,198.89010620117188,198.57000732421875,198.610107421875,328489,NVDA,NVIDIA,Nasdaq,USD,20260703_160316
2026-07-02 10:00:00-04:00,198.84500122070312,198.9199981689453,198.5500030517578,198.89999389648438,307438,NVDA,NVIDIA,Nasdaq,USD,20260703_160316
2026-07-02 10:01:00-04:00,199.69000244140625,199.7100067138672,198.78700256347656,198.84500122070312,554863,NVDA,NVIDIA,Nasdaq,USD,20260703_160316
2026-07-02 10:02:00-04:00,199.97000122070312,200.0399932861328,199.64999389648438,199.69500732421875,805830,NVDA,NVIDIA,Nasdaq,USD,20260703_160316
2026-07-02 10:03:00-04:00,199.82000732421875,200.05499267578125,199.6999969482422,199.97000122070312,606783,NVDA,NVIDIA,Nasdaq,USD,20260703_160316
2026-07-02 10:04:00-04:00,199.53500366210938,199.80999755859375,199.42999267578125,199.80999755859375,389375,NVDA,NVIDIA,Nasdaq,USD,20260703_160316
2026-07-02 10:05:00-04:00,199.77999877929688,199.8300018310547,199.3800048828125,199.5500030517578,272437,NVDA,NVIDIA,Nasdaq,USD,20260703_160316
2026-07-02 10:06:00-04:00,199.44219970703125,199.81500244140625,199.34019470214844,199.8000030517578,245079,NVDA,NVIDIA,Nasdaq,USD,20260703_160316
2026-07-02 10:07:00-04:00,199.56500244140625,199.82000732421875,199.41000366210938,199.42999267578125,290260,NVDA,NVIDIA,Nasdaq,USD,20260703_160316
2026-07-02 10:08:00-04:00,199.0800018310547,199.5800018310547,199.02980041503906,199.5500030517578,307789,NVDA,NVIDIA,Nasdaq,USD,20260703_160316
2026-07-02 10:09:00-04:00,198.80999755859375,199.139892578125,198.6699981689453,199.0800018310547,328591,NVDA,NVIDIA,Nasdaq,USD,20260703_160316
2026-07-02 10:10:00-04:00,198.63999938964844,198.89999389648438,198.52000427246094,198.86000061035156,241939,NVDA,NVIDIA,Nasdaq,USD,20260703_160316
2026-07-02 10:11:00-04:00,198.74000549316406,198.88999938964844,198.5601043701172,198.6699981689453,237772,NVDA,NVIDIA,Nasdaq,USD,20260703_160316
2026-07-02 10:12:00-04:00,199.02000427246094,199.08990478515625,198.6649932861328,198.71499633789062,256771,NVDA,NVIDIA,Nasdaq,USD,20260703_160316
2026-07-02 10:13:00-04:00,199.1300048828125,199.27999877929688,198.9499969482422,199.0175018310547,236907,NVDA,NVIDIA,Nasdaq,USD,20260703_160316
2026-07-02 10:14:00-04:00,199.0330047607422,199.35499572753906,198.97999572753906,199.1300048828125,289103,NVDA,NVIDIA,Nasdaq,USD,20260703_160316
2026-07-02 10:15:00-04:00,198.9600067138672,199.05999755859375,198.80999755859375,199.03500366210938,206299,NVDA,NVIDIA,Nasdaq,USD,20260703_160316
2026-07-02 10:16:00-04:00,198.84320068359375,199.36349487304688,198.8300018310547,198.97000122070312,292232,NVDA,NVIDIA,Nasdaq,USD,20260703_160316
2026-07-02 10:17:00-04:00,198.7100067138672,199.0850067138672,198.7100067138672,198.88499450683594,196646,NVDA,NVIDIA,Nasdaq,USD,20260703_160316
2026-07-02 10:18:00-04:00,198.77000427246094,199.125,198.49200439453125,198.72079467773438,343445,NVDA,NVIDIA,Nasdaq,USD,20260703_160316
2026-07-02 10:19:00-04:00,199.2100067138672,199.25,198.6999969482422,198.77000427246094,284237,NVDA,NVIDIA,Nasdaq,USD,20260703_160316
2026-07-02 10:20:00-04:00,198.90499877929688,199.33999633789062,198.82009887695312,199.22999572753906,228322,NVDA,NVIDIA,Nasdaq,USD,20260703_160316
2026-07-02 10:21:00-04:00,198.9550018310547,199.27000427246094,198.8300018310547,198.91000366210938,199741,NVDA,NVIDIA,Nasdaq,USD,20260703_160316
2026-07-02 10:22:00-04:00,198.8300018310547,198.97000122070312,198.55039978027344,198.9199981689453,292424,NVDA,NVIDIA,Nasdaq,USD,20260703_160316
2026-07-02 10:23:00-04:00,198.86500549316406,199.0,198.50999450683594,198.81610107421875,259371,NVDA,NVIDIA,Nasdaq,USD,20260703_160316
2026-07-02 10:24:00-04:00,198.4801025390625,199.0,198.46009826660156,198.86500549316406,238362,NVDA,NVIDIA,Nasdaq,USD,20260703_160316
2026-07-02 10:25:00-04:00,198.57000732421875,198.64340209960938,198.235107421875,198.5050048828125,332142,NVDA,NVIDIA,Nasdaq,USD,20260703_160316
2026-07-02 10:26:00-04:00,198.57000732421875,198.74000549316406,198.4199981689453,198.5749969482422,255051,NVDA,NVIDIA,Nasdaq,USD,20260703_160316
2026-07-02 10:27:00-04:00,197.71499633789062,198.5850067138672,197.6649932861328,198.5800018310547,490738,NVDA,NVIDIA,Nasdaq,USD,20260703_160316
2026-07-02 10:28:00-04:00,197.66000366210938,197.8300018310547,197.44000244140625,197.75,456852,NVDA,NVIDIA,Nasdaq,USD,20260703_160316
2026-07-02 10:29:00-04:00,197.85000610351562,198.0,197.64999389648438,197.6750030517578,281383,NVDA,NVIDIA,Nasdaq,USD,20260703_160316
2026-07-02 10:30:00-04:00,197.90499877929688,198.1999969482422,197.57000732421875,197.88999938964844,413531,NVDA,NVIDIA,Nasdaq,USD,20260703_160316
2026-07-02 10:31:00-04:00,197.8800048828125,198.2050018310547,197.8699951171875,197.90499877929688,258599,NVDA,NVIDIA,Nasdaq,USD,20260703_160316
2026-07-02 10:32:00-04:00,197.52999877929688,198.1649932861328,197.47500610351562,197.9199981689453,249458,NVDA,NVIDIA,Nasdaq,USD,20260703_160316
2026-07-02 10:33:00-04:00,197.27999877929688,197.7899932861328,197.25,197.5399932861328,371719,NVDA,NVIDIA,Nasdaq,USD,20260703_160316
2026-07-02 10:34:00-04:00,196.75999450683594,197.44000244140625,196.66000366210938,197.3000030517578,488524,NVDA,NVIDIA,Nasdaq,USD,20260703_160316
2026-07-02 10:35:00-04:00,196.7100067138672,197.0,196.61000061035156,196.79010009765625,454063,NVDA,NVIDIA,Nasdaq,USD,20260703_160316
2026-07-02 10:36:00-04:00,197.17999267578125,197.19500732421875,196.61000061035156,196.70010375976562,353336,NVDA,NVIDIA,Nasdaq,USD,20260703_160316
2026-07-02 10:37:00-04:00,197.35000610351562,197.5095977783203,197.13499450683594,197.1649932861328,286034,NVDA,NVIDIA,Nasdaq,USD,20260703_160316
2026-07-02 10:38:00-04:00,197.17999267578125,197.36000061035156,197.07000732421875,197.36000061035156,245514,NVDA,NVIDIA,Nasdaq,USD,20260703_160316
2026-07-02 10:39:00-04:00,197.10000610351562,197.36000061035156,197.02000427246094,197.18499755859375,191679,NVDA,NVIDIA,Nasdaq,USD,20260703_160316
2026-07-02 10:40:00-04:00,197.07510375976562,197.2799072265625,196.9600067138672,197.10000610351562,230759,NVDA,NVIDIA,Nasdaq,USD,20260703_160316
2026-07-02 10:41:00-04:00,196.80999755859375,197.1240997314453,196.6999969482422,197.08999633789062,302746,NVDA,NVIDIA,Nasdaq,USD,20260703_160316
2026-07-02 10:42:00-04:00,196.30999755859375,196.8300018310547,196.30999755859375,196.8300018310547,474063,NVDA,NVIDIA,Nasdaq,USD,20260703_160316
2026-07-02 10:43:00-04:00,196.35499572753906,196.42999267578125,196.0800018310547,196.3249969482422,440670,NVDA,NVIDIA,Nasdaq,USD,20260703_160316
2026-07-02 10:44:00-04:00,196.4600067138672,196.60000610351562,196.19000244140625,196.3800048828125,373151,NVDA,NVIDIA,Nasdaq,USD,20260703_160316
2026-07-02 10:45:00-04:00,196.44000244140625,196.7899932861328,196.3699951171875,196.47000122070312,371831,NVDA,NVIDIA,Nasdaq,USD,20260703_160316
2026-07-02 10:46:00-04:00,196.5,196.5655975341797,196.1199951171875,196.4600067138672,335701,NVDA,NVIDIA,Nasdaq,USD,20260703_160316
2026-07-02 10:47:00-04:00,196.27000427246094,196.86000061035156,196.22999572753906,196.50999450683594,408428,NVDA,NVIDIA,Nasdaq,USD,20260703_160316
2026-07-02 10:48:00-04:00,195.9600067138672,196.39999389648438,195.860107421875,196.25,502233,NVDA,NVIDIA,Nasdaq,USD,20260703_160316
2026-07-02 10:49:00-04:00,196.4250030517578,196.63479614257812,195.91000366210938,195.93099975585938,409802,NVDA,NVIDIA,Nasdaq,USD,20260703_160316
2026-07-02 10:50:00-04:00,196.25509643554688,196.49000549316406,196.0500030517578,196.39999389648438,450270,NVDA,NVIDIA,Nasdaq,USD,20260703_160316
2026-07-02 10:51:00-04:00,196.22999572753906,196.58999633789062,196.08999633789062,196.25999450683594,413335,NVDA,NVIDIA,Nasdaq,USD,20260703_160316
2026-07-02 10:52:00-04:00,195.6300048828125,196.21499633789062,195.50999450683594,196.16009521484375,368106,NVDA,NVIDIA,Nasdaq,USD,20260703_160316
2026-07-02 10:53:00-04:00,195.47500610351562,195.75,195.2100067138672,195.6199951171875,554830,NVDA,NVIDIA,Nasdaq,USD,20260703_160316
2026-07-02 10:54:00-04:00,195.5,195.6300048828125,195.38999938964844,195.46670532226562,302087,NVDA,NVIDIA,Nasdaq,USD,20260703_160316
2026-07-02 10:55:00-04:00,195.89999389648438,196.0500030517578,195.50999450683594,195.50999450683594,370341,NVDA,NVIDIA,Nasdaq,USD,20260703_160316
2026-07-02 10:56:00-04:00,195.9250030517578,196.15989685058594,195.86000061035156,195.92999267578125,283990,NVDA,NVIDIA,Nasdaq,USD,20260703_160316
2026-07-02 10:57:00-04:00,195.72329711914062,195.9499969482422,195.6199951171875,195.9199981689453,259862,NVDA,NVIDIA,Nasdaq,USD,20260703_160316
2026-07-02 10:58:00-04:00,195.96180725097656,196.0299072265625,195.69000244140625,195.74000549316406,237048,NVDA,NVIDIA,Nasdaq,USD,20260703_160316
2026-07-02 10:59:00-04:00,196.24000549316406,196.2899932861328,195.95010375976562,195.95010375976562,271414,NVDA,NVIDIA,Nasdaq,USD,20260703_160316
2026-07-02 11:00:00-04:00,196.32000732421875,196.33999633789062,195.92999267578125,196.25,257412,NVDA,NVIDIA,Nasdaq,USD,20260703_160316
2026-07-02 11:01:00-04:00,196.2100067138672,196.47000122070312,196.2100067138672,196.30999755859375,323443,NVDA,NVIDIA,Nasdaq,USD,20260703_160316
2026-07-02 11:02:00-04:00,196.27499389648438,196.31500244140625,196.03500366210938,196.21499633789062,217168,NVDA,NVIDIA,Nasdaq,USD,20260703_160316
2026-07-02 11:03:00-04:00,195.9600067138672,196.45899963378906,195.92999267578125,196.30999755859375,244655,NVDA,NVIDIA,Nasdaq,USD,20260703_160316
2026-07-02 11:04:00-04:00,195.60000610351562,196.05999755859375,195.58999633789062,195.99000549316406,247935,NVDA,NVIDIA,Nasdaq,USD,20260703_160316
2026-07-02 11:05:00-04:00,195.44430541992188,195.77000427246094,195.44000244140625,195.61000061035156,510925,NVDA,NVIDIA,Nasdaq,USD,20260703_160316
2026-07-02 11:06:00-04:00,195.06500244140625,195.42999267578125,195.02999877929688,195.42999267578125,412482,NVDA,NVIDIA,Nasdaq,USD,20260703_160316
2026-07-02 11:07:00-04:00,194.7449951171875,195.1699981689453,194.7100067138672,195.06500244140625,791574,NVDA,NVIDIA,Nasdaq,USD,20260703_160316
2026-07-02 11:08:00-04:00,195.0050048828125,195.2899932861328,194.73300170898438,194.7899932861328,450243,NVDA,NVIDIA,Nasdaq,USD,20260703_160316
2026-07-02 11:09:00-04:00,194.9949951171875,195.1750030517578,194.86000061035156,194.9949951171875,346074,NVDA,NVIDIA,Nasdaq,USD,20260703_160316
2026-07-02 11:10:00-04:00,194.97999572753906,195.11500549316406,194.77239990234375,195.00999450683594,343247,NVDA,NVIDIA,Nasdaq,USD,20260703_160316
2026-07-02 11:11:00-04:00,195.31509399414062,195.39500427246094,194.91000366210938,194.98699951171875,529528,NVDA,NVIDIA,Nasdaq,USD,20260703_160316
2026-07-02 11:12:00-04:00,195.21499633789062,195.3699951171875,195.1999969482422,195.30999755859375,238524,NVDA,NVIDIA,Nasdaq,USD,20260703_160316
2026-07-02 11:13:00-04:00,195.23500061035156,195.42999267578125,195.1699981689453,195.1999969482422,225046,NVDA,NVIDIA,Nasdaq,USD,20260703_160316
2026-07-02 11:14:00-04:00,195.25999450683594,195.41000366210938,195.08999633789062,195.23500061035156,268686,NVDA,NVIDIA,Nasdaq,USD,20260703_160316
2026-07-02 11:15:00-04:00,195.08999633789062,195.4600067138672,195.0236053466797,195.27000427246094,245381,NVDA,NVIDIA,Nasdaq,USD,20260703_160316
2026-07-02 11:16:00-04:00,195.02499389648438,195.10000610351562,194.86000061035156,195.0800018310547,266227,NVDA,NVIDIA,Nasdaq,USD,20260703_160316
2026-07-02 11:17:00-04:00,195.00999450683594,195.23959350585938,194.85000610351562,195.0399932861328,257180,NVDA,NVIDIA,Nasdaq,USD,20260703_160316
2026-07-02 11:18:00-04:00,195.0800018310547,195.22999572753906,194.8000946044922,194.99000549316406,337696,NVDA,NVIDIA,Nasdaq,USD,20260703_160316
2026-07-02 11:19:00-04:00,195.0399932861328,195.0850067138672,194.9199981689453,195.06500244140625,229328,NVDA,NVIDIA,Nasdaq,USD,20260703_160316
2026-07-02 11:20:00-04:00,195.00999450683594,195.32000732421875,194.69000244140625,195.05990600585938,422910,NVDA,NVIDIA,Nasdaq,USD,20260703_160316
2026-07-02 11:21:00-04:00,194.875,195.0399932861328,194.8101043701172,195.00999450683594,305386,NVDA,NVIDIA,Nasdaq,USD,20260703_160316
2026-07-02 11:22:00-04:00,194.77499389648438,195.0500030517578,194.7100067138672,194.86000061035156,295402,NVDA,NVIDIA,Nasdaq,USD,20260703_160316
2026-07-02 11:23:00-04:00,194.7899932861328,194.89500427246094,194.6199951171875,194.77000427246094,292483,NVDA,NVIDIA,Nasdaq,USD,20260703_160316
2026-07-02 11:24:00-04:00,194.8249969482422,195.01499938964844,194.72000122070312,194.7873992919922,418271,NVDA,NVIDIA,Nasdaq,USD,20260703_160316
2026-07-02 11:25:00-04:00,194.5399932861328,194.86500549316406,194.4199981689453,194.83999633789062,459878,NVDA,NVIDIA,Nasdaq,USD,20260703_160316
2026-07-02 11:26:00-04:00,194.875,194.99000549316406,194.5399932861328,194.5500030517578,408411,NVDA,NVIDIA,Nasdaq,USD,20260703_160316
2026-07-02 11:27:00-04:00,195.0800018310547,195.1999053955078,194.8800048828125,194.8800048828125,286539,NVDA,NVIDIA,Nasdaq,USD,20260703_160316
2026-07-02 11:28:00-04:00,194.99000549316406,195.10989379882812,194.88999938964844,195.0749969482422,196961,NVDA,NVIDIA,Nasdaq,USD,20260703_160316
2026-07-02 11:29:00-04:00,194.7794952392578,195.00979614257812,194.77000427246094,194.97999572753906,189347,NVDA,NVIDIA,Nasdaq,USD,20260703_160316
2026-07-02 11:30:00-04:00,195.16000366210938,195.3699951171875,194.75999450683594,194.77999877929688,293633,NVDA,NVIDIA,Nasdaq,USD,20260703_160316
2026-07-02 11:31:00-04:00,195.22000122070312,195.27999877929688,194.94000244140625,195.14999389648438,237867,NVDA,NVIDIA,Nasdaq,USD,20260703_160316
2026-07-02 11:32:00-04:00,195.25950622558594,195.39999389648438,195.0906982421875,195.22000122070312,203372,NVDA,NVIDIA,Nasdaq,USD,20260703_160316
2026-07-02 11:33:00-04:00,195.38999938964844,195.47000122070312,195.25,195.25,271992,NVDA,NVIDIA,Nasdaq,USD,20260703_160316
2026-07-02 11:34:00-04:00,195.46499633789062,195.5800018310547,195.38499450683594,195.38499450683594,235765,NVDA,NVIDIA,Nasdaq,USD,20260703_160316
2026-07-02 11:35:00-04:00,195.69000244140625,195.8000030517578,195.41000366210938,195.47999572753906,309012,NVDA,NVIDIA,Nasdaq,USD,20260703_160316
2026-07-02 11:36:00-04:00,195.66990661621094,195.75,195.57049560546875,195.69000244140625,231564,NVDA,NVIDIA,Nasdaq,USD,20260703_160316
2026-07-02 11:37:00-04:00,195.6497039794922,195.7100067138672,195.5,195.64999389648438,194582,NVDA,NVIDIA,Nasdaq,USD,20260703_160316
2026-07-02 11:38:00-04:00,195.7550048828125,195.9199981689453,195.58279418945312,195.63499450683594,291310,NVDA,NVIDIA,Nasdaq,USD,20260703_160316
2026-07-02 11:39:00-04:00,195.5135040283203,195.7899932861328,195.51300048828125,195.75,192276,NVDA,NVIDIA,Nasdaq,USD,20260703_160316
2026-07-02 11:40:00-04:00,195.83999633789062,196.0,195.41000366210938,195.52999877929688,325330,NVDA,NVIDIA,Nasdaq,USD,20260703_160316
2026-07-02 11:41:00-04:00,195.51499938964844,195.8498992919922,195.44500732421875,195.8498992919922,274466,NVDA,NVIDIA,Nasdaq,USD,20260703_160316
2026-07-02 11:42:00-04:00,195.39999389648438,195.4949951171875,195.35000610351562,195.49000549316406,350207,NVDA,NVIDIA,Nasdaq,USD,20260703_160316
2026-07-02 11:43:00-04:00,195.13999938964844,195.41000366210938,195.07000732421875,195.40499877929688,339554,NVDA,NVIDIA,Nasdaq,USD,20260703_160316
2026-07-02 11:44:00-04:00,195.06509399414062,195.36000061035156,195.0399932861328,195.13999938964844,202725,NVDA,NVIDIA,Nasdaq,USD,20260703_160316
2026-07-02 11:45:00-04:00,195.31500244140625,195.39999389648438,195.0449981689453,195.0800018310547,159234,NVDA,NVIDIA,Nasdaq,USD,20260703_160316
2026-07-02 11:46:00-04:00,195.07000732421875,195.33999633789062,194.97000122070312,195.3105010986328,207915,NVDA,NVIDIA,Nasdaq,USD,20260703_160316
2026-07-02 11:47:00-04:00,195.05999755859375,195.16990661621094,194.89999389648438,195.0800018310547,185010,NVDA,NVIDIA,Nasdaq,USD,20260703_160316
2026-07-02 11:48:00-04:00,194.88999938964844,195.08999633789062,194.8800048828125,195.0200958251953,157423,NVDA,NVIDIA,Nasdaq,USD,20260703_160316
2026-07-02 11:49:00-04:00,194.74000549316406,194.92999267578125,194.66000366210938,194.89999389648438,204402,NVDA,NVIDIA,Nasdaq,USD,20260703_160316
2026-07-02 11:50:00-04:00,194.55999755859375,194.74000549316406,194.52000427246094,194.72999572753906,210139,NVDA,NVIDIA,Nasdaq,USD,20260703_160316
2026-07-02 11:51:00-04:00,194.50999450683594,194.59800720214844,194.35000610351562,194.55999755859375,334370,NVDA,NVIDIA,Nasdaq,USD,20260703_160316
2026-07-02 11:52:00-04:00,194.33999633789062,194.68499755859375,194.27999877929688,194.50999450683594,286620,NVDA,NVIDIA,Nasdaq,USD,20260703_160316
2026-07-02 11:53:00-04:00,194.2100067138672,194.35000610351562,194.05999755859375,194.33999633789062,303053,NVDA,NVIDIA,Nasdaq,USD,20260703_160316
2026-07-02 11:54:00-04:00,194.4346923828125,194.50999450683594,194.17999267578125,194.2100067138672,196633,NVDA,NVIDIA,Nasdaq,USD,20260703_160316
2026-07-02 11:55:00-04:00,194.35000610351562,194.55799865722656,194.33999633789062,194.4409942626953,185037,NVDA,NVIDIA,Nasdaq,USD,20260703_160316
2026-07-02 11:56:00-04:00,194.2050018310547,194.39999389648438,194.1199951171875,194.3699951171875,286878,NVDA,NVIDIA,Nasdaq,USD,20260703_160316
2026-07-02 11:57:00-04:00,194.27000427246094,194.32000732421875,194.01499938964844,194.1999969482422,264846,NVDA,NVIDIA,Nasdaq,USD,20260703_160316
2026-07-02 11:58:00-04:00,194.4499969482422,194.52000427246094,194.19410705566406,194.27000427246094,238117,NVDA,NVIDIA,Nasdaq,USD,20260703_160316
2026-07-02 11:59:00-04:00,194.49000549316406,194.63999938964844,194.44000244140625,194.47610473632812,200792,NVDA,NVIDIA,Nasdaq,USD,20260703_160316
2026-07-02 12:00:00-04:00,194.27000427246094,194.55999755859375,194.22000122070312,194.5,191365,NVDA,NVIDIA,Nasdaq,USD,20260703_160316
2026-07-02 12:01:00-04:00,194.27999877929688,194.4113006591797,194.16000366210938,194.27000427246094,153268,NVDA,NVIDIA,Nasdaq,USD,20260703_160316
2026-07-02 12:02:00-04:00,194.07000732421875,194.30999755859375,194.02999877929688,194.28500366210938,236253,NVDA,NVIDIA,Nasdaq,USD,20260703_160316
2026-07-02 12:03:00-04:00,194.19500732421875,194.3000030517578,193.88999938964844,194.05999755859375,537646,NVDA,NVIDIA,Nasdaq,USD,20260703_160316
2026-07-02 12:04:00-04:00,194.36000061035156,194.3800048828125,194.08999633789062,194.19000244140625,199486,NVDA,NVIDIA,Nasdaq,USD,20260703_160316
2026-07-02 12:05:00-04:00,194.25999450683594,194.4199981689453,194.24000549316406,194.35499572753906,210771,NVDA,NVIDIA,Nasdaq,USD,20260703_160316
2026-07-02 12:06:00-04:00,194.15989685058594,194.3000030517578,194.07000732421875,194.2550048828125,179634,NVDA,NVIDIA,Nasdaq,USD,20260703_160316
2026-07-02 12:07:00-04:00,194.13999938964844,194.27999877929688,194.06610107421875,194.15989685058594,137095,NVDA,NVIDIA,Nasdaq,USD,20260703_160316
2026-07-02 12:08:00-04:00,194.07000732421875,194.22000122070312,194.00999450683594,194.16000366210938,182643,NVDA,NVIDIA,Nasdaq,USD,20260703_160316
2026-07-02 12:09:00-04:00,193.98370361328125,194.11000061035156,193.86000061035156,194.10000610351562,231915,NVDA,NVIDIA,Nasdaq,USD,20260703_160316
2026-07-02 12:10:00-04:00,194.35000610351562,194.38999938964844,193.94000244140625,193.98500061035156,261793,NVDA,NVIDIA,Nasdaq,USD,20260703_160316
2026-07-02 12:11:00-04:00,194.3800048828125,194.49000549316406,194.27000427246094,194.3300018310547,285336,NVDA,NVIDIA,Nasdaq,USD,20260703_160316
2026-07-02 12:12:00-04:00,194.57000732421875,194.57000732421875,194.1199951171875,194.35000610351562,312853,NVDA,NVIDIA,Nasdaq,USD,20260703_160316
2026-07-02 12:13:00-04:00,194.5,194.59359741210938,194.41000366210938,194.57000732421875,231520,NVDA,NVIDIA,Nasdaq,USD,20260703_160316
2026-07-02 12:14:00-04:00,194.55999755859375,194.6591033935547,194.48260498046875,194.49000549316406,235420,NVDA,NVIDIA,Nasdaq,USD,20260703_160316
2026-07-02 12:15:00-04:00,194.27000427246094,194.61000061035156,194.0800018310547,194.57000732421875,426180,NVDA,NVIDIA,Nasdaq,USD,20260703_160316
2026-07-02 12:16:00-04:00,194.3000030517578,194.375,194.22000122070312,194.27999877929688,188484,NVDA,NVIDIA,Nasdaq,USD,20260703_160316
2026-07-02 12:17:00-04:00,194.1649932861328,194.4799041748047,194.1300048828125,194.3000030517578,241139,NVDA,NVIDIA,Nasdaq,USD,20260703_160316
2026-07-02 12:18:00-04:00,194.33999633789062,194.35000610351562,194.16180419921875,194.1649932861328,197327,NVDA,NVIDIA,Nasdaq,USD,20260703_160316
2026-07-02 12:19:00-04:00,194.07000732421875,194.42999267578125,194.05999755859375,194.35000610351562,335927,NVDA,NVIDIA,Nasdaq,USD,20260703_160316
2026-07-02 12:20:00-04:00,194.0800018310547,194.1300048828125,193.7949981689453,194.0749969482422,515610,NVDA,NVIDIA,Nasdaq,USD,20260703_160316
2026-07-02 12:21:00-04:00,193.9600067138672,194.14999389648438,193.9149932861328,194.08999633789062,242442,NVDA,NVIDIA,Nasdaq,USD,20260703_160316
2026-07-02 12:22:00-04:00,193.82000732421875,193.97999572753906,193.7100067138672,193.9600067138672,369511,NVDA,NVIDIA,Nasdaq,USD,20260703_160316
2026-07-02 12:23:00-04:00,193.6999969482422,193.90499877929688,193.69140625,193.8300018310547,232949,NVDA,NVIDIA,Nasdaq,USD,20260703_160316
2026-07-02 12:24:00-04:00,193.8699951171875,193.94000244140625,193.625,193.6999969482422,280257,NVDA,NVIDIA,Nasdaq,USD,20260703_160316
2026-07-02 12:25:00-04:00,193.92999267578125,194.12989807128906,193.8699951171875,193.875,285501,NVDA,NVIDIA,Nasdaq,USD,20260703_160316
2026-07-02 12:26:00-04:00,193.8350067138672,193.9499969482422,193.6999969482422,193.91000366210938,212881,NVDA,NVIDIA,Nasdaq,USD,20260703_160316
2026-07-02 12:27:00-04:00,193.9550018310547,193.97999572753906,193.83999633789062,193.83999633789062,262255,NVDA,NVIDIA,Nasdaq,USD,20260703_160316
2026-07-02 12:28:00-04:00,193.99000549316406,194.02000427246094,193.8699951171875,193.9499969482422,131509,NVDA,NVIDIA,Nasdaq,USD,20260703_160316
2026-07-02 12:29:00-04:00,193.7899932861328,194.06500244140625,193.6699981689453,193.99000549316406,131970,NVDA,NVIDIA,Nasdaq,USD,20260703_160316
2026-07-02 12:30:00-04:00,193.7550048828125,193.86000061035156,193.6699981689453,193.7899932861328,226301,NVDA,NVIDIA,Nasdaq,USD,20260703_160316
2026-07-02 12:31:00-04:00,193.69000244140625,193.80499267578125,193.66000366210938,193.74049377441406,215400,NVDA,NVIDIA,Nasdaq,USD,20260703_160316
2026-07-02 12:32:00-04:00,193.6750030517578,193.75,193.6199951171875,193.6699981689453,167067,NVDA,NVIDIA,Nasdaq,USD,20260703_160316
2026-07-02 12:33:00-04:00,193.73049926757812,193.85000610351562,193.6649932861328,193.6649932861328,154462,NVDA,NVIDIA,Nasdaq,USD,20260703_160316
2026-07-02 12:34:00-04:00,193.47000122070312,193.75,193.4600067138672,193.74000549316406,267759,NVDA,NVIDIA,Nasdaq,USD,20260703_160316
2026-07-02 12:35:00-04:00,193.6300048828125,193.63999938964844,193.38999938964844,193.4600067138672,288832,NVDA,NVIDIA,Nasdaq,USD,20260703_160316
2026-07-02 12:36:00-04:00,193.38999938964844,193.66000366210938,193.30999755859375,193.6300048828125,343132,NVDA,NVIDIA,Nasdaq,USD,20260703_160316
2026-07-02 12:37:00-04:00,193.22000122070312,193.5756072998047,193.17999267578125,193.38450622558594,292147,NVDA,NVIDIA,Nasdaq,USD,20260703_160316
2026-07-02 12:38:00-04:00,193.35000610351562,193.3972930908203,193.22000122070312,193.22000122070312,212147,NVDA,NVIDIA,Nasdaq,USD,20260703_160316
2026-07-02 12:39:00-04:00,193.43499755859375,193.45970153808594,193.25,193.3300018310547,175488,NVDA,NVIDIA,Nasdaq,USD,20260703_160316
2026-07-02 12:40:00-04:00,193.75010681152344,193.7899932861328,193.39999389648438,193.44009399414062,287573,NVDA,NVIDIA,Nasdaq,USD,20260703_160316
2026-07-02 12:41:00-04:00,193.64999389648438,193.85000610351562,193.63499450683594,193.75,216552,NVDA,NVIDIA,Nasdaq,USD,20260703_160316
2026-07-02 12:42:00-04:00,193.76499938964844,193.85000610351562,193.60000610351562,193.63999938964844,237498,NVDA,NVIDIA,Nasdaq,USD,20260703_160316
2026-07-02 12:43:00-04:00,193.9199981689453,194.02000427246094,193.6999969482422,193.76499938964844,229177,NVDA,NVIDIA,Nasdaq,USD,20260703_160316
2026-07-02 12:44:00-04:00,194.0399932861328,194.15989685058594,193.9250030517578,193.9250030517578,251338,NVDA,NVIDIA,Nasdaq,USD,20260703_160316
2026-07-02 12:45:00-04:00,194.0,194.0800018310547,193.8699951171875,194.0399932861328,199672,NVDA,NVIDIA,Nasdaq,USD,20260703_160316
2026-07-02 12:46:00-04:00,193.97000122070312,194.05999755859375,193.9149932861328,193.99000549316406,124890,NVDA,NVIDIA,Nasdaq,USD,20260703_160316
2026-07-02 12:47:00-04:00,194.07000732421875,194.1092071533203,193.94000244140625,193.96499633789062,150897,NVDA,NVIDIA,Nasdaq,USD,20260703_160316
2026-07-02 12:48:00-04:00,194.10000610351562,194.14999389648438,193.92999267578125,194.0601043701172,134088,NVDA,NVIDIA,Nasdaq,USD,20260703_160316
2026-07-02 12:49:00-04:00,193.89990234375,194.14999389648438,193.85499572753906,194.10000610351562,167999,NVDA,NVIDIA,Nasdaq,USD,20260703_160316
2026-07-02 12:50:00-04:00,193.72999572753906,193.89639282226562,193.63999938964844,193.8914031982422,265710,NVDA,NVIDIA,Nasdaq,USD,20260703_160316
2026-07-02 12:51:00-04:00,193.86000061035156,193.86500549316406,193.67999267578125,193.72999572753906,197526,NVDA,NVIDIA,Nasdaq,USD,20260703_160316
2026-07-02 12:52:00-04:00,193.99000549316406,194.0,193.75999450683594,193.83999633789062,197091,NVDA,NVIDIA,Nasdaq,USD,20260703_160316
2026-07-02 12:53:00-04:00,193.8249969482422,194.0500030517578,193.74000549316406,193.97999572753906,174992,NVDA,NVIDIA,Nasdaq,USD,20260703_160316
2026-07-02 12:54:00-04:00,193.86990356445312,194.0050048828125,193.81509399414062,193.83999633789062,148694,NVDA,NVIDIA,Nasdaq,USD,20260703_160316
2026-07-02 12:55:00-04:00,193.61500549316406,193.87750244140625,193.57009887695312,193.8699951171875,220408,NVDA,NVIDIA,Nasdaq,USD,20260703_160316
2026-07-02 12:56:00-04:00,193.29010009765625,193.62989807128906,193.27000427246094,193.62989807128906,271990,NVDA,NVIDIA,Nasdaq,USD,20260703_160316
2026-07-02 12:57:00-04:00,193.2100067138672,193.41000366210938,193.1999969482422,193.2899932861328,182074,NVDA,NVIDIA,Nasdaq,USD,20260703_160316
2026-07-02 12:58:00-04:00,193.32000732421875,193.33999633789062,193.1300048828125,193.22000122070312,201441,NVDA,NVIDIA,Nasdaq,USD,20260703_160316
2026-07-02 12:59:00-04:00,193.49000549316406,193.5399932861328,193.30999755859375,193.32000732421875,165575,NVDA,NVIDIA,Nasdaq,USD,20260703_160316
2026-07-02 13:00:00-04:00,193.11000061035156,193.50999450683594,193.10009765625,193.5,184422,NVDA,NVIDIA,Nasdaq,USD,20260703_160316
2026-07-02 13:01:00-04:00,193.01499938964844,193.22999572753906,192.9199981689453,193.11000061035156,605688,NVDA,NVIDIA,Nasdaq,USD,20260703_160316
2026-07-02 13:02:00-04:00,193.03500366210938,193.26499938964844,192.99000549316406,193.02000427246094,284821,NVDA,NVIDIA,Nasdaq,USD,20260703_160316
2026-07-02 13:03:00-04:00,193.02999877929688,193.0500030517578,192.8800048828125,193.02499389648438,230921,NVDA,NVIDIA,Nasdaq,USD,20260703_160316
2026-07-02 13:04:00-04:00,193.0500030517578,193.07989501953125,192.88999938964844,193.02999877929688,179406,NVDA,NVIDIA,Nasdaq,USD,20260703_160316
2026-07-02 13:05:00-04:00,193.27000427246094,193.27000427246094,192.88999938964844,193.0500030517578,277843,NVDA,NVIDIA,Nasdaq,USD,20260703_160316
2026-07-02 13:06:00-04:00,193.5399932861328,193.5500030517578,193.2205047607422,193.27000427246094,221653,NVDA,NVIDIA,Nasdaq,USD,20260703_160316
2026-07-02 13:07:00-04:00,193.58999633789062,193.72000122070312,193.50999450683594,193.5449981689453,149253,NVDA,NVIDIA,Nasdaq,USD,20260703_160316
2026-07-02 13:08:00-04:00,193.41000366210938,193.60000610351562,193.22000122070312,193.60000610351562,205746,NVDA,NVIDIA,Nasdaq,USD,20260703_160316
2026-07-02 13:09:00-04:00,193.2100067138672,193.4600067138672,193.19000244140625,193.41000366210938,151649,NVDA,NVIDIA,Nasdaq,USD,20260703_160316
2026-07-02 13:10:00-04:00,193.2100067138672,193.33999633789062,193.07009887695312,193.20030212402344,142359,NVDA,NVIDIA,Nasdaq,USD,20260703_160316
2026-07-02 13:11:00-04:00,193.2449951171875,193.25999450683594,193.14999389648438,193.20989990234375,117817,NVDA,NVIDIA,Nasdaq,USD,20260703_160316
2026-07-02 13:12:00-04:00,193.02999877929688,193.29049682617188,193.01010131835938,193.24000549316406,175710,NVDA,NVIDIA,Nasdaq,USD,20260703_160316
2026-07-02 13:13:00-04:00,192.97000122070312,193.11500549316406,192.8800048828125,193.00999450683594,285104,NVDA,NVIDIA,Nasdaq,USD,20260703_160316
2026-07-02 13:14:00-04:00,193.0749969482422,193.22999572753906,192.97000122070312,192.97999572753906,190420,NVDA,NVIDIA,Nasdaq,USD,20260703_160316
2026-07-02 13:15:00-04:00,192.92999267578125,193.07000732421875,192.9250030517578,193.07000732421875,191514,NVDA,NVIDIA,Nasdaq,USD,20260703_160316
2026-07-02 13:16:00-04:00,193.2100067138672,193.22000122070312,192.9300994873047,192.9398956298828,156032,NVDA,NVIDIA,Nasdaq,USD,20260703_160316
2026-07-02 13:17:00-04:00,193.1999969482422,193.40989685058594,193.16000366210938,193.22000122070312,224917,NVDA,NVIDIA,Nasdaq,USD,20260703_160316
2026-07-02 13:18:00-04:00,193.1999969482422,193.33999633789062,193.16000366210938,193.2100067138672,121758,NVDA,NVIDIA,Nasdaq,USD,20260703_160316
2026-07-02 13:19:00-04:00,193.0699005126953,193.22000122070312,193.02000427246094,193.2050018310547,136121,NVDA,NVIDIA,Nasdaq,USD,20260703_160316
2026-07-02 13:20:00-04:00,192.92999267578125,193.139892578125,192.91000366210938,193.05999755859375,209372,NVDA,NVIDIA,Nasdaq,USD,20260703_160316
2026-07-02 13:21:00-04:00,193.1199951171875,193.16000366210938,192.92999267578125,192.92999267578125,174340,NVDA,NVIDIA,Nasdaq,USD,20260703_160316
2026-07-02 13:22:00-04:00,193.1699981689453,193.35000610351562,193.11000061035156,193.1300048828125,147227,NVDA,NVIDIA,Nasdaq,USD,20260703_160316
2026-07-02 13:23:00-04:00,193.02000427246094,193.16200256347656,193.02000427246094,193.16000366210938,134225,NVDA,NVIDIA,Nasdaq,USD,20260703_160316
2026-07-02 13:24:00-04:00,192.9600067138672,193.13999938964844,192.91000366210938,193.02999877929688,173608,NVDA,NVIDIA,Nasdaq,USD,20260703_160316
2026-07-02 13:25:00-04:00,192.88999938964844,193.0500030517578,192.85000610351562,192.97000122070312,215949,NVDA,NVIDIA,Nasdaq,USD,20260703_160316
2026-07-02 13:26:00-04:00,192.83999633789062,193.0,192.76199340820312,192.88499450683594,185676,NVDA,NVIDIA,Nasdaq,USD,20260703_160316
2026-07-02 13:27:00-04:00,192.9250030517578,193.0,192.85000610351562,192.85000610351562,170779,NVDA,NVIDIA,Nasdaq,USD,20260703_160316
2026-07-02 13:28:00-04:00,193.0,193.02000427246094,192.89999389648438,192.92019653320312,201262,NVDA,NVIDIA,Nasdaq,USD,20260703_160316
2026-07-02 13:29:00-04:00,193.0500030517578,193.13999938964844,192.92999267578125,193.0,139498,NVDA,NVIDIA,Nasdaq,USD,20260703_160316
2026-07-02 13:30:00-04:00,193.02000427246094,193.1800994873047,193.02000427246094,193.0449981689453,189065,NVDA,NVIDIA,Nasdaq,USD,20260703_160316
2026-07-02 13:31:00-04:00,193.10000610351562,193.14990234375,193.01010131835938,193.02999877929688,120168,NVDA,NVIDIA,Nasdaq,USD,20260703_160316
2026-07-02 13:32:00-04:00,193.1649932861328,193.27999877929688,193.0601043701172,193.11000061035156,180018,NVDA,NVIDIA,Nasdaq,USD,20260703_160316
2026-07-02 13:33:00-04:00,193.0800018310547,193.23500061035156,193.01499938964844,193.1649932861328,144772,NVDA,NVIDIA,Nasdaq,USD,20260703_160316
2026-07-02 13:34:00-04:00,192.94000244140625,193.1699981689453,192.94000244140625,193.0800018310547,131762,NVDA,NVIDIA,Nasdaq,USD,20260703_160316
2026-07-02 13:35:00-04:00,192.90499877929688,193.02000427246094,192.72999572753906,192.92999267578125,230920,NVDA,NVIDIA,Nasdaq,USD,20260703_160316
2026-07-02 13:36:00-04:00,192.72999572753906,192.97000122070312,192.6699981689453,192.89500427246094,187402,NVDA,NVIDIA,Nasdaq,USD,20260703_160316
2026-07-02 13:37:00-04:00,192.66000366210938,192.75999450683594,192.60000610351562,192.74000549316406,162416,NVDA,NVIDIA,Nasdaq,USD,20260703_160316
2026-07-02 13:38:00-04:00,192.41000366210938,192.73300170898438,192.39500427246094,192.66000366210938,298980,NVDA,NVIDIA,Nasdaq,USD,20260703_160316
2026-07-02 13:39:00-04:00,192.3800048828125,192.5500030517578,192.36000061035156,192.4199981689453,204138,NVDA,NVIDIA,Nasdaq,USD,20260703_160316
2026-07-02 13:40:00-04:00,192.5605010986328,192.57000732421875,192.35000610351562,192.38999938964844,290634,NVDA,NVIDIA,Nasdaq,USD,20260703_160316
2026-07-02 13:41:00-04:00,192.9250030517578,193.02000427246094,192.54600524902344,192.54600524902344,238854,NVDA,NVIDIA,Nasdaq,USD,20260703_160316
2026-07-02 13:42:00-04:00,192.98500061035156,193.0399932861328,192.88009643554688,192.92999267578125,226534,NVDA,NVIDIA,Nasdaq,USD,20260703_160316
2026-07-02 13:43:00-04:00,192.9600067138672,192.99000549316406,192.82000732421875,192.9499969482422,140949,NVDA,NVIDIA,Nasdaq,USD,20260703_160316
2026-07-02 13:44:00-04:00,192.9499969482422,193.0399932861328,192.86000061035156,192.9600067138672,178894,NVDA,NVIDIA,Nasdaq,USD,20260703_160316
2026-07-02 13:45:00-04:00,192.78500366210938,193.0500030517578,192.76499938964844,192.9499969482422,179289,NVDA,NVIDIA,Nasdaq,USD,20260703_160316
2026-07-02 13:46:00-04:00,192.80999755859375,192.8800048828125,192.72999572753906,192.7899932861328,160466,NVDA,NVIDIA,Nasdaq,USD,20260703_160316
2026-07-02 13:47:00-04:00,192.6199951171875,192.82000732421875,192.61000061035156,192.8000030517578,189716,NVDA,NVIDIA,Nasdaq,USD,20260703_160316
2026-07-02 13:48:00-04:00,192.7949981689453,192.8699951171875,192.52000427246094,192.6199951171875,268587,NVDA,NVIDIA,Nasdaq,USD,20260703_160316
2026-07-02 13:49:00-04:00,192.83999633789062,192.92999267578125,192.7899932861328,192.7949981689453,167361,NVDA,NVIDIA,Nasdaq,USD,20260703_160316
2026-07-02 13:50:00-04:00,192.80999755859375,192.88999938964844,192.66000366210938,192.82000732421875,191699,NVDA,NVIDIA,Nasdaq,USD,20260703_160316
2026-07-02 13:51:00-04:00,192.85499572753906,192.94000244140625,192.72500610351562,192.80999755859375,180512,NVDA,NVIDIA,Nasdaq,USD,20260703_160316
2026-07-02 13:52:00-04:00,192.86000061035156,192.88999938964844,192.6699981689453,192.85499572753906,144725,NVDA,NVIDIA,Nasdaq,USD,20260703_160316
2026-07-02 13:53:00-04:00,192.8800048828125,192.92999267578125,192.83999633789062,192.86000061035156,104779,NVDA,NVIDIA,Nasdaq,USD,20260703_160316
2026-07-02 13:54:00-04:00,193.05999755859375,193.1199951171875,192.8800048828125,192.88999938964844,206035,NVDA,NVIDIA,Nasdaq,USD,20260703_160316
2026-07-02 13:55:00-04:00,192.97999572753906,193.14999389648438,192.9499969482422,193.0850067138672,173131,NVDA,NVIDIA,Nasdaq,USD,20260703_160316
2026-07-02 13:56:00-04:00,192.83999633789062,192.97999572753906,192.77999877929688,192.97000122070312,136024,NVDA,NVIDIA,Nasdaq,USD,20260703_160316
2026-07-02 13:57:00-04:00,192.77000427246094,192.91000366210938,192.7301025390625,192.85000610351562,128305,NVDA,NVIDIA,Nasdaq,USD,20260703_160316
2026-07-02 13:58:00-04:00,192.5399932861328,192.75999450683594,192.52000427246094,192.75999450683594,192004,NVDA,NVIDIA,Nasdaq,USD,20260703_160316
2026-07-02 13:59:00-04:00,192.5449981689453,192.63499450683594,192.38999938964844,192.5449981689453,271220,NVDA,NVIDIA,Nasdaq,USD,20260703_160316
2026-07-02 14:00:00-04:00,192.7100067138672,192.73500061035156,192.5,192.5449981689453,269699,NVDA,NVIDIA,Nasdaq,USD,20260703_160316
2026-07-02 14:01:00-04:00,192.74000549316406,192.8000030517578,192.62010192871094,192.6999969482422,214208,NVDA,NVIDIA,Nasdaq,USD,20260703_160316
2026-07-02 14:02:00-04:00,192.7100067138672,192.77999877929688,192.6699981689453,192.74000549316406,121572,NVDA,NVIDIA,Nasdaq,USD,20260703_160316
2026-07-02 14:03:00-04:00,192.7100067138672,192.74989318847656,192.66000366210938,192.70989990234375,138919,NVDA,NVIDIA,Nasdaq,USD,20260703_160316
2026-07-02 14:04:00-04:00,192.85499572753906,192.86000061035156,192.6699981689453,192.7100067138672,148748,NVDA,NVIDIA,Nasdaq,USD,20260703_160316
2026-07-02 14:05:00-04:00,193.072998046875,193.1699981689453,192.85000610351562,192.85499572753906,206057,NVDA,NVIDIA,Nasdaq,USD,20260703_160316
2026-07-02 14:06:00-04:00,193.36000061035156,193.4698028564453,193.0,193.07000732421875,293348,NVDA,NVIDIA,Nasdaq,USD,20260703_160316
2026-07-02 14:07:00-04:00,193.22500610351562,193.38499450683594,193.22000122070312,193.35000610351562,187301,NVDA,NVIDIA,Nasdaq,USD,20260703_160316
2026-07-02 14:08:00-04:00,193.30520629882812,193.3300018310547,193.17999267578125,193.2299041748047,155769,NVDA,NVIDIA,Nasdaq,USD,20260703_160316
2026-07-02 14:09:00-04:00,193.4949951171875,193.50999450683594,193.27999877929688,193.32000732421875,182859,NVDA,NVIDIA,Nasdaq,USD,20260703_160316
2026-07-02 14:10:00-04:00,193.610107421875,193.6999053955078,193.4499969482422,193.49009704589844,289482,NVDA,NVIDIA,Nasdaq,USD,20260703_160316
2026-07-02 14:11:00-04:00,193.5449981689453,193.6999969482422,193.48199462890625,193.6199951171875,168964,NVDA,NVIDIA,Nasdaq,USD,20260703_160316
2026-07-02 14:12:00-04:00,193.58999633789062,193.64999389648438,193.48500061035156,193.5449981689453,178580,NVDA,NVIDIA,Nasdaq,USD,20260703_160316
2026-07-02 14:13:00-04:00,193.375,193.59640502929688,193.37010192871094,193.5800018310547,146119,NVDA,NVIDIA,Nasdaq,USD,20260703_160316
2026-07-02 14:14:00-04:00,193.19509887695312,193.4199981689453,193.14999389648438,193.375,173612,NVDA,NVIDIA,Nasdaq,USD,20260703_160316
2026-07-02 14:15:00-04:00,193.1750030517578,193.25,193.0019989013672,193.19009399414062,192053,NVDA,NVIDIA,Nasdaq,USD,20260703_160316
2026-07-02 14:16:00-04:00,193.1403045654297,193.22999572753906,193.0500030517578,193.17999267578125,158157,NVDA,NVIDIA,Nasdaq,USD,20260703_160316
2026-07-02 14:17:00-04:00,192.82009887695312,193.14500427246094,192.80999755859375,193.14500427246094,227682,NVDA,NVIDIA,Nasdaq,USD,20260703_160316
2026-07-02 14:18:00-04:00,192.77499389648438,193.00990295410156,192.58999633789062,192.83999633789062,418312,NVDA,NVIDIA,Nasdaq,USD,20260703_160316
2026-07-02 14:19:00-04:00,192.92999267578125,192.9499969482422,192.74000549316406,192.7899932861328,180077,NVDA,NVIDIA,Nasdaq,USD,20260703_160316
2026-07-02 14:20:00-04:00,193.10000610351562,193.1199951171875,192.8800048828125,192.91000366210938,183015,NVDA,NVIDIA,Nasdaq,USD,20260703_160316
2026-07-02 14:21:00-04:00,193.0500030517578,193.1999969482422,192.97000122070312,193.11000061035156,171769,NVDA,NVIDIA,Nasdaq,USD,20260703_160316
2026-07-02 14:22:00-04:00,193.19000244140625,193.27999877929688,193.02000427246094,193.04010009765625,158482,NVDA,NVIDIA,Nasdaq,USD,20260703_160316
2026-07-02 14:23:00-04:00,193.14999389648438,193.19000244140625,193.07009887695312,193.19000244140625,139139,NVDA,NVIDIA,Nasdaq,USD,20260703_160316
2026-07-02 14:24:00-04:00,193.30799865722656,193.32000732421875,193.14500427246094,193.14999389648438,127624,NVDA,NVIDIA,Nasdaq,USD,20260703_160316
2026-07-02 14:25:00-04:00,193.3300018310547,193.55999755859375,193.2899932861328,193.30499267578125,212980,NVDA,NVIDIA,Nasdaq,USD,20260703_160316
2026-07-02 14:26:00-04:00,193.56500244140625,193.58999633789062,193.25999450683594,193.32000732421875,182312,NVDA,NVIDIA,Nasdaq,USD,20260703_160316
2026-07-02 14:27:00-04:00,193.5399932861328,193.6699981689453,193.47000122070312,193.56500244140625,157912,NVDA,NVIDIA,Nasdaq,USD,20260703_160316
2026-07-02 14:28:00-04:00,193.66000366210938,193.72509765625,193.52999877929688,193.5399932861328,175982,NVDA,NVIDIA,Nasdaq,USD,20260703_160316
2026-07-02 14:29:00-04:00,193.76260375976562,193.86000061035156,193.63999938964844,193.66000366210938,288846,NVDA,NVIDIA,Nasdaq,USD,20260703_160316
2026-07-02 14:30:00-04:00,193.77650451660156,193.88499450683594,193.64999389648438,193.75999450683594,162010,NVDA,NVIDIA,Nasdaq,USD,20260703_160316
2026-07-02 14:31:00-04:00,193.87010192871094,193.88999938964844,193.75,193.77459716796875,142238,NVDA,NVIDIA,Nasdaq,USD,20260703_160316
2026-07-02 14:32:00-04:00,193.8350067138672,193.88999938964844,193.69000244140625,193.875,198173,NVDA,NVIDIA,Nasdaq,USD,20260703_160316
2026-07-02 14:33:00-04:00,193.83999633789062,193.9499969482422,193.82000732421875,193.8300018310547,204983,NVDA,NVIDIA,Nasdaq,USD,20260703_160316
2026-07-02 14:34:00-04:00,193.60000610351562,193.83999633789062,193.5399932861328,193.83009338378906,227574,NVDA,NVIDIA,Nasdaq,USD,20260703_160316
2026-07-02 14:35:00-04:00,193.5399932861328,193.7100067138672,193.52499389648438,193.6199951171875,165906,NVDA,NVIDIA,Nasdaq,USD,20260703_160316
2026-07-02 14:36:00-04:00,193.39999389648438,193.55999755859375,193.38999938964844,193.5449981689453,145526,NVDA,NVIDIA,Nasdaq,USD,20260703_160316
2026-07-02 14:37:00-04:00,193.5399932861328,193.57899475097656,193.38499450683594,193.41000366210938,104166,NVDA,NVIDIA,Nasdaq,USD,20260703_160316
2026-07-02 14:38:00-04:00,193.44000244140625,193.64999389648438,193.41000366210938,193.5341033935547,159247,NVDA,NVIDIA,Nasdaq,USD,20260703_160316
2026-07-02 14:39:00-04:00,193.46499633789062,193.52000427246094,193.36000061035156,193.4300994873047,110186,NVDA,NVIDIA,Nasdaq,USD,20260703_160316
2026-07-02 14:40:00-04:00,193.48500061035156,193.52000427246094,193.40499877929688,193.47000122070312,203991,NVDA,NVIDIA,Nasdaq,USD,20260703_160316
2026-07-02 14:41:00-04:00,193.36000061035156,193.50999450683594,193.3300018310547,193.49000549316406,108893,NVDA,NVIDIA,Nasdaq,USD,20260703_160316
2026-07-02 14:42:00-04:00,193.3800048828125,193.4499969482422,193.35989379882812,193.35989379882812,191310,NVDA,NVIDIA,Nasdaq,USD,20260703_160316
2026-07-02 14:43:00-04:00,193.3800048828125,193.4499969482422,193.30999755859375,193.3699951171875,149408,NVDA,NVIDIA,Nasdaq,USD,20260703_160316
2026-07-02 14:44:00-04:00,193.22500610351562,193.45849609375,193.20069885253906,193.40989685058594,110929,NVDA,NVIDIA,Nasdaq,USD,20260703_160316
2026-07-02 14:45:00-04:00,192.9290008544922,193.2299041748047,192.89999389648438,193.22000122070312,254721,NVDA,NVIDIA,Nasdaq,USD,20260703_160316
2026-07-02 14:46:00-04:00,192.99000549316406,193.0800018310547,192.9199981689453,192.9250030517578,246862,NVDA,NVIDIA,Nasdaq,USD,20260703_160316
2026-07-02 14:47:00-04:00,193.2050018310547,193.22999572753906,192.99000549316406,192.99000549316406,216640,NVDA,NVIDIA,Nasdaq,USD,20260703_160316
2026-07-02 14:48:00-04:00,193.3800048828125,193.38999938964844,193.17999267578125,193.1999969482422,134476,NVDA,NVIDIA,Nasdaq,USD,20260703_160316
2026-07-02 14:49:00-04:00,193.44979858398438,193.4600067138672,193.33999633789062,193.375,153155,NVDA,NVIDIA,Nasdaq,USD,20260703_160316
2026-07-02 14:50:00-04:00,193.52999877929688,193.53990173339844,193.33160400390625,193.44000244140625,137213,NVDA,NVIDIA,Nasdaq,USD,20260703_160316
2026-07-02 14:51:00-04:00,193.57000732421875,193.6699981689453,193.52000427246094,193.53419494628906,136182,NVDA,NVIDIA,Nasdaq,USD,20260703_160316
2026-07-02 14:52:00-04:00,193.69000244140625,193.75999450683594,193.5605010986328,193.5749969482422,181554,NVDA,NVIDIA,Nasdaq,USD,20260703_160316
2026-07-02 14:53:00-04:00,193.49000549316406,193.69000244140625,193.42999267578125,193.67999267578125,157322,NVDA,NVIDIA,Nasdaq,USD,20260703_160316
2026-07-02 14:54:00-04:00,193.4600067138672,193.5399932861328,193.4001007080078,193.49989318847656,139953,NVDA,NVIDIA,Nasdaq,USD,20260703_160316
2026-07-02 14:55:00-04:00,193.56500244140625,193.57029724121094,193.4149932861328,193.4600067138672,154005,NVDA,NVIDIA,Nasdaq,USD,20260703_160316
2026-07-02 14:56:00-04:00,193.3800048828125,193.67999267578125,193.26499938964844,193.57000732421875,294773,NVDA,NVIDIA,Nasdaq,USD,20260703_160316
2026-07-02 14:57:00-04:00,193.4976043701172,193.54010009765625,193.36000061035156,193.38999938964844,147751,NVDA,NVIDIA,Nasdaq,USD,20260703_160316
2026-07-02 14:58:00-04:00,193.35000610351562,193.5749969482422,193.30999755859375,193.49000549316406,139967,NVDA,NVIDIA,Nasdaq,USD,20260703_160316
2026-07-02 14:59:00-04:00,193.42999267578125,193.4499969482422,193.22000122070312,193.3459014892578,131781,NVDA,NVIDIA,Nasdaq,USD,20260703_160316
2026-07-02 15:00:00-04:00,193.24000549316406,193.52999877929688,193.24000549316406,193.4199981689453,150753,NVDA,NVIDIA,Nasdaq,USD,20260703_160316
2026-07-02 15:01:00-04:00,193.17999267578125,193.27999877929688,193.0800018310547,193.22000122070312,162494,NVDA,NVIDIA,Nasdaq,USD,20260703_160316
2026-07-02 15:02:00-04:00,193.25999450683594,193.36000061035156,193.1300048828125,193.18499755859375,227509,NVDA,NVIDIA,Nasdaq,USD,20260703_160316
2026-07-02 15:03:00-04:00,193.16000366210938,193.3101043701172,193.14999389648438,193.2550048828125,98439,NVDA,NVIDIA,Nasdaq,USD,20260703_160316
2026-07-02 15:04:00-04:00,192.7899932861328,193.21499633789062,192.72999572753906,193.15859985351562,292271,NVDA,NVIDIA,Nasdaq,USD,20260703_160316
2026-07-02 15:05:00-04:00,192.72000122070312,192.88999938964844,192.64500427246094,192.78500366210938,212416,NVDA,NVIDIA,Nasdaq,USD,20260703_160316
2026-07-02 15:06:00-04:00,192.85000610351562,192.97000122070312,192.6501007080078,192.7100067138672,220049,NVDA,NVIDIA,Nasdaq,USD,20260703_160316
2026-07-02 15:07:00-04:00,192.6699981689453,192.88999938964844,192.57000732421875,192.83999633789062,235237,NVDA,NVIDIA,Nasdaq,USD,20260703_160316
2026-07-02 15:08:00-04:00,192.6699981689453,192.75,192.61000061035156,192.66000366210938,120159,NVDA,NVIDIA,Nasdaq,USD,20260703_160316
2026-07-02 15:09:00-04:00,192.67999267578125,192.77000427246094,192.6300048828125,192.6699981689453,161113,NVDA,NVIDIA,Nasdaq,USD,20260703_160316
2026-07-02 15:10:00-04:00,192.7050018310547,192.75999450683594,192.52999877929688,192.67999267578125,175005,NVDA,NVIDIA,Nasdaq,USD,20260703_160316
2026-07-02 15:11:00-04:00,192.77999877929688,192.8300018310547,192.64999389648438,192.7100067138672,192885,NVDA,NVIDIA,Nasdaq,USD,20260703_160316
2026-07-02 15:12:00-04:00,192.82000732421875,192.88999938964844,192.7050018310547,192.77000427246094,175185,NVDA,NVIDIA,Nasdaq,USD,20260703_160316
2026-07-02 15:13:00-04:00,192.80999755859375,192.9196014404297,192.77000427246094,192.81500244140625,145774,NVDA,NVIDIA,Nasdaq,USD,20260703_160316
2026-07-02 15:14:00-04:00,192.88009643554688,192.97999572753906,192.75,192.80499267578125,174507,NVDA,NVIDIA,Nasdaq,USD,20260703_160316
2026-07-02 15:15:00-04:00,192.96009826660156,193.0399932861328,192.83009338378906,192.88499450683594,222041,NVDA,NVIDIA,Nasdaq,USD,20260703_160316
2026-07-02 15:16:00-04:00,192.88499450683594,192.97970581054688,192.7899932861328,192.96730041503906,150351,NVDA,NVIDIA,Nasdaq,USD,20260703_160316
2026-07-02 15:17:00-04:00,192.88499450683594,192.92999267578125,192.81500244140625,192.84500122070312,137979,NVDA,NVIDIA,Nasdaq,USD,20260703_160316
2026-07-02 15:18:00-04:00,192.9149932861328,192.9600067138672,192.7801055908203,192.8699951171875,158089,NVDA,NVIDIA,Nasdaq,USD,20260703_160316
2026-07-02 15:19:00-04:00,193.0500030517578,193.21499633789062,192.9199981689453,192.9199981689453,276504,NVDA,NVIDIA,Nasdaq,USD,20260703_160316
2026-07-02 15:20:00-04:00,192.91000366210938,193.1199951171875,192.8800048828125,193.0800018310547,207155,NVDA,NVIDIA,Nasdaq,USD,20260703_160316
2026-07-02 15:21:00-04:00,192.9199981689453,193.0299072265625,192.8300018310547,192.89999389648438,176511,NVDA,NVIDIA,Nasdaq,USD,20260703_160316
2026-07-02 15:22:00-04:00,192.8354949951172,192.98500061035156,192.81500244140625,192.9250030517578,244941,NVDA,NVIDIA,Nasdaq,USD,20260703_160316
2026-07-02 15:23:00-04:00,192.8300018310547,192.9499053955078,192.72000122070312,192.8249969482422,208355,NVDA,NVIDIA,Nasdaq,USD,20260703_160316
2026-07-02 15:24:00-04:00,192.80999755859375,192.86500549316406,192.7200927734375,192.8350067138672,161628,NVDA,NVIDIA,Nasdaq,USD,20260703_160316
2026-07-02 15:25:00-04:00,192.77999877929688,192.83999633789062,192.6999969482422,192.80999755859375,192913,NVDA,NVIDIA,Nasdaq,USD,20260703_160316
2026-07-02 15:26:00-04:00,192.80999755859375,192.8300018310547,192.64999389648438,192.7899932861328,263189,NVDA,NVIDIA,Nasdaq,USD,20260703_160316
2026-07-02 15:27:00-04:00,192.8000030517578,192.9600067138672,192.76499938964844,192.80999755859375,293004,NVDA,NVIDIA,Nasdaq,USD,20260703_160316
2026-07-02 15:28:00-04:00,193.15499877929688,193.23500061035156,192.77000427246094,192.7899932861328,270882,NVDA,NVIDIA,Nasdaq,USD,20260703_160316
2026-07-02 15:29:00-04:00,193.10499572753906,193.3300018310547,193.09010314941406,193.15499877929688,309534,NVDA,NVIDIA,Nasdaq,USD,20260703_160316
2026-07-02 15:30:00-04:00,193.35000610351562,193.36000061035156,193.06500244140625,193.11500549316406,296049,NVDA,NVIDIA,Nasdaq,USD,20260703_160316
2026-07-02 15:31:00-04:00,193.2550048828125,193.42999267578125,193.15499877929688,193.36000061035156,221978,NVDA,NVIDIA,Nasdaq,USD,20260703_160316
2026-07-02 15:32:00-04:00,193.30999755859375,193.4199981689453,193.2449951171875,193.2550048828125,206537,NVDA,NVIDIA,Nasdaq,USD,20260703_160316
2026-07-02 15:33:00-04:00,193.4250030517578,193.52000427246094,193.30999755859375,193.30999755859375,235550,NVDA,NVIDIA,Nasdaq,USD,20260703_160316
2026-07-02 15:34:00-04:00,193.54910278320312,193.5800018310547,193.3699951171875,193.42999267578125,218227,NVDA,NVIDIA,Nasdaq,USD,20260703_160316
2026-07-02 15:35:00-04:00,193.5800018310547,193.67999267578125,193.47000122070312,193.5399932861328,241612,NVDA,NVIDIA,Nasdaq,USD,20260703_160316
2026-07-02 15:36:00-04:00,193.47999572753906,193.60499572753906,193.42999267578125,193.57000732421875,279476,NVDA,NVIDIA,Nasdaq,USD,20260703_160316
2026-07-02 15:37:00-04:00,193.61000061035156,193.61399841308594,193.32000732421875,193.5,265266,NVDA,NVIDIA,Nasdaq,USD,20260703_160316
2026-07-02 15:38:00-04:00,193.69500732421875,193.8000030517578,193.57000732421875,193.6199951171875,253882,NVDA,NVIDIA,Nasdaq,USD,20260703_160316
2026-07-02 15:39:00-04:00,193.67999267578125,193.77999877929688,193.5749969482422,193.69009399414062,209360,NVDA,NVIDIA,Nasdaq,USD,20260703_160316
2026-07-02 15:40:00-04:00,193.69000244140625,193.72000122070312,193.51499938964844,193.67999267578125,196956,NVDA,NVIDIA,Nasdaq,USD,20260703_160316
2026-07-02 15:41:00-04:00,193.5325927734375,193.6999969482422,193.53050231933594,193.68499755859375,177102,NVDA,NVIDIA,Nasdaq,USD,20260703_160316
2026-07-02 15:42:00-04:00,193.59500122070312,193.6199951171875,193.44000244140625,193.5399932861328,244525,NVDA,NVIDIA,Nasdaq,USD,20260703_160316
2026-07-02 15:43:00-04:00,193.60499572753906,193.66000366210938,193.5449981689453,193.5959930419922,211837,NVDA,NVIDIA,Nasdaq,USD,20260703_160316
2026-07-02 15:44:00-04:00,193.6649932861328,193.75,193.52999877929688,193.60000610351562,229451,NVDA,NVIDIA,Nasdaq,USD,20260703_160316
2026-07-02 15:45:00-04:00,193.52999877929688,193.7449951171875,193.52999877929688,193.66000366210938,245181,NVDA,NVIDIA,Nasdaq,USD,20260703_160316
2026-07-02 15:46:00-04:00,193.52499389648438,193.64999389648438,193.41000366210938,193.52000427246094,348108,NVDA,NVIDIA,Nasdaq,USD,20260703_160316
2026-07-02 15:47:00-04:00,193.5449981689453,193.69000244140625,193.49000549316406,193.52999877929688,202418,NVDA,NVIDIA,Nasdaq,USD,20260703_160316
2026-07-02 15:48:00-04:00,193.57000732421875,193.61000061035156,193.4949951171875,193.5449981689453,811162,NVDA,NVIDIA,Nasdaq,USD,20260703_160316
2026-07-02 15:49:00-04:00,193.6300048828125,193.63499450683594,193.42999267578125,193.5625,309647,NVDA,NVIDIA,Nasdaq,USD,20260703_160316
2026-07-02 15:50:00-04:00,194.14999389648438,194.97999572753906,193.63999938964844,193.63999938964844,1132749,NVDA,NVIDIA,Nasdaq,USD,20260703_160316
2026-07-02 15:51:00-04:00,194.0850067138672,194.2100067138672,193.9499969482422,194.14999389648438,458008,NVDA,NVIDIA,Nasdaq,USD,20260703_160316
2026-07-02 15:52:00-04:00,194.02000427246094,194.1649932861328,193.91000366210938,194.0800018310547,398246,NVDA,NVIDIA,Nasdaq,USD,20260703_160316
2026-07-02 15:53:00-04:00,194.0800018310547,194.25999450683594,193.9300994873047,194.02999877929688,442665,NVDA,NVIDIA,Nasdaq,USD,20260703_160316
2026-07-02 15:54:00-04:00,194.67799377441406,194.67999267578125,194.02999877929688,194.08999633789062,679212,NVDA,NVIDIA,Nasdaq,USD,20260703_160316
2026-07-02 15:55:00-04:00,194.75070190429688,194.75999450683594,194.22999572753906,194.6699981689453,1006180,NVDA,NVIDIA,Nasdaq,USD,20260703_160316
2026-07-02 15:56:00-04:00,194.60499572753906,194.75999450683594,194.5500030517578,194.75,664992,NVDA,NVIDIA,Nasdaq,USD,20260703_160316
2026-07-02 15:57:00-04:00,194.7449951171875,194.80999755859375,194.60499572753906,194.60499572753906,869429,NVDA,NVIDIA,Nasdaq,USD,20260703_160316
2026-07-02 15:58:00-04:00,194.8300018310547,194.84500122070312,194.6699981689453,194.7449951171875,956771,NVDA,NVIDIA,Nasdaq,USD,20260703_160316
2026-07-02 15:59:00-04:00,194.6199951171875,195.0,194.33999633789062,194.8350067138672,3080294,NVDA,NVIDIA,Nasdaq,USD,20260703_160316
2026-07-02 09:30:00-04:00,197.72999572753906,197.98989868164062,196.77999877929688,197.14999389648438,4231642,NVDA,NVIDIA,Nasdaq,USD,20260703_175410
2026-07-02 09:31:00-04:00,197.97000122070312,198.0,197.16000366210938,197.70599365234375,420062,NVDA,NVIDIA,Nasdaq,USD,20260703_175410
2026-07-02 09:32:00-04:00,198.0850067138672,198.39999389648438,197.80099487304688,197.94000244140625,2038069,NVDA,NVIDIA,Nasdaq,USD,20260703_175410
2026-07-02 09:33:00-04:00,198.42999267578125,198.69000244140625,197.8000030517578,198.10000610351562,477126,NVDA,NVIDIA,Nasdaq,USD,20260703_175410
2026-07-02 09:34:00-04:00,198.375,198.60989379882812,198.0500030517578,198.4199981689453,358194,NVDA,NVIDIA,Nasdaq,USD,20260703_175410
2026-07-02 09:35:00-04:00,198.25,198.3699951171875,197.9199981689453,198.3699951171875,319553,NVDA,NVIDIA,Nasdaq,USD,20260703_175410
2026-07-02 09:36:00-04:00,198.35000610351562,198.39999389648438,197.92999267578125,198.25,383331,NVDA,NVIDIA,Nasdaq,USD,20260703_175410
2026-07-02 09:37:00-04:00,198.11000061035156,198.52499389648438,198.0800018310547,198.3249969482422,349771,NVDA,NVIDIA,Nasdaq,USD,20260703_175410
2026-07-02 09:38:00-04:00,197.9250030517578,198.14999389648438,197.51499938964844,198.10000610351562,346828,NVDA,NVIDIA,Nasdaq,USD,20260703_175410
2026-07-02 09:39:00-04:00,197.77999877929688,198.02000427246094,197.6699981689453,197.93499755859375,289771,NVDA,NVIDIA,Nasdaq,USD,20260703_175410
2026-07-02 09:40:00-04:00,197.63999938964844,198.08999633789062,197.5800018310547,197.75999450683594,251786,NVDA,NVIDIA,Nasdaq,USD,20260703_175410
2026-07-02 09:41:00-04:00,198.19500732421875,198.2899932861328,197.5500030517578,197.64019775390625,322390,NVDA,NVIDIA,Nasdaq,USD,20260703_175410
2026-07-02 09:42:00-04:00,198.05999755859375,198.3000030517578,197.97999572753906,198.13510131835938,288761,NVDA,NVIDIA,Nasdaq,USD,20260703_175410
2026-07-02 09:43:00-04:00,198.17950439453125,198.27499389648438,197.9770050048828,198.03990173339844,322024,NVDA,NVIDIA,Nasdaq,USD,20260703_175410
2026-07-02 09:44:00-04:00,198.10000610351562,198.17999267578125,197.8000030517578,198.16000366210938,206656,NVDA,NVIDIA,Nasdaq,USD,20260703_175410
2026-07-02 09:45:00-04:00,197.9949951171875,198.36000061035156,197.8300018310547,198.11990356445312,320610,NVDA,NVIDIA,Nasdaq,USD,20260703_175410
2026-07-02 09:46:00-04:00,197.7100067138672,198.1199951171875,197.6999969482422,198.02000427246094,185282,NVDA,NVIDIA,Nasdaq,USD,20260703_175410
2026-07-02 09:47:00-04:00,198.1999969482422,198.24000549316406,197.61000061035156,197.6999969482422,345939,NVDA,NVIDIA,Nasdaq,USD,20260703_175410
2026-07-02 09:48:00-04:00,198.15499877929688,198.4499969482422,198.1199951171875,198.1699981689453,280413,NVDA,NVIDIA,Nasdaq,USD,20260703_175410
2026-07-02 09:49:00-04:00,198.35000610351562,198.57000732421875,198.00999450683594,198.13999938964844,299272,NVDA,NVIDIA,Nasdaq,USD,20260703_175410
2026-07-02 09:50:00-04:00,198.6699981689453,198.94000244140625,198.2270050048828,198.30499267578125,458795,NVDA,NVIDIA,Nasdaq,USD,20260703_175410
2026-07-02 09:51:00-04:00,198.6199951171875,198.80999755859375,198.47999572753906,198.61500549316406,300650,NVDA,NVIDIA,Nasdaq,USD,20260703_175410
2026-07-02 09:52:00-04:00,198.10000610351562,198.59979248046875,198.05999755859375,198.57000732421875,366131,NVDA,NVIDIA,Nasdaq,USD,20260703_175410
2026-07-02 09:53:00-04:00,197.60989379882812,198.22000122070312,197.5,198.09970092773438,681074,NVDA,NVIDIA,Nasdaq,USD,20260703_175410
2026-07-02 09:54:00-04:00,198.3800048828125,198.4600067138672,197.5,197.5800018310547,436333,NVDA,NVIDIA,Nasdaq,USD,20260703_175410
2026-07-02 09:55:00-04:00,198.69000244140625,198.69000244140625,198.02999877929688,198.3972930908203,473792,NVDA,NVIDIA,Nasdaq,USD,20260703_175410
2026-07-02 09:56:00-04:00,198.4600067138672,198.77499389648438,198.2100067138672,198.66000366210938,243356,NVDA,NVIDIA,Nasdaq,USD,20260703_175410
2026-07-02 09:57:00-04:00,198.36309814453125,198.5,198.22000122070312,198.4499969482422,197504,NVDA,NVIDIA,Nasdaq,USD,20260703_175410
2026-07-02 09:58:00-04:00,198.6199951171875,198.66079711914062,198.2700958251953,198.3800048828125,203982,NVDA,NVIDIA,Nasdaq,USD,20260703_175410
2026-07-02 09:59:00-04:00,198.85499572753906,198.89010620117188,198.57000732421875,198.610107421875,328489,NVDA,NVIDIA,Nasdaq,USD,20260703_175410
2026-07-02 10:00:00-04:00,198.84500122070312,198.9199981689453,198.5500030517578,198.89999389648438,307438,NVDA,NVIDIA,Nasdaq,USD,20260703_175410
2026-07-02 10:01:00-04:00,199.69000244140625,199.7100067138672,198.78700256347656,198.84500122070312,554863,NVDA,NVIDIA,Nasdaq,USD,20260703_175410
2026-07-02 10:02:00-04:00,199.97000122070312,200.0399932861328,199.64999389648438,199.69500732421875,805830,NVDA,NVIDIA,Nasdaq,USD,20260703_175410
2026-07-02 10:03:00-04:00,199.82000732421875,200.05499267578125,199.6999969482422,199.97000122070312,606783,NVDA,NVIDIA,Nasdaq,USD,20260703_175410
2026-07-02 10:04:00-04:00,199.53500366210938,199.80999755859375,199.42999267578125,199.80999755859375,389375,NVDA,NVIDIA,Nasdaq,USD,20260703_175410
2026-07-02 10:05:00-04:00,199.77999877929688,199.8300018310547,199.3800048828125,199.5500030517578,272437,NVDA,NVIDIA,Nasdaq,USD,20260703_175410
2026-07-02 10:06:00-04:00,199.44219970703125,199.81500244140625,199.34019470214844,199.8000030517578,245079,NVDA,NVIDIA,Nasdaq,USD,20260703_175410
2026-07-02 10:07:00-04:00,199.56500244140625,199.82000732421875,199.41000366210938,199.42999267578125,290260,NVDA,NVIDIA,Nasdaq,USD,20260703_175410
2026-07-02 10:08:00-04:00,199.0800018310547,199.5800018310547,199.02980041503906,199.5500030517578,307789,NVDA,NVIDIA,Nasdaq,USD,20260703_175410
2026-07-02 10:09:00-04:00,198.80999755859375,199.139892578125,198.6699981689453,199.0800018310547,328591,NVDA,NVIDIA,Nasdaq,USD,20260703_175410
2026-07-02 10:10:00-04:00,198.63999938964844,198.89999389648438,198.52000427246094,198.86000061035156,241939,NVDA,NVIDIA,Nasdaq,USD,20260703_175410
2026-07-02 10:11:00-04:00,198.74000549316406,198.88999938964844,198.5601043701172,198.6699981689453,237772,NVDA,NVIDIA,Nasdaq,USD,20260703_175410
2026-07-02 10:12:00-04:00,199.02000427246094,199.08990478515625,198.6649932861328,198.71499633789062,256771,NVDA,NVIDIA,Nasdaq,USD,20260703_175410
2026-07-02 10:13:00-04:00,199.1300048828125,199.27999877929688,198.9499969482422,199.0175018310547,236907,NVDA,NVIDIA,Nasdaq,USD,20260703_175410
2026-07-02 10:14:00-04:00,199.0330047607422,199.35499572753906,198.97999572753906,199.1300048828125,289103,NVDA,NVIDIA,Nasdaq,USD,20260703_175410
2026-07-02 10:15:00-04:00,198.9600067138672,199.05999755859375,198.80999755859375,199.03500366210938,206299,NVDA,NVIDIA,Nasdaq,USD,20260703_175410
2026-07-02 10:16:00-04:00,198.84320068359375,199.36349487304688,198.8300018310547,198.97000122070312,292232,NVDA,NVIDIA,Nasdaq,USD,20260703_175410
2026-07-02 10:17:00-04:00,198.7100067138672,199.0850067138672,198.7100067138672,198.88499450683594,196646,NVDA,NVIDIA,Nasdaq,USD,20260703_175410
2026-07-02 10:18:00-04:00,198.77000427246094,199.125,198.49200439453125,198.72079467773438,343445,NVDA,NVIDIA,Nasdaq,USD,20260703_175410
2026-07-02 10:19:00-04:00,199.2100067138672,199.25,198.6999969482422,198.77000427246094,284237,NVDA,NVIDIA,Nasdaq,USD,20260703_175410
2026-07-02 10:20:00-04:00,198.90499877929688,199.33999633789062,198.82009887695312,199.22999572753906,228322,NVDA,NVIDIA,Nasdaq,USD,20260703_175410
2026-07-02 10:21:00-04:00,198.9550018310547,199.27000427246094,198.8300018310547,198.91000366210938,199741,NVDA,NVIDIA,Nasdaq,USD,20260703_175410
2026-07-02 10:22:00-04:00,198.8300018310547,198.97000122070312,198.55039978027344,198.9199981689453,292424,NVDA,NVIDIA,Nasdaq,USD,20260703_175410
2026-07-02 10:23:00-04:00,198.86500549316406,199.0,198.50999450683594,198.81610107421875,259371,NVDA,NVIDIA,Nasdaq,USD,20260703_175410
2026-07-02 10:24:00-04:00,198.4801025390625,199.0,198.46009826660156,198.86500549316406,238362,NVDA,NVIDIA,Nasdaq,USD,20260703_175410
2026-07-02 10:25:00-04:00,198.57000732421875,198.64340209960938,198.235107421875,198.5050048828125,332142,NVDA,NVIDIA,Nasdaq,USD,20260703_175410
2026-07-02 10:26:00-04:00,198.57000732421875,198.74000549316406,198.4199981689453,198.5749969482422,255051,NVDA,NVIDIA,Nasdaq,USD,20260703_175410
2026-07-02 10:27:00-04:00,197.71499633789062,198.5850067138672,197.6649932861328,198.5800018310547,490738,NVDA,NVIDIA,Nasdaq,USD,20260703_175410
2026-07-02 10:28:00-04:00,197.66000366210938,197.8300018310547,197.44000244140625,197.75,456852,NVDA,NVIDIA,Nasdaq,USD,20260703_175410
2026-07-02 10:29:00-04:00,197.85000610351562,198.0,197.64999389648438,197.6750030517578,281383,NVDA,NVIDIA,Nasdaq,USD,20260703_175410
2026-07-02 10:30:00-04:00,197.90499877929688,198.1999969482422,197.57000732421875,197.88999938964844,413531,NVDA,NVIDIA,Nasdaq,USD,20260703_175410
2026-07-02 10:31:00-04:00,197.8800048828125,198.2050018310547,197.8699951171875,197.90499877929688,258599,NVDA,NVIDIA,Nasdaq,USD,20260703_175410
2026-07-02 10:32:00-04:00,197.52999877929688,198.1649932861328,197.47500610351562,197.9199981689453,249458,NVDA,NVIDIA,Nasdaq,USD,20260703_175410
2026-07-02 10:33:00-04:00,197.27999877929688,197.7899932861328,197.25,197.5399932861328,371719,NVDA,NVIDIA,Nasdaq,USD,20260703_175410
2026-07-02 10:34:00-04:00,196.75999450683594,197.44000244140625,196.66000366210938,197.3000030517578,488524,NVDA,NVIDIA,Nasdaq,USD,20260703_175410
2026-07-02 10:35:00-04:00,196.7100067138672,197.0,196.61000061035156,196.79010009765625,454063,NVDA,NVIDIA,Nasdaq,USD,20260703_175410
2026-07-02 10:36:00-04:00,197.17999267578125,197.19500732421875,196.61000061035156,196.70010375976562,353336,NVDA,NVIDIA,Nasdaq,USD,20260703_175410
2026-07-02 10:37:00-04:00,197.35000610351562,197.5095977783203,197.13499450683594,197.1649932861328,286034,NVDA,NVIDIA,Nasdaq,USD,20260703_175410
2026-07-02 10:38:00-04:00,197.17999267578125,197.36000061035156,197.07000732421875,197.36000061035156,245514,NVDA,NVIDIA,Nasdaq,USD,20260703_175410
2026-07-02 10:39:00-04:00,197.10000610351562,197.36000061035156,197.02000427246094,197.18499755859375,191679,NVDA,NVIDIA,Nasdaq,USD,20260703_175410
2026-07-02 10:40:00-04:00,197.07510375976562,197.2799072265625,196.9600067138672,197.10000610351562,230759,NVDA,NVIDIA,Nasdaq,USD,20260703_175410
2026-07-02 10:41:00-04:00,196.80999755859375,197.1240997314453,196.6999969482422,197.08999633789062,302746,NVDA,NVIDIA,Nasdaq,USD,20260703_175410
2026-07-02 10:42:00-04:00,196.30999755859375,196.8300018310547,196.30999755859375,196.8300018310547,474063,NVDA,NVIDIA,Nasdaq,USD,20260703_175410
2026-07-02 10:43:00-04:00,196.35499572753906,196.42999267578125,196.0800018310547,196.3249969482422,440670,NVDA,NVIDIA,Nasdaq,USD,20260703_175410
2026-07-02 10:44:00-04:00,196.4600067138672,196.60000610351562,196.19000244140625,196.3800048828125,373151,NVDA,NVIDIA,Nasdaq,USD,20260703_175410
2026-07-02 10:45:00-04:00,196.44000244140625,196.7899932861328,196.3699951171875,196.47000122070312,371831,NVDA,NVIDIA,Nasdaq,USD,20260703_175410
2026-07-02 10:46:00-04:00,196.5,196.5655975341797,196.1199951171875,196.4600067138672,335701,NVDA,NVIDIA,Nasdaq,USD,20260703_175410
2026-07-02 10:47:00-04:00,196.27000427246094,196.86000061035156,196.22999572753906,196.50999450683594,408428,NVDA,NVIDIA,Nasdaq,USD,20260703_175410
2026-07-02 10:48:00-04:00,195.9600067138672,196.39999389648438,195.860107421875,196.25,502233,NVDA,NVIDIA,Nasdaq,USD,20260703_175410
2026-07-02 10:49:00-04:00,196.4250030517578,196.63479614257812,195.91000366210938,195.93099975585938,409802,NVDA,NVIDIA,Nasdaq,USD,20260703_175410
2026-07-02 10:50:00-04:00,196.25509643554688,196.49000549316406,196.0500030517578,196.39999389648438,450270,NVDA,NVIDIA,Nasdaq,USD,20260703_175410
2026-07-02 10:51:00-04:00,196.22999572753906,196.58999633789062,196.08999633789062,196.25999450683594,413335,NVDA,NVIDIA,Nasdaq,USD,20260703_175410
2026-07-02 10:52:00-04:00,195.6300048828125,196.21499633789062,195.50999450683594,196.16009521484375,368106,NVDA,NVIDIA,Nasdaq,USD,20260703_175410
2026-07-02 10:53:00-04:00,195.47500610351562,195.75,195.2100067138672,195.6199951171875,554830,NVDA,NVIDIA,Nasdaq,USD,20260703_175410
2026-07-02 10:54:00-04:00,195.5,195.6300048828125,195.38999938964844,195.46670532226562,302087,NVDA,NVIDIA,Nasdaq,USD,20260703_175410
2026-07-02 10:55:00-04:00,195.89999389648438,196.0500030517578,195.50999450683594,195.50999450683594,370341,NVDA,NVIDIA,Nasdaq,USD,20260703_175410
2026-07-02 10:56:00-04:00,195.9250030517578,196.15989685058594,195.86000061035156,195.92999267578125,283990,NVDA,NVIDIA,Nasdaq,USD,20260703_175410
2026-07-02 10:57:00-04:00,195.72329711914062,195.9499969482422,195.6199951171875,195.9199981689453,259862,NVDA,NVIDIA,Nasdaq,USD,20260703_175410
2026-07-02 10:58:00-04:00,195.96180725097656,196.0299072265625,195.69000244140625,195.74000549316406,237048,NVDA,NVIDIA,Nasdaq,USD,20260703_175410
2026-07-02 10:59:00-04:00,196.24000549316406,196.2899932861328,195.95010375976562,195.95010375976562,271414,NVDA,NVIDIA,Nasdaq,USD,20260703_175410
2026-07-02 11:00:00-04:00,196.32000732421875,196.33999633789062,195.92999267578125,196.25,257412,NVDA,NVIDIA,Nasdaq,USD,20260703_175410
2026-07-02 11:01:00-04:00,196.2100067138672,196.47000122070312,196.2100067138672,196.30999755859375,323443,NVDA,NVIDIA,Nasdaq,USD,20260703_175410
2026-07-02 11:02:00-04:00,196.27499389648438,196.31500244140625,196.03500366210938,196.21499633789062,217168,NVDA,NVIDIA,Nasdaq,USD,20260703_175410
2026-07-02 11:03:00-04:00,195.9600067138672,196.45899963378906,195.92999267578125,196.30999755859375,244655,NVDA,NVIDIA,Nasdaq,USD,20260703_175410
2026-07-02 11:04:00-04:00,195.60000610351562,196.05999755859375,195.58999633789062,195.99000549316406,247935,NVDA,NVIDIA,Nasdaq,USD,20260703_175410
2026-07-02 11:05:00-04:00,195.44430541992188,195.77000427246094,195.44000244140625,195.61000061035156,510925,NVDA,NVIDIA,Nasdaq,USD,20260703_175410
2026-07-02 11:06:00-04:00,195.06500244140625,195.42999267578125,195.02999877929688,195.42999267578125,412482,NVDA,NVIDIA,Nasdaq,USD,20260703_175410
2026-07-02 11:07:00-04:00,194.7449951171875,195.1699981689453,194.7100067138672,195.06500244140625,791574,NVDA,NVIDIA,Nasdaq,USD,20260703_175410
2026-07-02 11:08:00-04:00,195.0050048828125,195.2899932861328,194.73300170898438,194.7899932861328,450243,NVDA,NVIDIA,Nasdaq,USD,20260703_175410
2026-07-02 11:09:00-04:00,194.9949951171875,195.1750030517578,194.86000061035156,194.9949951171875,346074,NVDA,NVIDIA,Nasdaq,USD,20260703_175410
2026-07-02 11:10:00-04:00,194.97999572753906,195.11500549316406,194.77239990234375,195.00999450683594,343247,NVDA,NVIDIA,Nasdaq,USD,20260703_175410
2026-07-02 11:11:00-04:00,195.31509399414062,195.39500427246094,194.91000366210938,194.98699951171875,529528,NVDA,NVIDIA,Nasdaq,USD,20260703_175410
2026-07-02 11:12:00-04:00,195.21499633789062,195.3699951171875,195.1999969482422,195.30999755859375,238524,NVDA,NVIDIA,Nasdaq,USD,20260703_175410
2026-07-02 11:13:00-04:00,195.23500061035156,195.42999267578125,195.1699981689453,195.1999969482422,225046,NVDA,NVIDIA,Nasdaq,USD,20260703_175410
2026-07-02 11:14:00-04:00,195.25999450683594,195.41000366210938,195.08999633789062,195.23500061035156,268686,NVDA,NVIDIA,Nasdaq,USD,20260703_175410
2026-07-02 11:15:00-04:00,195.08999633789062,195.4600067138672,195.0236053466797,195.27000427246094,245381,NVDA,NVIDIA,Nasdaq,USD,20260703_175410
2026-07-02 11:16:00-04:00,195.02499389648438,195.10000610351562,194.86000061035156,195.0800018310547,266227,NVDA,NVIDIA,Nasdaq,USD,20260703_175410
2026-07-02 11:17:00-04:00,195.00999450683594,195.23959350585938,194.85000610351562,195.0399932861328,257180,NVDA,NVIDIA,Nasdaq,USD,20260703_175410
2026-07-02 11:18:00-04:00,195.0800018310547,195.22999572753906,194.8000946044922,194.99000549316406,337696,NVDA,NVIDIA,Nasdaq,USD,20260703_175410
2026-07-02 11:19:00-04:00,195.0399932861328,195.0850067138672,194.9199981689453,195.06500244140625,229328,NVDA,NVIDIA,Nasdaq,USD,20260703_175410
2026-07-02 11:20:00-04:00,195.00999450683594,195.32000732421875,194.69000244140625,195.05990600585938,422910,NVDA,NVIDIA,Nasdaq,USD,20260703_175410
2026-07-02 11:21:00-04:00,194.875,195.0399932861328,194.8101043701172,195.00999450683594,305386,NVDA,NVIDIA,Nasdaq,USD,20260703_175410
2026-07-02 11:22:00-04:00,194.77499389648438,195.0500030517578,194.7100067138672,194.86000061035156,295402,NVDA,NVIDIA,Nasdaq,USD,20260703_175410
2026-07-02 11:23:00-04:00,194.7899932861328,194.89500427246094,194.6199951171875,194.77000427246094,292483,NVDA,NVIDIA,Nasdaq,USD,20260703_175410
2026-07-02 11:24:00-04:00,194.8249969482422,195.01499938964844,194.72000122070312,194.7873992919922,418271,NVDA,NVIDIA,Nasdaq,USD,20260703_175410
2026-07-02 11:25:00-04:00,194.5399932861328,194.86500549316406,194.4199981689453,194.83999633789062,459878,NVDA,NVIDIA,Nasdaq,USD,20260703_175410
2026-07-02 11:26:00-04:00,194.875,194.99000549316406,194.5399932861328,194.5500030517578,408411,NVDA,NVIDIA,Nasdaq,USD,20260703_175410
2026-07-02 11:27:00-04:00,195.0800018310547,195.1999053955078,194.8800048828125,194.8800048828125,286539,NVDA,NVIDIA,Nasdaq,USD,20260703_175410
2026-07-02 11:28:00-04:00,194.99000549316406,195.10989379882812,194.88999938964844,195.0749969482422,196961,NVDA,NVIDIA,Nasdaq,USD,20260703_175410
2026-07-02 11:29:00-04:00,194.7794952392578,195.00979614257812,194.77000427246094,194.97999572753906,189347,NVDA,NVIDIA,Nasdaq,USD,20260703_175410
2026-07-02 11:30:00-04:00,195.16000366210938,195.3699951171875,194.75999450683594,194.77999877929688,293633,NVDA,NVIDIA,Nasdaq,USD,20260703_175410
2026-07-02 11:31:00-04:00,195.22000122070312,195.27999877929688,194.94000244140625,195.14999389648438,237867,NVDA,NVIDIA,Nasdaq,USD,20260703_175410
2026-07-02 11:32:00-04:00,195.25950622558594,195.39999389648438,195.0906982421875,195.22000122070312,203372,NVDA,NVIDIA,Nasdaq,USD,20260703_175410
2026-07-02 11:33:00-04:00,195.38999938964844,195.47000122070312,195.25,195.25,271992,NVDA,NVIDIA,Nasdaq,USD,20260703_175410
2026-07-02 11:34:00-04:00,195.46499633789062,195.5800018310547,195.38499450683594,195.38499450683594,235765,NVDA,NVIDIA,Nasdaq,USD,20260703_175410
2026-07-02 11:35:00-04:00,195.69000244140625,195.8000030517578,195.41000366210938,195.47999572753906,309012,NVDA,NVIDIA,Nasdaq,USD,20260703_175410
2026-07-02 11:36:00-04:00,195.66990661621094,195.75,195.57049560546875,195.69000244140625,231564,NVDA,NVIDIA,Nasdaq,USD,20260703_175410
2026-07-02 11:37:00-04:00,195.6497039794922,195.7100067138672,195.5,195.64999389648438,194582,NVDA,NVIDIA,Nasdaq,USD,20260703_175410
2026-07-02 11:38:00-04:00,195.7550048828125,195.9199981689453,195.58279418945312,195.63499450683594,291310,NVDA,NVIDIA,Nasdaq,USD,20260703_175410
2026-07-02 11:39:00-04:00,195.5135040283203,195.7899932861328,195.51300048828125,195.75,192276,NVDA,NVIDIA,Nasdaq,USD,20260703_175410
2026-07-02 11:40:00-04:00,195.83999633789062,196.0,195.41000366210938,195.52999877929688,325330,NVDA,NVIDIA,Nasdaq,USD,20260703_175410
2026-07-02 11:41:00-04:00,195.51499938964844,195.8498992919922,195.44500732421875,195.8498992919922,274466,NVDA,NVIDIA,Nasdaq,USD,20260703_175410
2026-07-02 11:42:00-04:00,195.39999389648438,195.4949951171875,195.35000610351562,195.49000549316406,350207,NVDA,NVIDIA,Nasdaq,USD,20260703_175410
2026-07-02 11:43:00-04:00,195.13999938964844,195.41000366210938,195.07000732421875,195.40499877929688,339554,NVDA,NVIDIA,Nasdaq,USD,20260703_175410
2026-07-02 11:44:00-04:00,195.06509399414062,195.36000061035156,195.0399932861328,195.13999938964844,202725,NVDA,NVIDIA,Nasdaq,USD,20260703_175410
2026-07-02 11:45:00-04:00,195.31500244140625,195.39999389648438,195.0449981689453,195.0800018310547,159234,NVDA,NVIDIA,Nasdaq,USD,20260703_175410
2026-07-02 11:46:00-04:00,195.07000732421875,195.33999633789062,194.97000122070312,195.3105010986328,207915,NVDA,NVIDIA,Nasdaq,USD,20260703_175410
2026-07-02 11:47:00-04:00,195.05999755859375,195.16990661621094,194.89999389648438,195.0800018310547,185010,NVDA,NVIDIA,Nasdaq,USD,20260703_175410
2026-07-02 11:48:00-04:00,194.88999938964844,195.08999633789062,194.8800048828125,195.0200958251953,157423,NVDA,NVIDIA,Nasdaq,USD,20260703_175410
2026-07-02 11:49:00-04:00,194.74000549316406,194.92999267578125,194.66000366210938,194.89999389648438,204402,NVDA,NVIDIA,Nasdaq,USD,20260703_175410
2026-07-02 11:50:00-04:00,194.55999755859375,194.74000549316406,194.52000427246094,194.72999572753906,210139,NVDA,NVIDIA,Nasdaq,USD,20260703_175410
2026-07-02 11:51:00-04:00,194.50999450683594,194.59800720214844,194.35000610351562,194.55999755859375,334370,NVDA,NVIDIA,Nasdaq,USD,20260703_175410
2026-07-02 11:52:00-04:00,194.33999633789062,194.68499755859375,194.27999877929688,194.50999450683594,286620,NVDA,NVIDIA,Nasdaq,USD,20260703_175410
2026-07-02 11:53:00-04:00,194.2100067138672,194.35000610351562,194.05999755859375,194.33999633789062,303053,NVDA,NVIDIA,Nasdaq,USD,20260703_175410
2026-07-02 11:54:00-04:00,194.4346923828125,194.50999450683594,194.17999267578125,194.2100067138672,196633,NVDA,NVIDIA,Nasdaq,USD,20260703_175410
2026-07-02 11:55:00-04:00,194.35000610351562,194.55799865722656,194.33999633789062,194.4409942626953,185037,NVDA,NVIDIA,Nasdaq,USD,20260703_175410
2026-07-02 11:56:00-04:00,194.2050018310547,194.39999389648438,194.1199951171875,194.3699951171875,286878,NVDA,NVIDIA,Nasdaq,USD,20260703_175410
2026-07-02 11:57:00-04:00,194.27000427246094,194.32000732421875,194.01499938964844,194.1999969482422,264846,NVDA,NVIDIA,Nasdaq,USD,20260703_175410
2026-07-02 11:58:00-04:00,194.4499969482422,194.52000427246094,194.19410705566406,194.27000427246094,238117,NVDA,NVIDIA,Nasdaq,USD,20260703_175410
2026-07-02 11:59:00-04:00,194.49000549316406,194.63999938964844,194.44000244140625,194.47610473632812,200792,NVDA,NVIDIA,Nasdaq,USD,20260703_175410
2026-07-02 12:00:00-04:00,194.27000427246094,194.55999755859375,194.22000122070312,194.5,191365,NVDA,NVIDIA,Nasdaq,USD,20260703_175410
2026-07-02 12:01:00-04:00,194.27999877929688,194.4113006591797,194.16000366210938,194.27000427246094,153268,NVDA,NVIDIA,Nasdaq,USD,20260703_175410
2026-07-02 12:02:00-04:00,194.07000732421875,194.30999755859375,194.02999877929688,194.28500366210938,236253,NVDA,NVIDIA,Nasdaq,USD,20260703_175410
2026-07-02 12:03:00-04:00,194.19500732421875,194.3000030517578,193.88999938964844,194.05999755859375,537646,NVDA,NVIDIA,Nasdaq,USD,20260703_175410
2026-07-02 12:04:00-04:00,194.36000061035156,194.3800048828125,194.08999633789062,194.19000244140625,199486,NVDA,NVIDIA,Nasdaq,USD,20260703_175410
2026-07-02 12:05:00-04:00,194.25999450683594,194.4199981689453,194.24000549316406,194.35499572753906,210771,NVDA,NVIDIA,Nasdaq,USD,20260703_175410
2026-07-02 12:06:00-04:00,194.15989685058594,194.3000030517578,194.07000732421875,194.2550048828125,179634,NVDA,NVIDIA,Nasdaq,USD,20260703_175410
2026-07-02 12:07:00-04:00,194.13999938964844,194.27999877929688,194.06610107421875,194.15989685058594,137095,NVDA,NVIDIA,Nasdaq,USD,20260703_175410
2026-07-02 12:08:00-04:00,194.07000732421875,194.22000122070312,194.00999450683594,194.16000366210938,182643,NVDA,NVIDIA,Nasdaq,USD,20260703_175410
2026-07-02 12:09:00-04:00,193.98370361328125,194.11000061035156,193.86000061035156,194.10000610351562,231915,NVDA,NVIDIA,Nasdaq,USD,20260703_175410
2026-07-02 12:10:00-04:00,194.35000610351562,194.38999938964844,193.94000244140625,193.98500061035156,261793,NVDA,NVIDIA,Nasdaq,USD,20260703_175410
2026-07-02 12:11:00-04:00,194.3800048828125,194.49000549316406,194.27000427246094,194.3300018310547,285336,NVDA,NVIDIA,Nasdaq,USD,20260703_175410
2026-07-02 12:12:00-04:00,194.57000732421875,194.57000732421875,194.1199951171875,194.35000610351562,312853,NVDA,NVIDIA,Nasdaq,USD,20260703_175410
2026-07-02 12:13:00-04:00,194.5,194.59359741210938,194.41000366210938,194.57000732421875,231520,NVDA,NVIDIA,Nasdaq,USD,20260703_175410
2026-07-02 12:14:00-04:00,194.55999755859375,194.6591033935547,194.48260498046875,194.49000549316406,235420,NVDA,NVIDIA,Nasdaq,USD,20260703_175410
2026-07-02 12:15:00-04:00,194.27000427246094,194.61000061035156,194.0800018310547,194.57000732421875,426180,NVDA,NVIDIA,Nasdaq,USD,20260703_175410
2026-07-02 12:16:00-04:00,194.3000030517578,194.375,194.22000122070312,194.27999877929688,188484,NVDA,NVIDIA,Nasdaq,USD,20260703_175410
2026-07-02 12:17:00-04:00,194.1649932861328,194.4799041748047,194.1300048828125,194.3000030517578,241139,NVDA,NVIDIA,Nasdaq,USD,20260703_175410
2026-07-02 12:18:00-04:00,194.33999633789062,194.35000610351562,194.16180419921875,194.1649932861328,197327,NVDA,NVIDIA,Nasdaq,USD,20260703_175410
2026-07-02 12:19:00-04:00,194.07000732421875,194.42999267578125,194.05999755859375,194.35000610351562,335927,NVDA,NVIDIA,Nasdaq,USD,20260703_175410
2026-07-02 12:20:00-04:00,194.0800018310547,194.1300048828125,193.7949981689453,194.0749969482422,515610,NVDA,NVIDIA,Nasdaq,USD,20260703_175410
2026-07-02 12:21:00-04:00,193.9600067138672,194.14999389648438,193.9149932861328,194.08999633789062,242442,NVDA,NVIDIA,Nasdaq,USD,20260703_175410
2026-07-02 12:22:00-04:00,193.82000732421875,193.97999572753906,193.7100067138672,193.9600067138672,369511,NVDA,NVIDIA,Nasdaq,USD,20260703_175410
2026-07-02 12:23:00-04:00,193.6999969482422,193.90499877929688,193.69140625,193.8300018310547,232949,NVDA,NVIDIA,Nasdaq,USD,20260703_175410
2026-07-02 12:24:00-04:00,193.8699951171875,193.94000244140625,193.625,193.6999969482422,280257,NVDA,NVIDIA,Nasdaq,USD,20260703_175410
2026-07-02 12:25:00-04:00,193.92999267578125,194.12989807128906,193.8699951171875,193.875,285501,NVDA,NVIDIA,Nasdaq,USD,20260703_175410
2026-07-02 12:26:00-04:00,193.8350067138672,193.9499969482422,193.6999969482422,193.91000366210938,212881,NVDA,NVIDIA,Nasdaq,USD,20260703_175410
2026-07-02 12:27:00-04:00,193.9550018310547,193.97999572753906,193.83999633789062,193.83999633789062,262255,NVDA,NVIDIA,Nasdaq,USD,20260703_175410
2026-07-02 12:28:00-04:00,193.99000549316406,194.02000427246094,193.8699951171875,193.9499969482422,131509,NVDA,NVIDIA,Nasdaq,USD,20260703_175410
2026-07-02 12:29:00-04:00,193.7899932861328,194.06500244140625,193.6699981689453,193.99000549316406,131970,NVDA,NVIDIA,Nasdaq,USD,20260703_175410
2026-07-02 12:30:00-04:00,193.7550048828125,193.86000061035156,193.6699981689453,193.7899932861328,226301,NVDA,NVIDIA,Nasdaq,USD,20260703_175410
2026-07-02 12:31:00-04:00,193.69000244140625,193.80499267578125,193.66000366210938,193.74049377441406,215400,NVDA,NVIDIA,Nasdaq,USD,20260703_175410
2026-07-02 12:32:00-04:00,193.6750030517578,193.75,193.6199951171875,193.6699981689453,167067,NVDA,NVIDIA,Nasdaq,USD,20260703_175410
2026-07-02 12:33:00-04:00,193.73049926757812,193.85000610351562,193.6649932861328,193.6649932861328,154462,NVDA,NVIDIA,Nasdaq,USD,20260703_175410
2026-07-02 12:34:00-04:00,193.47000122070312,193.75,193.4600067138672,193.74000549316406,267759,NVDA,NVIDIA,Nasdaq,USD,20260703_175410
2026-07-02 12:35:00-04:00,193.6300048828125,193.63999938964844,193.38999938964844,193.4600067138672,288832,NVDA,NVIDIA,Nasdaq,USD,20260703_175410
2026-07-02 12:36:00-04:00,193.38999938964844,193.66000366210938,193.30999755859375,193.6300048828125,343132,NVDA,NVIDIA,Nasdaq,USD,20260703_175410
2026-07-02 12:37:00-04:00,193.22000122070312,193.5756072998047,193.17999267578125,193.38450622558594,292147,NVDA,NVIDIA,Nasdaq,USD,20260703_175410
2026-07-02 12:38:00-04:00,193.35000610351562,193.3972930908203,193.22000122070312,193.22000122070312,212147,NVDA,NVIDIA,Nasdaq,USD,20260703_175410
2026-07-02 12:39:00-04:00,193.43499755859375,193.45970153808594,193.25,193.3300018310547,175488,NVDA,NVIDIA,Nasdaq,USD,20260703_175410
2026-07-02 12:40:00-04:00,193.75010681152344,193.7899932861328,193.39999389648438,193.44009399414062,287573,NVDA,NVIDIA,Nasdaq,USD,20260703_175410
2026-07-02 12:41:00-04:00,193.64999389648438,193.85000610351562,193.63499450683594,193.75,216552,NVDA,NVIDIA,Nasdaq,USD,20260703_175410
2026-07-02 12:42:00-04:00,193.76499938964844,193.85000610351562,193.60000610351562,193.63999938964844,237498,NVDA,NVIDIA,Nasdaq,USD,20260703_175410
2026-07-02 12:43:00-04:00,193.9199981689453,194.02000427246094,193.6999969482422,193.76499938964844,229177,NVDA,NVIDIA,Nasdaq,USD,20260703_175410
2026-07-02 12:44:00-04:00,194.0399932861328,194.15989685058594,193.9250030517578,193.9250030517578,251338,NVDA,NVIDIA,Nasdaq,USD,20260703_175410
2026-07-02 12:45:00-04:00,194.0,194.0800018310547,193.8699951171875,194.0399932861328,199672,NVDA,NVIDIA,Nasdaq,USD,20260703_175410
2026-07-02 12:46:00-04:00,193.97000122070312,194.05999755859375,193.9149932861328,193.99000549316406,124890,NVDA,NVIDIA,Nasdaq,USD,20260703_175410
2026-07-02 12:47:00-04:00,194.07000732421875,194.1092071533203,193.94000244140625,193.96499633789062,150897,NVDA,NVIDIA,Nasdaq,USD,20260703_175410
2026-07-02 12:48:00-04:00,194.10000610351562,194.14999389648438,193.92999267578125,194.0601043701172,134088,NVDA,NVIDIA,Nasdaq,USD,20260703_175410
2026-07-02 12:49:00-04:00,193.89990234375,194.14999389648438,193.85499572753906,194.10000610351562,167999,NVDA,NVIDIA,Nasdaq,USD,20260703_175410
2026-07-02 12:50:00-04:00,193.72999572753906,193.89639282226562,193.63999938964844,193.8914031982422,265710,NVDA,NVIDIA,Nasdaq,USD,20260703_175410
2026-07-02 12:51:00-04:00,193.86000061035156,193.86500549316406,193.67999267578125,193.72999572753906,197526,NVDA,NVIDIA,Nasdaq,USD,20260703_175410
2026-07-02 12:52:00-04:00,193.99000549316406,194.0,193.75999450683594,193.83999633789062,197091,NVDA,NVIDIA,Nasdaq,USD,20260703_175410
2026-07-02 12:53:00-04:00,193.8249969482422,194.0500030517578,193.74000549316406,193.97999572753906,174992,NVDA,NVIDIA,Nasdaq,USD,20260703_175410
2026-07-02 12:54:00-04:00,193.86990356445312,194.0050048828125,193.81509399414062,193.83999633789062,148694,NVDA,NVIDIA,Nasdaq,USD,20260703_175410
2026-07-02 12:55:00-04:00,193.61500549316406,193.87750244140625,193.57009887695312,193.8699951171875,220408,NVDA,NVIDIA,Nasdaq,USD,20260703_175410
2026-07-02 12:56:00-04:00,193.29010009765625,193.62989807128906,193.27000427246094,193.62989807128906,271990,NVDA,NVIDIA,Nasdaq,USD,20260703_175410
2026-07-02 12:57:00-04:00,193.2100067138672,193.41000366210938,193.1999969482422,193.2899932861328,182074,NVDA,NVIDIA,Nasdaq,USD,20260703_175410
2026-07-02 12:58:00-04:00,193.32000732421875,193.33999633789062,193.1300048828125,193.22000122070312,201441,NVDA,NVIDIA,Nasdaq,USD,20260703_175410
2026-07-02 12:59:00-04:00,193.49000549316406,193.5399932861328,193.30999755859375,193.32000732421875,165575,NVDA,NVIDIA,Nasdaq,USD,20260703_175410
2026-07-02 13:00:00-04:00,193.11000061035156,193.50999450683594,193.10009765625,193.5,184422,NVDA,NVIDIA,Nasdaq,USD,20260703_175410
2026-07-02 13:01:00-04:00,193.01499938964844,193.22999572753906,192.9199981689453,193.11000061035156,605688,NVDA,NVIDIA,Nasdaq,USD,20260703_175410
2026-07-02 13:02:00-04:00,193.03500366210938,193.26499938964844,192.99000549316406,193.02000427246094,284821,NVDA,NVIDIA,Nasdaq,USD,20260703_175410
2026-07-02 13:03:00-04:00,193.02999877929688,193.0500030517578,192.8800048828125,193.02499389648438,230921,NVDA,NVIDIA,Nasdaq,USD,20260703_175410
2026-07-02 13:04:00-04:00,193.0500030517578,193.07989501953125,192.88999938964844,193.02999877929688,179406,NVDA,NVIDIA,Nasdaq,USD,20260703_175410
2026-07-02 13:05:00-04:00,193.27000427246094,193.27000427246094,192.88999938964844,193.0500030517578,277843,NVDA,NVIDIA,Nasdaq,USD,20260703_175410
2026-07-02 13:06:00-04:00,193.5399932861328,193.5500030517578,193.2205047607422,193.27000427246094,221653,NVDA,NVIDIA,Nasdaq,USD,20260703_175410
2026-07-02 13:07:00-04:00,193.58999633789062,193.72000122070312,193.50999450683594,193.5449981689453,149253,NVDA,NVIDIA,Nasdaq,USD,20260703_175410
2026-07-02 13:08:00-04:00,193.41000366210938,193.60000610351562,193.22000122070312,193.60000610351562,205746,NVDA,NVIDIA,Nasdaq,USD,20260703_175410
2026-07-02 13:09:00-04:00,193.2100067138672,193.4600067138672,193.19000244140625,193.41000366210938,151649,NVDA,NVIDIA,Nasdaq,USD,20260703_175410
2026-07-02 13:10:00-04:00,193.2100067138672,193.33999633789062,193.07009887695312,193.20030212402344,142359,NVDA,NVIDIA,Nasdaq,USD,20260703_175410
2026-07-02 13:11:00-04:00,193.2449951171875,193.25999450683594,193.14999389648438,193.20989990234375,117817,NVDA,NVIDIA,Nasdaq,USD,20260703_175410
2026-07-02 13:12:00-04:00,193.02999877929688,193.29049682617188,193.01010131835938,193.24000549316406,175710,NVDA,NVIDIA,Nasdaq,USD,20260703_175410
2026-07-02 13:13:00-04:00,192.97000122070312,193.11500549316406,192.8800048828125,193.00999450683594,285104,NVDA,NVIDIA,Nasdaq,USD,20260703_175410
2026-07-02 13:14:00-04:00,193.0749969482422,193.22999572753906,192.97000122070312,192.97999572753906,190420,NVDA,NVIDIA,Nasdaq,USD,20260703_175410
2026-07-02 13:15:00-04:00,192.92999267578125,193.07000732421875,192.9250030517578,193.07000732421875,191514,NVDA,NVIDIA,Nasdaq,USD,20260703_175410
2026-07-02 13:16:00-04:00,193.2100067138672,193.22000122070312,192.9300994873047,192.9398956298828,156032,NVDA,NVIDIA,Nasdaq,USD,20260703_175410
2026-07-02 13:17:00-04:00,193.1999969482422,193.40989685058594,193.16000366210938,193.22000122070312,224917,NVDA,NVIDIA,Nasdaq,USD,20260703_175410
2026-07-02 13:18:00-04:00,193.1999969482422,193.33999633789062,193.16000366210938,193.2100067138672,121758,NVDA,NVIDIA,Nasdaq,USD,20260703_175410
2026-07-02 13:19:00-04:00,193.0699005126953,193.22000122070312,193.02000427246094,193.2050018310547,136121,NVDA,NVIDIA,Nasdaq,USD,20260703_175410
2026-07-02 13:20:00-04:00,192.92999267578125,193.139892578125,192.91000366210938,193.05999755859375,209372,NVDA,NVIDIA,Nasdaq,USD,20260703_175410
2026-07-02 13:21:00-04:00,193.1199951171875,193.16000366210938,192.92999267578125,192.92999267578125,174340,NVDA,NVIDIA,Nasdaq,USD,20260703_175410
2026-07-02 13:22:00-04:00,193.1699981689453,193.35000610351562,193.11000061035156,193.1300048828125,147227,NVDA,NVIDIA,Nasdaq,USD,20260703_175410
2026-07-02 13:23:00-04:00,193.02000427246094,193.16200256347656,193.02000427246094,193.16000366210938,134225,NVDA,NVIDIA,Nasdaq,USD,20260703_175410
2026-07-02 13:24:00-04:00,192.9600067138672,193.13999938964844,192.91000366210938,193.02999877929688,173608,NVDA,NVIDIA,Nasdaq,USD,20260703_175410
2026-07-02 13:25:00-04:00,192.88999938964844,193.0500030517578,192.85000610351562,192.97000122070312,215949,NVDA,NVIDIA,Nasdaq,USD,20260703_175410
2026-07-02 13:26:00-04:00,192.83999633789062,193.0,192.76199340820312,192.88499450683594,185676,NVDA,NVIDIA,Nasdaq,USD,20260703_175410
2026-07-02 13:27:00-04:00,192.9250030517578,193.0,192.85000610351562,192.85000610351562,170779,NVDA,NVIDIA,Nasdaq,USD,20260703_175410
2026-07-02 13:28:00-04:00,193.0,193.02000427246094,192.89999389648438,192.92019653320312,201262,NVDA,NVIDIA,Nasdaq,USD,20260703_175410
2026-07-02 13:29:00-04:00,193.0500030517578,193.13999938964844,192.92999267578125,193.0,139498,NVDA,NVIDIA,Nasdaq,USD,20260703_175410
2026-07-02 13:30:00-04:00,193.02000427246094,193.1800994873047,193.02000427246094,193.0449981689453,189065,NVDA,NVIDIA,Nasdaq,USD,20260703_175410
2026-07-02 13:31:00-04:00,193.10000610351562,193.14990234375,193.01010131835938,193.02999877929688,120168,NVDA,NVIDIA,Nasdaq,USD,20260703_175410
2026-07-02 13:32:00-04:00,193.1649932861328,193.27999877929688,193.0601043701172,193.11000061035156,180018,NVDA,NVIDIA,Nasdaq,USD,20260703_175410
2026-07-02 13:33:00-04:00,193.0800018310547,193.23500061035156,193.01499938964844,193.1649932861328,144772,NVDA,NVIDIA,Nasdaq,USD,20260703_175410
2026-07-02 13:34:00-04:00,192.94000244140625,193.1699981689453,192.94000244140625,193.0800018310547,131762,NVDA,NVIDIA,Nasdaq,USD,20260703_175410
2026-07-02 13:35:00-04:00,192.90499877929688,193.02000427246094,192.72999572753906,192.92999267578125,230920,NVDA,NVIDIA,Nasdaq,USD,20260703_175410
2026-07-02 13:36:00-04:00,192.72999572753906,192.97000122070312,192.6699981689453,192.89500427246094,187402,NVDA,NVIDIA,Nasdaq,USD,20260703_175410
2026-07-02 13:37:00-04:00,192.66000366210938,192.75999450683594,192.60000610351562,192.74000549316406,162416,NVDA,NVIDIA,Nasdaq,USD,20260703_175410
2026-07-02 13:38:00-04:00,192.41000366210938,192.73300170898438,192.39500427246094,192.66000366210938,298980,NVDA,NVIDIA,Nasdaq,USD,20260703_175410
2026-07-02 13:39:00-04:00,192.3800048828125,192.5500030517578,192.36000061035156,192.4199981689453,204138,NVDA,NVIDIA,Nasdaq,USD,20260703_175410
2026-07-02 13:40:00-04:00,192.5605010986328,192.57000732421875,192.35000610351562,192.38999938964844,290634,NVDA,NVIDIA,Nasdaq,USD,20260703_175410
2026-07-02 13:41:00-04:00,192.9250030517578,193.02000427246094,192.54600524902344,192.54600524902344,238854,NVDA,NVIDIA,Nasdaq,USD,20260703_175410
2026-07-02 13:42:00-04:00,192.98500061035156,193.0399932861328,192.88009643554688,192.92999267578125,226534,NVDA,NVIDIA,Nasdaq,USD,20260703_175410
2026-07-02 13:43:00-04:00,192.9600067138672,192.99000549316406,192.82000732421875,192.9499969482422,140949,NVDA,NVIDIA,Nasdaq,USD,20260703_175410
2026-07-02 13:44:00-04:00,192.9499969482422,193.0399932861328,192.86000061035156,192.9600067138672,178894,NVDA,NVIDIA,Nasdaq,USD,20260703_175410
2026-07-02 13:45:00-04:00,192.78500366210938,193.0500030517578,192.76499938964844,192.9499969482422,179289,NVDA,NVIDIA,Nasdaq,USD,20260703_175410
2026-07-02 13:46:00-04:00,192.80999755859375,192.8800048828125,192.72999572753906,192.7899932861328,160466,NVDA,NVIDIA,Nasdaq,USD,20260703_175410
2026-07-02 13:47:00-04:00,192.6199951171875,192.82000732421875,192.61000061035156,192.8000030517578,189716,NVDA,NVIDIA,Nasdaq,USD,20260703_175410
2026-07-02 13:48:00-04:00,192.7949981689453,192.8699951171875,192.52000427246094,192.6199951171875,268587,NVDA,NVIDIA,Nasdaq,USD,20260703_175410
2026-07-02 13:49:00-04:00,192.83999633789062,192.92999267578125,192.7899932861328,192.7949981689453,167361,NVDA,NVIDIA,Nasdaq,USD,20260703_175410
2026-07-02 13:50:00-04:00,192.80999755859375,192.88999938964844,192.66000366210938,192.82000732421875,191699,NVDA,NVIDIA,Nasdaq,USD,20260703_175410
2026-07-02 13:51:00-04:00,192.85499572753906,192.94000244140625,192.72500610351562,192.80999755859375,180512,NVDA,NVIDIA,Nasdaq,USD,20260703_175410
2026-07-02 13:52:00-04:00,192.86000061035156,192.88999938964844,192.6699981689453,192.85499572753906,144725,NVDA,NVIDIA,Nasdaq,USD,20260703_175410
2026-07-02 13:53:00-04:00,192.8800048828125,192.92999267578125,192.83999633789062,192.86000061035156,104779,NVDA,NVIDIA,Nasdaq,USD,20260703_175410
2026-07-02 13:54:00-04:00,193.05999755859375,193.1199951171875,192.8800048828125,192.88999938964844,206035,NVDA,NVIDIA,Nasdaq,USD,20260703_175410
2026-07-02 13:55:00-04:00,192.97999572753906,193.14999389648438,192.9499969482422,193.0850067138672,173131,NVDA,NVIDIA,Nasdaq,USD,20260703_175410
2026-07-02 13:56:00-04:00,192.83999633789062,192.97999572753906,192.77999877929688,192.97000122070312,136024,NVDA,NVIDIA,Nasdaq,USD,20260703_175410
2026-07-02 13:57:00-04:00,192.77000427246094,192.91000366210938,192.7301025390625,192.85000610351562,128305,NVDA,NVIDIA,Nasdaq,USD,20260703_175410
2026-07-02 13:58:00-04:00,192.5399932861328,192.75999450683594,192.52000427246094,192.75999450683594,192004,NVDA,NVIDIA,Nasdaq,USD,20260703_175410
2026-07-02 13:59:00-04:00,192.5449981689453,192.63499450683594,192.38999938964844,192.5449981689453,271220,NVDA,NVIDIA,Nasdaq,USD,20260703_175410
2026-07-02 14:00:00-04:00,192.7100067138672,192.73500061035156,192.5,192.5449981689453,269699,NVDA,NVIDIA,Nasdaq,USD,20260703_175410
2026-07-02 14:01:00-04:00,192.74000549316406,192.8000030517578,192.62010192871094,192.6999969482422,214208,NVDA,NVIDIA,Nasdaq,USD,20260703_175410
2026-07-02 14:02:00-04:00,192.7100067138672,192.77999877929688,192.6699981689453,192.74000549316406,121572,NVDA,NVIDIA,Nasdaq,USD,20260703_175410
2026-07-02 14:03:00-04:00,192.7100067138672,192.74989318847656,192.66000366210938,192.70989990234375,138919,NVDA,NVIDIA,Nasdaq,USD,20260703_175410
2026-07-02 14:04:00-04:00,192.85499572753906,192.86000061035156,192.6699981689453,192.7100067138672,148748,NVDA,NVIDIA,Nasdaq,USD,20260703_175410
2026-07-02 14:05:00-04:00,193.072998046875,193.1699981689453,192.85000610351562,192.85499572753906,206057,NVDA,NVIDIA,Nasdaq,USD,20260703_175410
2026-07-02 14:06:00-04:00,193.36000061035156,193.4698028564453,193.0,193.07000732421875,293348,NVDA,NVIDIA,Nasdaq,USD,20260703_175410
2026-07-02 14:07:00-04:00,193.22500610351562,193.38499450683594,193.22000122070312,193.35000610351562,187301,NVDA,NVIDIA,Nasdaq,USD,20260703_175410
2026-07-02 14:08:00-04:00,193.30520629882812,193.3300018310547,193.17999267578125,193.2299041748047,155769,NVDA,NVIDIA,Nasdaq,USD,20260703_175410
2026-07-02 14:09:00-04:00,193.4949951171875,193.50999450683594,193.27999877929688,193.32000732421875,182859,NVDA,NVIDIA,Nasdaq,USD,20260703_175410
2026-07-02 14:10:00-04:00,193.610107421875,193.6999053955078,193.4499969482422,193.49009704589844,289482,NVDA,NVIDIA,Nasdaq,USD,20260703_175410
2026-07-02 14:11:00-04:00,193.5449981689453,193.6999969482422,193.48199462890625,193.6199951171875,168964,NVDA,NVIDIA,Nasdaq,USD,20260703_175410
2026-07-02 14:12:00-04:00,193.58999633789062,193.64999389648438,193.48500061035156,193.5449981689453,178580,NVDA,NVIDIA,Nasdaq,USD,20260703_175410
2026-07-02 14:13:00-04:00,193.375,193.59640502929688,193.37010192871094,193.5800018310547,146119,NVDA,NVIDIA,Nasdaq,USD,20260703_175410
2026-07-02 14:14:00-04:00,193.19509887695312,193.4199981689453,193.14999389648438,193.375,173612,NVDA,NVIDIA,Nasdaq,USD,20260703_175410
2026-07-02 14:15:00-04:00,193.1750030517578,193.25,193.0019989013672,193.19009399414062,192053,NVDA,NVIDIA,Nasdaq,USD,20260703_175410
2026-07-02 14:16:00-04:00,193.1403045654297,193.22999572753906,193.0500030517578,193.17999267578125,158157,NVDA,NVIDIA,Nasdaq,USD,20260703_175410
2026-07-02 14:17:00-04:00,192.82009887695312,193.14500427246094,192.80999755859375,193.14500427246094,227682,NVDA,NVIDIA,Nasdaq,USD,20260703_175410
2026-07-02 14:18:00-04:00,192.77499389648438,193.00990295410156,192.58999633789062,192.83999633789062,418312,NVDA,NVIDIA,Nasdaq,USD,20260703_175410
2026-07-02 14:19:00-04:00,192.92999267578125,192.9499969482422,192.74000549316406,192.7899932861328,180077,NVDA,NVIDIA,Nasdaq,USD,20260703_175410
2026-07-02 14:20:00-04:00,193.10000610351562,193.1199951171875,192.8800048828125,192.91000366210938,183015,NVDA,NVIDIA,Nasdaq,USD,20260703_175410
2026-07-02 14:21:00-04:00,193.0500030517578,193.1999969482422,192.97000122070312,193.11000061035156,171769,NVDA,NVIDIA,Nasdaq,USD,20260703_175410
2026-07-02 14:22:00-04:00,193.19000244140625,193.27999877929688,193.02000427246094,193.04010009765625,158482,NVDA,NVIDIA,Nasdaq,USD,20260703_175410
2026-07-02 14:23:00-04:00,193.14999389648438,193.19000244140625,193.07009887695312,193.19000244140625,139139,NVDA,NVIDIA,Nasdaq,USD,20260703_175410
2026-07-02 14:24:00-04:00,193.30799865722656,193.32000732421875,193.14500427246094,193.14999389648438,127624,NVDA,NVIDIA,Nasdaq,USD,20260703_175410
2026-07-02 14:25:00-04:00,193.3300018310547,193.55999755859375,193.2899932861328,193.30499267578125,212980,NVDA,NVIDIA,Nasdaq,USD,20260703_175410
2026-07-02 14:26:00-04:00,193.56500244140625,193.58999633789062,193.25999450683594,193.32000732421875,182312,NVDA,NVIDIA,Nasdaq,USD,20260703_175410
2026-07-02 14:27:00-04:00,193.5399932861328,193.6699981689453,193.47000122070312,193.56500244140625,157912,NVDA,NVIDIA,Nasdaq,USD,20260703_175410
2026-07-02 14:28:00-04:00,193.66000366210938,193.72509765625,193.52999877929688,193.5399932861328,175982,NVDA,NVIDIA,Nasdaq,USD,20260703_175410
2026-07-02 14:29:00-04:00,193.76260375976562,193.86000061035156,193.63999938964844,193.66000366210938,288846,NVDA,NVIDIA,Nasdaq,USD,20260703_175410
2026-07-02 14:30:00-04:00,193.77650451660156,193.88499450683594,193.64999389648438,193.75999450683594,162010,NVDA,NVIDIA,Nasdaq,USD,20260703_175410
2026-07-02 14:31:00-04:00,193.87010192871094,193.88999938964844,193.75,193.77459716796875,142238,NVDA,NVIDIA,Nasdaq,USD,20260703_175410
2026-07-02 14:32:00-04:00,193.8350067138672,193.88999938964844,193.69000244140625,193.875,198173,NVDA,NVIDIA,Nasdaq,USD,20260703_175410
2026-07-02 14:33:00-04:00,193.83999633789062,193.9499969482422,193.82000732421875,193.8300018310547,204983,NVDA,NVIDIA,Nasdaq,USD,20260703_175410
2026-07-02 14:34:00-04:00,193.60000610351562,193.83999633789062,193.5399932861328,193.83009338378906,227574,NVDA,NVIDIA,Nasdaq,USD,20260703_175410
2026-07-02 14:35:00-04:00,193.5399932861328,193.7100067138672,193.52499389648438,193.6199951171875,165906,NVDA,NVIDIA,Nasdaq,USD,20260703_175410
2026-07-02 14:36:00-04:00,193.39999389648438,193.55999755859375,193.38999938964844,193.5449981689453,145526,NVDA,NVIDIA,Nasdaq,USD,20260703_175410
2026-07-02 14:37:00-04:00,193.5399932861328,193.57899475097656,193.38499450683594,193.41000366210938,104166,NVDA,NVIDIA,Nasdaq,USD,20260703_175410
2026-07-02 14:38:00-04:00,193.44000244140625,193.64999389648438,193.41000366210938,193.5341033935547,159247,NVDA,NVIDIA,Nasdaq,USD,20260703_175410
2026-07-02 14:39:00-04:00,193.46499633789062,193.52000427246094,193.36000061035156,193.4300994873047,110186,NVDA,NVIDIA,Nasdaq,USD,20260703_175410
2026-07-02 14:40:00-04:00,193.48500061035156,193.52000427246094,193.40499877929688,193.47000122070312,203991,NVDA,NVIDIA,Nasdaq,USD,20260703_175410
2026-07-02 14:41:00-04:00,193.36000061035156,193.50999450683594,193.3300018310547,193.49000549316406,108893,NVDA,NVIDIA,Nasdaq,USD,20260703_175410
2026-07-02 14:42:00-04:00,193.3800048828125,193.4499969482422,193.35989379882812,193.35989379882812,191310,NVDA,NVIDIA,Nasdaq,USD,20260703_175410
2026-07-02 14:43:00-04:00,193.3800048828125,193.4499969482422,193.30999755859375,193.3699951171875,149408,NVDA,NVIDIA,Nasdaq,USD,20260703_175410
2026-07-02 14:44:00-04:00,193.22500610351562,193.45849609375,193.20069885253906,193.40989685058594,110929,NVDA,NVIDIA,Nasdaq,USD,20260703_175410
2026-07-02 14:45:00-04:00,192.9290008544922,193.2299041748047,192.89999389648438,193.22000122070312,254721,NVDA,NVIDIA,Nasdaq,USD,20260703_175410
2026-07-02 14:46:00-04:00,192.99000549316406,193.0800018310547,192.9199981689453,192.9250030517578,246862,NVDA,NVIDIA,Nasdaq,USD,20260703_175410
2026-07-02 14:47:00-04:00,193.2050018310547,193.22999572753906,192.99000549316406,192.99000549316406,216640,NVDA,NVIDIA,Nasdaq,USD,20260703_175410
2026-07-02 14:48:00-04:00,193.3800048828125,193.38999938964844,193.17999267578125,193.1999969482422,134476,NVDA,NVIDIA,Nasdaq,USD,20260703_175410
2026-07-02 14:49:00-04:00,193.44979858398438,193.4600067138672,193.33999633789062,193.375,153155,NVDA,NVIDIA,Nasdaq,USD,20260703_175410
2026-07-02 14:50:00-04:00,193.52999877929688,193.53990173339844,193.33160400390625,193.44000244140625,137213,NVDA,NVIDIA,Nasdaq,USD,20260703_175410
2026-07-02 14:51:00-04:00,193.57000732421875,193.6699981689453,193.52000427246094,193.53419494628906,136182,NVDA,NVIDIA,Nasdaq,USD,20260703_175410
2026-07-02 14:52:00-04:00,193.69000244140625,193.75999450683594,193.5605010986328,193.5749969482422,181554,NVDA,NVIDIA,Nasdaq,USD,20260703_175410
2026-07-02 14:53:00-04:00,193.49000549316406,193.69000244140625,193.42999267578125,193.67999267578125,157322,NVDA,NVIDIA,Nasdaq,USD,20260703_175410
2026-07-02 14:54:00-04:00,193.4600067138672,193.5399932861328,193.4001007080078,193.49989318847656,139953,NVDA,NVIDIA,Nasdaq,USD,20260703_175410
2026-07-02 14:55:00-04:00,193.56500244140625,193.57029724121094,193.4149932861328,193.4600067138672,154005,NVDA,NVIDIA,Nasdaq,USD,20260703_175410
2026-07-02 14:56:00-04:00,193.3800048828125,193.67999267578125,193.26499938964844,193.57000732421875,294773,NVDA,NVIDIA,Nasdaq,USD,20260703_175410
2026-07-02 14:57:00-04:00,193.4976043701172,193.54010009765625,193.36000061035156,193.38999938964844,147751,NVDA,NVIDIA,Nasdaq,USD,20260703_175410
2026-07-02 14:58:00-04:00,193.35000610351562,193.5749969482422,193.30999755859375,193.49000549316406,139967,NVDA,NVIDIA,Nasdaq,USD,20260703_175410
2026-07-02 14:59:00-04:00,193.42999267578125,193.4499969482422,193.22000122070312,193.3459014892578,131781,NVDA,NVIDIA,Nasdaq,USD,20260703_175410
2026-07-02 15:00:00-04:00,193.24000549316406,193.52999877929688,193.24000549316406,193.4199981689453,150753,NVDA,NVIDIA,Nasdaq,USD,20260703_175410
2026-07-02 15:01:00-04:00,193.17999267578125,193.27999877929688,193.0800018310547,193.22000122070312,162494,NVDA,NVIDIA,Nasdaq,USD,20260703_175410
2026-07-02 15:02:00-04:00,193.25999450683594,193.36000061035156,193.1300048828125,193.18499755859375,227509,NVDA,NVIDIA,Nasdaq,USD,20260703_175410
2026-07-02 15:03:00-04:00,193.16000366210938,193.3101043701172,193.14999389648438,193.2550048828125,98439,NVDA,NVIDIA,Nasdaq,USD,20260703_175410
2026-07-02 15:04:00-04:00,192.7899932861328,193.21499633789062,192.72999572753906,193.15859985351562,292271,NVDA,NVIDIA,Nasdaq,USD,20260703_175410
2026-07-02 15:05:00-04:00,192.72000122070312,192.88999938964844,192.64500427246094,192.78500366210938,212416,NVDA,NVIDIA,Nasdaq,USD,20260703_175410
2026-07-02 15:06:00-04:00,192.85000610351562,192.97000122070312,192.6501007080078,192.7100067138672,220049,NVDA,NVIDIA,Nasdaq,USD,20260703_175410
2026-07-02 15:07:00-04:00,192.6699981689453,192.88999938964844,192.57000732421875,192.83999633789062,235237,NVDA,NVIDIA,Nasdaq,USD,20260703_175410
2026-07-02 15:08:00-04:00,192.6699981689453,192.75,192.61000061035156,192.66000366210938,120159,NVDA,NVIDIA,Nasdaq,USD,20260703_175410
2026-07-02 15:09:00-04:00,192.67999267578125,192.77000427246094,192.6300048828125,192.6699981689453,161113,NVDA,NVIDIA,Nasdaq,USD,20260703_175410
2026-07-02 15:10:00-04:00,192.7050018310547,192.75999450683594,192.52999877929688,192.67999267578125,175005,NVDA,NVIDIA,Nasdaq,USD,20260703_175410
2026-07-02 15:11:00-04:00,192.77999877929688,192.8300018310547,192.64999389648438,192.7100067138672,192885,NVDA,NVIDIA,Nasdaq,USD,20260703_175410
2026-07-02 15:12:00-04:00,192.82000732421875,192.88999938964844,192.7050018310547,192.77000427246094,175185,NVDA,NVIDIA,Nasdaq,USD,20260703_175410
2026-07-02 15:13:00-04:00,192.80999755859375,192.9196014404297,192.77000427246094,192.81500244140625,145774,NVDA,NVIDIA,Nasdaq,USD,20260703_175410
2026-07-02 15:14:00-04:00,192.88009643554688,192.97999572753906,192.75,192.80499267578125,174507,NVDA,NVIDIA,Nasdaq,USD,20260703_175410
2026-07-02 15:15:00-04:00,192.96009826660156,193.0399932861328,192.83009338378906,192.88499450683594,222041,NVDA,NVIDIA,Nasdaq,USD,20260703_175410
2026-07-02 15:16:00-04:00,192.88499450683594,192.97970581054688,192.7899932861328,192.96730041503906,150351,NVDA,NVIDIA,Nasdaq,USD,20260703_175410
2026-07-02 15:17:00-04:00,192.88499450683594,192.92999267578125,192.81500244140625,192.84500122070312,137979,NVDA,NVIDIA,Nasdaq,USD,20260703_175410
2026-07-02 15:18:00-04:00,192.9149932861328,192.9600067138672,192.7801055908203,192.8699951171875,158089,NVDA,NVIDIA,Nasdaq,USD,20260703_175410
2026-07-02 15:19:00-04:00,193.0500030517578,193.21499633789062,192.9199981689453,192.9199981689453,276504,NVDA,NVIDIA,Nasdaq,USD,20260703_175410
2026-07-02 15:20:00-04:00,192.91000366210938,193.1199951171875,192.8800048828125,193.0800018310547,207155,NVDA,NVIDIA,Nasdaq,USD,20260703_175410
2026-07-02 15:21:00-04:00,192.9199981689453,193.0299072265625,192.8300018310547,192.89999389648438,176511,NVDA,NVIDIA,Nasdaq,USD,20260703_175410
2026-07-02 15:22:00-04:00,192.8354949951172,192.98500061035156,192.81500244140625,192.9250030517578,244941,NVDA,NVIDIA,Nasdaq,USD,20260703_175410
2026-07-02 15:23:00-04:00,192.8300018310547,192.9499053955078,192.72000122070312,192.8249969482422,208355,NVDA,NVIDIA,Nasdaq,USD,20260703_175410
2026-07-02 15:24:00-04:00,192.80999755859375,192.86500549316406,192.7200927734375,192.8350067138672,161628,NVDA,NVIDIA,Nasdaq,USD,20260703_175410
2026-07-02 15:25:00-04:00,192.77999877929688,192.83999633789062,192.6999969482422,192.80999755859375,192913,NVDA,NVIDIA,Nasdaq,USD,20260703_175410
2026-07-02 15:26:00-04:00,192.80999755859375,192.8300018310547,192.64999389648438,192.7899932861328,263189,NVDA,NVIDIA,Nasdaq,USD,20260703_175410
2026-07-02 15:27:00-04:00,192.8000030517578,192.9600067138672,192.76499938964844,192.80999755859375,293004,NVDA,NVIDIA,Nasdaq,USD,20260703_175410
2026-07-02 15:28:00-04:00,193.15499877929688,193.23500061035156,192.77000427246094,192.7899932861328,270882,NVDA,NVIDIA,Nasdaq,USD,20260703_175410
2026-07-02 15:29:00-04:00,193.10499572753906,193.3300018310547,193.09010314941406,193.15499877929688,309534,NVDA,NVIDIA,Nasdaq,USD,20260703_175410
2026-07-02 15:30:00-04:00,193.35000610351562,193.36000061035156,193.06500244140625,193.11500549316406,296049,NVDA,NVIDIA,Nasdaq,USD,20260703_175410
2026-07-02 15:31:00-04:00,193.2550048828125,193.42999267578125,193.15499877929688,193.36000061035156,221978,NVDA,NVIDIA,Nasdaq,USD,20260703_175410
2026-07-02 15:32:00-04:00,193.30999755859375,193.4199981689453,193.2449951171875,193.2550048828125,206537,NVDA,NVIDIA,Nasdaq,USD,20260703_175410
2026-07-02 15:33:00-04:00,193.4250030517578,193.52000427246094,193.30999755859375,193.30999755859375,235550,NVDA,NVIDIA,Nasdaq,USD,20260703_175410
2026-07-02 15:34:00-04:00,193.54910278320312,193.5800018310547,193.3699951171875,193.42999267578125,218227,NVDA,NVIDIA,Nasdaq,USD,20260703_175410
2026-07-02 15:35:00-04:00,193.5800018310547,193.67999267578125,193.47000122070312,193.5399932861328,241612,NVDA,NVIDIA,Nasdaq,USD,20260703_175410
2026-07-02 15:36:00-04:00,193.47999572753906,193.60499572753906,193.42999267578125,193.57000732421875,279476,NVDA,NVIDIA,Nasdaq,USD,20260703_175410
2026-07-02 15:37:00-04:00,193.61000061035156,193.61399841308594,193.32000732421875,193.5,265266,NVDA,NVIDIA,Nasdaq,USD,20260703_175410
2026-07-02 15:38:00-04:00,193.69500732421875,193.8000030517578,193.57000732421875,193.6199951171875,253882,NVDA,NVIDIA,Nasdaq,USD,20260703_175410
2026-07-02 15:39:00-04:00,193.67999267578125,193.77999877929688,193.5749969482422,193.69009399414062,209360,NVDA,NVIDIA,Nasdaq,USD,20260703_175410
2026-07-02 15:40:00-04:00,193.69000244140625,193.72000122070312,193.51499938964844,193.67999267578125,196956,NVDA,NVIDIA,Nasdaq,USD,20260703_175410
2026-07-02 15:41:00-04:00,193.5325927734375,193.6999969482422,193.53050231933594,193.68499755859375,177102,NVDA,NVIDIA,Nasdaq,USD,20260703_175410
2026-07-02 15:42:00-04:00,193.59500122070312,193.6199951171875,193.44000244140625,193.5399932861328,244525,NVDA,NVIDIA,Nasdaq,USD,20260703_175410
2026-07-02 15:43:00-04:00,193.60499572753906,193.66000366210938,193.5449981689453,193.5959930419922,211837,NVDA,NVIDIA,Nasdaq,USD,20260703_175410
2026-07-02 15:44:00-04:00,193.6649932861328,193.75,193.52999877929688,193.60000610351562,229451,NVDA,NVIDIA,Nasdaq,USD,20260703_175410
2026-07-02 15:45:00-04:00,193.52999877929688,193.7449951171875,193.52999877929688,193.66000366210938,245181,NVDA,NVIDIA,Nasdaq,USD,20260703_175410
2026-07-02 15:46:00-04:00,193.52499389648438,193.64999389648438,193.41000366210938,193.52000427246094,348108,NVDA,NVIDIA,Nasdaq,USD,20260703_175410
2026-07-02 15:47:00-04:00,193.5449981689453,193.69000244140625,193.49000549316406,193.52999877929688,202418,NVDA,NVIDIA,Nasdaq,USD,20260703_175410
2026-07-02 15:48:00-04:00,193.57000732421875,193.61000061035156,193.4949951171875,193.5449981689453,811162,NVDA,NVIDIA,Nasdaq,USD,20260703_175410
2026-07-02 15:49:00-04:00,193.6300048828125,193.63499450683594,193.42999267578125,193.5625,309647,NVDA,NVIDIA,Nasdaq,USD,20260703_175410
2026-07-02 15:50:00-04:00,194.14999389648438,194.97999572753906,193.63999938964844,193.63999938964844,1132749,NVDA,NVIDIA,Nasdaq,USD,20260703_175410
2026-07-02 15:51:00-04:00,194.0850067138672,194.2100067138672,193.9499969482422,194.14999389648438,458008,NVDA,NVIDIA,Nasdaq,USD,20260703_175410
2026-07-02 15:52:00-04:00,194.02000427246094,194.1649932861328,193.91000366210938,194.0800018310547,398246,NVDA,NVIDIA,Nasdaq,USD,20260703_175410
2026-07-02 15:53:00-04:00,194.0800018310547,194.25999450683594,193.9300994873047,194.02999877929688,442665,NVDA,NVIDIA,Nasdaq,USD,20260703_175410
2026-07-02 15:54:00-04:00,194.67799377441406,194.67999267578125,194.02999877929688,194.08999633789062,679212,NVDA,NVIDIA,Nasdaq,USD,20260703_175410
2026-07-02 15:55:00-04:00,194.75070190429688,194.75999450683594,194.22999572753906,194.6699981689453,1006180,NVDA,NVIDIA,Nasdaq,USD,20260703_175410
2026-07-02 15:56:00-04:00,194.60499572753906,194.75999450683594,194.5500030517578,194.75,664992,NVDA,NVIDIA,Nasdaq,USD,20260703_175410
2026-07-02 15:57:00-04:00,194.7449951171875,194.80999755859375,194.60499572753906,194.60499572753906,869429,NVDA,NVIDIA,Nasdaq,USD,20260703_175410
2026-07-02 15:58:00-04:00,194.8300018310547,194.84500122070312,194.6699981689453,194.7449951171875,956771,NVDA,NVIDIA,Nasdaq,USD,20260703_175410
2026-07-02 15:59:00-04:00,194.6199951171875,195.0,194.33999633789062,194.8350067138672,3080294,NVDA,NVIDIA,Nasdaq,USD,20260703_175410
2026-07-02 09:30:00-04:00,197.72999572753906,197.98989868164062,196.77999877929688,197.14999389648438,4231642,NVDA,NVIDIA,Nasdaq,USD,20260703_185835
2026-07-02 09:31:00-04:00,197.97000122070312,198.0,197.16000366210938,197.70599365234375,420062,NVDA,NVIDIA,Nasdaq,USD,20260703_185835
2026-07-02 09:32:00-04:00,198.0850067138672,198.39999389648438,197.80099487304688,197.94000244140625,2038069,NVDA,NVIDIA,Nasdaq,USD,20260703_185835
2026-07-02 09:33:00-04:00,198.42999267578125,198.69000244140625,197.8000030517578,198.10000610351562,477126,NVDA,NVIDIA,Nasdaq,USD,20260703_185835
2026-07-02 09:34:00-04:00,198.375,198.60989379882812,198.0500030517578,198.4199981689453,358194,NVDA,NVIDIA,Nasdaq,USD,20260703_185835
2026-07-02 09:35:00-04:00,198.25,198.3699951171875,197.9199981689453,198.3699951171875,319553,NVDA,NVIDIA,Nasdaq,USD,20260703_185835
2026-07-02 09:36:00-04:00,198.35000610351562,198.39999389648438,197.92999267578125,198.25,383331,NVDA,NVIDIA,Nasdaq,USD,20260703_185835
2026-07-02 09:37:00-04:00,198.11000061035156,198.52499389648438,198.0800018310547,198.3249969482422,349771,NVDA,NVIDIA,Nasdaq,USD,20260703_185835
2026-07-02 09:38:00-04:00,197.9250030517578,198.14999389648438,197.51499938964844,198.10000610351562,346828,NVDA,NVIDIA,Nasdaq,USD,20260703_185835
2026-07-02 09:39:00-04:00,197.77999877929688,198.02000427246094,197.6699981689453,197.93499755859375,289771,NVDA,NVIDIA,Nasdaq,USD,20260703_185835
2026-07-02 09:40:00-04:00,197.63999938964844,198.08999633789062,197.5800018310547,197.75999450683594,251786,NVDA,NVIDIA,Nasdaq,USD,20260703_185835
2026-07-02 09:41:00-04:00,198.19500732421875,198.2899932861328,197.5500030517578,197.64019775390625,322390,NVDA,NVIDIA,Nasdaq,USD,20260703_185835
2026-07-02 09:42:00-04:00,198.05999755859375,198.3000030517578,197.97999572753906,198.13510131835938,288761,NVDA,NVIDIA,Nasdaq,USD,20260703_185835
2026-07-02 09:43:00-04:00,198.17950439453125,198.27499389648438,197.9770050048828,198.03990173339844,322024,NVDA,NVIDIA,Nasdaq,USD,20260703_185835
2026-07-02 09:44:00-04:00,198.10000610351562,198.17999267578125,197.8000030517578,198.16000366210938,206656,NVDA,NVIDIA,Nasdaq,USD,20260703_185835
2026-07-02 09:45:00-04:00,197.9949951171875,198.36000061035156,197.8300018310547,198.11990356445312,320610,NVDA,NVIDIA,Nasdaq,USD,20260703_185835
2026-07-02 09:46:00-04:00,197.7100067138672,198.1199951171875,197.6999969482422,198.02000427246094,185282,NVDA,NVIDIA,Nasdaq,USD,20260703_185835
2026-07-02 09:47:00-04:00,198.1999969482422,198.24000549316406,197.61000061035156,197.6999969482422,345939,NVDA,NVIDIA,Nasdaq,USD,20260703_185835
2026-07-02 09:48:00-04:00,198.15499877929688,198.4499969482422,198.1199951171875,198.1699981689453,280413,NVDA,NVIDIA,Nasdaq,USD,20260703_185835
2026-07-02 09:49:00-04:00,198.35000610351562,198.57000732421875,198.00999450683594,198.13999938964844,299272,NVDA,NVIDIA,Nasdaq,USD,20260703_185835
2026-07-02 09:50:00-04:00,198.6699981689453,198.94000244140625,198.2270050048828,198.30499267578125,458795,NVDA,NVIDIA,Nasdaq,USD,20260703_185835
2026-07-02 09:51:00-04:00,198.6199951171875,198.80999755859375,198.47999572753906,198.61500549316406,300650,NVDA,NVIDIA,Nasdaq,USD,20260703_185835
2026-07-02 09:52:00-04:00,198.10000610351562,198.59979248046875,198.05999755859375,198.57000732421875,366131,NVDA,NVIDIA,Nasdaq,USD,20260703_185835
2026-07-02 09:53:00-04:00,197.60989379882812,198.22000122070312,197.5,198.09970092773438,681074,NVDA,NVIDIA,Nasdaq,USD,20260703_185835
2026-07-02 09:54:00-04:00,198.3800048828125,198.4600067138672,197.5,197.5800018310547,436333,NVDA,NVIDIA,Nasdaq,USD,20260703_185835
2026-07-02 09:55:00-04:00,198.69000244140625,198.69000244140625,198.02999877929688,198.3972930908203,473792,NVDA,NVIDIA,Nasdaq,USD,20260703_185835
2026-07-02 09:56:00-04:00,198.4600067138672,198.77499389648438,198.2100067138672,198.66000366210938,243356,NVDA,NVIDIA,Nasdaq,USD,20260703_185835
2026-07-02 09:57:00-04:00,198.36309814453125,198.5,198.22000122070312,198.4499969482422,197504,NVDA,NVIDIA,Nasdaq,USD,20260703_185835
2026-07-02 09:58:00-04:00,198.6199951171875,198.66079711914062,198.2700958251953,198.3800048828125,203982,NVDA,NVIDIA,Nasdaq,USD,20260703_185835
2026-07-02 09:59:00-04:00,198.85499572753906,198.89010620117188,198.57000732421875,198.610107421875,328489,NVDA,NVIDIA,Nasdaq,USD,20260703_185835
2026-07-02 10:00:00-04:00,198.84500122070312,198.9199981689453,198.5500030517578,198.89999389648438,307438,NVDA,NVIDIA,Nasdaq,USD,20260703_185835
2026-07-02 10:01:00-04:00,199.69000244140625,199.7100067138672,198.78700256347656,198.84500122070312,554863,NVDA,NVIDIA,Nasdaq,USD,20260703_185835
2026-07-02 10:02:00-04:00,199.97000122070312,200.0399932861328,199.64999389648438,199.69500732421875,805830,NVDA,NVIDIA,Nasdaq,USD,20260703_185835
2026-07-02 10:03:00-04:00,199.82000732421875,200.05499267578125,199.6999969482422,199.97000122070312,606783,NVDA,NVIDIA,Nasdaq,USD,20260703_185835
2026-07-02 10:04:00-04:00,199.53500366210938,199.80999755859375,199.42999267578125,199.80999755859375,389375,NVDA,NVIDIA,Nasdaq,USD,20260703_185835
2026-07-02 10:05:00-04:00,199.77999877929688,199.8300018310547,199.3800048828125,199.5500030517578,272437,NVDA,NVIDIA,Nasdaq,USD,20260703_185835
2026-07-02 10:06:00-04:00,199.44219970703125,199.81500244140625,199.34019470214844,199.8000030517578,245079,NVDA,NVIDIA,Nasdaq,USD,20260703_185835
2026-07-02 10:07:00-04:00,199.56500244140625,199.82000732421875,199.41000366210938,199.42999267578125,290260,NVDA,NVIDIA,Nasdaq,USD,20260703_185835
2026-07-02 10:08:00-04:00,199.0800018310547,199.5800018310547,199.02980041503906,199.5500030517578,307789,NVDA,NVIDIA,Nasdaq,USD,20260703_185835
2026-07-02 10:09:00-04:00,198.80999755859375,199.139892578125,198.6699981689453,199.0800018310547,328591,NVDA,NVIDIA,Nasdaq,USD,20260703_185835
2026-07-02 10:10:00-04:00,198.63999938964844,198.89999389648438,198.52000427246094,198.86000061035156,241939,NVDA,NVIDIA,Nasdaq,USD,20260703_185835
2026-07-02 10:11:00-04:00,198.74000549316406,198.88999938964844,198.5601043701172,198.6699981689453,237772,NVDA,NVIDIA,Nasdaq,USD,20260703_185835
2026-07-02 10:12:00-04:00,199.02000427246094,199.08990478515625,198.6649932861328,198.71499633789062,256771,NVDA,NVIDIA,Nasdaq,USD,20260703_185835
2026-07-02 10:13:00-04:00,199.1300048828125,199.27999877929688,198.9499969482422,199.0175018310547,236907,NVDA,NVIDIA,Nasdaq,USD,20260703_185835
2026-07-02 10:14:00-04:00,199.0330047607422,199.35499572753906,198.97999572753906,199.1300048828125,289103,NVDA,NVIDIA,Nasdaq,USD,20260703_185835
2026-07-02 10:15:00-04:00,198.9600067138672,199.05999755859375,198.80999755859375,199.03500366210938,206299,NVDA,NVIDIA,Nasdaq,USD,20260703_185835
2026-07-02 10:16:00-04:00,198.84320068359375,199.36349487304688,198.8300018310547,198.97000122070312,292232,NVDA,NVIDIA,Nasdaq,USD,20260703_185835
2026-07-02 10:17:00-04:00,198.7100067138672,199.0850067138672,198.7100067138672,198.88499450683594,196646,NVDA,NVIDIA,Nasdaq,USD,20260703_185835
2026-07-02 10:18:00-04:00,198.77000427246094,199.125,198.49200439453125,198.72079467773438,343445,NVDA,NVIDIA,Nasdaq,USD,20260703_185835
2026-07-02 10:19:00-04:00,199.2100067138672,199.25,198.6999969482422,198.77000427246094,284237,NVDA,NVIDIA,Nasdaq,USD,20260703_185835
2026-07-02 10:20:00-04:00,198.90499877929688,199.33999633789062,198.82009887695312,199.22999572753906,228322,NVDA,NVIDIA,Nasdaq,USD,20260703_185835
2026-07-02 10:21:00-04:00,198.9550018310547,199.27000427246094,198.8300018310547,198.91000366210938,199741,NVDA,NVIDIA,Nasdaq,USD,20260703_185835
2026-07-02 10:22:00-04:00,198.8300018310547,198.97000122070312,198.55039978027344,198.9199981689453,292424,NVDA,NVIDIA,Nasdaq,USD,20260703_185835
2026-07-02 10:23:00-04:00,198.86500549316406,199.0,198.50999450683594,198.81610107421875,259371,NVDA,NVIDIA,Nasdaq,USD,20260703_185835
2026-07-02 10:24:00-04:00,198.4801025390625,199.0,198.46009826660156,198.86500549316406,238362,NVDA,NVIDIA,Nasdaq,USD,20260703_185835
2026-07-02 10:25:00-04:00,198.57000732421875,198.64340209960938,198.235107421875,198.5050048828125,332142,NVDA,NVIDIA,Nasdaq,USD,20260703_185835
2026-07-02 10:26:00-04:00,198.57000732421875,198.74000549316406,198.4199981689453,198.5749969482422,255051,NVDA,NVIDIA,Nasdaq,USD,20260703_185835
2026-07-02 10:27:00-04:00,197.71499633789062,198.5850067138672,197.6649932861328,198.5800018310547,490738,NVDA,NVIDIA,Nasdaq,USD,20260703_185835
2026-07-02 10:28:00-04:00,197.66000366210938,197.8300018310547,197.44000244140625,197.75,456852,NVDA,NVIDIA,Nasdaq,USD,20260703_185835
2026-07-02 10:29:00-04:00,197.85000610351562,198.0,197.64999389648438,197.6750030517578,281383,NVDA,NVIDIA,Nasdaq,USD,20260703_185835
2026-07-02 10:30:00-04:00,197.90499877929688,198.1999969482422,197.57000732421875,197.88999938964844,413531,NVDA,NVIDIA,Nasdaq,USD,20260703_185835
2026-07-02 10:31:00-04:00,197.8800048828125,198.2050018310547,197.8699951171875,197.90499877929688,258599,NVDA,NVIDIA,Nasdaq,USD,20260703_185835
2026-07-02 10:32:00-04:00,197.52999877929688,198.1649932861328,197.47500610351562,197.9199981689453,249458,NVDA,NVIDIA,Nasdaq,USD,20260703_185835
2026-07-02 10:33:00-04:00,197.27999877929688,197.7899932861328,197.25,197.5399932861328,371719,NVDA,NVIDIA,Nasdaq,USD,20260703_185835
2026-07-02 10:34:00-04:00,196.75999450683594,197.44000244140625,196.66000366210938,197.3000030517578,488524,NVDA,NVIDIA,Nasdaq,USD,20260703_185835
2026-07-02 10:35:00-04:00,196.7100067138672,197.0,196.61000061035156,196.79010009765625,454063,NVDA,NVIDIA,Nasdaq,USD,20260703_185835
2026-07-02 10:36:00-04:00,197.17999267578125,197.19500732421875,196.61000061035156,196.70010375976562,353336,NVDA,NVIDIA,Nasdaq,USD,20260703_185835
2026-07-02 10:37:00-04:00,197.35000610351562,197.5095977783203,197.13499450683594,197.1649932861328,286034,NVDA,NVIDIA,Nasdaq,USD,20260703_185835
2026-07-02 10:38:00-04:00,197.17999267578125,197.36000061035156,197.07000732421875,197.36000061035156,245514,NVDA,NVIDIA,Nasdaq,USD,20260703_185835
2026-07-02 10:39:00-04:00,197.10000610351562,197.36000061035156,197.02000427246094,197.18499755859375,191679,NVDA,NVIDIA,Nasdaq,USD,20260703_185835
2026-07-02 10:40:00-04:00,197.07510375976562,197.2799072265625,196.9600067138672,197.10000610351562,230759,NVDA,NVIDIA,Nasdaq,USD,20260703_185835
2026-07-02 10:41:00-04:00,196.80999755859375,197.1240997314453,196.6999969482422,197.08999633789062,302746,NVDA,NVIDIA,Nasdaq,USD,20260703_185835
2026-07-02 10:42:00-04:00,196.30999755859375,196.8300018310547,196.30999755859375,196.8300018310547,474063,NVDA,NVIDIA,Nasdaq,USD,20260703_185835
2026-07-02 10:43:00-04:00,196.35499572753906,196.42999267578125,196.0800018310547,196.3249969482422,440670,NVDA,NVIDIA,Nasdaq,USD,20260703_185835
2026-07-02 10:44:00-04:00,196.4600067138672,196.60000610351562,196.19000244140625,196.3800048828125,373151,NVDA,NVIDIA,Nasdaq,USD,20260703_185835
2026-07-02 10:45:00-04:00,196.44000244140625,196.7899932861328,196.3699951171875,196.47000122070312,371831,NVDA,NVIDIA,Nasdaq,USD,20260703_185835
2026-07-02 10:46:00-04:00,196.5,196.5655975341797,196.1199951171875,196.4600067138672,335701,NVDA,NVIDIA,Nasdaq,USD,20260703_185835
2026-07-02 10:47:00-04:00,196.27000427246094,196.86000061035156,196.22999572753906,196.50999450683594,408428,NVDA,NVIDIA,Nasdaq,USD,20260703_185835
2026-07-02 10:48:00-04:00,195.9600067138672,196.39999389648438,195.860107421875,196.25,502233,NVDA,NVIDIA,Nasdaq,USD,20260703_185835
2026-07-02 10:49:00-04:00,196.4250030517578,196.63479614257812,195.91000366210938,195.93099975585938,409802,NVDA,NVIDIA,Nasdaq,USD,20260703_185835
2026-07-02 10:50:00-04:00,196.25509643554688,196.49000549316406,196.0500030517578,196.39999389648438,450270,NVDA,NVIDIA,Nasdaq,USD,20260703_185835
2026-07-02 10:51:00-04:00,196.22999572753906,196.58999633789062,196.08999633789062,196.25999450683594,413335,NVDA,NVIDIA,Nasdaq,USD,20260703_185835
2026-07-02 10:52:00-04:00,195.6300048828125,196.21499633789062,195.50999450683594,196.16009521484375,368106,NVDA,NVIDIA,Nasdaq,USD,20260703_185835
2026-07-02 10:53:00-04:00,195.47500610351562,195.75,195.2100067138672,195.6199951171875,554830,NVDA,NVIDIA,Nasdaq,USD,20260703_185835
2026-07-02 10:54:00-04:00,195.5,195.6300048828125,195.38999938964844,195.46670532226562,302087,NVDA,NVIDIA,Nasdaq,USD,20260703_185835
2026-07-02 10:55:00-04:00,195.89999389648438,196.0500030517578,195.50999450683594,195.50999450683594,370341,NVDA,NVIDIA,Nasdaq,USD,20260703_185835
2026-07-02 10:56:00-04:00,195.9250030517578,196.15989685058594,195.86000061035156,195.92999267578125,283990,NVDA,NVIDIA,Nasdaq,USD,20260703_185835
2026-07-02 10:57:00-04:00,195.72329711914062,195.9499969482422,195.6199951171875,195.9199981689453,259862,NVDA,NVIDIA,Nasdaq,USD,20260703_185835
2026-07-02 10:58:00-04:00,195.96180725097656,196.0299072265625,195.69000244140625,195.74000549316406,237048,NVDA,NVIDIA,Nasdaq,USD,20260703_185835
2026-07-02 10:59:00-04:00,196.24000549316406,196.2899932861328,195.95010375976562,195.95010375976562,271414,NVDA,NVIDIA,Nasdaq,USD,20260703_185835
2026-07-02 11:00:00-04:00,196.32000732421875,196.33999633789062,195.92999267578125,196.25,257412,NVDA,NVIDIA,Nasdaq,USD,20260703_185835
2026-07-02 11:01:00-04:00,196.2100067138672,196.47000122070312,196.2100067138672,196.30999755859375,323443,NVDA,NVIDIA,Nasdaq,USD,20260703_185835
2026-07-02 11:02:00-04:00,196.27499389648438,196.31500244140625,196.03500366210938,196.21499633789062,217168,NVDA,NVIDIA,Nasdaq,USD,20260703_185835
2026-07-02 11:03:00-04:00,195.9600067138672,196.45899963378906,195.92999267578125,196.30999755859375,244655,NVDA,NVIDIA,Nasdaq,USD,20260703_185835
2026-07-02 11:04:00-04:00,195.60000610351562,196.05999755859375,195.58999633789062,195.99000549316406,247935,NVDA,NVIDIA,Nasdaq,USD,20260703_185835
2026-07-02 11:05:00-04:00,195.44430541992188,195.77000427246094,195.44000244140625,195.61000061035156,510925,NVDA,NVIDIA,Nasdaq,USD,20260703_185835
2026-07-02 11:06:00-04:00,195.06500244140625,195.42999267578125,195.02999877929688,195.42999267578125,412482,NVDA,NVIDIA,Nasdaq,USD,20260703_185835
2026-07-02 11:07:00-04:00,194.7449951171875,195.1699981689453,194.7100067138672,195.06500244140625,791574,NVDA,NVIDIA,Nasdaq,USD,20260703_185835
2026-07-02 11:08:00-04:00,195.0050048828125,195.2899932861328,194.73300170898438,194.7899932861328,450243,NVDA,NVIDIA,Nasdaq,USD,20260703_185835
2026-07-02 11:09:00-04:00,194.9949951171875,195.1750030517578,194.86000061035156,194.9949951171875,346074,NVDA,NVIDIA,Nasdaq,USD,20260703_185835
2026-07-02 11:10:00-04:00,194.97999572753906,195.11500549316406,194.77239990234375,195.00999450683594,343247,NVDA,NVIDIA,Nasdaq,USD,20260703_185835
2026-07-02 11:11:00-04:00,195.31509399414062,195.39500427246094,194.91000366210938,194.98699951171875,529528,NVDA,NVIDIA,Nasdaq,USD,20260703_185835
2026-07-02 11:12:00-04:00,195.21499633789062,195.3699951171875,195.1999969482422,195.30999755859375,238524,NVDA,NVIDIA,Nasdaq,USD,20260703_185835
2026-07-02 11:13:00-04:00,195.23500061035156,195.42999267578125,195.1699981689453,195.1999969482422,225046,NVDA,NVIDIA,Nasdaq,USD,20260703_185835
2026-07-02 11:14:00-04:00,195.25999450683594,195.41000366210938,195.08999633789062,195.23500061035156,268686,NVDA,NVIDIA,Nasdaq,USD,20260703_185835
2026-07-02 11:15:00-04:00,195.08999633789062,195.4600067138672,195.0236053466797,195.27000427246094,245381,NVDA,NVIDIA,Nasdaq,USD,20260703_185835
2026-07-02 11:16:00-04:00,195.02499389648438,195.10000610351562,194.86000061035156,195.0800018310547,266227,NVDA,NVIDIA,Nasdaq,USD,20260703_185835
2026-07-02 11:17:00-04:00,195.00999450683594,195.23959350585938,194.85000610351562,195.0399932861328,257180,NVDA,NVIDIA,Nasdaq,USD,20260703_185835
2026-07-02 11:18:00-04:00,195.0800018310547,195.22999572753906,194.8000946044922,194.99000549316406,337696,NVDA,NVIDIA,Nasdaq,USD,20260703_185835
2026-07-02 11:19:00-04:00,195.0399932861328,195.0850067138672,194.9199981689453,195.06500244140625,229328,NVDA,NVIDIA,Nasdaq,USD,20260703_185835
2026-07-02 11:20:00-04:00,195.00999450683594,195.32000732421875,194.69000244140625,195.05990600585938,422910,NVDA,NVIDIA,Nasdaq,USD,20260703_185835
2026-07-02 11:21:00-04:00,194.875,195.0399932861328,194.8101043701172,195.00999450683594,305386,NVDA,NVIDIA,Nasdaq,USD,20260703_185835
2026-07-02 11:22:00-04:00,194.77499389648438,195.0500030517578,194.7100067138672,194.86000061035156,295402,NVDA,NVIDIA,Nasdaq,USD,20260703_185835
2026-07-02 11:23:00-04:00,194.7899932861328,194.89500427246094,194.6199951171875,194.77000427246094,292483,NVDA,NVIDIA,Nasdaq,USD,20260703_185835
2026-07-02 11:24:00-04:00,194.8249969482422,195.01499938964844,194.72000122070312,194.7873992919922,418271,NVDA,NVIDIA,Nasdaq,USD,20260703_185835
2026-07-02 11:25:00-04:00,194.5399932861328,194.86500549316406,194.4199981689453,194.83999633789062,459878,NVDA,NVIDIA,Nasdaq,USD,20260703_185835
2026-07-02 11:26:00-04:00,194.875,194.99000549316406,194.5399932861328,194.5500030517578,408411,NVDA,NVIDIA,Nasdaq,USD,20260703_185835
2026-07-02 11:27:00-04:00,195.0800018310547,195.1999053955078,194.8800048828125,194.8800048828125,286539,NVDA,NVIDIA,Nasdaq,USD,20260703_185835
2026-07-02 11:28:00-04:00,194.99000549316406,195.10989379882812,194.88999938964844,195.0749969482422,196961,NVDA,NVIDIA,Nasdaq,USD,20260703_185835
2026-07-02 11:29:00-04:00,194.7794952392578,195.00979614257812,194.77000427246094,194.97999572753906,189347,NVDA,NVIDIA,Nasdaq,USD,20260703_185835
2026-07-02 11:30:00-04:00,195.16000366210938,195.3699951171875,194.75999450683594,194.77999877929688,293633,NVDA,NVIDIA,Nasdaq,USD,20260703_185835
2026-07-02 11:31:00-04:00,195.22000122070312,195.27999877929688,194.94000244140625,195.14999389648438,237867,NVDA,NVIDIA,Nasdaq,USD,20260703_185835
2026-07-02 11:32:00-04:00,195.25950622558594,195.39999389648438,195.0906982421875,195.22000122070312,203372,NVDA,NVIDIA,Nasdaq,USD,20260703_185835
2026-07-02 11:33:00-04:00,195.38999938964844,195.47000122070312,195.25,195.25,271992,NVDA,NVIDIA,Nasdaq,USD,20260703_185835
2026-07-02 11:34:00-04:00,195.46499633789062,195.5800018310547,195.38499450683594,195.38499450683594,235765,NVDA,NVIDIA,Nasdaq,USD,20260703_185835
2026-07-02 11:35:00-04:00,195.69000244140625,195.8000030517578,195.41000366210938,195.47999572753906,309012,NVDA,NVIDIA,Nasdaq,USD,20260703_185835
2026-07-02 11:36:00-04:00,195.66990661621094,195.75,195.57049560546875,195.69000244140625,231564,NVDA,NVIDIA,Nasdaq,USD,20260703_185835
2026-07-02 11:37:00-04:00,195.6497039794922,195.7100067138672,195.5,195.64999389648438,194582,NVDA,NVIDIA,Nasdaq,USD,20260703_185835
2026-07-02 11:38:00-04:00,195.7550048828125,195.9199981689453,195.58279418945312,195.63499450683594,291310,NVDA,NVIDIA,Nasdaq,USD,20260703_185835
2026-07-02 11:39:00-04:00,195.5135040283203,195.7899932861328,195.51300048828125,195.75,192276,NVDA,NVIDIA,Nasdaq,USD,20260703_185835
2026-07-02 11:40:00-04:00,195.83999633789062,196.0,195.41000366210938,195.52999877929688,325330,NVDA,NVIDIA,Nasdaq,USD,20260703_185835
2026-07-02 11:41:00-04:00,195.51499938964844,195.8498992919922,195.44500732421875,195.8498992919922,274466,NVDA,NVIDIA,Nasdaq,USD,20260703_185835
2026-07-02 11:42:00-04:00,195.39999389648438,195.4949951171875,195.35000610351562,195.49000549316406,350207,NVDA,NVIDIA,Nasdaq,USD,20260703_185835
2026-07-02 11:43:00-04:00,195.13999938964844,195.41000366210938,195.07000732421875,195.40499877929688,339554,NVDA,NVIDIA,Nasdaq,USD,20260703_185835
2026-07-02 11:44:00-04:00,195.06509399414062,195.36000061035156,195.0399932861328,195.13999938964844,202725,NVDA,NVIDIA,Nasdaq,USD,20260703_185835
2026-07-02 11:45:00-04:00,195.31500244140625,195.39999389648438,195.0449981689453,195.0800018310547,159234,NVDA,NVIDIA,Nasdaq,USD,20260703_185835
2026-07-02 11:46:00-04:00,195.07000732421875,195.33999633789062,194.97000122070312,195.3105010986328,207915,NVDA,NVIDIA,Nasdaq,USD,20260703_185835
2026-07-02 11:47:00-04:00,195.05999755859375,195.16990661621094,194.89999389648438,195.0800018310547,185010,NVDA,NVIDIA,Nasdaq,USD,20260703_185835
2026-07-02 11:48:00-04:00,194.88999938964844,195.08999633789062,194.8800048828125,195.0200958251953,157423,NVDA,NVIDIA,Nasdaq,USD,20260703_185835
2026-07-02 11:49:00-04:00,194.74000549316406,194.92999267578125,194.66000366210938,194.89999389648438,204402,NVDA,NVIDIA,Nasdaq,USD,20260703_185835
2026-07-02 11:50:00-04:00,194.55999755859375,194.74000549316406,194.52000427246094,194.72999572753906,210139,NVDA,NVIDIA,Nasdaq,USD,20260703_185835
2026-07-02 11:51:00-04:00,194.50999450683594,194.59800720214844,194.35000610351562,194.55999755859375,334370,NVDA,NVIDIA,Nasdaq,USD,20260703_185835
2026-07-02 11:52:00-04:00,194.33999633789062,194.68499755859375,194.27999877929688,194.50999450683594,286620,NVDA,NVIDIA,Nasdaq,USD,20260703_185835
2026-07-02 11:53:00-04:00,194.2100067138672,194.35000610351562,194.05999755859375,194.33999633789062,303053,NVDA,NVIDIA,Nasdaq,USD,20260703_185835
2026-07-02 11:54:00-04:00,194.4346923828125,194.50999450683594,194.17999267578125,194.2100067138672,196633,NVDA,NVIDIA,Nasdaq,USD,20260703_185835
2026-07-02 11:55:00-04:00,194.35000610351562,194.55799865722656,194.33999633789062,194.4409942626953,185037,NVDA,NVIDIA,Nasdaq,USD,20260703_185835
2026-07-02 11:56:00-04:00,194.2050018310547,194.39999389648438,194.1199951171875,194.3699951171875,286878,NVDA,NVIDIA,Nasdaq,USD,20260703_185835
2026-07-02 11:57:00-04:00,194.27000427246094,194.32000732421875,194.01499938964844,194.1999969482422,264846,NVDA,NVIDIA,Nasdaq,USD,20260703_185835
2026-07-02 11:58:00-04:00,194.4499969482422,194.52000427246094,194.19410705566406,194.27000427246094,238117,NVDA,NVIDIA,Nasdaq,USD,20260703_185835
2026-07-02 11:59:00-04:00,194.49000549316406,194.63999938964844,194.44000244140625,194.47610473632812,200792,NVDA,NVIDIA,Nasdaq,USD,20260703_185835
2026-07-02 12:00:00-04:00,194.27000427246094,194.55999755859375,194.22000122070312,194.5,191365,NVDA,NVIDIA,Nasdaq,USD,20260703_185835
2026-07-02 12:01:00-04:00,194.27999877929688,194.4113006591797,194.16000366210938,194.27000427246094,153268,NVDA,NVIDIA,Nasdaq,USD,20260703_185835
2026-07-02 12:02:00-04:00,194.07000732421875,194.30999755859375,194.02999877929688,194.28500366210938,236253,NVDA,NVIDIA,Nasdaq,USD,20260703_185835
2026-07-02 12:03:00-04:00,194.19500732421875,194.3000030517578,193.88999938964844,194.05999755859375,537646,NVDA,NVIDIA,Nasdaq,USD,20260703_185835
2026-07-02 12:04:00-04:00,194.36000061035156,194.3800048828125,194.08999633789062,194.19000244140625,199486,NVDA,NVIDIA,Nasdaq,USD,20260703_185835
2026-07-02 12:05:00-04:00,194.25999450683594,194.4199981689453,194.24000549316406,194.35499572753906,210771,NVDA,NVIDIA,Nasdaq,USD,20260703_185835
2026-07-02 12:06:00-04:00,194.15989685058594,194.3000030517578,194.07000732421875,194.2550048828125,179634,NVDA,NVIDIA,Nasdaq,USD,20260703_185835
2026-07-02 12:07:00-04:00,194.13999938964844,194.27999877929688,194.06610107421875,194.15989685058594,137095,NVDA,NVIDIA,Nasdaq,USD,20260703_185835
2026-07-02 12:08:00-04:00,194.07000732421875,194.22000122070312,194.00999450683594,194.16000366210938,182643,NVDA,NVIDIA,Nasdaq,USD,20260703_185835
2026-07-02 12:09:00-04:00,193.98370361328125,194.11000061035156,193.86000061035156,194.10000610351562,231915,NVDA,NVIDIA,Nasdaq,USD,20260703_185835
2026-07-02 12:10:00-04:00,194.35000610351562,194.38999938964844,193.94000244140625,193.98500061035156,261793,NVDA,NVIDIA,Nasdaq,USD,20260703_185835
2026-07-02 12:11:00-04:00,194.3800048828125,194.49000549316406,194.27000427246094,194.3300018310547,285336,NVDA,NVIDIA,Nasdaq,USD,20260703_185835
2026-07-02 12:12:00-04:00,194.57000732421875,194.57000732421875,194.1199951171875,194.35000610351562,312853,NVDA,NVIDIA,Nasdaq,USD,20260703_185835
2026-07-02 12:13:00-04:00,194.5,194.59359741210938,194.41000366210938,194.57000732421875,231520,NVDA,NVIDIA,Nasdaq,USD,20260703_185835
2026-07-02 12:14:00-04:00,194.55999755859375,194.6591033935547,194.48260498046875,194.49000549316406,235420,NVDA,NVIDIA,Nasdaq,USD,20260703_185835
2026-07-02 12:15:00-04:00,194.27000427246094,194.61000061035156,194.0800018310547,194.57000732421875,426180,NVDA,NVIDIA,Nasdaq,USD,20260703_185835
2026-07-02 12:16:00-04:00,194.3000030517578,194.375,194.22000122070312,194.27999877929688,188484,NVDA,NVIDIA,Nasdaq,USD,20260703_185835
2026-07-02 12:17:00-04:00,194.1649932861328,194.4799041748047,194.1300048828125,194.3000030517578,241139,NVDA,NVIDIA,Nasdaq,USD,20260703_185835
2026-07-02 12:18:00-04:00,194.33999633789062,194.35000610351562,194.16180419921875,194.1649932861328,197327,NVDA,NVIDIA,Nasdaq,USD,20260703_185835
2026-07-02 12:19:00-04:00,194.07000732421875,194.42999267578125,194.05999755859375,194.35000610351562,335927,NVDA,NVIDIA,Nasdaq,USD,20260703_185835
2026-07-02 12:20:00-04:00,194.0800018310547,194.1300048828125,193.7949981689453,194.0749969482422,515610,NVDA,NVIDIA,Nasdaq,USD,20260703_185835
2026-07-02 12:21:00-04:00,193.9600067138672,194.14999389648438,193.9149932861328,194.08999633789062,242442,NVDA,NVIDIA,Nasdaq,USD,20260703_185835
2026-07-02 12:22:00-04:00,193.82000732421875,193.97999572753906,193.7100067138672,193.9600067138672,369511,NVDA,NVIDIA,Nasdaq,USD,20260703_185835
2026-07-02 12:23:00-04:00,193.6999969482422,193.90499877929688,193.69140625,193.8300018310547,232949,NVDA,NVIDIA,Nasdaq,USD,20260703_185835
2026-07-02 12:24:00-04:00,193.8699951171875,193.94000244140625,193.625,193.6999969482422,280257,NVDA,NVIDIA,Nasdaq,USD,20260703_185835
2026-07-02 12:25:00-04:00,193.92999267578125,194.12989807128906,193.8699951171875,193.875,285501,NVDA,NVIDIA,Nasdaq,USD,20260703_185835
2026-07-02 12:26:00-04:00,193.8350067138672,193.9499969482422,193.6999969482422,193.91000366210938,212881,NVDA,NVIDIA,Nasdaq,USD,20260703_185835
2026-07-02 12:27:00-04:00,193.9550018310547,193.97999572753906,193.83999633789062,193.83999633789062,262255,NVDA,NVIDIA,Nasdaq,USD,20260703_185835
2026-07-02 12:28:00-04:00,193.99000549316406,194.02000427246094,193.8699951171875,193.9499969482422,131509,NVDA,NVIDIA,Nasdaq,USD,20260703_185835
2026-07-02 12:29:00-04:00,193.7899932861328,194.06500244140625,193.6699981689453,193.99000549316406,131970,NVDA,NVIDIA,Nasdaq,USD,20260703_185835
2026-07-02 12:30:00-04:00,193.7550048828125,193.86000061035156,193.6699981689453,193.7899932861328,226301,NVDA,NVIDIA,Nasdaq,USD,20260703_185835
2026-07-02 12:31:00-04:00,193.69000244140625,193.80499267578125,193.66000366210938,193.74049377441406,215400,NVDA,NVIDIA,Nasdaq,USD,20260703_185835
2026-07-02 12:32:00-04:00,193.6750030517578,193.75,193.6199951171875,193.6699981689453,167067,NVDA,NVIDIA,Nasdaq,USD,20260703_185835
2026-07-02 12:33:00-04:00,193.73049926757812,193.85000610351562,193.6649932861328,193.6649932861328,154462,NVDA,NVIDIA,Nasdaq,USD,20260703_185835
2026-07-02 12:34:00-04:00,193.47000122070312,193.75,193.4600067138672,193.74000549316406,267759,NVDA,NVIDIA,Nasdaq,USD,20260703_185835
2026-07-02 12:35:00-04:00,193.6300048828125,193.63999938964844,193.38999938964844,193.4600067138672,288832,NVDA,NVIDIA,Nasdaq,USD,20260703_185835
2026-07-02 12:36:00-04:00,193.38999938964844,193.66000366210938,193.30999755859375,193.6300048828125,343132,NVDA,NVIDIA,Nasdaq,USD,20260703_185835
2026-07-02 12:37:00-04:00,193.22000122070312,193.5756072998047,193.17999267578125,193.38450622558594,292147,NVDA,NVIDIA,Nasdaq,USD,20260703_185835
2026-07-02 12:38:00-04:00,193.35000610351562,193.3972930908203,193.22000122070312,193.22000122070312,212147,NVDA,NVIDIA,Nasdaq,USD,20260703_185835
2026-07-02 12:39:00-04:00,193.43499755859375,193.45970153808594,193.25,193.3300018310547,175488,NVDA,NVIDIA,Nasdaq,USD,20260703_185835
2026-07-02 12:40:00-04:00,193.75010681152344,193.7899932861328,193.39999389648438,193.44009399414062,287573,NVDA,NVIDIA,Nasdaq,USD,20260703_185835
2026-07-02 12:41:00-04:00,193.64999389648438,193.85000610351562,193.63499450683594,193.75,216552,NVDA,NVIDIA,Nasdaq,USD,20260703_185835
2026-07-02 12:42:00-04:00,193.76499938964844,193.85000610351562,193.60000610351562,193.63999938964844,237498,NVDA,NVIDIA,Nasdaq,USD,20260703_185835
2026-07-02 12:43:00-04:00,193.9199981689453,194.02000427246094,193.6999969482422,193.76499938964844,229177,NVDA,NVIDIA,Nasdaq,USD,20260703_185835
2026-07-02 12:44:00-04:00,194.0399932861328,194.15989685058594,193.9250030517578,193.9250030517578,251338,NVDA,NVIDIA,Nasdaq,USD,20260703_185835
2026-07-02 12:45:00-04:00,194.0,194.0800018310547,193.8699951171875,194.0399932861328,199672,NVDA,NVIDIA,Nasdaq,USD,20260703_185835
2026-07-02 12:46:00-04:00,193.97000122070312,194.05999755859375,193.9149932861328,193.99000549316406,124890,NVDA,NVIDIA,Nasdaq,USD,20260703_185835
2026-07-02 12:47:00-04:00,194.07000732421875,194.1092071533203,193.94000244140625,193.96499633789062,150897,NVDA,NVIDIA,Nasdaq,USD,20260703_185835
2026-07-02 12:48:00-04:00,194.10000610351562,194.14999389648438,193.92999267578125,194.0601043701172,134088,NVDA,NVIDIA,Nasdaq,USD,20260703_185835
2026-07-02 12:49:00-04:00,193.89990234375,194.14999389648438,193.85499572753906,194.10000610351562,167999,NVDA,NVIDIA,Nasdaq,USD,20260703_185835
2026-07-02 12:50:00-04:00,193.72999572753906,193.89639282226562,193.63999938964844,193.8914031982422,265710,NVDA,NVIDIA,Nasdaq,USD,20260703_185835
2026-07-02 12:51:00-04:00,193.86000061035156,193.86500549316406,193.67999267578125,193.72999572753906,197526,NVDA,NVIDIA,Nasdaq,USD,20260703_185835
2026-07-02 12:52:00-04:00,193.99000549316406,194.0,193.75999450683594,193.83999633789062,197091,NVDA,NVIDIA,Nasdaq,USD,20260703_185835
2026-07-02 12:53:00-04:00,193.8249969482422,194.0500030517578,193.74000549316406,193.97999572753906,174992,NVDA,NVIDIA,Nasdaq,USD,20260703_185835
2026-07-02 12:54:00-04:00,193.86990356445312,194.0050048828125,193.81509399414062,193.83999633789062,148694,NVDA,NVIDIA,Nasdaq,USD,20260703_185835
2026-07-02 12:55:00-04:00,193.61500549316406,193.87750244140625,193.57009887695312,193.8699951171875,220408,NVDA,NVIDIA,Nasdaq,USD,20260703_185835
2026-07-02 12:56:00-04:00,193.29010009765625,193.62989807128906,193.27000427246094,193.62989807128906,271990,NVDA,NVIDIA,Nasdaq,USD,20260703_185835
2026-07-02 12:57:00-04:00,193.2100067138672,193.41000366210938,193.1999969482422,193.2899932861328,182074,NVDA,NVIDIA,Nasdaq,USD,20260703_185835
2026-07-02 12:58:00-04:00,193.32000732421875,193.33999633789062,193.1300048828125,193.22000122070312,201441,NVDA,NVIDIA,Nasdaq,USD,20260703_185835
2026-07-02 12:59:00-04:00,193.49000549316406,193.5399932861328,193.30999755859375,193.32000732421875,165575,NVDA,NVIDIA,Nasdaq,USD,20260703_185835
2026-07-02 13:00:00-04:00,193.11000061035156,193.50999450683594,193.10009765625,193.5,184422,NVDA,NVIDIA,Nasdaq,USD,20260703_185835
2026-07-02 13:01:00-04:00,193.01499938964844,193.22999572753906,192.9199981689453,193.11000061035156,605688,NVDA,NVIDIA,Nasdaq,USD,20260703_185835
2026-07-02 13:02:00-04:00,193.03500366210938,193.26499938964844,192.99000549316406,193.02000427246094,284821,NVDA,NVIDIA,Nasdaq,USD,20260703_185835
2026-07-02 13:03:00-04:00,193.02999877929688,193.0500030517578,192.8800048828125,193.02499389648438,230921,NVDA,NVIDIA,Nasdaq,USD,20260703_185835
2026-07-02 13:04:00-04:00,193.0500030517578,193.07989501953125,192.88999938964844,193.02999877929688,179406,NVDA,NVIDIA,Nasdaq,USD,20260703_185835
2026-07-02 13:05:00-04:00,193.27000427246094,193.27000427246094,192.88999938964844,193.0500030517578,277843,NVDA,NVIDIA,Nasdaq,USD,20260703_185835
2026-07-02 13:06:00-04:00,193.5399932861328,193.5500030517578,193.2205047607422,193.27000427246094,221653,NVDA,NVIDIA,Nasdaq,USD,20260703_185835
2026-07-02 13:07:00-04:00,193.58999633789062,193.72000122070312,193.50999450683594,193.5449981689453,149253,NVDA,NVIDIA,Nasdaq,USD,20260703_185835
2026-07-02 13:08:00-04:00,193.41000366210938,193.60000610351562,193.22000122070312,193.60000610351562,205746,NVDA,NVIDIA,Nasdaq,USD,20260703_185835
2026-07-02 13:09:00-04:00,193.2100067138672,193.4600067138672,193.19000244140625,193.41000366210938,151649,NVDA,NVIDIA,Nasdaq,USD,20260703_185835
2026-07-02 13:10:00-04:00,193.2100067138672,193.33999633789062,193.07009887695312,193.20030212402344,142359,NVDA,NVIDIA,Nasdaq,USD,20260703_185835
2026-07-02 13:11:00-04:00,193.2449951171875,193.25999450683594,193.14999389648438,193.20989990234375,117817,NVDA,NVIDIA,Nasdaq,USD,20260703_185835
2026-07-02 13:12:00-04:00,193.02999877929688,193.29049682617188,193.01010131835938,193.24000549316406,175710,NVDA,NVIDIA,Nasdaq,USD,20260703_185835
2026-07-02 13:13:00-04:00,192.97000122070312,193.11500549316406,192.8800048828125,193.00999450683594,285104,NVDA,NVIDIA,Nasdaq,USD,20260703_185835
2026-07-02 13:14:00-04:00,193.0749969482422,193.22999572753906,192.97000122070312,192.97999572753906,190420,NVDA,NVIDIA,Nasdaq,USD,20260703_185835
2026-07-02 13:15:00-04:00,192.92999267578125,193.07000732421875,192.9250030517578,193.07000732421875,191514,NVDA,NVIDIA,Nasdaq,USD,20260703_185835
2026-07-02 13:16:00-04:00,193.2100067138672,193.22000122070312,192.9300994873047,192.9398956298828,156032,NVDA,NVIDIA,Nasdaq,USD,20260703_185835
2026-07-02 13:17:00-04:00,193.1999969482422,193.40989685058594,193.16000366210938,193.22000122070312,224917,NVDA,NVIDIA,Nasdaq,USD,20260703_185835
2026-07-02 13:18:00-04:00,193.1999969482422,193.33999633789062,193.16000366210938,193.2100067138672,121758,NVDA,NVIDIA,Nasdaq,USD,20260703_185835
2026-07-02 13:19:00-04:00,193.0699005126953,193.22000122070312,193.02000427246094,193.2050018310547,136121,NVDA,NVIDIA,Nasdaq,USD,20260703_185835
2026-07-02 13:20:00-04:00,192.92999267578125,193.139892578125,192.91000366210938,193.05999755859375,209372,NVDA,NVIDIA,Nasdaq,USD,20260703_185835
2026-07-02 13:21:00-04:00,193.1199951171875,193.16000366210938,192.92999267578125,192.92999267578125,174340,NVDA,NVIDIA,Nasdaq,USD,20260703_185835
2026-07-02 13:22:00-04:00,193.1699981689453,193.35000610351562,193.11000061035156,193.1300048828125,147227,NVDA,NVIDIA,Nasdaq,USD,20260703_185835
2026-07-02 13:23:00-04:00,193.02000427246094,193.16200256347656,193.02000427246094,193.16000366210938,134225,NVDA,NVIDIA,Nasdaq,USD,20260703_185835
2026-07-02 13:24:00-04:00,192.9600067138672,193.13999938964844,192.91000366210938,193.02999877929688,173608,NVDA,NVIDIA,Nasdaq,USD,20260703_185835
2026-07-02 13:25:00-04:00,192.88999938964844,193.0500030517578,192.85000610351562,192.97000122070312,215949,NVDA,NVIDIA,Nasdaq,USD,20260703_185835
2026-07-02 13:26:00-04:00,192.83999633789062,193.0,192.76199340820312,192.88499450683594,185676,NVDA,NVIDIA,Nasdaq,USD,20260703_185835
2026-07-02 13:27:00-04:00,192.9250030517578,193.0,192.85000610351562,192.85000610351562,170779,NVDA,NVIDIA,Nasdaq,USD,20260703_185835
2026-07-02 13:28:00-04:00,193.0,193.02000427246094,192.89999389648438,192.92019653320312,201262,NVDA,NVIDIA,Nasdaq,USD,20260703_185835
2026-07-02 13:29:00-04:00,193.0500030517578,193.13999938964844,192.92999267578125,193.0,139498,NVDA,NVIDIA,Nasdaq,USD,20260703_185835
2026-07-02 13:30:00-04:00,193.02000427246094,193.1800994873047,193.02000427246094,193.0449981689453,189065,NVDA,NVIDIA,Nasdaq,USD,20260703_185835
2026-07-02 13:31:00-04:00,193.10000610351562,193.14990234375,193.01010131835938,193.02999877929688,120168,NVDA,NVIDIA,Nasdaq,USD,20260703_185835
2026-07-02 13:32:00-04:00,193.1649932861328,193.27999877929688,193.0601043701172,193.11000061035156,180018,NVDA,NVIDIA,Nasdaq,USD,20260703_185835
2026-07-02 13:33:00-04:00,193.0800018310547,193.23500061035156,193.01499938964844,193.1649932861328,144772,NVDA,NVIDIA,Nasdaq,USD,20260703_185835
2026-07-02 13:34:00-04:00,192.94000244140625,193.1699981689453,192.94000244140625,193.0800018310547,131762,NVDA,NVIDIA,Nasdaq,USD,20260703_185835
2026-07-02 13:35:00-04:00,192.90499877929688,193.02000427246094,192.72999572753906,192.92999267578125,230920,NVDA,NVIDIA,Nasdaq,USD,20260703_185835
2026-07-02 13:36:00-04:00,192.72999572753906,192.97000122070312,192.6699981689453,192.89500427246094,187402,NVDA,NVIDIA,Nasdaq,USD,20260703_185835
2026-07-02 13:37:00-04:00,192.66000366210938,192.75999450683594,192.60000610351562,192.74000549316406,162416,NVDA,NVIDIA,Nasdaq,USD,20260703_185835
2026-07-02 13:38:00-04:00,192.41000366210938,192.73300170898438,192.39500427246094,192.66000366210938,298980,NVDA,NVIDIA,Nasdaq,USD,20260703_185835
2026-07-02 13:39:00-04:00,192.3800048828125,192.5500030517578,192.36000061035156,192.4199981689453,204138,NVDA,NVIDIA,Nasdaq,USD,20260703_185835
2026-07-02 13:40:00-04:00,192.5605010986328,192.57000732421875,192.35000610351562,192.38999938964844,290634,NVDA,NVIDIA,Nasdaq,USD,20260703_185835
2026-07-02 13:41:00-04:00,192.9250030517578,193.02000427246094,192.54600524902344,192.54600524902344,238854,NVDA,NVIDIA,Nasdaq,USD,20260703_185835
2026-07-02 13:42:00-04:00,192.98500061035156,193.0399932861328,192.88009643554688,192.92999267578125,226534,NVDA,NVIDIA,Nasdaq,USD,20260703_185835
2026-07-02 13:43:00-04:00,192.9600067138672,192.99000549316406,192.82000732421875,192.9499969482422,140949,NVDA,NVIDIA,Nasdaq,USD,20260703_185835
2026-07-02 13:44:00-04:00,192.9499969482422,193.0399932861328,192.86000061035156,192.9600067138672,178894,NVDA,NVIDIA,Nasdaq,USD,20260703_185835
2026-07-02 13:45:00-04:00,192.78500366210938,193.0500030517578,192.76499938964844,192.9499969482422,179289,NVDA,NVIDIA,Nasdaq,USD,20260703_185835
2026-07-02 13:46:00-04:00,192.80999755859375,192.8800048828125,192.72999572753906,192.7899932861328,160466,NVDA,NVIDIA,Nasdaq,USD,20260703_185835
2026-07-02 13:47:00-04:00,192.6199951171875,192.82000732421875,192.61000061035156,192.8000030517578,189716,NVDA,NVIDIA,Nasdaq,USD,20260703_185835
2026-07-02 13:48:00-04:00,192.7949981689453,192.8699951171875,192.52000427246094,192.6199951171875,268587,NVDA,NVIDIA,Nasdaq,USD,20260703_185835
2026-07-02 13:49:00-04:00,192.83999633789062,192.92999267578125,192.7899932861328,192.7949981689453,167361,NVDA,NVIDIA,Nasdaq,USD,20260703_185835
2026-07-02 13:50:00-04:00,192.80999755859375,192.88999938964844,192.66000366210938,192.82000732421875,191699,NVDA,NVIDIA,Nasdaq,USD,20260703_185835
2026-07-02 13:51:00-04:00,192.85499572753906,192.94000244140625,192.72500610351562,192.80999755859375,180512,NVDA,NVIDIA,Nasdaq,USD,20260703_185835
2026-07-02 13:52:00-04:00,192.86000061035156,192.88999938964844,192.6699981689453,192.85499572753906,144725,NVDA,NVIDIA,Nasdaq,USD,20260703_185835
2026-07-02 13:53:00-04:00,192.8800048828125,192.92999267578125,192.83999633789062,192.86000061035156,104779,NVDA,NVIDIA,Nasdaq,USD,20260703_185835
2026-07-02 13:54:00-04:00,193.05999755859375,193.1199951171875,192.8800048828125,192.88999938964844,206035,NVDA,NVIDIA,Nasdaq,USD,20260703_185835
2026-07-02 13:55:00-04:00,192.97999572753906,193.14999389648438,192.9499969482422,193.0850067138672,173131,NVDA,NVIDIA,Nasdaq,USD,20260703_185835
2026-07-02 13:56:00-04:00,192.83999633789062,192.97999572753906,192.77999877929688,192.97000122070312,136024,NVDA,NVIDIA,Nasdaq,USD,20260703_185835
2026-07-02 13:57:00-04:00,192.77000427246094,192.91000366210938,192.7301025390625,192.85000610351562,128305,NVDA,NVIDIA,Nasdaq,USD,20260703_185835
2026-07-02 13:58:00-04:00,192.5399932861328,192.75999450683594,192.52000427246094,192.75999450683594,192004,NVDA,NVIDIA,Nasdaq,USD,20260703_185835
2026-07-02 13:59:00-04:00,192.5449981689453,192.63499450683594,192.38999938964844,192.5449981689453,271220,NVDA,NVIDIA,Nasdaq,USD,20260703_185835
2026-07-02 14:00:00-04:00,192.7100067138672,192.73500061035156,192.5,192.5449981689453,269699,NVDA,NVIDIA,Nasdaq,USD,20260703_185835
2026-07-02 14:01:00-04:00,192.74000549316406,192.8000030517578,192.62010192871094,192.6999969482422,214208,NVDA,NVIDIA,Nasdaq,USD,20260703_185835
2026-07-02 14:02:00-04:00,192.7100067138672,192.77999877929688,192.6699981689453,192.74000549316406,121572,NVDA,NVIDIA,Nasdaq,USD,20260703_185835
2026-07-02 14:03:00-04:00,192.7100067138672,192.74989318847656,192.66000366210938,192.70989990234375,138919,NVDA,NVIDIA,Nasdaq,USD,20260703_185835
2026-07-02 14:04:00-04:00,192.85499572753906,192.86000061035156,192.6699981689453,192.7100067138672,148748,NVDA,NVIDIA,Nasdaq,USD,20260703_185835
2026-07-02 14:05:00-04:00,193.072998046875,193.1699981689453,192.85000610351562,192.85499572753906,206057,NVDA,NVIDIA,Nasdaq,USD,20260703_185835
2026-07-02 14:06:00-04:00,193.36000061035156,193.4698028564453,193.0,193.07000732421875,293348,NVDA,NVIDIA,Nasdaq,USD,20260703_185835
2026-07-02 14:07:00-04:00,193.22500610351562,193.38499450683594,193.22000122070312,193.35000610351562,187301,NVDA,NVIDIA,Nasdaq,USD,20260703_185835
2026-07-02 14:08:00-04:00,193.30520629882812,193.3300018310547,193.17999267578125,193.2299041748047,155769,NVDA,NVIDIA,Nasdaq,USD,20260703_185835
2026-07-02 14:09:00-04:00,193.4949951171875,193.50999450683594,193.27999877929688,193.32000732421875,182859,NVDA,NVIDIA,Nasdaq,USD,20260703_185835
2026-07-02 14:10:00-04:00,193.610107421875,193.6999053955078,193.4499969482422,193.49009704589844,289482,NVDA,NVIDIA,Nasdaq,USD,20260703_185835
2026-07-02 14:11:00-04:00,193.5449981689453,193.6999969482422,193.48199462890625,193.6199951171875,168964,NVDA,NVIDIA,Nasdaq,USD,20260703_185835
2026-07-02 14:12:00-04:00,193.58999633789062,193.64999389648438,193.48500061035156,193.5449981689453,178580,NVDA,NVIDIA,Nasdaq,USD,20260703_185835
2026-07-02 14:13:00-04:00,193.375,193.59640502929688,193.37010192871094,193.5800018310547,146119,NVDA,NVIDIA,Nasdaq,USD,20260703_185835
2026-07-02 14:14:00-04:00,193.19509887695312,193.4199981689453,193.14999389648438,193.375,173612,NVDA,NVIDIA,Nasdaq,USD,20260703_185835
2026-07-02 14:15:00-04:00,193.1750030517578,193.25,193.0019989013672,193.19009399414062,192053,NVDA,NVIDIA,Nasdaq,USD,20260703_185835
2026-07-02 14:16:00-04:00,193.1403045654297,193.22999572753906,193.0500030517578,193.17999267578125,158157,NVDA,NVIDIA,Nasdaq,USD,20260703_185835
2026-07-02 14:17:00-04:00,192.82009887695312,193.14500427246094,192.80999755859375,193.14500427246094,227682,NVDA,NVIDIA,Nasdaq,USD,20260703_185835
2026-07-02 14:18:00-04:00,192.77499389648438,193.00990295410156,192.58999633789062,192.83999633789062,418312,NVDA,NVIDIA,Nasdaq,USD,20260703_185835
2026-07-02 14:19:00-04:00,192.92999267578125,192.9499969482422,192.74000549316406,192.7899932861328,180077,NVDA,NVIDIA,Nasdaq,USD,20260703_185835
2026-07-02 14:20:00-04:00,193.10000610351562,193.1199951171875,192.8800048828125,192.91000366210938,183015,NVDA,NVIDIA,Nasdaq,USD,20260703_185835
2026-07-02 14:21:00-04:00,193.0500030517578,193.1999969482422,192.97000122070312,193.11000061035156,171769,NVDA,NVIDIA,Nasdaq,USD,20260703_185835
2026-07-02 14:22:00-04:00,193.19000244140625,193.27999877929688,193.02000427246094,193.04010009765625,158482,NVDA,NVIDIA,Nasdaq,USD,20260703_185835
2026-07-02 14:23:00-04:00,193.14999389648438,193.19000244140625,193.07009887695312,193.19000244140625,139139,NVDA,NVIDIA,Nasdaq,USD,20260703_185835
2026-07-02 14:24:00-04:00,193.30799865722656,193.32000732421875,193.14500427246094,193.14999389648438,127624,NVDA,NVIDIA,Nasdaq,USD,20260703_185835
2026-07-02 14:25:00-04:00,193.3300018310547,193.55999755859375,193.2899932861328,193.30499267578125,212980,NVDA,NVIDIA,Nasdaq,USD,20260703_185835
2026-07-02 14:26:00-04:00,193.56500244140625,193.58999633789062,193.25999450683594,193.32000732421875,182312,NVDA,NVIDIA,Nasdaq,USD,20260703_185835
2026-07-02 14:27:00-04:00,193.5399932861328,193.6699981689453,193.47000122070312,193.56500244140625,157912,NVDA,NVIDIA,Nasdaq,USD,20260703_185835
2026-07-02 14:28:00-04:00,193.66000366210938,193.72509765625,193.52999877929688,193.5399932861328,175982,NVDA,NVIDIA,Nasdaq,USD,20260703_185835
2026-07-02 14:29:00-04:00,193.76260375976562,193.86000061035156,193.63999938964844,193.66000366210938,288846,NVDA,NVIDIA,Nasdaq,USD,20260703_185835
2026-07-02 14:30:00-04:00,193.77650451660156,193.88499450683594,193.64999389648438,193.75999450683594,162010,NVDA,NVIDIA,Nasdaq,USD,20260703_185835
2026-07-02 14:31:00-04:00,193.87010192871094,193.88999938964844,193.75,193.77459716796875,142238,NVDA,NVIDIA,Nasdaq,USD,20260703_185835
2026-07-02 14:32:00-04:00,193.8350067138672,193.88999938964844,193.69000244140625,193.875,198173,NVDA,NVIDIA,Nasdaq,USD,20260703_185835
2026-07-02 14:33:00-04:00,193.83999633789062,193.9499969482422,193.82000732421875,193.8300018310547,204983,NVDA,NVIDIA,Nasdaq,USD,20260703_185835
2026-07-02 14:34:00-04:00,193.60000610351562,193.83999633789062,193.5399932861328,193.83009338378906,227574,NVDA,NVIDIA,Nasdaq,USD,20260703_185835
2026-07-02 14:35:00-04:00,193.5399932861328,193.7100067138672,193.52499389648438,193.6199951171875,165906,NVDA,NVIDIA,Nasdaq,USD,20260703_185835
2026-07-02 14:36:00-04:00,193.39999389648438,193.55999755859375,193.38999938964844,193.5449981689453,145526,NVDA,NVIDIA,Nasdaq,USD,20260703_185835
2026-07-02 14:37:00-04:00,193.5399932861328,193.57899475097656,193.38499450683594,193.41000366210938,104166,NVDA,NVIDIA,Nasdaq,USD,20260703_185835
2026-07-02 14:38:00-04:00,193.44000244140625,193.64999389648438,193.41000366210938,193.5341033935547,159247,NVDA,NVIDIA,Nasdaq,USD,20260703_185835
2026-07-02 14:39:00-04:00,193.46499633789062,193.52000427246094,193.36000061035156,193.4300994873047,110186,NVDA,NVIDIA,Nasdaq,USD,20260703_185835
2026-07-02 14:40:00-04:00,193.48500061035156,193.52000427246094,193.40499877929688,193.47000122070312,203991,NVDA,NVIDIA,Nasdaq,USD,20260703_185835
2026-07-02 14:41:00-04:00,193.36000061035156,193.50999450683594,193.3300018310547,193.49000549316406,108893,NVDA,NVIDIA,Nasdaq,USD,20260703_185835
2026-07-02 14:42:00-04:00,193.3800048828125,193.4499969482422,193.35989379882812,193.35989379882812,191310,NVDA,NVIDIA,Nasdaq,USD,20260703_185835
2026-07-02 14:43:00-04:00,193.3800048828125,193.4499969482422,193.30999755859375,193.3699951171875,149408,NVDA,NVIDIA,Nasdaq,USD,20260703_185835
2026-07-02 14:44:00-04:00,193.22500610351562,193.45849609375,193.20069885253906,193.40989685058594,110929,NVDA,NVIDIA,Nasdaq,USD,20260703_185835
2026-07-02 14:45:00-04:00,192.9290008544922,193.2299041748047,192.89999389648438,193.22000122070312,254721,NVDA,NVIDIA,Nasdaq,USD,20260703_185835
2026-07-02 14:46:00-04:00,192.99000549316406,193.0800018310547,192.9199981689453,192.9250030517578,246862,NVDA,NVIDIA,Nasdaq,USD,20260703_185835
2026-07-02 14:47:00-04:00,193.2050018310547,193.22999572753906,192.99000549316406,192.99000549316406,216640,NVDA,NVIDIA,Nasdaq,USD,20260703_185835
2026-07-02 14:48:00-04:00,193.3800048828125,193.38999938964844,193.17999267578125,193.1999969482422,134476,NVDA,NVIDIA,Nasdaq,USD,20260703_185835
2026-07-02 14:49:00-04:00,193.44979858398438,193.4600067138672,193.33999633789062,193.375,153155,NVDA,NVIDIA,Nasdaq,USD,20260703_185835
2026-07-02 14:50:00-04:00,193.52999877929688,193.53990173339844,193.33160400390625,193.44000244140625,137213,NVDA,NVIDIA,Nasdaq,USD,20260703_185835
2026-07-02 14:51:00-04:00,193.57000732421875,193.6699981689453,193.52000427246094,193.53419494628906,136182,NVDA,NVIDIA,Nasdaq,USD,20260703_185835
2026-07-02 14:52:00-04:00,193.69000244140625,193.75999450683594,193.5605010986328,193.5749969482422,181554,NVDA,NVIDIA,Nasdaq,USD,20260703_185835
2026-07-02 14:53:00-04:00,193.49000549316406,193.69000244140625,193.42999267578125,193.67999267578125,157322,NVDA,NVIDIA,Nasdaq,USD,20260703_185835
2026-07-02 14:54:00-04:00,193.4600067138672,193.5399932861328,193.4001007080078,193.49989318847656,139953,NVDA,NVIDIA,Nasdaq,USD,20260703_185835
2026-07-02 14:55:00-04:00,193.56500244140625,193.57029724121094,193.4149932861328,193.4600067138672,154005,NVDA,NVIDIA,Nasdaq,USD,20260703_185835
2026-07-02 14:56:00-04:00,193.3800048828125,193.67999267578125,193.26499938964844,193.57000732421875,294773,NVDA,NVIDIA,Nasdaq,USD,20260703_185835
2026-07-02 14:57:00-04:00,193.4976043701172,193.54010009765625,193.36000061035156,193.38999938964844,147751,NVDA,NVIDIA,Nasdaq,USD,20260703_185835
2026-07-02 14:58:00-04:00,193.35000610351562,193.5749969482422,193.30999755859375,193.49000549316406,139967,NVDA,NVIDIA,Nasdaq,USD,20260703_185835
2026-07-02 14:59:00-04:00,193.42999267578125,193.4499969482422,193.22000122070312,193.3459014892578,131781,NVDA,NVIDIA,Nasdaq,USD,20260703_185835
2026-07-02 15:00:00-04:00,193.24000549316406,193.52999877929688,193.24000549316406,193.4199981689453,150753,NVDA,NVIDIA,Nasdaq,USD,20260703_185835
2026-07-02 15:01:00-04:00,193.17999267578125,193.27999877929688,193.0800018310547,193.22000122070312,162494,NVDA,NVIDIA,Nasdaq,USD,20260703_185835
2026-07-02 15:02:00-04:00,193.25999450683594,193.36000061035156,193.1300048828125,193.18499755859375,227509,NVDA,NVIDIA,Nasdaq,USD,20260703_185835
2026-07-02 15:03:00-04:00,193.16000366210938,193.3101043701172,193.14999389648438,193.2550048828125,98439,NVDA,NVIDIA,Nasdaq,USD,20260703_185835
2026-07-02 15:04:00-04:00,192.7899932861328,193.21499633789062,192.72999572753906,193.15859985351562,292271,NVDA,NVIDIA,Nasdaq,USD,20260703_185835
2026-07-02 15:05:00-04:00,192.72000122070312,192.88999938964844,192.64500427246094,192.78500366210938,212416,NVDA,NVIDIA,Nasdaq,USD,20260703_185835
2026-07-02 15:06:00-04:00,192.85000610351562,192.97000122070312,192.6501007080078,192.7100067138672,220049,NVDA,NVIDIA,Nasdaq,USD,20260703_185835
2026-07-02 15:07:00-04:00,192.6699981689453,192.88999938964844,192.57000732421875,192.83999633789062,235237,NVDA,NVIDIA,Nasdaq,USD,20260703_185835
2026-07-02 15:08:00-04:00,192.6699981689453,192.75,192.61000061035156,192.66000366210938,120159,NVDA,NVIDIA,Nasdaq,USD,20260703_185835
2026-07-02 15:09:00-04:00,192.67999267578125,192.77000427246094,192.6300048828125,192.6699981689453,161113,NVDA,NVIDIA,Nasdaq,USD,20260703_185835
2026-07-02 15:10:00-04:00,192.7050018310547,192.75999450683594,192.52999877929688,192.67999267578125,175005,NVDA,NVIDIA,Nasdaq,USD,20260703_185835
2026-07-02 15:11:00-04:00,192.77999877929688,192.8300018310547,192.64999389648438,192.7100067138672,192885,NVDA,NVIDIA,Nasdaq,USD,20260703_185835
2026-07-02 15:12:00-04:00,192.82000732421875,192.88999938964844,192.7050018310547,192.77000427246094,175185,NVDA,NVIDIA,Nasdaq,USD,20260703_185835
2026-07-02 15:13:00-04:00,192.80999755859375,192.9196014404297,192.77000427246094,192.81500244140625,145774,NVDA,NVIDIA,Nasdaq,USD,20260703_185835
2026-07-02 15:14:00-04:00,192.88009643554688,192.97999572753906,192.75,192.80499267578125,174507,NVDA,NVIDIA,Nasdaq,USD,20260703_185835
2026-07-02 15:15:00-04:00,192.96009826660156,193.0399932861328,192.83009338378906,192.88499450683594,222041,NVDA,NVIDIA,Nasdaq,USD,20260703_185835
2026-07-02 15:16:00-04:00,192.88499450683594,192.97970581054688,192.7899932861328,192.96730041503906,150351,NVDA,NVIDIA,Nasdaq,USD,20260703_185835
2026-07-02 15:17:00-04:00,192.88499450683594,192.92999267578125,192.81500244140625,192.84500122070312,137979,NVDA,NVIDIA,Nasdaq,USD,20260703_185835
2026-07-02 15:18:00-04:00,192.9149932861328,192.9600067138672,192.7801055908203,192.8699951171875,158089,NVDA,NVIDIA,Nasdaq,USD,20260703_185835
2026-07-02 15:19:00-04:00,193.0500030517578,193.21499633789062,192.9199981689453,192.9199981689453,276504,NVDA,NVIDIA,Nasdaq,USD,20260703_185835
2026-07-02 15:20:00-04:00,192.91000366210938,193.1199951171875,192.8800048828125,193.0800018310547,207155,NVDA,NVIDIA,Nasdaq,USD,20260703_185835
2026-07-02 15:21:00-04:00,192.9199981689453,193.0299072265625,192.8300018310547,192.89999389648438,176511,NVDA,NVIDIA,Nasdaq,USD,20260703_185835
2026-07-02 15:22:00-04:00,192.8354949951172,192.98500061035156,192.81500244140625,192.9250030517578,244941,NVDA,NVIDIA,Nasdaq,USD,20260703_185835
2026-07-02 15:23:00-04:00,192.8300018310547,192.9499053955078,192.72000122070312,192.8249969482422,208355,NVDA,NVIDIA,Nasdaq,USD,20260703_185835
2026-07-02 15:24:00-04:00,192.80999755859375,192.86500549316406,192.7200927734375,192.8350067138672,161628,NVDA,NVIDIA,Nasdaq,USD,20260703_185835
2026-07-02 15:25:00-04:00,192.77999877929688,192.83999633789062,192.6999969482422,192.80999755859375,192913,NVDA,NVIDIA,Nasdaq,USD,20260703_185835
2026-07-02 15:26:00-04:00,192.80999755859375,192.8300018310547,192.64999389648438,192.7899932861328,263189,NVDA,NVIDIA,Nasdaq,USD,20260703_185835
2026-07-02 15:27:00-04:00,192.8000030517578,192.9600067138672,192.76499938964844,192.80999755859375,293004,NVDA,NVIDIA,Nasdaq,USD,20260703_185835
2026-07-02 15:28:00-04:00,193.15499877929688,193.23500061035156,192.77000427246094,192.7899932861328,270882,NVDA,NVIDIA,Nasdaq,USD,20260703_185835
2026-07-02 15:29:00-04:00,193.10499572753906,193.3300018310547,193.09010314941406,193.15499877929688,309534,NVDA,NVIDIA,Nasdaq,USD,20260703_185835
2026-07-02 15:30:00-04:00,193.35000610351562,193.36000061035156,193.06500244140625,193.11500549316406,296049,NVDA,NVIDIA,Nasdaq,USD,20260703_185835
2026-07-02 15:31:00-04:00,193.2550048828125,193.42999267578125,193.15499877929688,193.36000061035156,221978,NVDA,NVIDIA,Nasdaq,USD,20260703_185835
2026-07-02 15:32:00-04:00,193.30999755859375,193.4199981689453,193.2449951171875,193.2550048828125,206537,NVDA,NVIDIA,Nasdaq,USD,20260703_185835
2026-07-02 15:33:00-04:00,193.4250030517578,193.52000427246094,193.30999755859375,193.30999755859375,235550,NVDA,NVIDIA,Nasdaq,USD,20260703_185835
2026-07-02 15:34:00-04:00,193.54910278320312,193.5800018310547,193.3699951171875,193.42999267578125,218227,NVDA,NVIDIA,Nasdaq,USD,20260703_185835
2026-07-02 15:35:00-04:00,193.5800018310547,193.67999267578125,193.47000122070312,193.5399932861328,241612,NVDA,NVIDIA,Nasdaq,USD,20260703_185835
2026-07-02 15:36:00-04:00,193.47999572753906,193.60499572753906,193.42999267578125,193.57000732421875,279476,NVDA,NVIDIA,Nasdaq,USD,20260703_185835
2026-07-02 15:37:00-04:00,193.61000061035156,193.61399841308594,193.32000732421875,193.5,265266,NVDA,NVIDIA,Nasdaq,USD,20260703_185835
2026-07-02 15:38:00-04:00,193.69500732421875,193.8000030517578,193.57000732421875,193.6199951171875,253882,NVDA,NVIDIA,Nasdaq,USD,20260703_185835
2026-07-02 15:39:00-04:00,193.67999267578125,193.77999877929688,193.5749969482422,193.69009399414062,209360,NVDA,NVIDIA,Nasdaq,USD,20260703_185835
2026-07-02 15:40:00-04:00,193.69000244140625,193.72000122070312,193.51499938964844,193.67999267578125,196956,NVDA,NVIDIA,Nasdaq,USD,20260703_185835
2026-07-02 15:41:00-04:00,193.5325927734375,193.6999969482422,193.53050231933594,193.68499755859375,177102,NVDA,NVIDIA,Nasdaq,USD,20260703_185835
2026-07-02 15:42:00-04:00,193.59500122070312,193.6199951171875,193.44000244140625,193.5399932861328,244525,NVDA,NVIDIA,Nasdaq,USD,20260703_185835
2026-07-02 15:43:00-04:00,193.60499572753906,193.66000366210938,193.5449981689453,193.5959930419922,211837,NVDA,NVIDIA,Nasdaq,USD,20260703_185835
2026-07-02 15:44:00-04:00,193.6649932861328,193.75,193.52999877929688,193.60000610351562,229451,NVDA,NVIDIA,Nasdaq,USD,20260703_185835
2026-07-02 15:45:00-04:00,193.52999877929688,193.7449951171875,193.52999877929688,193.66000366210938,245181,NVDA,NVIDIA,Nasdaq,USD,20260703_185835
2026-07-02 15:46:00-04:00,193.52499389648438,193.64999389648438,193.41000366210938,193.52000427246094,348108,NVDA,NVIDIA,Nasdaq,USD,20260703_185835
2026-07-02 15:47:00-04:00,193.5449981689453,193.69000244140625,193.49000549316406,193.52999877929688,202418,NVDA,NVIDIA,Nasdaq,USD,20260703_185835
2026-07-02 15:48:00-04:00,193.57000732421875,193.61000061035156,193.4949951171875,193.5449981689453,811162,NVDA,NVIDIA,Nasdaq,USD,20260703_185835
2026-07-02 15:49:00-04:00,193.6300048828125,193.63499450683594,193.42999267578125,193.5625,309647,NVDA,NVIDIA,Nasdaq,USD,20260703_185835
2026-07-02 15:50:00-04:00,194.14999389648438,194.97999572753906,193.63999938964844,193.63999938964844,1132749,NVDA,NVIDIA,Nasdaq,USD,20260703_185835
2026-07-02 15:51:00-04:00,194.0850067138672,194.2100067138672,193.9499969482422,194.14999389648438,458008,NVDA,NVIDIA,Nasdaq,USD,20260703_185835
2026-07-02 15:52:00-04:00,194.02000427246094,194.1649932861328,193.91000366210938,194.0800018310547,398246,NVDA,NVIDIA,Nasdaq,USD,20260703_185835
2026-07-02 15:53:00-04:00,194.0800018310547,194.25999450683594,193.9300994873047,194.02999877929688,442665,NVDA,NVIDIA,Nasdaq,USD,20260703_185835
2026-07-02 15:54:00-04:00,194.67799377441406,194.67999267578125,194.02999877929688,194.08999633789062,679212,NVDA,NVIDIA,Nasdaq,USD,20260703_185835
2026-07-02 15:55:00-04:00,194.75070190429688,194.75999450683594,194.22999572753906,194.6699981689453,1006180,NVDA,NVIDIA,Nasdaq,USD,20260703_185835
2026-07-02 15:56:00-04:00,194.60499572753906,194.75999450683594,194.5500030517578,194.75,664992,NVDA,NVIDIA,Nasdaq,USD,20260703_185835
2026-07-02 15:57:00-04:00,194.7449951171875,194.80999755859375,194.60499572753906,194.60499572753906,869429,NVDA,NVIDIA,Nasdaq,USD,20260703_185835
2026-07-02 15:58:00-04:00,194.8300018310547,194.84500122070312,194.6699981689453,194.7449951171875,956771,NVDA,NVIDIA,Nasdaq,USD,20260703_185835
2026-07-02 15:59:00-04:00,194.6199951171875,195.0,194.33999633789062,194.8350067138672,3080294,NVDA,NVIDIA,Nasdaq,USD,20260703_185835
2026-07-02 09:30:00-04:00,197.72999572753906,197.98989868164062,196.77999877929688,197.14999389648438,4231642,NVDA,NVIDIA,Nasdaq,USD,20260703_201245
2026-07-02 09:31:00-04:00,197.97000122070312,198.0,197.16000366210938,197.70599365234375,420062,NVDA,NVIDIA,Nasdaq,USD,20260703_201245
2026-07-02 09:32:00-04:00,198.0850067138672,198.39999389648438,197.80099487304688,197.94000244140625,2038069,NVDA,NVIDIA,Nasdaq,USD,20260703_201245
2026-07-02 09:33:00-04:00,198.42999267578125,198.69000244140625,197.8000030517578,198.10000610351562,477126,NVDA,NVIDIA,Nasdaq,USD,20260703_201245
2026-07-02 09:34:00-04:00,198.375,198.60989379882812,198.0500030517578,198.4199981689453,358194,NVDA,NVIDIA,Nasdaq,USD,20260703_201245
2026-07-02 09:35:00-04:00,198.25,198.3699951171875,197.9199981689453,198.3699951171875,319553,NVDA,NVIDIA,Nasdaq,USD,20260703_201245
2026-07-02 09:36:00-04:00,198.35000610351562,198.39999389648438,197.92999267578125,198.25,383331,NVDA,NVIDIA,Nasdaq,USD,20260703_201245
2026-07-02 09:37:00-04:00,198.11000061035156,198.52499389648438,198.0800018310547,198.3249969482422,349771,NVDA,NVIDIA,Nasdaq,USD,20260703_201245
2026-07-02 09:38:00-04:00,197.9250030517578,198.14999389648438,197.51499938964844,198.10000610351562,346828,NVDA,NVIDIA,Nasdaq,USD,20260703_201245
2026-07-02 09:39:00-04:00,197.77999877929688,198.02000427246094,197.6699981689453,197.93499755859375,289771,NVDA,NVIDIA,Nasdaq,USD,20260703_201245
2026-07-02 09:40:00-04:00,197.63999938964844,198.08999633789062,197.5800018310547,197.75999450683594,251786,NVDA,NVIDIA,Nasdaq,USD,20260703_201245
2026-07-02 09:41:00-04:00,198.19500732421875,198.2899932861328,197.5500030517578,197.64019775390625,322390,NVDA,NVIDIA,Nasdaq,USD,20260703_201245
2026-07-02 09:42:00-04:00,198.05999755859375,198.3000030517578,197.97999572753906,198.13510131835938,288761,NVDA,NVIDIA,Nasdaq,USD,20260703_201245
2026-07-02 09:43:00-04:00,198.17950439453125,198.27499389648438,197.9770050048828,198.03990173339844,322024,NVDA,NVIDIA,Nasdaq,USD,20260703_201245
2026-07-02 09:44:00-04:00,198.10000610351562,198.17999267578125,197.8000030517578,198.16000366210938,206656,NVDA,NVIDIA,Nasdaq,USD,20260703_201245
2026-07-02 09:45:00-04:00,197.9949951171875,198.36000061035156,197.8300018310547,198.11990356445312,320610,NVDA,NVIDIA,Nasdaq,USD,20260703_201245
2026-07-02 09:46:00-04:00,197.7100067138672,198.1199951171875,197.6999969482422,198.02000427246094,185282,NVDA,NVIDIA,Nasdaq,USD,20260703_201245
2026-07-02 09:47:00-04:00,198.1999969482422,198.24000549316406,197.61000061035156,197.6999969482422,345939,NVDA,NVIDIA,Nasdaq,USD,20260703_201245
2026-07-02 09:48:00-04:00,198.15499877929688,198.4499969482422,198.1199951171875,198.1699981689453,280413,NVDA,NVIDIA,Nasdaq,USD,20260703_201245
2026-07-02 09:49:00-04:00,198.35000610351562,198.57000732421875,198.00999450683594,198.13999938964844,299272,NVDA,NVIDIA,Nasdaq,USD,20260703_201245
2026-07-02 09:50:00-04:00,198.6699981689453,198.94000244140625,198.2270050048828,198.30499267578125,458795,NVDA,NVIDIA,Nasdaq,USD,20260703_201245
2026-07-02 09:51:00-04:00,198.6199951171875,198.80999755859375,198.47999572753906,198.61500549316406,300650,NVDA,NVIDIA,Nasdaq,USD,20260703_201245
2026-07-02 09:52:00-04:00,198.10000610351562,198.59979248046875,198.05999755859375,198.57000732421875,366131,NVDA,NVIDIA,Nasdaq,USD,20260703_201245
2026-07-02 09:53:00-04:00,197.60989379882812,198.22000122070312,197.5,198.09970092773438,681074,NVDA,NVIDIA,Nasdaq,USD,20260703_201245
2026-07-02 09:54:00-04:00,198.3800048828125,198.4600067138672,197.5,197.5800018310547,436333,NVDA,NVIDIA,Nasdaq,USD,20260703_201245
2026-07-02 09:55:00-04:00,198.69000244140625,198.69000244140625,198.02999877929688,198.3972930908203,473792,NVDA,NVIDIA,Nasdaq,USD,20260703_201245
2026-07-02 09:56:00-04:00,198.4600067138672,198.77499389648438,198.2100067138672,198.66000366210938,243356,NVDA,NVIDIA,Nasdaq,USD,20260703_201245
2026-07-02 09:57:00-04:00,198.36309814453125,198.5,198.22000122070312,198.4499969482422,197504,NVDA,NVIDIA,Nasdaq,USD,20260703_201245
2026-07-02 09:58:00-04:00,198.6199951171875,198.66079711914062,198.2700958251953,198.3800048828125,203982,NVDA,NVIDIA,Nasdaq,USD,20260703_201245
2026-07-02 09:59:00-04:00,198.85499572753906,198.89010620117188,198.57000732421875,198.610107421875,328489,NVDA,NVIDIA,Nasdaq,USD,20260703_201245
2026-07-02 10:00:00-04:00,198.84500122070312,198.9199981689453,198.5500030517578,198.89999389648438,307438,NVDA,NVIDIA,Nasdaq,USD,20260703_201245
2026-07-02 10:01:00-04:00,199.69000244140625,199.7100067138672,198.78700256347656,198.84500122070312,554863,NVDA,NVIDIA,Nasdaq,USD,20260703_201245
2026-07-02 10:02:00-04:00,199.97000122070312,200.0399932861328,199.64999389648438,199.69500732421875,805830,NVDA,NVIDIA,Nasdaq,USD,20260703_201245
2026-07-02 10:03:00-04:00,199.82000732421875,200.05499267578125,199.6999969482422,199.97000122070312,606783,NVDA,NVIDIA,Nasdaq,USD,20260703_201245
2026-07-02 10:04:00-04:00,199.53500366210938,199.80999755859375,199.42999267578125,199.80999755859375,389375,NVDA,NVIDIA,Nasdaq,USD,20260703_201245
2026-07-02 10:05:00-04:00,199.77999877929688,199.8300018310547,199.3800048828125,199.5500030517578,272437,NVDA,NVIDIA,Nasdaq,USD,20260703_201245
2026-07-02 10:06:00-04:00,199.44219970703125,199.81500244140625,199.34019470214844,199.8000030517578,245079,NVDA,NVIDIA,Nasdaq,USD,20260703_201245
2026-07-02 10:07:00-04:00,199.56500244140625,199.82000732421875,199.41000366210938,199.42999267578125,290260,NVDA,NVIDIA,Nasdaq,USD,20260703_201245
2026-07-02 10:08:00-04:00,199.0800018310547,199.5800018310547,199.02980041503906,199.5500030517578,307789,NVDA,NVIDIA,Nasdaq,USD,20260703_201245
2026-07-02 10:09:00-04:00,198.80999755859375,199.139892578125,198.6699981689453,199.0800018310547,328591,NVDA,NVIDIA,Nasdaq,USD,20260703_201245
2026-07-02 10:10:00-04:00,198.63999938964844,198.89999389648438,198.52000427246094,198.86000061035156,241939,NVDA,NVIDIA,Nasdaq,USD,20260703_201245
2026-07-02 10:11:00-04:00,198.74000549316406,198.88999938964844,198.5601043701172,198.6699981689453,237772,NVDA,NVIDIA,Nasdaq,USD,20260703_201245
2026-07-02 10:12:00-04:00,199.02000427246094,199.08990478515625,198.6649932861328,198.71499633789062,256771,NVDA,NVIDIA,Nasdaq,USD,20260703_201245
2026-07-02 10:13:00-04:00,199.1300048828125,199.27999877929688,198.9499969482422,199.0175018310547,236907,NVDA,NVIDIA,Nasdaq,USD,20260703_201245
2026-07-02 10:14:00-04:00,199.0330047607422,199.35499572753906,198.97999572753906,199.1300048828125,289103,NVDA,NVIDIA,Nasdaq,USD,20260703_201245
2026-07-02 10:15:00-04:00,198.9600067138672,199.05999755859375,198.80999755859375,199.03500366210938,206299,NVDA,NVIDIA,Nasdaq,USD,20260703_201245
2026-07-02 10:16:00-04:00,198.84320068359375,199.36349487304688,198.8300018310547,198.97000122070312,292232,NVDA,NVIDIA,Nasdaq,USD,20260703_201245
2026-07-02 10:17:00-04:00,198.7100067138672,199.0850067138672,198.7100067138672,198.88499450683594,196646,NVDA,NVIDIA,Nasdaq,USD,20260703_201245
2026-07-02 10:18:00-04:00,198.77000427246094,199.125,198.49200439453125,198.72079467773438,343445,NVDA,NVIDIA,Nasdaq,USD,20260703_201245
2026-07-02 10:19:00-04:00,199.2100067138672,199.25,198.6999969482422,198.77000427246094,284237,NVDA,NVIDIA,Nasdaq,USD,20260703_201245
2026-07-02 10:20:00-04:00,198.90499877929688,199.33999633789062,198.82009887695312,199.22999572753906,228322,NVDA,NVIDIA,Nasdaq,USD,20260703_201245
2026-07-02 10:21:00-04:00,198.9550018310547,199.27000427246094,198.8300018310547,198.91000366210938,199741,NVDA,NVIDIA,Nasdaq,USD,20260703_201245
2026-07-02 10:22:00-04:00,198.8300018310547,198.97000122070312,198.55039978027344,198.9199981689453,292424,NVDA,NVIDIA,Nasdaq,USD,20260703_201245
2026-07-02 10:23:00-04:00,198.86500549316406,199.0,198.50999450683594,198.81610107421875,259371,NVDA,NVIDIA,Nasdaq,USD,20260703_201245
2026-07-02 10:24:00-04:00,198.4801025390625,199.0,198.46009826660156,198.86500549316406,238362,NVDA,NVIDIA,Nasdaq,USD,20260703_201245
2026-07-02 10:25:00-04:00,198.57000732421875,198.64340209960938,198.235107421875,198.5050048828125,332142,NVDA,NVIDIA,Nasdaq,USD,20260703_201245
2026-07-02 10:26:00-04:00,198.57000732421875,198.74000549316406,198.4199981689453,198.5749969482422,255051,NVDA,NVIDIA,Nasdaq,USD,20260703_201245
2026-07-02 10:27:00-04:00,197.71499633789062,198.5850067138672,197.6649932861328,198.5800018310547,490738,NVDA,NVIDIA,Nasdaq,USD,20260703_201245
2026-07-02 10:28:00-04:00,197.66000366210938,197.8300018310547,197.44000244140625,197.75,456852,NVDA,NVIDIA,Nasdaq,USD,20260703_201245
2026-07-02 10:29:00-04:00,197.85000610351562,198.0,197.64999389648438,197.6750030517578,281383,NVDA,NVIDIA,Nasdaq,USD,20260703_201245
2026-07-02 10:30:00-04:00,197.90499877929688,198.1999969482422,197.57000732421875,197.88999938964844,413531,NVDA,NVIDIA,Nasdaq,USD,20260703_201245
2026-07-02 10:31:00-04:00,197.8800048828125,198.2050018310547,197.8699951171875,197.90499877929688,258599,NVDA,NVIDIA,Nasdaq,USD,20260703_201245
2026-07-02 10:32:00-04:00,197.52999877929688,198.1649932861328,197.47500610351562,197.9199981689453,249458,NVDA,NVIDIA,Nasdaq,USD,20260703_201245
2026-07-02 10:33:00-04:00,197.27999877929688,197.7899932861328,197.25,197.5399932861328,371719,NVDA,NVIDIA,Nasdaq,USD,20260703_201245
2026-07-02 10:34:00-04:00,196.75999450683594,197.44000244140625,196.66000366210938,197.3000030517578,488524,NVDA,NVIDIA,Nasdaq,USD,20260703_201245
2026-07-02 10:35:00-04:00,196.7100067138672,197.0,196.61000061035156,196.79010009765625,454063,NVDA,NVIDIA,Nasdaq,USD,20260703_201245
2026-07-02 10:36:00-04:00,197.17999267578125,197.19500732421875,196.61000061035156,196.70010375976562,353336,NVDA,NVIDIA,Nasdaq,USD,20260703_201245
2026-07-02 10:37:00-04:00,197.35000610351562,197.5095977783203,197.13499450683594,197.1649932861328,286034,NVDA,NVIDIA,Nasdaq,USD,20260703_201245
2026-07-02 10:38:00-04:00,197.17999267578125,197.36000061035156,197.07000732421875,197.36000061035156,245514,NVDA,NVIDIA,Nasdaq,USD,20260703_201245
2026-07-02 10:39:00-04:00,197.10000610351562,197.36000061035156,197.02000427246094,197.18499755859375,191679,NVDA,NVIDIA,Nasdaq,USD,20260703_201245
2026-07-02 10:40:00-04:00,197.07510375976562,197.2799072265625,196.9600067138672,197.10000610351562,230759,NVDA,NVIDIA,Nasdaq,USD,20260703_201245
2026-07-02 10:41:00-04:00,196.80999755859375,197.1240997314453,196.6999969482422,197.08999633789062,302746,NVDA,NVIDIA,Nasdaq,USD,20260703_201245
2026-07-02 10:42:00-04:00,196.30999755859375,196.8300018310547,196.30999755859375,196.8300018310547,474063,NVDA,NVIDIA,Nasdaq,USD,20260703_201245
2026-07-02 10:43:00-04:00,196.35499572753906,196.42999267578125,196.0800018310547,196.3249969482422,440670,NVDA,NVIDIA,Nasdaq,USD,20260703_201245
2026-07-02 10:44:00-04:00,196.4600067138672,196.60000610351562,196.19000244140625,196.3800048828125,373151,NVDA,NVIDIA,Nasdaq,USD,20260703_201245
2026-07-02 10:45:00-04:00,196.44000244140625,196.7899932861328,196.3699951171875,196.47000122070312,371831,NVDA,NVIDIA,Nasdaq,USD,20260703_201245
2026-07-02 10:46:00-04:00,196.5,196.5655975341797,196.1199951171875,196.4600067138672,335701,NVDA,NVIDIA,Nasdaq,USD,20260703_201245
2026-07-02 10:47:00-04:00,196.27000427246094,196.86000061035156,196.22999572753906,196.50999450683594,408428,NVDA,NVIDIA,Nasdaq,USD,20260703_201245
2026-07-02 10:48:00-04:00,195.9600067138672,196.39999389648438,195.860107421875,196.25,502233,NVDA,NVIDIA,Nasdaq,USD,20260703_201245
2026-07-02 10:49:00-04:00,196.4250030517578,196.63479614257812,195.91000366210938,195.93099975585938,409802,NVDA,NVIDIA,Nasdaq,USD,20260703_201245
2026-07-02 10:50:00-04:00,196.25509643554688,196.49000549316406,196.0500030517578,196.39999389648438,450270,NVDA,NVIDIA,Nasdaq,USD,20260703_201245
2026-07-02 10:51:00-04:00,196.22999572753906,196.58999633789062,196.08999633789062,196.25999450683594,413335,NVDA,NVIDIA,Nasdaq,USD,20260703_201245
2026-07-02 10:52:00-04:00,195.6300048828125,196.21499633789062,195.50999450683594,196.16009521484375,368106,NVDA,NVIDIA,Nasdaq,USD,20260703_201245
2026-07-02 10:53:00-04:00,195.47500610351562,195.75,195.2100067138672,195.6199951171875,554830,NVDA,NVIDIA,Nasdaq,USD,20260703_201245
2026-07-02 10:54:00-04:00,195.5,195.6300048828125,195.38999938964844,195.46670532226562,302087,NVDA,NVIDIA,Nasdaq,USD,20260703_201245
2026-07-02 10:55:00-04:00,195.89999389648438,196.0500030517578,195.50999450683594,195.50999450683594,370341,NVDA,NVIDIA,Nasdaq,USD,20260703_201245
2026-07-02 10:56:00-04:00,195.9250030517578,196.15989685058594,195.86000061035156,195.92999267578125,283990,NVDA,NVIDIA,Nasdaq,USD,20260703_201245
2026-07-02 10:57:00-04:00,195.72329711914062,195.9499969482422,195.6199951171875,195.9199981689453,259862,NVDA,NVIDIA,Nasdaq,USD,20260703_201245
2026-07-02 10:58:00-04:00,195.96180725097656,196.0299072265625,195.69000244140625,195.74000549316406,237048,NVDA,NVIDIA,Nasdaq,USD,20260703_201245
2026-07-02 10:59:00-04:00,196.24000549316406,196.2899932861328,195.95010375976562,195.95010375976562,271414,NVDA,NVIDIA,Nasdaq,USD,20260703_201245
2026-07-02 11:00:00-04:00,196.32000732421875,196.33999633789062,195.92999267578125,196.25,257412,NVDA,NVIDIA,Nasdaq,USD,20260703_201245
2026-07-02 11:01:00-04:00,196.2100067138672,196.47000122070312,196.2100067138672,196.30999755859375,323443,NVDA,NVIDIA,Nasdaq,USD,20260703_201245
2026-07-02 11:02:00-04:00,196.27499389648438,196.31500244140625,196.03500366210938,196.21499633789062,217168,NVDA,NVIDIA,Nasdaq,USD,20260703_201245
2026-07-02 11:03:00-04:00,195.9600067138672,196.45899963378906,195.92999267578125,196.30999755859375,244655,NVDA,NVIDIA,Nasdaq,USD,20260703_201245
2026-07-02 11:04:00-04:00,195.60000610351562,196.05999755859375,195.58999633789062,195.99000549316406,247935,NVDA,NVIDIA,Nasdaq,USD,20260703_201245
2026-07-02 11:05:00-04:00,195.44430541992188,195.77000427246094,195.44000244140625,195.61000061035156,510925,NVDA,NVIDIA,Nasdaq,USD,20260703_201245
2026-07-02 11:06:00-04:00,195.06500244140625,195.42999267578125,195.02999877929688,195.42999267578125,412482,NVDA,NVIDIA,Nasdaq,USD,20260703_201245
2026-07-02 11:07:00-04:00,194.7449951171875,195.1699981689453,194.7100067138672,195.06500244140625,791574,NVDA,NVIDIA,Nasdaq,USD,20260703_201245
2026-07-02 11:08:00-04:00,195.0050048828125,195.2899932861328,194.73300170898438,194.7899932861328,450243,NVDA,NVIDIA,Nasdaq,USD,20260703_201245
2026-07-02 11:09:00-04:00,194.9949951171875,195.1750030517578,194.86000061035156,194.9949951171875,346074,NVDA,NVIDIA,Nasdaq,USD,20260703_201245
2026-07-02 11:10:00-04:00,194.97999572753906,195.11500549316406,194.77239990234375,195.00999450683594,343247,NVDA,NVIDIA,Nasdaq,USD,20260703_201245
2026-07-02 11:11:00-04:00,195.31509399414062,195.39500427246094,194.91000366210938,194.98699951171875,529528,NVDA,NVIDIA,Nasdaq,USD,20260703_201245
2026-07-02 11:12:00-04:00,195.21499633789062,195.3699951171875,195.1999969482422,195.30999755859375,238524,NVDA,NVIDIA,Nasdaq,USD,20260703_201245
2026-07-02 11:13:00-04:00,195.23500061035156,195.42999267578125,195.1699981689453,195.1999969482422,225046,NVDA,NVIDIA,Nasdaq,USD,20260703_201245
2026-07-02 11:14:00-04:00,195.25999450683594,195.41000366210938,195.08999633789062,195.23500061035156,268686,NVDA,NVIDIA,Nasdaq,USD,20260703_201245
2026-07-02 11:15:00-04:00,195.08999633789062,195.4600067138672,195.0236053466797,195.27000427246094,245381,NVDA,NVIDIA,Nasdaq,USD,20260703_201245
2026-07-02 11:16:00-04:00,195.02499389648438,195.10000610351562,194.86000061035156,195.0800018310547,266227,NVDA,NVIDIA,Nasdaq,USD,20260703_201245
2026-07-02 11:17:00-04:00,195.00999450683594,195.23959350585938,194.85000610351562,195.0399932861328,257180,NVDA,NVIDIA,Nasdaq,USD,20260703_201245
2026-07-02 11:18:00-04:00,195.0800018310547,195.22999572753906,194.8000946044922,194.99000549316406,337696,NVDA,NVIDIA,Nasdaq,USD,20260703_201245
2026-07-02 11:19:00-04:00,195.0399932861328,195.0850067138672,194.9199981689453,195.06500244140625,229328,NVDA,NVIDIA,Nasdaq,USD,20260703_201245
2026-07-02 11:20:00-04:00,195.00999450683594,195.32000732421875,194.69000244140625,195.05990600585938,422910,NVDA,NVIDIA,Nasdaq,USD,20260703_201245
2026-07-02 11:21:00-04:00,194.875,195.0399932861328,194.8101043701172,195.00999450683594,305386,NVDA,NVIDIA,Nasdaq,USD,20260703_201245
2026-07-02 11:22:00-04:00,194.77499389648438,195.0500030517578,194.7100067138672,194.86000061035156,295402,NVDA,NVIDIA,Nasdaq,USD,20260703_201245
2026-07-02 11:23:00-04:00,194.7899932861328,194.89500427246094,194.6199951171875,194.77000427246094,292483,NVDA,NVIDIA,Nasdaq,USD,20260703_201245
2026-07-02 11:24:00-04:00,194.8249969482422,195.01499938964844,194.72000122070312,194.7873992919922,418271,NVDA,NVIDIA,Nasdaq,USD,20260703_201245
2026-07-02 11:25:00-04:00,194.5399932861328,194.86500549316406,194.4199981689453,194.83999633789062,459878,NVDA,NVIDIA,Nasdaq,USD,20260703_201245
2026-07-02 11:26:00-04:00,194.875,194.99000549316406,194.5399932861328,194.5500030517578,408411,NVDA,NVIDIA,Nasdaq,USD,20260703_201245
2026-07-02 11:27:00-04:00,195.0800018310547,195.1999053955078,194.8800048828125,194.8800048828125,286539,NVDA,NVIDIA,Nasdaq,USD,20260703_201245
2026-07-02 11:28:00-04:00,194.99000549316406,195.10989379882812,194.88999938964844,195.0749969482422,196961,NVDA,NVIDIA,Nasdaq,USD,20260703_201245
2026-07-02 11:29:00-04:00,194.7794952392578,195.00979614257812,194.77000427246094,194.97999572753906,189347,NVDA,NVIDIA,Nasdaq,USD,20260703_201245
2026-07-02 11:30:00-04:00,195.16000366210938,195.3699951171875,194.75999450683594,194.77999877929688,293633,NVDA,NVIDIA,Nasdaq,USD,20260703_201245
2026-07-02 11:31:00-04:00,195.22000122070312,195.27999877929688,194.94000244140625,195.14999389648438,237867,NVDA,NVIDIA,Nasdaq,USD,20260703_201245
2026-07-02 11:32:00-04:00,195.25950622558594,195.39999389648438,195.0906982421875,195.22000122070312,203372,NVDA,NVIDIA,Nasdaq,USD,20260703_201245
2026-07-02 11:33:00-04:00,195.38999938964844,195.47000122070312,195.25,195.25,271992,NVDA,NVIDIA,Nasdaq,USD,20260703_201245
2026-07-02 11:34:00-04:00,195.46499633789062,195.5800018310547,195.38499450683594,195.38499450683594,235765,NVDA,NVIDIA,Nasdaq,USD,20260703_201245
2026-07-02 11:35:00-04:00,195.69000244140625,195.8000030517578,195.41000366210938,195.47999572753906,309012,NVDA,NVIDIA,Nasdaq,USD,20260703_201245
2026-07-02 11:36:00-04:00,195.66990661621094,195.75,195.57049560546875,195.69000244140625,231564,NVDA,NVIDIA,Nasdaq,USD,20260703_201245
2026-07-02 11:37:00-04:00,195.6497039794922,195.7100067138672,195.5,195.64999389648438,194582,NVDA,NVIDIA,Nasdaq,USD,20260703_201245
2026-07-02 11:38:00-04:00,195.7550048828125,195.9199981689453,195.58279418945312,195.63499450683594,291310,NVDA,NVIDIA,Nasdaq,USD,20260703_201245
2026-07-02 11:39:00-04:00,195.5135040283203,195.7899932861328,195.51300048828125,195.75,192276,NVDA,NVIDIA,Nasdaq,USD,20260703_201245
2026-07-02 11:40:00-04:00,195.83999633789062,196.0,195.41000366210938,195.52999877929688,325330,NVDA,NVIDIA,Nasdaq,USD,20260703_201245
2026-07-02 11:41:00-04:00,195.51499938964844,195.8498992919922,195.44500732421875,195.8498992919922,274466,NVDA,NVIDIA,Nasdaq,USD,20260703_201245
2026-07-02 11:42:00-04:00,195.39999389648438,195.4949951171875,195.35000610351562,195.49000549316406,350207,NVDA,NVIDIA,Nasdaq,USD,20260703_201245
2026-07-02 11:43:00-04:00,195.13999938964844,195.41000366210938,195.07000732421875,195.40499877929688,339554,NVDA,NVIDIA,Nasdaq,USD,20260703_201245
2026-07-02 11:44:00-04:00,195.06509399414062,195.36000061035156,195.0399932861328,195.13999938964844,202725,NVDA,NVIDIA,Nasdaq,USD,20260703_201245
2026-07-02 11:45:00-04:00,195.31500244140625,195.39999389648438,195.0449981689453,195.0800018310547,159234,NVDA,NVIDIA,Nasdaq,USD,20260703_201245
2026-07-02 11:46:00-04:00,195.07000732421875,195.33999633789062,194.97000122070312,195.3105010986328,207915,NVDA,NVIDIA,Nasdaq,USD,20260703_201245
2026-07-02 11:47:00-04:00,195.05999755859375,195.16990661621094,194.89999389648438,195.0800018310547,185010,NVDA,NVIDIA,Nasdaq,USD,20260703_201245
2026-07-02 11:48:00-04:00,194.88999938964844,195.08999633789062,194.8800048828125,195.0200958251953,157423,NVDA,NVIDIA,Nasdaq,USD,20260703_201245
2026-07-02 11:49:00-04:00,194.74000549316406,194.92999267578125,194.66000366210938,194.89999389648438,204402,NVDA,NVIDIA,Nasdaq,USD,20260703_201245
2026-07-02 11:50:00-04:00,194.55999755859375,194.74000549316406,194.52000427246094,194.72999572753906,210139,NVDA,NVIDIA,Nasdaq,USD,20260703_201245
2026-07-02 11:51:00-04:00,194.50999450683594,194.59800720214844,194.35000610351562,194.55999755859375,334370,NVDA,NVIDIA,Nasdaq,USD,20260703_201245
2026-07-02 11:52:00-04:00,194.33999633789062,194.68499755859375,194.27999877929688,194.50999450683594,286620,NVDA,NVIDIA,Nasdaq,USD,20260703_201245
2026-07-02 11:53:00-04:00,194.2100067138672,194.35000610351562,194.05999755859375,194.33999633789062,303053,NVDA,NVIDIA,Nasdaq,USD,20260703_201245
2026-07-02 11:54:00-04:00,194.4346923828125,194.50999450683594,194.17999267578125,194.2100067138672,196633,NVDA,NVIDIA,Nasdaq,USD,20260703_201245
2026-07-02 11:55:00-04:00,194.35000610351562,194.55799865722656,194.33999633789062,194.4409942626953,185037,NVDA,NVIDIA,Nasdaq,USD,20260703_201245
2026-07-02 11:56:00-04:00,194.2050018310547,194.39999389648438,194.1199951171875,194.3699951171875,286878,NVDA,NVIDIA,Nasdaq,USD,20260703_201245
2026-07-02 11:57:00-04:00,194.27000427246094,194.32000732421875,194.01499938964844,194.1999969482422,264846,NVDA,NVIDIA,Nasdaq,USD,20260703_201245
2026-07-02 11:58:00-04:00,194.4499969482422,194.52000427246094,194.19410705566406,194.27000427246094,238117,NVDA,NVIDIA,Nasdaq,USD,20260703_201245
2026-07-02 11:59:00-04:00,194.49000549316406,194.63999938964844,194.44000244140625,194.47610473632812,200792,NVDA,NVIDIA,Nasdaq,USD,20260703_201245
2026-07-02 12:00:00-04:00,194.27000427246094,194.55999755859375,194.22000122070312,194.5,191365,NVDA,NVIDIA,Nasdaq,USD,20260703_201245
2026-07-02 12:01:00-04:00,194.27999877929688,194.4113006591797,194.16000366210938,194.27000427246094,153268,NVDA,NVIDIA,Nasdaq,USD,20260703_201245
2026-07-02 12:02:00-04:00,194.07000732421875,194.30999755859375,194.02999877929688,194.28500366210938,236253,NVDA,NVIDIA,Nasdaq,USD,20260703_201245
2026-07-02 12:03:00-04:00,194.19500732421875,194.3000030517578,193.88999938964844,194.05999755859375,537646,NVDA,NVIDIA,Nasdaq,USD,20260703_201245
2026-07-02 12:04:00-04:00,194.36000061035156,194.3800048828125,194.08999633789062,194.19000244140625,199486,NVDA,NVIDIA,Nasdaq,USD,20260703_201245
2026-07-02 12:05:00-04:00,194.25999450683594,194.4199981689453,194.24000549316406,194.35499572753906,210771,NVDA,NVIDIA,Nasdaq,USD,20260703_201245
2026-07-02 12:06:00-04:00,194.15989685058594,194.3000030517578,194.07000732421875,194.2550048828125,179634,NVDA,NVIDIA,Nasdaq,USD,20260703_201245
2026-07-02 12:07:00-04:00,194.13999938964844,194.27999877929688,194.06610107421875,194.15989685058594,137095,NVDA,NVIDIA,Nasdaq,USD,20260703_201245
2026-07-02 12:08:00-04:00,194.07000732421875,194.22000122070312,194.00999450683594,194.16000366210938,182643,NVDA,NVIDIA,Nasdaq,USD,20260703_201245
2026-07-02 12:09:00-04:00,193.98370361328125,194.11000061035156,193.86000061035156,194.10000610351562,231915,NVDA,NVIDIA,Nasdaq,USD,20260703_201245
2026-07-02 12:10:00-04:00,194.35000610351562,194.38999938964844,193.94000244140625,193.98500061035156,261793,NVDA,NVIDIA,Nasdaq,USD,20260703_201245
2026-07-02 12:11:00-04:00,194.3800048828125,194.49000549316406,194.27000427246094,194.3300018310547,285336,NVDA,NVIDIA,Nasdaq,USD,20260703_201245
2026-07-02 12:12:00-04:00,194.57000732421875,194.57000732421875,194.1199951171875,194.35000610351562,312853,NVDA,NVIDIA,Nasdaq,USD,20260703_201245
2026-07-02 12:13:00-04:00,194.5,194.59359741210938,194.41000366210938,194.57000732421875,231520,NVDA,NVIDIA,Nasdaq,USD,20260703_201245
2026-07-02 12:14:00-04:00,194.55999755859375,194.6591033935547,194.48260498046875,194.49000549316406,235420,NVDA,NVIDIA,Nasdaq,USD,20260703_201245
2026-07-02 12:15:00-04:00,194.27000427246094,194.61000061035156,194.0800018310547,194.57000732421875,426180,NVDA,NVIDIA,Nasdaq,USD,20260703_201245
2026-07-02 12:16:00-04:00,194.3000030517578,194.375,194.22000122070312,194.27999877929688,188484,NVDA,NVIDIA,Nasdaq,USD,20260703_201245
2026-07-02 12:17:00-04:00,194.1649932861328,194.4799041748047,194.1300048828125,194.3000030517578,241139,NVDA,NVIDIA,Nasdaq,USD,20260703_201245
2026-07-02 12:18:00-04:00,194.33999633789062,194.35000610351562,194.16180419921875,194.1649932861328,197327,NVDA,NVIDIA,Nasdaq,USD,20260703_201245
2026-07-02 12:19:00-04:00,194.07000732421875,194.42999267578125,194.05999755859375,194.35000610351562,335927,NVDA,NVIDIA,Nasdaq,USD,20260703_201245
2026-07-02 12:20:00-04:00,194.0800018310547,194.1300048828125,193.7949981689453,194.0749969482422,515610,NVDA,NVIDIA,Nasdaq,USD,20260703_201245
2026-07-02 12:21:00-04:00,193.9600067138672,194.14999389648438,193.9149932861328,194.08999633789062,242442,NVDA,NVIDIA,Nasdaq,USD,20260703_201245
2026-07-02 12:22:00-04:00,193.82000732421875,193.97999572753906,193.7100067138672,193.9600067138672,369511,NVDA,NVIDIA,Nasdaq,USD,20260703_201245
2026-07-02 12:23:00-04:00,193.6999969482422,193.90499877929688,193.69140625,193.8300018310547,232949,NVDA,NVIDIA,Nasdaq,USD,20260703_201245
2026-07-02 12:24:00-04:00,193.8699951171875,193.94000244140625,193.625,193.6999969482422,280257,NVDA,NVIDIA,Nasdaq,USD,20260703_201245
2026-07-02 12:25:00-04:00,193.92999267578125,194.12989807128906,193.8699951171875,193.875,285501,NVDA,NVIDIA,Nasdaq,USD,20260703_201245
2026-07-02 12:26:00-04:00,193.8350067138672,193.9499969482422,193.6999969482422,193.91000366210938,212881,NVDA,NVIDIA,Nasdaq,USD,20260703_201245
2026-07-02 12:27:00-04:00,193.9550018310547,193.97999572753906,193.83999633789062,193.83999633789062,262255,NVDA,NVIDIA,Nasdaq,USD,20260703_201245
2026-07-02 12:28:00-04:00,193.99000549316406,194.02000427246094,193.8699951171875,193.9499969482422,131509,NVDA,NVIDIA,Nasdaq,USD,20260703_201245
2026-07-02 12:29:00-04:00,193.7899932861328,194.06500244140625,193.6699981689453,193.99000549316406,131970,NVDA,NVIDIA,Nasdaq,USD,20260703_201245
2026-07-02 12:30:00-04:00,193.7550048828125,193.86000061035156,193.6699981689453,193.7899932861328,226301,NVDA,NVIDIA,Nasdaq,USD,20260703_201245
2026-07-02 12:31:00-04:00,193.69000244140625,193.80499267578125,193.66000366210938,193.74049377441406,215400,NVDA,NVIDIA,Nasdaq,USD,20260703_201245
2026-07-02 12:32:00-04:00,193.6750030517578,193.75,193.6199951171875,193.6699981689453,167067,NVDA,NVIDIA,Nasdaq,USD,20260703_201245
2026-07-02 12:33:00-04:00,193.73049926757812,193.85000610351562,193.6649932861328,193.6649932861328,154462,NVDA,NVIDIA,Nasdaq,USD,20260703_201245
2026-07-02 12:34:00-04:00,193.47000122070312,193.75,193.4600067138672,193.74000549316406,267759,NVDA,NVIDIA,Nasdaq,USD,20260703_201245
2026-07-02 12:35:00-04:00,193.6300048828125,193.63999938964844,193.38999938964844,193.4600067138672,288832,NVDA,NVIDIA,Nasdaq,USD,20260703_201245
2026-07-02 12:36:00-04:00,193.38999938964844,193.66000366210938,193.30999755859375,193.6300048828125,343132,NVDA,NVIDIA,Nasdaq,USD,20260703_201245
2026-07-02 12:37:00-04:00,193.22000122070312,193.5756072998047,193.17999267578125,193.38450622558594,292147,NVDA,NVIDIA,Nasdaq,USD,20260703_201245
2026-07-02 12:38:00-04:00,193.35000610351562,193.3972930908203,193.22000122070312,193.22000122070312,212147,NVDA,NVIDIA,Nasdaq,USD,20260703_201245
2026-07-02 12:39:00-04:00,193.43499755859375,193.45970153808594,193.25,193.3300018310547,175488,NVDA,NVIDIA,Nasdaq,USD,20260703_201245
2026-07-02 12:40:00-04:00,193.75010681152344,193.7899932861328,193.39999389648438,193.44009399414062,287573,NVDA,NVIDIA,Nasdaq,USD,20260703_201245
2026-07-02 12:41:00-04:00,193.64999389648438,193.85000610351562,193.63499450683594,193.75,216552,NVDA,NVIDIA,Nasdaq,USD,20260703_201245
2026-07-02 12:42:00-04:00,193.76499938964844,193.85000610351562,193.60000610351562,193.63999938964844,237498,NVDA,NVIDIA,Nasdaq,USD,20260703_201245
2026-07-02 12:43:00-04:00,193.9199981689453,194.02000427246094,193.6999969482422,193.76499938964844,229177,NVDA,NVIDIA,Nasdaq,USD,20260703_201245
2026-07-02 12:44:00-04:00,194.0399932861328,194.15989685058594,193.9250030517578,193.9250030517578,251338,NVDA,NVIDIA,Nasdaq,USD,20260703_201245
2026-07-02 12:45:00-04:00,194.0,194.0800018310547,193.8699951171875,194.0399932861328,199672,NVDA,NVIDIA,Nasdaq,USD,20260703_201245
2026-07-02 12:46:00-04:00,193.97000122070312,194.05999755859375,193.9149932861328,193.99000549316406,124890,NVDA,NVIDIA,Nasdaq,USD,20260703_201245
2026-07-02 12:47:00-04:00,194.07000732421875,194.1092071533203,193.94000244140625,193.96499633789062,150897,NVDA,NVIDIA,Nasdaq,USD,20260703_201245
2026-07-02 12:48:00-04:00,194.10000610351562,194.14999389648438,193.92999267578125,194.0601043701172,134088,NVDA,NVIDIA,Nasdaq,USD,20260703_201245
2026-07-02 12:49:00-04:00,193.89990234375,194.14999389648438,193.85499572753906,194.10000610351562,167999,NVDA,NVIDIA,Nasdaq,USD,20260703_201245
2026-07-02 12:50:00-04:00,193.72999572753906,193.89639282226562,193.63999938964844,193.8914031982422,265710,NVDA,NVIDIA,Nasdaq,USD,20260703_201245
2026-07-02 12:51:00-04:00,193.86000061035156,193.86500549316406,193.67999267578125,193.72999572753906,197526,NVDA,NVIDIA,Nasdaq,USD,20260703_201245
2026-07-02 12:52:00-04:00,193.99000549316406,194.0,193.75999450683594,193.83999633789062,197091,NVDA,NVIDIA,Nasdaq,USD,20260703_201245
2026-07-02 12:53:00-04:00,193.8249969482422,194.0500030517578,193.74000549316406,193.97999572753906,174992,NVDA,NVIDIA,Nasdaq,USD,20260703_201245
2026-07-02 12:54:00-04:00,193.86990356445312,194.0050048828125,193.81509399414062,193.83999633789062,148694,NVDA,NVIDIA,Nasdaq,USD,20260703_201245
2026-07-02 12:55:00-04:00,193.61500549316406,193.87750244140625,193.57009887695312,193.8699951171875,220408,NVDA,NVIDIA,Nasdaq,USD,20260703_201245
2026-07-02 12:56:00-04:00,193.29010009765625,193.62989807128906,193.27000427246094,193.62989807128906,271990,NVDA,NVIDIA,Nasdaq,USD,20260703_201245
2026-07-02 12:57:00-04:00,193.2100067138672,193.41000366210938,193.1999969482422,193.2899932861328,182074,NVDA,NVIDIA,Nasdaq,USD,20260703_201245
2026-07-02 12:58:00-04:00,193.32000732421875,193.33999633789062,193.1300048828125,193.22000122070312,201441,NVDA,NVIDIA,Nasdaq,USD,20260703_201245
2026-07-02 12:59:00-04:00,193.49000549316406,193.5399932861328,193.30999755859375,193.32000732421875,165575,NVDA,NVIDIA,Nasdaq,USD,20260703_201245
2026-07-02 13:00:00-04:00,193.11000061035156,193.50999450683594,193.10009765625,193.5,184422,NVDA,NVIDIA,Nasdaq,USD,20260703_201245
2026-07-02 13:01:00-04:00,193.01499938964844,193.22999572753906,192.9199981689453,193.11000061035156,605688,NVDA,NVIDIA,Nasdaq,USD,20260703_201245
2026-07-02 13:02:00-04:00,193.03500366210938,193.26499938964844,192.99000549316406,193.02000427246094,284821,NVDA,NVIDIA,Nasdaq,USD,20260703_201245
2026-07-02 13:03:00-04:00,193.02999877929688,193.0500030517578,192.8800048828125,193.02499389648438,230921,NVDA,NVIDIA,Nasdaq,USD,20260703_201245
2026-07-02 13:04:00-04:00,193.0500030517578,193.07989501953125,192.88999938964844,193.02999877929688,179406,NVDA,NVIDIA,Nasdaq,USD,20260703_201245
2026-07-02 13:05:00-04:00,193.27000427246094,193.27000427246094,192.88999938964844,193.0500030517578,277843,NVDA,NVIDIA,Nasdaq,USD,20260703_201245
2026-07-02 13:06:00-04:00,193.5399932861328,193.5500030517578,193.2205047607422,193.27000427246094,221653,NVDA,NVIDIA,Nasdaq,USD,20260703_201245
2026-07-02 13:07:00-04:00,193.58999633789062,193.72000122070312,193.50999450683594,193.5449981689453,149253,NVDA,NVIDIA,Nasdaq,USD,20260703_201245
2026-07-02 13:08:00-04:00,193.41000366210938,193.60000610351562,193.22000122070312,193.60000610351562,205746,NVDA,NVIDIA,Nasdaq,USD,20260703_201245
2026-07-02 13:09:00-04:00,193.2100067138672,193.4600067138672,193.19000244140625,193.41000366210938,151649,NVDA,NVIDIA,Nasdaq,USD,20260703_201245
2026-07-02 13:10:00-04:00,193.2100067138672,193.33999633789062,193.07009887695312,193.20030212402344,142359,NVDA,NVIDIA,Nasdaq,USD,20260703_201245
2026-07-02 13:11:00-04:00,193.2449951171875,193.25999450683594,193.14999389648438,193.20989990234375,117817,NVDA,NVIDIA,Nasdaq,USD,20260703_201245
2026-07-02 13:12:00-04:00,193.02999877929688,193.29049682617188,193.01010131835938,193.24000549316406,175710,NVDA,NVIDIA,Nasdaq,USD,20260703_201245
2026-07-02 13:13:00-04:00,192.97000122070312,193.11500549316406,192.8800048828125,193.00999450683594,285104,NVDA,NVIDIA,Nasdaq,USD,20260703_201245
2026-07-02 13:14:00-04:00,193.0749969482422,193.22999572753906,192.97000122070312,192.97999572753906,190420,NVDA,NVIDIA,Nasdaq,USD,20260703_201245
2026-07-02 13:15:00-04:00,192.92999267578125,193.07000732421875,192.9250030517578,193.07000732421875,191514,NVDA,NVIDIA,Nasdaq,USD,20260703_201245
2026-07-02 13:16:00-04:00,193.2100067138672,193.22000122070312,192.9300994873047,192.9398956298828,156032,NVDA,NVIDIA,Nasdaq,USD,20260703_201245
2026-07-02 13:17:00-04:00,193.1999969482422,193.40989685058594,193.16000366210938,193.22000122070312,224917,NVDA,NVIDIA,Nasdaq,USD,20260703_201245
2026-07-02 13:18:00-04:00,193.1999969482422,193.33999633789062,193.16000366210938,193.2100067138672,121758,NVDA,NVIDIA,Nasdaq,USD,20260703_201245
2026-07-02 13:19:00-04:00,193.0699005126953,193.22000122070312,193.02000427246094,193.2050018310547,136121,NVDA,NVIDIA,Nasdaq,USD,20260703_201245
2026-07-02 13:20:00-04:00,192.92999267578125,193.139892578125,192.91000366210938,193.05999755859375,209372,NVDA,NVIDIA,Nasdaq,USD,20260703_201245
2026-07-02 13:21:00-04:00,193.1199951171875,193.16000366210938,192.92999267578125,192.92999267578125,174340,NVDA,NVIDIA,Nasdaq,USD,20260703_201245
2026-07-02 13:22:00-04:00,193.1699981689453,193.35000610351562,193.11000061035156,193.1300048828125,147227,NVDA,NVIDIA,Nasdaq,USD,20260703_201245
2026-07-02 13:23:00-04:00,193.02000427246094,193.16200256347656,193.02000427246094,193.16000366210938,134225,NVDA,NVIDIA,Nasdaq,USD,20260703_201245
2026-07-02 13:24:00-04:00,192.9600067138672,193.13999938964844,192.91000366210938,193.02999877929688,173608,NVDA,NVIDIA,Nasdaq,USD,20260703_201245
2026-07-02 13:25:00-04:00,192.88999938964844,193.0500030517578,192.85000610351562,192.97000122070312,215949,NVDA,NVIDIA,Nasdaq,USD,20260703_201245
2026-07-02 13:26:00-04:00,192.83999633789062,193.0,192.76199340820312,192.88499450683594,185676,NVDA,NVIDIA,Nasdaq,USD,20260703_201245
2026-07-02 13:27:00-04:00,192.9250030517578,193.0,192.85000610351562,192.85000610351562,170779,NVDA,NVIDIA,Nasdaq,USD,20260703_201245
2026-07-02 13:28:00-04:00,193.0,193.02000427246094,192.89999389648438,192.92019653320312,201262,NVDA,NVIDIA,Nasdaq,USD,20260703_201245
2026-07-02 13:29:00-04:00,193.0500030517578,193.13999938964844,192.92999267578125,193.0,139498,NVDA,NVIDIA,Nasdaq,USD,20260703_201245
2026-07-02 13:30:00-04:00,193.02000427246094,193.1800994873047,193.02000427246094,193.0449981689453,189065,NVDA,NVIDIA,Nasdaq,USD,20260703_201245
2026-07-02 13:31:00-04:00,193.10000610351562,193.14990234375,193.01010131835938,193.02999877929688,120168,NVDA,NVIDIA,Nasdaq,USD,20260703_201245
2026-07-02 13:32:00-04:00,193.1649932861328,193.27999877929688,193.0601043701172,193.11000061035156,180018,NVDA,NVIDIA,Nasdaq,USD,20260703_201245
2026-07-02 13:33:00-04:00,193.0800018310547,193.23500061035156,193.01499938964844,193.1649932861328,144772,NVDA,NVIDIA,Nasdaq,USD,20260703_201245
2026-07-02 13:34:00-04:00,192.94000244140625,193.1699981689453,192.94000244140625,193.0800018310547,131762,NVDA,NVIDIA,Nasdaq,USD,20260703_201245
2026-07-02 13:35:00-04:00,192.90499877929688,193.02000427246094,192.72999572753906,192.92999267578125,230920,NVDA,NVIDIA,Nasdaq,USD,20260703_201245
2026-07-02 13:36:00-04:00,192.72999572753906,192.97000122070312,192.6699981689453,192.89500427246094,187402,NVDA,NVIDIA,Nasdaq,USD,20260703_201245
2026-07-02 13:37:00-04:00,192.66000366210938,192.75999450683594,192.60000610351562,192.74000549316406,162416,NVDA,NVIDIA,Nasdaq,USD,20260703_201245
2026-07-02 13:38:00-04:00,192.41000366210938,192.73300170898438,192.39500427246094,192.66000366210938,298980,NVDA,NVIDIA,Nasdaq,USD,20260703_201245
2026-07-02 13:39:00-04:00,192.3800048828125,192.5500030517578,192.36000061035156,192.4199981689453,204138,NVDA,NVIDIA,Nasdaq,USD,20260703_201245
2026-07-02 13:40:00-04:00,192.5605010986328,192.57000732421875,192.35000610351562,192.38999938964844,290634,NVDA,NVIDIA,Nasdaq,USD,20260703_201245
2026-07-02 13:41:00-04:00,192.9250030517578,193.02000427246094,192.54600524902344,192.54600524902344,238854,NVDA,NVIDIA,Nasdaq,USD,20260703_201245
2026-07-02 13:42:00-04:00,192.98500061035156,193.0399932861328,192.88009643554688,192.92999267578125,226534,NVDA,NVIDIA,Nasdaq,USD,20260703_201245
2026-07-02 13:43:00-04:00,192.9600067138672,192.99000549316406,192.82000732421875,192.9499969482422,140949,NVDA,NVIDIA,Nasdaq,USD,20260703_201245
2026-07-02 13:44:00-04:00,192.9499969482422,193.0399932861328,192.86000061035156,192.9600067138672,178894,NVDA,NVIDIA,Nasdaq,USD,20260703_201245
2026-07-02 13:45:00-04:00,192.78500366210938,193.0500030517578,192.76499938964844,192.9499969482422,179289,NVDA,NVIDIA,Nasdaq,USD,20260703_201245
2026-07-02 13:46:00-04:00,192.80999755859375,192.8800048828125,192.72999572753906,192.7899932861328,160466,NVDA,NVIDIA,Nasdaq,USD,20260703_201245
2026-07-02 13:47:00-04:00,192.6199951171875,192.82000732421875,192.61000061035156,192.8000030517578,189716,NVDA,NVIDIA,Nasdaq,USD,20260703_201245
2026-07-02 13:48:00-04:00,192.7949981689453,192.8699951171875,192.52000427246094,192.6199951171875,268587,NVDA,NVIDIA,Nasdaq,USD,20260703_201245
2026-07-02 13:49:00-04:00,192.83999633789062,192.92999267578125,192.7899932861328,192.7949981689453,167361,NVDA,NVIDIA,Nasdaq,USD,20260703_201245
2026-07-02 13:50:00-04:00,192.80999755859375,192.88999938964844,192.66000366210938,192.82000732421875,191699,NVDA,NVIDIA,Nasdaq,USD,20260703_201245
2026-07-02 13:51:00-04:00,192.85499572753906,192.94000244140625,192.72500610351562,192.80999755859375,180512,NVDA,NVIDIA,Nasdaq,USD,20260703_201245
2026-07-02 13:52:00-04:00,192.86000061035156,192.88999938964844,192.6699981689453,192.85499572753906,144725,NVDA,NVIDIA,Nasdaq,USD,20260703_201245
2026-07-02 13:53:00-04:00,192.8800048828125,192.92999267578125,192.83999633789062,192.86000061035156,104779,NVDA,NVIDIA,Nasdaq,USD,20260703_201245
2026-07-02 13:54:00-04:00,193.05999755859375,193.1199951171875,192.8800048828125,192.88999938964844,206035,NVDA,NVIDIA,Nasdaq,USD,20260703_201245
2026-07-02 13:55:00-04:00,192.97999572753906,193.14999389648438,192.9499969482422,193.0850067138672,173131,NVDA,NVIDIA,Nasdaq,USD,20260703_201245
2026-07-02 13:56:00-04:00,192.83999633789062,192.97999572753906,192.77999877929688,192.97000122070312,136024,NVDA,NVIDIA,Nasdaq,USD,20260703_201245
2026-07-02 13:57:00-04:00,192.77000427246094,192.91000366210938,192.7301025390625,192.85000610351562,128305,NVDA,NVIDIA,Nasdaq,USD,20260703_201245
2026-07-02 13:58:00-04:00,192.5399932861328,192.75999450683594,192.52000427246094,192.75999450683594,192004,NVDA,NVIDIA,Nasdaq,USD,20260703_201245
2026-07-02 13:59:00-04:00,192.5449981689453,192.63499450683594,192.38999938964844,192.5449981689453,271220,NVDA,NVIDIA,Nasdaq,USD,20260703_201245
2026-07-02 14:00:00-04:00,192.7100067138672,192.73500061035156,192.5,192.5449981689453,269699,NVDA,NVIDIA,Nasdaq,USD,20260703_201245
2026-07-02 14:01:00-04:00,192.74000549316406,192.8000030517578,192.62010192871094,192.6999969482422,214208,NVDA,NVIDIA,Nasdaq,USD,20260703_201245
2026-07-02 14:02:00-04:00,192.7100067138672,192.77999877929688,192.6699981689453,192.74000549316406,121572,NVDA,NVIDIA,Nasdaq,USD,20260703_201245
2026-07-02 14:03:00-04:00,192.7100067138672,192.74989318847656,192.66000366210938,192.70989990234375,138919,NVDA,NVIDIA,Nasdaq,USD,20260703_201245
2026-07-02 14:04:00-04:00,192.85499572753906,192.86000061035156,192.6699981689453,192.7100067138672,148748,NVDA,NVIDIA,Nasdaq,USD,20260703_201245
2026-07-02 14:05:00-04:00,193.072998046875,193.1699981689453,192.85000610351562,192.85499572753906,206057,NVDA,NVIDIA,Nasdaq,USD,20260703_201245
2026-07-02 14:06:00-04:00,193.36000061035156,193.4698028564453,193.0,193.07000732421875,293348,NVDA,NVIDIA,Nasdaq,USD,20260703_201245
2026-07-02 14:07:00-04:00,193.22500610351562,193.38499450683594,193.22000122070312,193.35000610351562,187301,NVDA,NVIDIA,Nasdaq,USD,20260703_201245
2026-07-02 14:08:00-04:00,193.30520629882812,193.3300018310547,193.17999267578125,193.2299041748047,155769,NVDA,NVIDIA,Nasdaq,USD,20260703_201245
2026-07-02 14:09:00-04:00,193.4949951171875,193.50999450683594,193.27999877929688,193.32000732421875,182859,NVDA,NVIDIA,Nasdaq,USD,20260703_201245
2026-07-02 14:10:00-04:00,193.610107421875,193.6999053955078,193.4499969482422,193.49009704589844,289482,NVDA,NVIDIA,Nasdaq,USD,20260703_201245
2026-07-02 14:11:00-04:00,193.5449981689453,193.6999969482422,193.48199462890625,193.6199951171875,168964,NVDA,NVIDIA,Nasdaq,USD,20260703_201245
2026-07-02 14:12:00-04:00,193.58999633789062,193.64999389648438,193.48500061035156,193.5449981689453,178580,NVDA,NVIDIA,Nasdaq,USD,20260703_201245
2026-07-02 14:13:00-04:00,193.375,193.59640502929688,193.37010192871094,193.5800018310547,146119,NVDA,NVIDIA,Nasdaq,USD,20260703_201245
2026-07-02 14:14:00-04:00,193.19509887695312,193.4199981689453,193.14999389648438,193.375,173612,NVDA,NVIDIA,Nasdaq,USD,20260703_201245
2026-07-02 14:15:00-04:00,193.1750030517578,193.25,193.0019989013672,193.19009399414062,192053,NVDA,NVIDIA,Nasdaq,USD,20260703_201245
2026-07-02 14:16:00-04:00,193.1403045654297,193.22999572753906,193.0500030517578,193.17999267578125,158157,NVDA,NVIDIA,Nasdaq,USD,20260703_201245
2026-07-02 14:17:00-04:00,192.82009887695312,193.14500427246094,192.80999755859375,193.14500427246094,227682,NVDA,NVIDIA,Nasdaq,USD,20260703_201245
2026-07-02 14:18:00-04:00,192.77499389648438,193.00990295410156,192.58999633789062,192.83999633789062,418312,NVDA,NVIDIA,Nasdaq,USD,20260703_201245
2026-07-02 14:19:00-04:00,192.92999267578125,192.9499969482422,192.74000549316406,192.7899932861328,180077,NVDA,NVIDIA,Nasdaq,USD,20260703_201245
2026-07-02 14:20:00-04:00,193.10000610351562,193.1199951171875,192.8800048828125,192.91000366210938,183015,NVDA,NVIDIA,Nasdaq,USD,20260703_201245
2026-07-02 14:21:00-04:00,193.0500030517578,193.1999969482422,192.97000122070312,193.11000061035156,171769,NVDA,NVIDIA,Nasdaq,USD,20260703_201245
2026-07-02 14:22:00-04:00,193.19000244140625,193.27999877929688,193.02000427246094,193.04010009765625,158482,NVDA,NVIDIA,Nasdaq,USD,20260703_201245
2026-07-02 14:23:00-04:00,193.14999389648438,193.19000244140625,193.07009887695312,193.19000244140625,139139,NVDA,NVIDIA,Nasdaq,USD,20260703_201245
2026-07-02 14:24:00-04:00,193.30799865722656,193.32000732421875,193.14500427246094,193.14999389648438,127624,NVDA,NVIDIA,Nasdaq,USD,20260703_201245
2026-07-02 14:25:00-04:00,193.3300018310547,193.55999755859375,193.2899932861328,193.30499267578125,212980,NVDA,NVIDIA,Nasdaq,USD,20260703_201245
2026-07-02 14:26:00-04:00,193.56500244140625,193.58999633789062,193.25999450683594,193.32000732421875,182312,NVDA,NVIDIA,Nasdaq,USD,20260703_201245
2026-07-02 14:27:00-04:00,193.5399932861328,193.6699981689453,193.47000122070312,193.56500244140625,157912,NVDA,NVIDIA,Nasdaq,USD,20260703_201245
2026-07-02 14:28:00-04:00,193.66000366210938,193.72509765625,193.52999877929688,193.5399932861328,175982,NVDA,NVIDIA,Nasdaq,USD,20260703_201245
2026-07-02 14:29:00-04:00,193.76260375976562,193.86000061035156,193.63999938964844,193.66000366210938,288846,NVDA,NVIDIA,Nasdaq,USD,20260703_201245
2026-07-02 14:30:00-04:00,193.77650451660156,193.88499450683594,193.64999389648438,193.75999450683594,162010,NVDA,NVIDIA,Nasdaq,USD,20260703_201245
2026-07-02 14:31:00-04:00,193.87010192871094,193.88999938964844,193.75,193.77459716796875,142238,NVDA,NVIDIA,Nasdaq,USD,20260703_201245
2026-07-02 14:32:00-04:00,193.8350067138672,193.88999938964844,193.69000244140625,193.875,198173,NVDA,NVIDIA,Nasdaq,USD,20260703_201245
2026-07-02 14:33:00-04:00,193.83999633789062,193.9499969482422,193.82000732421875,193.8300018310547,204983,NVDA,NVIDIA,Nasdaq,USD,20260703_201245
2026-07-02 14:34:00-04:00,193.60000610351562,193.83999633789062,193.5399932861328,193.83009338378906,227574,NVDA,NVIDIA,Nasdaq,USD,20260703_201245
2026-07-02 14:35:00-04:00,193.5399932861328,193.7100067138672,193.52499389648438,193.6199951171875,165906,NVDA,NVIDIA,Nasdaq,USD,20260703_201245
2026-07-02 14:36:00-04:00,193.39999389648438,193.55999755859375,193.38999938964844,193.5449981689453,145526,NVDA,NVIDIA,Nasdaq,USD,20260703_201245
2026-07-02 14:37:00-04:00,193.5399932861328,193.57899475097656,193.38499450683594,193.41000366210938,104166,NVDA,NVIDIA,Nasdaq,USD,20260703_201245
2026-07-02 14:38:00-04:00,193.44000244140625,193.64999389648438,193.41000366210938,193.5341033935547,159247,NVDA,NVIDIA,Nasdaq,USD,20260703_201245
2026-07-02 14:39:00-04:00,193.46499633789062,193.52000427246094,193.36000061035156,193.4300994873047,110186,NVDA,NVIDIA,Nasdaq,USD,20260703_201245
2026-07-02 14:40:00-04:00,193.48500061035156,193.52000427246094,193.40499877929688,193.47000122070312,203991,NVDA,NVIDIA,Nasdaq,USD,20260703_201245
2026-07-02 14:41:00-04:00,193.36000061035156,193.50999450683594,193.3300018310547,193.49000549316406,108893,NVDA,NVIDIA,Nasdaq,USD,20260703_201245
2026-07-02 14:42:00-04:00,193.3800048828125,193.4499969482422,193.35989379882812,193.35989379882812,191310,NVDA,NVIDIA,Nasdaq,USD,20260703_201245
2026-07-02 14:43:00-04:00,193.3800048828125,193.4499969482422,193.30999755859375,193.3699951171875,149408,NVDA,NVIDIA,Nasdaq,USD,20260703_201245
2026-07-02 14:44:00-04:00,193.22500610351562,193.45849609375,193.20069885253906,193.40989685058594,110929,NVDA,NVIDIA,Nasdaq,USD,20260703_201245
2026-07-02 14:45:00-04:00,192.9290008544922,193.2299041748047,192.89999389648438,193.22000122070312,254721,NVDA,NVIDIA,Nasdaq,USD,20260703_201245
2026-07-02 14:46:00-04:00,192.99000549316406,193.0800018310547,192.9199981689453,192.9250030517578,246862,NVDA,NVIDIA,Nasdaq,USD,20260703_201245
2026-07-02 14:47:00-04:00,193.2050018310547,193.22999572753906,192.99000549316406,192.99000549316406,216640,NVDA,NVIDIA,Nasdaq,USD,20260703_201245
2026-07-02 14:48:00-04:00,193.3800048828125,193.38999938964844,193.17999267578125,193.1999969482422,134476,NVDA,NVIDIA,Nasdaq,USD,20260703_201245
2026-07-02 14:49:00-04:00,193.44979858398438,193.4600067138672,193.33999633789062,193.375,153155,NVDA,NVIDIA,Nasdaq,USD,20260703_201245
2026-07-02 14:50:00-04:00,193.52999877929688,193.53990173339844,193.33160400390625,193.44000244140625,137213,NVDA,NVIDIA,Nasdaq,USD,20260703_201245
2026-07-02 14:51:00-04:00,193.57000732421875,193.6699981689453,193.52000427246094,193.53419494628906,136182,NVDA,NVIDIA,Nasdaq,USD,20260703_201245
2026-07-02 14:52:00-04:00,193.69000244140625,193.75999450683594,193.5605010986328,193.5749969482422,181554,NVDA,NVIDIA,Nasdaq,USD,20260703_201245
2026-07-02 14:53:00-04:00,193.49000549316406,193.69000244140625,193.42999267578125,193.67999267578125,157322,NVDA,NVIDIA,Nasdaq,USD,20260703_201245
2026-07-02 14:54:00-04:00,193.4600067138672,193.5399932861328,193.4001007080078,193.49989318847656,139953,NVDA,NVIDIA,Nasdaq,USD,20260703_201245
2026-07-02 14:55:00-04:00,193.56500244140625,193.57029724121094,193.4149932861328,193.4600067138672,154005,NVDA,NVIDIA,Nasdaq,USD,20260703_201245
2026-07-02 14:56:00-04:00,193.3800048828125,193.67999267578125,193.26499938964844,193.57000732421875,294773,NVDA,NVIDIA,Nasdaq,USD,20260703_201245
2026-07-02 14:57:00-04:00,193.4976043701172,193.54010009765625,193.36000061035156,193.38999938964844,147751,NVDA,NVIDIA,Nasdaq,USD,20260703_201245
2026-07-02 14:58:00-04:00,193.35000610351562,193.5749969482422,193.30999755859375,193.49000549316406,139967,NVDA,NVIDIA,Nasdaq,USD,20260703_201245
2026-07-02 14:59:00-04:00,193.42999267578125,193.4499969482422,193.22000122070312,193.3459014892578,131781,NVDA,NVIDIA,Nasdaq,USD,20260703_201245
2026-07-02 15:00:00-04:00,193.24000549316406,193.52999877929688,193.24000549316406,193.4199981689453,150753,NVDA,NVIDIA,Nasdaq,USD,20260703_201245
2026-07-02 15:01:00-04:00,193.17999267578125,193.27999877929688,193.0800018310547,193.22000122070312,162494,NVDA,NVIDIA,Nasdaq,USD,20260703_201245
2026-07-02 15:02:00-04:00,193.25999450683594,193.36000061035156,193.1300048828125,193.18499755859375,227509,NVDA,NVIDIA,Nasdaq,USD,20260703_201245
2026-07-02 15:03:00-04:00,193.16000366210938,193.3101043701172,193.14999389648438,193.2550048828125,98439,NVDA,NVIDIA,Nasdaq,USD,20260703_201245
2026-07-02 15:04:00-04:00,192.7899932861328,193.21499633789062,192.72999572753906,193.15859985351562,292271,NVDA,NVIDIA,Nasdaq,USD,20260703_201245
2026-07-02 15:05:00-04:00,192.72000122070312,192.88999938964844,192.64500427246094,192.78500366210938,212416,NVDA,NVIDIA,Nasdaq,USD,20260703_201245
2026-07-02 15:06:00-04:00,192.85000610351562,192.97000122070312,192.6501007080078,192.7100067138672,220049,NVDA,NVIDIA,Nasdaq,USD,20260703_201245
2026-07-02 15:07:00-04:00,192.6699981689453,192.88999938964844,192.57000732421875,192.83999633789062,235237,NVDA,NVIDIA,Nasdaq,USD,20260703_201245
2026-07-02 15:08:00-04:00,192.6699981689453,192.75,192.61000061035156,192.66000366210938,120159,NVDA,NVIDIA,Nasdaq,USD,20260703_201245
2026-07-02 15:09:00-04:00,192.67999267578125,192.77000427246094,192.6300048828125,192.6699981689453,161113,NVDA,NVIDIA,Nasdaq,USD,20260703_201245
2026-07-02 15:10:00-04:00,192.7050018310547,192.75999450683594,192.52999877929688,192.67999267578125,175005,NVDA,NVIDIA,Nasdaq,USD,20260703_201245
2026-07-02 15:11:00-04:00,192.77999877929688,192.8300018310547,192.64999389648438,192.7100067138672,192885,NVDA,NVIDIA,Nasdaq,USD,20260703_201245
2026-07-02 15:12:00-04:00,192.82000732421875,192.88999938964844,192.7050018310547,192.77000427246094,175185,NVDA,NVIDIA,Nasdaq,USD,20260703_201245
2026-07-02 15:13:00-04:00,192.80999755859375,192.9196014404297,192.77000427246094,192.81500244140625,145774,NVDA,NVIDIA,Nasdaq,USD,20260703_201245
2026-07-02 15:14:00-04:00,192.88009643554688,192.97999572753906,192.75,192.80499267578125,174507,NVDA,NVIDIA,Nasdaq,USD,20260703_201245
2026-07-02 15:15:00-04:00,192.96009826660156,193.0399932861328,192.83009338378906,192.88499450683594,222041,NVDA,NVIDIA,Nasdaq,USD,20260703_201245
2026-07-02 15:16:00-04:00,192.88499450683594,192.97970581054688,192.7899932861328,192.96730041503906,150351,NVDA,NVIDIA,Nasdaq,USD,20260703_201245
2026-07-02 15:17:00-04:00,192.88499450683594,192.92999267578125,192.81500244140625,192.84500122070312,137979,NVDA,NVIDIA,Nasdaq,USD,20260703_201245
2026-07-02 15:18:00-04:00,192.9149932861328,192.9600067138672,192.7801055908203,192.8699951171875,158089,NVDA,NVIDIA,Nasdaq,USD,20260703_201245
2026-07-02 15:19:00-04:00,193.0500030517578,193.21499633789062,192.9199981689453,192.9199981689453,276504,NVDA,NVIDIA,Nasdaq,USD,20260703_201245
2026-07-02 15:20:00-04:00,192.91000366210938,193.1199951171875,192.8800048828125,193.0800018310547,207155,NVDA,NVIDIA,Nasdaq,USD,20260703_201245
2026-07-02 15:21:00-04:00,192.9199981689453,193.0299072265625,192.8300018310547,192.89999389648438,176511,NVDA,NVIDIA,Nasdaq,USD,20260703_201245
2026-07-02 15:22:00-04:00,192.8354949951172,192.98500061035156,192.81500244140625,192.9250030517578,244941,NVDA,NVIDIA,Nasdaq,USD,20260703_201245
2026-07-02 15:23:00-04:00,192.8300018310547,192.9499053955078,192.72000122070312,192.8249969482422,208355,NVDA,NVIDIA,Nasdaq,USD,20260703_201245
2026-07-02 15:24:00-04:00,192.80999755859375,192.86500549316406,192.7200927734375,192.8350067138672,161628,NVDA,NVIDIA,Nasdaq,USD,20260703_201245
2026-07-02 15:25:00-04:00,192.77999877929688,192.83999633789062,192.6999969482422,192.80999755859375,192913,NVDA,NVIDIA,Nasdaq,USD,20260703_201245
2026-07-02 15:26:00-04:00,192.80999755859375,192.8300018310547,192.64999389648438,192.7899932861328,263189,NVDA,NVIDIA,Nasdaq,USD,20260703_201245
2026-07-02 15:27:00-04:00,192.8000030517578,192.9600067138672,192.76499938964844,192.80999755859375,293004,NVDA,NVIDIA,Nasdaq,USD,20260703_201245
2026-07-02 15:28:00-04:00,193.15499877929688,193.23500061035156,192.77000427246094,192.7899932861328,270882,NVDA,NVIDIA,Nasdaq,USD,20260703_201245
2026-07-02 15:29:00-04:00,193.10499572753906,193.3300018310547,193.09010314941406,193.15499877929688,309534,NVDA,NVIDIA,Nasdaq,USD,20260703_201245
2026-07-02 15:30:00-04:00,193.35000610351562,193.36000061035156,193.06500244140625,193.11500549316406,296049,NVDA,NVIDIA,Nasdaq,USD,20260703_201245
2026-07-02 15:31:00-04:00,193.2550048828125,193.42999267578125,193.15499877929688,193.36000061035156,221978,NVDA,NVIDIA,Nasdaq,USD,20260703_201245
2026-07-02 15:32:00-04:00,193.30999755859375,193.4199981689453,193.2449951171875,193.2550048828125,206537,NVDA,NVIDIA,Nasdaq,USD,20260703_201245
2026-07-02 15:33:00-04:00,193.4250030517578,193.52000427246094,193.30999755859375,193.30999755859375,235550,NVDA,NVIDIA,Nasdaq,USD,20260703_201245
2026-07-02 15:34:00-04:00,193.54910278320312,193.5800018310547,193.3699951171875,193.42999267578125,218227,NVDA,NVIDIA,Nasdaq,USD,20260703_201245
2026-07-02 15:35:00-04:00,193.5800018310547,193.67999267578125,193.47000122070312,193.5399932861328,241612,NVDA,NVIDIA,Nasdaq,USD,20260703_201245
2026-07-02 15:36:00-04:00,193.47999572753906,193.60499572753906,193.42999267578125,193.57000732421875,279476,NVDA,NVIDIA,Nasdaq,USD,20260703_201245
2026-07-02 15:37:00-04:00,193.61000061035156,193.61399841308594,193.32000732421875,193.5,265266,NVDA,NVIDIA,Nasdaq,USD,20260703_201245
2026-07-02 15:38:00-04:00,193.69500732421875,193.8000030517578,193.57000732421875,193.6199951171875,253882,NVDA,NVIDIA,Nasdaq,USD,20260703_201245
2026-07-02 15:39:00-04:00,193.67999267578125,193.77999877929688,193.5749969482422,193.69009399414062,209360,NVDA,NVIDIA,Nasdaq,USD,20260703_201245
2026-07-02 15:40:00-04:00,193.69000244140625,193.72000122070312,193.51499938964844,193.67999267578125,196956,NVDA,NVIDIA,Nasdaq,USD,20260703_201245
2026-07-02 15:41:00-04:00,193.5325927734375,193.6999969482422,193.53050231933594,193.68499755859375,177102,NVDA,NVIDIA,Nasdaq,USD,20260703_201245
2026-07-02 15:42:00-04:00,193.59500122070312,193.6199951171875,193.44000244140625,193.5399932861328,244525,NVDA,NVIDIA,Nasdaq,USD,20260703_201245
2026-07-02 15:43:00-04:00,193.60499572753906,193.66000366210938,193.5449981689453,193.5959930419922,211837,NVDA,NVIDIA,Nasdaq,USD,20260703_201245
2026-07-02 15:44:00-04:00,193.6649932861328,193.75,193.52999877929688,193.60000610351562,229451,NVDA,NVIDIA,Nasdaq,USD,20260703_201245
2026-07-02 15:45:00-04:00,193.52999877929688,193.7449951171875,193.52999877929688,193.66000366210938,245181,NVDA,NVIDIA,Nasdaq,USD,20260703_201245
2026-07-02 15:46:00-04:00,193.52499389648438,193.64999389648438,193.41000366210938,193.52000427246094,348108,NVDA,NVIDIA,Nasdaq,USD,20260703_201245
2026-07-02 15:47:00-04:00,193.5449981689453,193.69000244140625,193.49000549316406,193.52999877929688,202418,NVDA,NVIDIA,Nasdaq,USD,20260703_201245
2026-07-02 15:48:00-04:00,193.57000732421875,193.61000061035156,193.4949951171875,193.5449981689453,811162,NVDA,NVIDIA,Nasdaq,USD,20260703_201245
2026-07-02 15:49:00-04:00,193.6300048828125,193.63499450683594,193.42999267578125,193.5625,309647,NVDA,NVIDIA,Nasdaq,USD,20260703_201245
2026-07-02 15:50:00-04:00,194.14999389648438,194.97999572753906,193.63999938964844,193.63999938964844,1132749,NVDA,NVIDIA,Nasdaq,USD,20260703_201245
2026-07-02 15:51:00-04:00,194.0850067138672,194.2100067138672,193.9499969482422,194.14999389648438,458008,NVDA,NVIDIA,Nasdaq,USD,20260703_201245
2026-07-02 15:52:00-04:00,194.02000427246094,194.1649932861328,193.91000366210938,194.0800018310547,398246,NVDA,NVIDIA,Nasdaq,USD,20260703_201245
2026-07-02 15:53:00-04:00,194.0800018310547,194.25999450683594,193.9300994873047,194.02999877929688,442665,NVDA,NVIDIA,Nasdaq,USD,20260703_201245
2026-07-02 15:54:00-04:00,194.67799377441406,194.67999267578125,194.02999877929688,194.08999633789062,679212,NVDA,NVIDIA,Nasdaq,USD,20260703_201245
2026-07-02 15:55:00-04:00,194.75070190429688,194.75999450683594,194.22999572753906,194.6699981689453,1006180,NVDA,NVIDIA,Nasdaq,USD,20260703_201245
2026-07-02 15:56:00-04:00,194.60499572753906,194.75999450683594,194.5500030517578,194.75,664992,NVDA,NVIDIA,Nasdaq,USD,20260703_201245
2026-07-02 15:57:00-04:00,194.7449951171875,194.80999755859375,194.60499572753906,194.60499572753906,869429,NVDA,NVIDIA,Nasdaq,USD,20260703_201245
2026-07-02 15:58:00-04:00,194.8300018310547,194.84500122070312,194.6699981689453,194.7449951171875,956771,NVDA,NVIDIA,Nasdaq,USD,20260703_201245
2026-07-02 15:59:00-04:00,194.6199951171875,195.0,194.33999633789062,194.8350067138672,3080294,NVDA,NVIDIA,Nasdaq,USD,20260703_201245
2026-07-02 09:30:00-04:00,197.72999572753906,197.98989868164062,196.77999877929688,197.14999389648438,4231642,NVDA,NVIDIA,Nasdaq,USD,20260703_213727
2026-07-02 09:31:00-04:00,197.97000122070312,198.0,197.16000366210938,197.70599365234375,420062,NVDA,NVIDIA,Nasdaq,USD,20260703_213727
2026-07-02 09:32:00-04:00,198.0850067138672,198.39999389648438,197.80099487304688,197.94000244140625,2038069,NVDA,NVIDIA,Nasdaq,USD,20260703_213727
2026-07-02 09:33:00-04:00,198.42999267578125,198.69000244140625,197.8000030517578,198.10000610351562,477126,NVDA,NVIDIA,Nasdaq,USD,20260703_213727
2026-07-02 09:34:00-04:00,198.375,198.60989379882812,198.0500030517578,198.4199981689453,358194,NVDA,NVIDIA,Nasdaq,USD,20260703_213727
2026-07-02 09:35:00-04:00,198.25,198.3699951171875,197.9199981689453,198.3699951171875,319553,NVDA,NVIDIA,Nasdaq,USD,20260703_213727
2026-07-02 09:36:00-04:00,198.35000610351562,198.39999389648438,197.92999267578125,198.25,383331,NVDA,NVIDIA,Nasdaq,USD,20260703_213727
2026-07-02 09:37:00-04:00,198.11000061035156,198.52499389648438,198.0800018310547,198.3249969482422,349771,NVDA,NVIDIA,Nasdaq,USD,20260703_213727
2026-07-02 09:38:00-04:00,197.9250030517578,198.14999389648438,197.51499938964844,198.10000610351562,346828,NVDA,NVIDIA,Nasdaq,USD,20260703_213727
2026-07-02 09:39:00-04:00,197.77999877929688,198.02000427246094,197.6699981689453,197.93499755859375,289771,NVDA,NVIDIA,Nasdaq,USD,20260703_213727
2026-07-02 09:40:00-04:00,197.63999938964844,198.08999633789062,197.5800018310547,197.75999450683594,251786,NVDA,NVIDIA,Nasdaq,USD,20260703_213727
2026-07-02 09:41:00-04:00,198.19500732421875,198.2899932861328,197.5500030517578,197.64019775390625,322390,NVDA,NVIDIA,Nasdaq,USD,20260703_213727
2026-07-02 09:42:00-04:00,198.05999755859375,198.3000030517578,197.97999572753906,198.13510131835938,288761,NVDA,NVIDIA,Nasdaq,USD,20260703_213727
2026-07-02 09:43:00-04:00,198.17950439453125,198.27499389648438,197.9770050048828,198.03990173339844,322024,NVDA,NVIDIA,Nasdaq,USD,20260703_213727
2026-07-02 09:44:00-04:00,198.10000610351562,198.17999267578125,197.8000030517578,198.16000366210938,206656,NVDA,NVIDIA,Nasdaq,USD,20260703_213727
2026-07-02 09:45:00-04:00,197.9949951171875,198.36000061035156,197.8300018310547,198.11990356445312,320610,NVDA,NVIDIA,Nasdaq,USD,20260703_213727
2026-07-02 09:46:00-04:00,197.7100067138672,198.1199951171875,197.6999969482422,198.02000427246094,185282,NVDA,NVIDIA,Nasdaq,USD,20260703_213727
2026-07-02 09:47:00-04:00,198.1999969482422,198.24000549316406,197.61000061035156,197.6999969482422,345939,NVDA,NVIDIA,Nasdaq,USD,20260703_213727
2026-07-02 09:48:00-04:00,198.15499877929688,198.4499969482422,198.1199951171875,198.1699981689453,280413,NVDA,NVIDIA,Nasdaq,USD,20260703_213727
2026-07-02 09:49:00-04:00,198.35000610351562,198.57000732421875,198.00999450683594,198.13999938964844,299272,NVDA,NVIDIA,Nasdaq,USD,20260703_213727
2026-07-02 09:50:00-04:00,198.6699981689453,198.94000244140625,198.2270050048828,198.30499267578125,458795,NVDA,NVIDIA,Nasdaq,USD,20260703_213727
2026-07-02 09:51:00-04:00,198.6199951171875,198.80999755859375,198.47999572753906,198.61500549316406,300650,NVDA,NVIDIA,Nasdaq,USD,20260703_213727
2026-07-02 09:52:00-04:00,198.10000610351562,198.59979248046875,198.05999755859375,198.57000732421875,366131,NVDA,NVIDIA,Nasdaq,USD,20260703_213727
2026-07-02 09:53:00-04:00,197.60989379882812,198.22000122070312,197.5,198.09970092773438,681074,NVDA,NVIDIA,Nasdaq,USD,20260703_213727
2026-07-02 09:54:00-04:00,198.3800048828125,198.4600067138672,197.5,197.5800018310547,436333,NVDA,NVIDIA,Nasdaq,USD,20260703_213727
2026-07-02 09:55:00-04:00,198.69000244140625,198.69000244140625,198.02999877929688,198.3972930908203,473792,NVDA,NVIDIA,Nasdaq,USD,20260703_213727
2026-07-02 09:56:00-04:00,198.4600067138672,198.77499389648438,198.2100067138672,198.66000366210938,243356,NVDA,NVIDIA,Nasdaq,USD,20260703_213727
2026-07-02 09:57:00-04:00,198.36309814453125,198.5,198.22000122070312,198.4499969482422,197504,NVDA,NVIDIA,Nasdaq,USD,20260703_213727
2026-07-02 09:58:00-04:00,198.6199951171875,198.66079711914062,198.2700958251953,198.3800048828125,203982,NVDA,NVIDIA,Nasdaq,USD,20260703_213727
2026-07-02 09:59:00-04:00,198.85499572753906,198.89010620117188,198.57000732421875,198.610107421875,328489,NVDA,NVIDIA,Nasdaq,USD,20260703_213727
2026-07-02 10:00:00-04:00,198.84500122070312,198.9199981689453,198.5500030517578,198.89999389648438,307438,NVDA,NVIDIA,Nasdaq,USD,20260703_213727
2026-07-02 10:01:00-04:00,199.69000244140625,199.7100067138672,198.78700256347656,198.84500122070312,554863,NVDA,NVIDIA,Nasdaq,USD,20260703_213727
2026-07-02 10:02:00-04:00,199.97000122070312,200.0399932861328,199.64999389648438,199.69500732421875,805830,NVDA,NVIDIA,Nasdaq,USD,20260703_213727
2026-07-02 10:03:00-04:00,199.82000732421875,200.05499267578125,199.6999969482422,199.97000122070312,606783,NVDA,NVIDIA,Nasdaq,USD,20260703_213727
2026-07-02 10:04:00-04:00,199.53500366210938,199.80999755859375,199.42999267578125,199.80999755859375,389375,NVDA,NVIDIA,Nasdaq,USD,20260703_213727
2026-07-02 10:05:00-04:00,199.77999877929688,199.8300018310547,199.3800048828125,199.5500030517578,272437,NVDA,NVIDIA,Nasdaq,USD,20260703_213727
2026-07-02 10:06:00-04:00,199.44219970703125,199.81500244140625,199.34019470214844,199.8000030517578,245079,NVDA,NVIDIA,Nasdaq,USD,20260703_213727
2026-07-02 10:07:00-04:00,199.56500244140625,199.82000732421875,199.41000366210938,199.42999267578125,290260,NVDA,NVIDIA,Nasdaq,USD,20260703_213727
2026-07-02 10:08:00-04:00,199.0800018310547,199.5800018310547,199.02980041503906,199.5500030517578,307789,NVDA,NVIDIA,Nasdaq,USD,20260703_213727
2026-07-02 10:09:00-04:00,198.80999755859375,199.139892578125,198.6699981689453,199.0800018310547,328591,NVDA,NVIDIA,Nasdaq,USD,20260703_213727
2026-07-02 10:10:00-04:00,198.63999938964844,198.89999389648438,198.52000427246094,198.86000061035156,241939,NVDA,NVIDIA,Nasdaq,USD,20260703_213727
2026-07-02 10:11:00-04:00,198.74000549316406,198.88999938964844,198.5601043701172,198.6699981689453,237772,NVDA,NVIDIA,Nasdaq,USD,20260703_213727
2026-07-02 10:12:00-04:00,199.02000427246094,199.08990478515625,198.6649932861328,198.71499633789062,256771,NVDA,NVIDIA,Nasdaq,USD,20260703_213727
2026-07-02 10:13:00-04:00,199.1300048828125,199.27999877929688,198.9499969482422,199.0175018310547,236907,NVDA,NVIDIA,Nasdaq,USD,20260703_213727
2026-07-02 10:14:00-04:00,199.0330047607422,199.35499572753906,198.97999572753906,199.1300048828125,289103,NVDA,NVIDIA,Nasdaq,USD,20260703_213727
2026-07-02 10:15:00-04:00,198.9600067138672,199.05999755859375,198.80999755859375,199.03500366210938,206299,NVDA,NVIDIA,Nasdaq,USD,20260703_213727
2026-07-02 10:16:00-04:00,198.84320068359375,199.36349487304688,198.8300018310547,198.97000122070312,292232,NVDA,NVIDIA,Nasdaq,USD,20260703_213727
2026-07-02 10:17:00-04:00,198.7100067138672,199.0850067138672,198.7100067138672,198.88499450683594,196646,NVDA,NVIDIA,Nasdaq,USD,20260703_213727
2026-07-02 10:18:00-04:00,198.77000427246094,199.125,198.49200439453125,198.72079467773438,343445,NVDA,NVIDIA,Nasdaq,USD,20260703_213727
2026-07-02 10:19:00-04:00,199.2100067138672,199.25,198.6999969482422,198.77000427246094,284237,NVDA,NVIDIA,Nasdaq,USD,20260703_213727
2026-07-02 10:20:00-04:00,198.90499877929688,199.33999633789062,198.82009887695312,199.22999572753906,228322,NVDA,NVIDIA,Nasdaq,USD,20260703_213727
2026-07-02 10:21:00-04:00,198.9550018310547,199.27000427246094,198.8300018310547,198.91000366210938,199741,NVDA,NVIDIA,Nasdaq,USD,20260703_213727
2026-07-02 10:22:00-04:00,198.8300018310547,198.97000122070312,198.55039978027344,198.9199981689453,292424,NVDA,NVIDIA,Nasdaq,USD,20260703_213727
2026-07-02 10:23:00-04:00,198.86500549316406,199.0,198.50999450683594,198.81610107421875,259371,NVDA,NVIDIA,Nasdaq,USD,20260703_213727
2026-07-02 10:24:00-04:00,198.4801025390625,199.0,198.46009826660156,198.86500549316406,238362,NVDA,NVIDIA,Nasdaq,USD,20260703_213727
2026-07-02 10:25:00-04:00,198.57000732421875,198.64340209960938,198.235107421875,198.5050048828125,332142,NVDA,NVIDIA,Nasdaq,USD,20260703_213727
2026-07-02 10:26:00-04:00,198.57000732421875,198.74000549316406,198.4199981689453,198.5749969482422,255051,NVDA,NVIDIA,Nasdaq,USD,20260703_213727
2026-07-02 10:27:00-04:00,197.71499633789062,198.5850067138672,197.6649932861328,198.5800018310547,490738,NVDA,NVIDIA,Nasdaq,USD,20260703_213727
2026-07-02 10:28:00-04:00,197.66000366210938,197.8300018310547,197.44000244140625,197.75,456852,NVDA,NVIDIA,Nasdaq,USD,20260703_213727
2026-07-02 10:29:00-04:00,197.85000610351562,198.0,197.64999389648438,197.6750030517578,281383,NVDA,NVIDIA,Nasdaq,USD,20260703_213727
2026-07-02 10:30:00-04:00,197.90499877929688,198.1999969482422,197.57000732421875,197.88999938964844,413531,NVDA,NVIDIA,Nasdaq,USD,20260703_213727
2026-07-02 10:31:00-04:00,197.8800048828125,198.2050018310547,197.8699951171875,197.90499877929688,258599,NVDA,NVIDIA,Nasdaq,USD,20260703_213727
2026-07-02 10:32:00-04:00,197.52999877929688,198.1649932861328,197.47500610351562,197.9199981689453,249458,NVDA,NVIDIA,Nasdaq,USD,20260703_213727
2026-07-02 10:33:00-04:00,197.27999877929688,197.7899932861328,197.25,197.5399932861328,371719,NVDA,NVIDIA,Nasdaq,USD,20260703_213727
2026-07-02 10:34:00-04:00,196.75999450683594,197.44000244140625,196.66000366210938,197.3000030517578,488524,NVDA,NVIDIA,Nasdaq,USD,20260703_213727
2026-07-02 10:35:00-04:00,196.7100067138672,197.0,196.61000061035156,196.79010009765625,454063,NVDA,NVIDIA,Nasdaq,USD,20260703_213727
2026-07-02 10:36:00-04:00,197.17999267578125,197.19500732421875,196.61000061035156,196.70010375976562,353336,NVDA,NVIDIA,Nasdaq,USD,20260703_213727
2026-07-02 10:37:00-04:00,197.35000610351562,197.5095977783203,197.13499450683594,197.1649932861328,286034,NVDA,NVIDIA,Nasdaq,USD,20260703_213727
2026-07-02 10:38:00-04:00,197.17999267578125,197.36000061035156,197.07000732421875,197.36000061035156,245514,NVDA,NVIDIA,Nasdaq,USD,20260703_213727
2026-07-02 10:39:00-04:00,197.10000610351562,197.36000061035156,197.02000427246094,197.18499755859375,191679,NVDA,NVIDIA,Nasdaq,USD,20260703_213727
2026-07-02 10:40:00-04:00,197.07510375976562,197.2799072265625,196.9600067138672,197.10000610351562,230759,NVDA,NVIDIA,Nasdaq,USD,20260703_213727
2026-07-02 10:41:00-04:00,196.80999755859375,197.1240997314453,196.6999969482422,197.08999633789062,302746,NVDA,NVIDIA,Nasdaq,USD,20260703_213727
2026-07-02 10:42:00-04:00,196.30999755859375,196.8300018310547,196.30999755859375,196.8300018310547,474063,NVDA,NVIDIA,Nasdaq,USD,20260703_213727
2026-07-02 10:43:00-04:00,196.35499572753906,196.42999267578125,196.0800018310547,196.3249969482422,440670,NVDA,NVIDIA,Nasdaq,USD,20260703_213727
2026-07-02 10:44:00-04:00,196.4600067138672,196.60000610351562,196.19000244140625,196.3800048828125,373151,NVDA,NVIDIA,Nasdaq,USD,20260703_213727
2026-07-02 10:45:00-04:00,196.44000244140625,196.7899932861328,196.3699951171875,196.47000122070312,371831,NVDA,NVIDIA,Nasdaq,USD,20260703_213727
2026-07-02 10:46:00-04:00,196.5,196.5655975341797,196.1199951171875,196.4600067138672,335701,NVDA,NVIDIA,Nasdaq,USD,20260703_213727
2026-07-02 10:47:00-04:00,196.27000427246094,196.86000061035156,196.22999572753906,196.50999450683594,408428,NVDA,NVIDIA,Nasdaq,USD,20260703_213727
2026-07-02 10:48:00-04:00,195.9600067138672,196.39999389648438,195.860107421875,196.25,502233,NVDA,NVIDIA,Nasdaq,USD,20260703_213727
2026-07-02 10:49:00-04:00,196.4250030517578,196.63479614257812,195.91000366210938,195.93099975585938,409802,NVDA,NVIDIA,Nasdaq,USD,20260703_213727
2026-07-02 10:50:00-04:00,196.25509643554688,196.49000549316406,196.0500030517578,196.39999389648438,450270,NVDA,NVIDIA,Nasdaq,USD,20260703_213727
2026-07-02 10:51:00-04:00,196.22999572753906,196.58999633789062,196.08999633789062,196.25999450683594,413335,NVDA,NVIDIA,Nasdaq,USD,20260703_213727
2026-07-02 10:52:00-04:00,195.6300048828125,196.21499633789062,195.50999450683594,196.16009521484375,368106,NVDA,NVIDIA,Nasdaq,USD,20260703_213727
2026-07-02 10:53:00-04:00,195.47500610351562,195.75,195.2100067138672,195.6199951171875,554830,NVDA,NVIDIA,Nasdaq,USD,20260703_213727
2026-07-02 10:54:00-04:00,195.5,195.6300048828125,195.38999938964844,195.46670532226562,302087,NVDA,NVIDIA,Nasdaq,USD,20260703_213727
2026-07-02 10:55:00-04:00,195.89999389648438,196.0500030517578,195.50999450683594,195.50999450683594,370341,NVDA,NVIDIA,Nasdaq,USD,20260703_213727
2026-07-02 10:56:00-04:00,195.9250030517578,196.15989685058594,195.86000061035156,195.92999267578125,283990,NVDA,NVIDIA,Nasdaq,USD,20260703_213727
2026-07-02 10:57:00-04:00,195.72329711914062,195.9499969482422,195.6199951171875,195.9199981689453,259862,NVDA,NVIDIA,Nasdaq,USD,20260703_213727
2026-07-02 10:58:00-04:00,195.96180725097656,196.0299072265625,195.69000244140625,195.74000549316406,237048,NVDA,NVIDIA,Nasdaq,USD,20260703_213727
2026-07-02 10:59:00-04:00,196.24000549316406,196.2899932861328,195.95010375976562,195.95010375976562,271414,NVDA,NVIDIA,Nasdaq,USD,20260703_213727
2026-07-02 11:00:00-04:00,196.32000732421875,196.33999633789062,195.92999267578125,196.25,257412,NVDA,NVIDIA,Nasdaq,USD,20260703_213727
2026-07-02 11:01:00-04:00,196.2100067138672,196.47000122070312,196.2100067138672,196.30999755859375,323443,NVDA,NVIDIA,Nasdaq,USD,20260703_213727
2026-07-02 11:02:00-04:00,196.27499389648438,196.31500244140625,196.03500366210938,196.21499633789062,217168,NVDA,NVIDIA,Nasdaq,USD,20260703_213727
2026-07-02 11:03:00-04:00,195.9600067138672,196.45899963378906,195.92999267578125,196.30999755859375,244655,NVDA,NVIDIA,Nasdaq,USD,20260703_213727
2026-07-02 11:04:00-04:00,195.60000610351562,196.05999755859375,195.58999633789062,195.99000549316406,247935,NVDA,NVIDIA,Nasdaq,USD,20260703_213727
2026-07-02 11:05:00-04:00,195.44430541992188,195.77000427246094,195.44000244140625,195.61000061035156,510925,NVDA,NVIDIA,Nasdaq,USD,20260703_213727
2026-07-02 11:06:00-04:00,195.06500244140625,195.42999267578125,195.02999877929688,195.42999267578125,412482,NVDA,NVIDIA,Nasdaq,USD,20260703_213727
2026-07-02 11:07:00-04:00,194.7449951171875,195.1699981689453,194.7100067138672,195.06500244140625,791574,NVDA,NVIDIA,Nasdaq,USD,20260703_213727
2026-07-02 11:08:00-04:00,195.0050048828125,195.2899932861328,194.73300170898438,194.7899932861328,450243,NVDA,NVIDIA,Nasdaq,USD,20260703_213727
2026-07-02 11:09:00-04:00,194.9949951171875,195.1750030517578,194.86000061035156,194.9949951171875,346074,NVDA,NVIDIA,Nasdaq,USD,20260703_213727
2026-07-02 11:10:00-04:00,194.97999572753906,195.11500549316406,194.77239990234375,195.00999450683594,343247,NVDA,NVIDIA,Nasdaq,USD,20260703_213727
2026-07-02 11:11:00-04:00,195.31509399414062,195.39500427246094,194.91000366210938,194.98699951171875,529528,NVDA,NVIDIA,Nasdaq,USD,20260703_213727
2026-07-02 11:12:00-04:00,195.21499633789062,195.3699951171875,195.1999969482422,195.30999755859375,238524,NVDA,NVIDIA,Nasdaq,USD,20260703_213727
2026-07-02 11:13:00-04:00,195.23500061035156,195.42999267578125,195.1699981689453,195.1999969482422,225046,NVDA,NVIDIA,Nasdaq,USD,20260703_213727
2026-07-02 11:14:00-04:00,195.25999450683594,195.41000366210938,195.08999633789062,195.23500061035156,268686,NVDA,NVIDIA,Nasdaq,USD,20260703_213727
2026-07-02 11:15:00-04:00,195.08999633789062,195.4600067138672,195.0236053466797,195.27000427246094,245381,NVDA,NVIDIA,Nasdaq,USD,20260703_213727
2026-07-02 11:16:00-04:00,195.02499389648438,195.10000610351562,194.86000061035156,195.0800018310547,266227,NVDA,NVIDIA,Nasdaq,USD,20260703_213727
2026-07-02 11:17:00-04:00,195.00999450683594,195.23959350585938,194.85000610351562,195.0399932861328,257180,NVDA,NVIDIA,Nasdaq,USD,20260703_213727
2026-07-02 11:18:00-04:00,195.0800018310547,195.22999572753906,194.8000946044922,194.99000549316406,337696,NVDA,NVIDIA,Nasdaq,USD,20260703_213727
2026-07-02 11:19:00-04:00,195.0399932861328,195.0850067138672,194.9199981689453,195.06500244140625,229328,NVDA,NVIDIA,Nasdaq,USD,20260703_213727
2026-07-02 11:20:00-04:00,195.00999450683594,195.32000732421875,194.69000244140625,195.05990600585938,422910,NVDA,NVIDIA,Nasdaq,USD,20260703_213727
2026-07-02 11:21:00-04:00,194.875,195.0399932861328,194.8101043701172,195.00999450683594,305386,NVDA,NVIDIA,Nasdaq,USD,20260703_213727
2026-07-02 11:22:00-04:00,194.77499389648438,195.0500030517578,194.7100067138672,194.86000061035156,295402,NVDA,NVIDIA,Nasdaq,USD,20260703_213727
2026-07-02 11:23:00-04:00,194.7899932861328,194.89500427246094,194.6199951171875,194.77000427246094,292483,NVDA,NVIDIA,Nasdaq,USD,20260703_213727
2026-07-02 11:24:00-04:00,194.8249969482422,195.01499938964844,194.72000122070312,194.7873992919922,418271,NVDA,NVIDIA,Nasdaq,USD,20260703_213727
2026-07-02 11:25:00-04:00,194.5399932861328,194.86500549316406,194.4199981689453,194.83999633789062,459878,NVDA,NVIDIA,Nasdaq,USD,20260703_213727
2026-07-02 11:26:00-04:00,194.875,194.99000549316406,194.5399932861328,194.5500030517578,408411,NVDA,NVIDIA,Nasdaq,USD,20260703_213727
2026-07-02 11:27:00-04:00,195.0800018310547,195.1999053955078,194.8800048828125,194.8800048828125,286539,NVDA,NVIDIA,Nasdaq,USD,20260703_213727
2026-07-02 11:28:00-04:00,194.99000549316406,195.10989379882812,194.88999938964844,195.0749969482422,196961,NVDA,NVIDIA,Nasdaq,USD,20260703_213727
2026-07-02 11:29:00-04:00,194.7794952392578,195.00979614257812,194.77000427246094,194.97999572753906,189347,NVDA,NVIDIA,Nasdaq,USD,20260703_213727
2026-07-02 11:30:00-04:00,195.16000366210938,195.3699951171875,194.75999450683594,194.77999877929688,293633,NVDA,NVIDIA,Nasdaq,USD,20260703_213727
2026-07-02 11:31:00-04:00,195.22000122070312,195.27999877929688,194.94000244140625,195.14999389648438,237867,NVDA,NVIDIA,Nasdaq,USD,20260703_213727
2026-07-02 11:32:00-04:00,195.25950622558594,195.39999389648438,195.0906982421875,195.22000122070312,203372,NVDA,NVIDIA,Nasdaq,USD,20260703_213727
2026-07-02 11:33:00-04:00,195.38999938964844,195.47000122070312,195.25,195.25,271992,NVDA,NVIDIA,Nasdaq,USD,20260703_213727
2026-07-02 11:34:00-04:00,195.46499633789062,195.5800018310547,195.38499450683594,195.38499450683594,235765,NVDA,NVIDIA,Nasdaq,USD,20260703_213727
2026-07-02 11:35:00-04:00,195.69000244140625,195.8000030517578,195.41000366210938,195.47999572753906,309012,NVDA,NVIDIA,Nasdaq,USD,20260703_213727
2026-07-02 11:36:00-04:00,195.66990661621094,195.75,195.57049560546875,195.69000244140625,231564,NVDA,NVIDIA,Nasdaq,USD,20260703_213727
2026-07-02 11:37:00-04:00,195.6497039794922,195.7100067138672,195.5,195.64999389648438,194582,NVDA,NVIDIA,Nasdaq,USD,20260703_213727
2026-07-02 11:38:00-04:00,195.7550048828125,195.9199981689453,195.58279418945312,195.63499450683594,291310,NVDA,NVIDIA,Nasdaq,USD,20260703_213727
2026-07-02 11:39:00-04:00,195.5135040283203,195.7899932861328,195.51300048828125,195.75,192276,NVDA,NVIDIA,Nasdaq,USD,20260703_213727
2026-07-02 11:40:00-04:00,195.83999633789062,196.0,195.41000366210938,195.52999877929688,325330,NVDA,NVIDIA,Nasdaq,USD,20260703_213727
2026-07-02 11:41:00-04:00,195.51499938964844,195.8498992919922,195.44500732421875,195.8498992919922,274466,NVDA,NVIDIA,Nasdaq,USD,20260703_213727
2026-07-02 11:42:00-04:00,195.39999389648438,195.4949951171875,195.35000610351562,195.49000549316406,350207,NVDA,NVIDIA,Nasdaq,USD,20260703_213727
2026-07-02 11:43:00-04:00,195.13999938964844,195.41000366210938,195.07000732421875,195.40499877929688,339554,NVDA,NVIDIA,Nasdaq,USD,20260703_213727
2026-07-02 11:44:00-04:00,195.06509399414062,195.36000061035156,195.0399932861328,195.13999938964844,202725,NVDA,NVIDIA,Nasdaq,USD,20260703_213727
2026-07-02 11:45:00-04:00,195.31500244140625,195.39999389648438,195.0449981689453,195.0800018310547,159234,NVDA,NVIDIA,Nasdaq,USD,20260703_213727
2026-07-02 11:46:00-04:00,195.07000732421875,195.33999633789062,194.97000122070312,195.3105010986328,207915,NVDA,NVIDIA,Nasdaq,USD,20260703_213727
2026-07-02 11:47:00-04:00,195.05999755859375,195.16990661621094,194.89999389648438,195.0800018310547,185010,NVDA,NVIDIA,Nasdaq,USD,20260703_213727
2026-07-02 11:48:00-04:00,194.88999938964844,195.08999633789062,194.8800048828125,195.0200958251953,157423,NVDA,NVIDIA,Nasdaq,USD,20260703_213727
2026-07-02 11:49:00-04:00,194.74000549316406,194.92999267578125,194.66000366210938,194.89999389648438,204402,NVDA,NVIDIA,Nasdaq,USD,20260703_213727
2026-07-02 11:50:00-04:00,194.55999755859375,194.74000549316406,194.52000427246094,194.72999572753906,210139,NVDA,NVIDIA,Nasdaq,USD,20260703_213727
2026-07-02 11:51:00-04:00,194.50999450683594,194.59800720214844,194.35000610351562,194.55999755859375,334370,NVDA,NVIDIA,Nasdaq,USD,20260703_213727
2026-07-02 11:52:00-04:00,194.33999633789062,194.68499755859375,194.27999877929688,194.50999450683594,286620,NVDA,NVIDIA,Nasdaq,USD,20260703_213727
2026-07-02 11:53:00-04:00,194.2100067138672,194.35000610351562,194.05999755859375,194.33999633789062,303053,NVDA,NVIDIA,Nasdaq,USD,20260703_213727
2026-07-02 11:54:00-04:00,194.4346923828125,194.50999450683594,194.17999267578125,194.2100067138672,196633,NVDA,NVIDIA,Nasdaq,USD,20260703_213727
2026-07-02 11:55:00-04:00,194.35000610351562,194.55799865722656,194.33999633789062,194.4409942626953,185037,NVDA,NVIDIA,Nasdaq,USD,20260703_213727
2026-07-02 11:56:00-04:00,194.2050018310547,194.39999389648438,194.1199951171875,194.3699951171875,286878,NVDA,NVIDIA,Nasdaq,USD,20260703_213727
2026-07-02 11:57:00-04:00,194.27000427246094,194.32000732421875,194.01499938964844,194.1999969482422,264846,NVDA,NVIDIA,Nasdaq,USD,20260703_213727
2026-07-02 11:58:00-04:00,194.4499969482422,194.52000427246094,194.19410705566406,194.27000427246094,238117,NVDA,NVIDIA,Nasdaq,USD,20260703_213727
2026-07-02 11:59:00-04:00,194.49000549316406,194.63999938964844,194.44000244140625,194.47610473632812,200792,NVDA,NVIDIA,Nasdaq,USD,20260703_213727
2026-07-02 12:00:00-04:00,194.27000427246094,194.55999755859375,194.22000122070312,194.5,191365,NVDA,NVIDIA,Nasdaq,USD,20260703_213727
2026-07-02 12:01:00-04:00,194.27999877929688,194.4113006591797,194.16000366210938,194.27000427246094,153268,NVDA,NVIDIA,Nasdaq,USD,20260703_213727
2026-07-02 12:02:00-04:00,194.07000732421875,194.30999755859375,194.02999877929688,194.28500366210938,236253,NVDA,NVIDIA,Nasdaq,USD,20260703_213727
2026-07-02 12:03:00-04:00,194.19500732421875,194.3000030517578,193.88999938964844,194.05999755859375,537646,NVDA,NVIDIA,Nasdaq,USD,20260703_213727
2026-07-02 12:04:00-04:00,194.36000061035156,194.3800048828125,194.08999633789062,194.19000244140625,199486,NVDA,NVIDIA,Nasdaq,USD,20260703_213727
2026-07-02 12:05:00-04:00,194.25999450683594,194.4199981689453,194.24000549316406,194.35499572753906,210771,NVDA,NVIDIA,Nasdaq,USD,20260703_213727
2026-07-02 12:06:00-04:00,194.15989685058594,194.3000030517578,194.07000732421875,194.2550048828125,179634,NVDA,NVIDIA,Nasdaq,USD,20260703_213727
2026-07-02 12:07:00-04:00,194.13999938964844,194.27999877929688,194.06610107421875,194.15989685058594,137095,NVDA,NVIDIA,Nasdaq,USD,20260703_213727
2026-07-02 12:08:00-04:00,194.07000732421875,194.22000122070312,194.00999450683594,194.16000366210938,182643,NVDA,NVIDIA,Nasdaq,USD,20260703_213727
2026-07-02 12:09:00-04:00,193.98370361328125,194.11000061035156,193.86000061035156,194.10000610351562,231915,NVDA,NVIDIA,Nasdaq,USD,20260703_213727
2026-07-02 12:10:00-04:00,194.35000610351562,194.38999938964844,193.94000244140625,193.98500061035156,261793,NVDA,NVIDIA,Nasdaq,USD,20260703_213727
2026-07-02 12:11:00-04:00,194.3800048828125,194.49000549316406,194.27000427246094,194.3300018310547,285336,NVDA,NVIDIA,Nasdaq,USD,20260703_213727
2026-07-02 12:12:00-04:00,194.57000732421875,194.57000732421875,194.1199951171875,194.35000610351562,312853,NVDA,NVIDIA,Nasdaq,USD,20260703_213727
2026-07-02 12:13:00-04:00,194.5,194.59359741210938,194.41000366210938,194.57000732421875,231520,NVDA,NVIDIA,Nasdaq,USD,20260703_213727
2026-07-02 12:14:00-04:00,194.55999755859375,194.6591033935547,194.48260498046875,194.49000549316406,235420,NVDA,NVIDIA,Nasdaq,USD,20260703_213727
2026-07-02 12:15:00-04:00,194.27000427246094,194.61000061035156,194.0800018310547,194.57000732421875,426180,NVDA,NVIDIA,Nasdaq,USD,20260703_213727
2026-07-02 12:16:00-04:00,194.3000030517578,194.375,194.22000122070312,194.27999877929688,188484,NVDA,NVIDIA,Nasdaq,USD,20260703_213727
2026-07-02 12:17:00-04:00,194.1649932861328,194.4799041748047,194.1300048828125,194.3000030517578,241139,NVDA,NVIDIA,Nasdaq,USD,20260703_213727
2026-07-02 12:18:00-04:00,194.33999633789062,194.35000610351562,194.16180419921875,194.1649932861328,197327,NVDA,NVIDIA,Nasdaq,USD,20260703_213727
2026-07-02 12:19:00-04:00,194.07000732421875,194.42999267578125,194.05999755859375,194.35000610351562,335927,NVDA,NVIDIA,Nasdaq,USD,20260703_213727
2026-07-02 12:20:00-04:00,194.0800018310547,194.1300048828125,193.7949981689453,194.0749969482422,515610,NVDA,NVIDIA,Nasdaq,USD,20260703_213727
2026-07-02 12:21:00-04:00,193.9600067138672,194.14999389648438,193.9149932861328,194.08999633789062,242442,NVDA,NVIDIA,Nasdaq,USD,20260703_213727
2026-07-02 12:22:00-04:00,193.82000732421875,193.97999572753906,193.7100067138672,193.9600067138672,369511,NVDA,NVIDIA,Nasdaq,USD,20260703_213727
2026-07-02 12:23:00-04:00,193.6999969482422,193.90499877929688,193.69140625,193.8300018310547,232949,NVDA,NVIDIA,Nasdaq,USD,20260703_213727
2026-07-02 12:24:00-04:00,193.8699951171875,193.94000244140625,193.625,193.6999969482422,280257,NVDA,NVIDIA,Nasdaq,USD,20260703_213727
2026-07-02 12:25:00-04:00,193.92999267578125,194.12989807128906,193.8699951171875,193.875,285501,NVDA,NVIDIA,Nasdaq,USD,20260703_213727
2026-07-02 12:26:00-04:00,193.8350067138672,193.9499969482422,193.6999969482422,193.91000366210938,212881,NVDA,NVIDIA,Nasdaq,USD,20260703_213727
2026-07-02 12:27:00-04:00,193.9550018310547,193.97999572753906,193.83999633789062,193.83999633789062,262255,NVDA,NVIDIA,Nasdaq,USD,20260703_213727
2026-07-02 12:28:00-04:00,193.99000549316406,194.02000427246094,193.8699951171875,193.9499969482422,131509,NVDA,NVIDIA,Nasdaq,USD,20260703_213727
2026-07-02 12:29:00-04:00,193.7899932861328,194.06500244140625,193.6699981689453,193.99000549316406,131970,NVDA,NVIDIA,Nasdaq,USD,20260703_213727
2026-07-02 12:30:00-04:00,193.7550048828125,193.86000061035156,193.6699981689453,193.7899932861328,226301,NVDA,NVIDIA,Nasdaq,USD,20260703_213727
2026-07-02 12:31:00-04:00,193.69000244140625,193.80499267578125,193.66000366210938,193.74049377441406,215400,NVDA,NVIDIA,Nasdaq,USD,20260703_213727
2026-07-02 12:32:00-04:00,193.6750030517578,193.75,193.6199951171875,193.6699981689453,167067,NVDA,NVIDIA,Nasdaq,USD,20260703_213727
2026-07-02 12:33:00-04:00,193.73049926757812,193.85000610351562,193.6649932861328,193.6649932861328,154462,NVDA,NVIDIA,Nasdaq,USD,20260703_213727
2026-07-02 12:34:00-04:00,193.47000122070312,193.75,193.4600067138672,193.74000549316406,267759,NVDA,NVIDIA,Nasdaq,USD,20260703_213727
2026-07-02 12:35:00-04:00,193.6300048828125,193.63999938964844,193.38999938964844,193.4600067138672,288832,NVDA,NVIDIA,Nasdaq,USD,20260703_213727
2026-07-02 12:36:00-04:00,193.38999938964844,193.66000366210938,193.30999755859375,193.6300048828125,343132,NVDA,NVIDIA,Nasdaq,USD,20260703_213727
2026-07-02 12:37:00-04:00,193.22000122070312,193.5756072998047,193.17999267578125,193.38450622558594,292147,NVDA,NVIDIA,Nasdaq,USD,20260703_213727
2026-07-02 12:38:00-04:00,193.35000610351562,193.3972930908203,193.22000122070312,193.22000122070312,212147,NVDA,NVIDIA,Nasdaq,USD,20260703_213727
2026-07-02 12:39:00-04:00,193.43499755859375,193.45970153808594,193.25,193.3300018310547,175488,NVDA,NVIDIA,Nasdaq,USD,20260703_213727
2026-07-02 12:40:00-04:00,193.75010681152344,193.7899932861328,193.39999389648438,193.44009399414062,287573,NVDA,NVIDIA,Nasdaq,USD,20260703_213727
2026-07-02 12:41:00-04:00,193.64999389648438,193.85000610351562,193.63499450683594,193.75,216552,NVDA,NVIDIA,Nasdaq,USD,20260703_213727
2026-07-02 12:42:00-04:00,193.76499938964844,193.85000610351562,193.60000610351562,193.63999938964844,237498,NVDA,NVIDIA,Nasdaq,USD,20260703_213727
2026-07-02 12:43:00-04:00,193.9199981689453,194.02000427246094,193.6999969482422,193.76499938964844,229177,NVDA,NVIDIA,Nasdaq,USD,20260703_213727
2026-07-02 12:44:00-04:00,194.0399932861328,194.15989685058594,193.9250030517578,193.9250030517578,251338,NVDA,NVIDIA,Nasdaq,USD,20260703_213727
2026-07-02 12:45:00-04:00,194.0,194.0800018310547,193.8699951171875,194.0399932861328,199672,NVDA,NVIDIA,Nasdaq,USD,20260703_213727
2026-07-02 12:46:00-04:00,193.97000122070312,194.05999755859375,193.9149932861328,193.99000549316406,124890,NVDA,NVIDIA,Nasdaq,USD,20260703_213727
2026-07-02 12:47:00-04:00,194.07000732421875,194.1092071533203,193.94000244140625,193.96499633789062,150897,NVDA,NVIDIA,Nasdaq,USD,20260703_213727
2026-07-02 12:48:00-04:00,194.10000610351562,194.14999389648438,193.92999267578125,194.0601043701172,134088,NVDA,NVIDIA,Nasdaq,USD,20260703_213727
2026-07-02 12:49:00-04:00,193.89990234375,194.14999389648438,193.85499572753906,194.10000610351562,167999,NVDA,NVIDIA,Nasdaq,USD,20260703_213727
2026-07-02 12:50:00-04:00,193.72999572753906,193.89639282226562,193.63999938964844,193.8914031982422,265710,NVDA,NVIDIA,Nasdaq,USD,20260703_213727
2026-07-02 12:51:00-04:00,193.86000061035156,193.86500549316406,193.67999267578125,193.72999572753906,197526,NVDA,NVIDIA,Nasdaq,USD,20260703_213727
2026-07-02 12:52:00-04:00,193.99000549316406,194.0,193.75999450683594,193.83999633789062,197091,NVDA,NVIDIA,Nasdaq,USD,20260703_213727
2026-07-02 12:53:00-04:00,193.8249969482422,194.0500030517578,193.74000549316406,193.97999572753906,174992,NVDA,NVIDIA,Nasdaq,USD,20260703_213727
2026-07-02 12:54:00-04:00,193.86990356445312,194.0050048828125,193.81509399414062,193.83999633789062,148694,NVDA,NVIDIA,Nasdaq,USD,20260703_213727
2026-07-02 12:55:00-04:00,193.61500549316406,193.87750244140625,193.57009887695312,193.8699951171875,220408,NVDA,NVIDIA,Nasdaq,USD,20260703_213727
2026-07-02 12:56:00-04:00,193.29010009765625,193.62989807128906,193.27000427246094,193.62989807128906,271990,NVDA,NVIDIA,Nasdaq,USD,20260703_213727
2026-07-02 12:57:00-04:00,193.2100067138672,193.41000366210938,193.1999969482422,193.2899932861328,182074,NVDA,NVIDIA,Nasdaq,USD,20260703_213727
2026-07-02 12:58:00-04:00,193.32000732421875,193.33999633789062,193.1300048828125,193.22000122070312,201441,NVDA,NVIDIA,Nasdaq,USD,20260703_213727
2026-07-02 12:59:00-04:00,193.49000549316406,193.5399932861328,193.30999755859375,193.32000732421875,165575,NVDA,NVIDIA,Nasdaq,USD,20260703_213727
2026-07-02 13:00:00-04:00,193.11000061035156,193.50999450683594,193.10009765625,193.5,184422,NVDA,NVIDIA,Nasdaq,USD,20260703_213727
2026-07-02 13:01:00-04:00,193.01499938964844,193.22999572753906,192.9199981689453,193.11000061035156,605688,NVDA,NVIDIA,Nasdaq,USD,20260703_213727
2026-07-02 13:02:00-04:00,193.03500366210938,193.26499938964844,192.99000549316406,193.02000427246094,284821,NVDA,NVIDIA,Nasdaq,USD,20260703_213727
2026-07-02 13:03:00-04:00,193.02999877929688,193.0500030517578,192.8800048828125,193.02499389648438,230921,NVDA,NVIDIA,Nasdaq,USD,20260703_213727
2026-07-02 13:04:00-04:00,193.0500030517578,193.07989501953125,192.88999938964844,193.02999877929688,179406,NVDA,NVIDIA,Nasdaq,USD,20260703_213727
2026-07-02 13:05:00-04:00,193.27000427246094,193.27000427246094,192.88999938964844,193.0500030517578,277843,NVDA,NVIDIA,Nasdaq,USD,20260703_213727
2026-07-02 13:06:00-04:00,193.5399932861328,193.5500030517578,193.2205047607422,193.27000427246094,221653,NVDA,NVIDIA,Nasdaq,USD,20260703_213727
2026-07-02 13:07:00-04:00,193.58999633789062,193.72000122070312,193.50999450683594,193.5449981689453,149253,NVDA,NVIDIA,Nasdaq,USD,20260703_213727
2026-07-02 13:08:00-04:00,193.41000366210938,193.60000610351562,193.22000122070312,193.60000610351562,205746,NVDA,NVIDIA,Nasdaq,USD,20260703_213727
2026-07-02 13:09:00-04:00,193.2100067138672,193.4600067138672,193.19000244140625,193.41000366210938,151649,NVDA,NVIDIA,Nasdaq,USD,20260703_213727
2026-07-02 13:10:00-04:00,193.2100067138672,193.33999633789062,193.07009887695312,193.20030212402344,142359,NVDA,NVIDIA,Nasdaq,USD,20260703_213727
2026-07-02 13:11:00-04:00,193.2449951171875,193.25999450683594,193.14999389648438,193.20989990234375,117817,NVDA,NVIDIA,Nasdaq,USD,20260703_213727
2026-07-02 13:12:00-04:00,193.02999877929688,193.29049682617188,193.01010131835938,193.24000549316406,175710,NVDA,NVIDIA,Nasdaq,USD,20260703_213727
2026-07-02 13:13:00-04:00,192.97000122070312,193.11500549316406,192.8800048828125,193.00999450683594,285104,NVDA,NVIDIA,Nasdaq,USD,20260703_213727
2026-07-02 13:14:00-04:00,193.0749969482422,193.22999572753906,192.97000122070312,192.97999572753906,190420,NVDA,NVIDIA,Nasdaq,USD,20260703_213727
2026-07-02 13:15:00-04:00,192.92999267578125,193.07000732421875,192.9250030517578,193.07000732421875,191514,NVDA,NVIDIA,Nasdaq,USD,20260703_213727
2026-07-02 13:16:00-04:00,193.2100067138672,193.22000122070312,192.9300994873047,192.9398956298828,156032,NVDA,NVIDIA,Nasdaq,USD,20260703_213727
2026-07-02 13:17:00-04:00,193.1999969482422,193.40989685058594,193.16000366210938,193.22000122070312,224917,NVDA,NVIDIA,Nasdaq,USD,20260703_213727
2026-07-02 13:18:00-04:00,193.1999969482422,193.33999633789062,193.16000366210938,193.2100067138672,121758,NVDA,NVIDIA,Nasdaq,USD,20260703_213727
2026-07-02 13:19:00-04:00,193.0699005126953,193.22000122070312,193.02000427246094,193.2050018310547,136121,NVDA,NVIDIA,Nasdaq,USD,20260703_213727
2026-07-02 13:20:00-04:00,192.92999267578125,193.139892578125,192.91000366210938,193.05999755859375,209372,NVDA,NVIDIA,Nasdaq,USD,20260703_213727
2026-07-02 13:21:00-04:00,193.1199951171875,193.16000366210938,192.92999267578125,192.92999267578125,174340,NVDA,NVIDIA,Nasdaq,USD,20260703_213727
2026-07-02 13:22:00-04:00,193.1699981689453,193.35000610351562,193.11000061035156,193.1300048828125,147227,NVDA,NVIDIA,Nasdaq,USD,20260703_213727
2026-07-02 13:23:00-04:00,193.02000427246094,193.16200256347656,193.02000427246094,193.16000366210938,134225,NVDA,NVIDIA,Nasdaq,USD,20260703_213727
2026-07-02 13:24:00-04:00,192.9600067138672,193.13999938964844,192.91000366210938,193.02999877929688,173608,NVDA,NVIDIA,Nasdaq,USD,20260703_213727
2026-07-02 13:25:00-04:00,192.88999938964844,193.0500030517578,192.85000610351562,192.97000122070312,215949,NVDA,NVIDIA,Nasdaq,USD,20260703_213727
2026-07-02 13:26:00-04:00,192.83999633789062,193.0,192.76199340820312,192.88499450683594,185676,NVDA,NVIDIA,Nasdaq,USD,20260703_213727
2026-07-02 13:27:00-04:00,192.9250030517578,193.0,192.85000610351562,192.85000610351562,170779,NVDA,NVIDIA,Nasdaq,USD,20260703_213727
2026-07-02 13:28:00-04:00,193.0,193.02000427246094,192.89999389648438,192.92019653320312,201262,NVDA,NVIDIA,Nasdaq,USD,20260703_213727
2026-07-02 13:29:00-04:00,193.0500030517578,193.13999938964844,192.92999267578125,193.0,139498,NVDA,NVIDIA,Nasdaq,USD,20260703_213727
2026-07-02 13:30:00-04:00,193.02000427246094,193.1800994873047,193.02000427246094,193.0449981689453,189065,NVDA,NVIDIA,Nasdaq,USD,20260703_213727
2026-07-02 13:31:00-04:00,193.10000610351562,193.14990234375,193.01010131835938,193.02999877929688,120168,NVDA,NVIDIA,Nasdaq,USD,20260703_213727
2026-07-02 13:32:00-04:00,193.1649932861328,193.27999877929688,193.0601043701172,193.11000061035156,180018,NVDA,NVIDIA,Nasdaq,USD,20260703_213727
2026-07-02 13:33:00-04:00,193.0800018310547,193.23500061035156,193.01499938964844,193.1649932861328,144772,NVDA,NVIDIA,Nasdaq,USD,20260703_213727
2026-07-02 13:34:00-04:00,192.94000244140625,193.1699981689453,192.94000244140625,193.0800018310547,131762,NVDA,NVIDIA,Nasdaq,USD,20260703_213727
2026-07-02 13:35:00-04:00,192.90499877929688,193.02000427246094,192.72999572753906,192.92999267578125,230920,NVDA,NVIDIA,Nasdaq,USD,20260703_213727
2026-07-02 13:36:00-04:00,192.72999572753906,192.97000122070312,192.6699981689453,192.89500427246094,187402,NVDA,NVIDIA,Nasdaq,USD,20260703_213727
2026-07-02 13:37:00-04:00,192.66000366210938,192.75999450683594,192.60000610351562,192.74000549316406,162416,NVDA,NVIDIA,Nasdaq,USD,20260703_213727
2026-07-02 13:38:00-04:00,192.41000366210938,192.73300170898438,192.39500427246094,192.66000366210938,298980,NVDA,NVIDIA,Nasdaq,USD,20260703_213727
2026-07-02 13:39:00-04:00,192.3800048828125,192.5500030517578,192.36000061035156,192.4199981689453,204138,NVDA,NVIDIA,Nasdaq,USD,20260703_213727
2026-07-02 13:40:00-04:00,192.5605010986328,192.57000732421875,192.35000610351562,192.38999938964844,290634,NVDA,NVIDIA,Nasdaq,USD,20260703_213727
2026-07-02 13:41:00-04:00,192.9250030517578,193.02000427246094,192.54600524902344,192.54600524902344,238854,NVDA,NVIDIA,Nasdaq,USD,20260703_213727
2026-07-02 13:42:00-04:00,192.98500061035156,193.0399932861328,192.88009643554688,192.92999267578125,226534,NVDA,NVIDIA,Nasdaq,USD,20260703_213727
2026-07-02 13:43:00-04:00,192.9600067138672,192.99000549316406,192.82000732421875,192.9499969482422,140949,NVDA,NVIDIA,Nasdaq,USD,20260703_213727
2026-07-02 13:44:00-04:00,192.9499969482422,193.0399932861328,192.86000061035156,192.9600067138672,178894,NVDA,NVIDIA,Nasdaq,USD,20260703_213727
2026-07-02 13:45:00-04:00,192.78500366210938,193.0500030517578,192.76499938964844,192.9499969482422,179289,NVDA,NVIDIA,Nasdaq,USD,20260703_213727
2026-07-02 13:46:00-04:00,192.80999755859375,192.8800048828125,192.72999572753906,192.7899932861328,160466,NVDA,NVIDIA,Nasdaq,USD,20260703_213727
2026-07-02 13:47:00-04:00,192.6199951171875,192.82000732421875,192.61000061035156,192.8000030517578,189716,NVDA,NVIDIA,Nasdaq,USD,20260703_213727
2026-07-02 13:48:00-04:00,192.7949981689453,192.8699951171875,192.52000427246094,192.6199951171875,268587,NVDA,NVIDIA,Nasdaq,USD,20260703_213727
2026-07-02 13:49:00-04:00,192.83999633789062,192.92999267578125,192.7899932861328,192.7949981689453,167361,NVDA,NVIDIA,Nasdaq,USD,20260703_213727
2026-07-02 13:50:00-04:00,192.80999755859375,192.88999938964844,192.66000366210938,192.82000732421875,191699,NVDA,NVIDIA,Nasdaq,USD,20260703_213727
2026-07-02 13:51:00-04:00,192.85499572753906,192.94000244140625,192.72500610351562,192.80999755859375,180512,NVDA,NVIDIA,Nasdaq,USD,20260703_213727
2026-07-02 13:52:00-04:00,192.86000061035156,192.88999938964844,192.6699981689453,192.85499572753906,144725,NVDA,NVIDIA,Nasdaq,USD,20260703_213727
2026-07-02 13:53:00-04:00,192.8800048828125,192.92999267578125,192.83999633789062,192.86000061035156,104779,NVDA,NVIDIA,Nasdaq,USD,20260703_213727
2026-07-02 13:54:00-04:00,193.05999755859375,193.1199951171875,192.8800048828125,192.88999938964844,206035,NVDA,NVIDIA,Nasdaq,USD,20260703_213727
2026-07-02 13:55:00-04:00,192.97999572753906,193.14999389648438,192.9499969482422,193.0850067138672,173131,NVDA,NVIDIA,Nasdaq,USD,20260703_213727
2026-07-02 13:56:00-04:00,192.83999633789062,192.97999572753906,192.77999877929688,192.97000122070312,136024,NVDA,NVIDIA,Nasdaq,USD,20260703_213727
2026-07-02 13:57:00-04:00,192.77000427246094,192.91000366210938,192.7301025390625,192.85000610351562,128305,NVDA,NVIDIA,Nasdaq,USD,20260703_213727
2026-07-02 13:58:00-04:00,192.5399932861328,192.75999450683594,192.52000427246094,192.75999450683594,192004,NVDA,NVIDIA,Nasdaq,USD,20260703_213727
2026-07-02 13:59:00-04:00,192.5449981689453,192.63499450683594,192.38999938964844,192.5449981689453,271220,NVDA,NVIDIA,Nasdaq,USD,20260703_213727
2026-07-02 14:00:00-04:00,192.7100067138672,192.73500061035156,192.5,192.5449981689453,269699,NVDA,NVIDIA,Nasdaq,USD,20260703_213727
2026-07-02 14:01:00-04:00,192.74000549316406,192.8000030517578,192.62010192871094,192.6999969482422,214208,NVDA,NVIDIA,Nasdaq,USD,20260703_213727
2026-07-02 14:02:00-04:00,192.7100067138672,192.77999877929688,192.6699981689453,192.74000549316406,121572,NVDA,NVIDIA,Nasdaq,USD,20260703_213727
2026-07-02 14:03:00-04:00,192.7100067138672,192.74989318847656,192.66000366210938,192.70989990234375,138919,NVDA,NVIDIA,Nasdaq,USD,20260703_213727
2026-07-02 14:04:00-04:00,192.85499572753906,192.86000061035156,192.6699981689453,192.7100067138672,148748,NVDA,NVIDIA,Nasdaq,USD,20260703_213727
2026-07-02 14:05:00-04:00,193.072998046875,193.1699981689453,192.85000610351562,192.85499572753906,206057,NVDA,NVIDIA,Nasdaq,USD,20260703_213727
2026-07-02 14:06:00-04:00,193.36000061035156,193.4698028564453,193.0,193.07000732421875,293348,NVDA,NVIDIA,Nasdaq,USD,20260703_213727
2026-07-02 14:07:00-04:00,193.22500610351562,193.38499450683594,193.22000122070312,193.35000610351562,187301,NVDA,NVIDIA,Nasdaq,USD,20260703_213727
2026-07-02 14:08:00-04:00,193.30520629882812,193.3300018310547,193.17999267578125,193.2299041748047,155769,NVDA,NVIDIA,Nasdaq,USD,20260703_213727
2026-07-02 14:09:00-04:00,193.4949951171875,193.50999450683594,193.27999877929688,193.32000732421875,182859,NVDA,NVIDIA,Nasdaq,USD,20260703_213727
2026-07-02 14:10:00-04:00,193.610107421875,193.6999053955078,193.4499969482422,193.49009704589844,289482,NVDA,NVIDIA,Nasdaq,USD,20260703_213727
2026-07-02 14:11:00-04:00,193.5449981689453,193.6999969482422,193.48199462890625,193.6199951171875,168964,NVDA,NVIDIA,Nasdaq,USD,20260703_213727
2026-07-02 14:12:00-04:00,193.58999633789062,193.64999389648438,193.48500061035156,193.5449981689453,178580,NVDA,NVIDIA,Nasdaq,USD,20260703_213727
2026-07-02 14:13:00-04:00,193.375,193.59640502929688,193.37010192871094,193.5800018310547,146119,NVDA,NVIDIA,Nasdaq,USD,20260703_213727
2026-07-02 14:14:00-04:00,193.19509887695312,193.4199981689453,193.14999389648438,193.375,173612,NVDA,NVIDIA,Nasdaq,USD,20260703_213727
2026-07-02 14:15:00-04:00,193.1750030517578,193.25,193.0019989013672,193.19009399414062,192053,NVDA,NVIDIA,Nasdaq,USD,20260703_213727
2026-07-02 14:16:00-04:00,193.1403045654297,193.22999572753906,193.0500030517578,193.17999267578125,158157,NVDA,NVIDIA,Nasdaq,USD,20260703_213727
2026-07-02 14:17:00-04:00,192.82009887695312,193.14500427246094,192.80999755859375,193.14500427246094,227682,NVDA,NVIDIA,Nasdaq,USD,20260703_213727
2026-07-02 14:18:00-04:00,192.77499389648438,193.00990295410156,192.58999633789062,192.83999633789062,418312,NVDA,NVIDIA,Nasdaq,USD,20260703_213727
2026-07-02 14:19:00-04:00,192.92999267578125,192.9499969482422,192.74000549316406,192.7899932861328,180077,NVDA,NVIDIA,Nasdaq,USD,20260703_213727
2026-07-02 14:20:00-04:00,193.10000610351562,193.1199951171875,192.8800048828125,192.91000366210938,183015,NVDA,NVIDIA,Nasdaq,USD,20260703_213727
2026-07-02 14:21:00-04:00,193.0500030517578,193.1999969482422,192.97000122070312,193.11000061035156,171769,NVDA,NVIDIA,Nasdaq,USD,20260703_213727
2026-07-02 14:22:00-04:00,193.19000244140625,193.27999877929688,193.02000427246094,193.04010009765625,158482,NVDA,NVIDIA,Nasdaq,USD,20260703_213727
2026-07-02 14:23:00-04:00,193.14999389648438,193.19000244140625,193.07009887695312,193.19000244140625,139139,NVDA,NVIDIA,Nasdaq,USD,20260703_213727
2026-07-02 14:24:00-04:00,193.30799865722656,193.32000732421875,193.14500427246094,193.14999389648438,127624,NVDA,NVIDIA,Nasdaq,USD,20260703_213727
2026-07-02 14:25:00-04:00,193.3300018310547,193.55999755859375,193.2899932861328,193.30499267578125,212980,NVDA,NVIDIA,Nasdaq,USD,20260703_213727
2026-07-02 14:26:00-04:00,193.56500244140625,193.58999633789062,193.25999450683594,193.32000732421875,182312,NVDA,NVIDIA,Nasdaq,USD,20260703_213727
2026-07-02 14:27:00-04:00,193.5399932861328,193.6699981689453,193.47000122070312,193.56500244140625,157912,NVDA,NVIDIA,Nasdaq,USD,20260703_213727
2026-07-02 14:28:00-04:00,193.66000366210938,193.72509765625,193.52999877929688,193.5399932861328,175982,NVDA,NVIDIA,Nasdaq,USD,20260703_213727
2026-07-02 14:29:00-04:00,193.76260375976562,193.86000061035156,193.63999938964844,193.66000366210938,288846,NVDA,NVIDIA,Nasdaq,USD,20260703_213727
2026-07-02 14:30:00-04:00,193.77650451660156,193.88499450683594,193.64999389648438,193.75999450683594,162010,NVDA,NVIDIA,Nasdaq,USD,20260703_213727
2026-07-02 14:31:00-04:00,193.87010192871094,193.88999938964844,193.75,193.77459716796875,142238,NVDA,NVIDIA,Nasdaq,USD,20260703_213727
2026-07-02 14:32:00-04:00,193.8350067138672,193.88999938964844,193.69000244140625,193.875,198173,NVDA,NVIDIA,Nasdaq,USD,20260703_213727
2026-07-02 14:33:00-04:00,193.83999633789062,193.9499969482422,193.82000732421875,193.8300018310547,204983,NVDA,NVIDIA,Nasdaq,USD,20260703_213727
2026-07-02 14:34:00-04:00,193.60000610351562,193.83999633789062,193.5399932861328,193.83009338378906,227574,NVDA,NVIDIA,Nasdaq,USD,20260703_213727
2026-07-02 14:35:00-04:00,193.5399932861328,193.7100067138672,193.52499389648438,193.6199951171875,165906,NVDA,NVIDIA,Nasdaq,USD,20260703_213727
2026-07-02 14:36:00-04:00,193.39999389648438,193.55999755859375,193.38999938964844,193.5449981689453,145526,NVDA,NVIDIA,Nasdaq,USD,20260703_213727
2026-07-02 14:37:00-04:00,193.5399932861328,193.57899475097656,193.38499450683594,193.41000366210938,104166,NVDA,NVIDIA,Nasdaq,USD,20260703_213727
2026-07-02 14:38:00-04:00,193.44000244140625,193.64999389648438,193.41000366210938,193.5341033935547,159247,NVDA,NVIDIA,Nasdaq,USD,20260703_213727
2026-07-02 14:39:00-04:00,193.46499633789062,193.52000427246094,193.36000061035156,193.4300994873047,110186,NVDA,NVIDIA,Nasdaq,USD,20260703_213727
2026-07-02 14:40:00-04:00,193.48500061035156,193.52000427246094,193.40499877929688,193.47000122070312,203991,NVDA,NVIDIA,Nasdaq,USD,20260703_213727
2026-07-02 14:41:00-04:00,193.36000061035156,193.50999450683594,193.3300018310547,193.49000549316406,108893,NVDA,NVIDIA,Nasdaq,USD,20260703_213727
2026-07-02 14:42:00-04:00,193.3800048828125,193.4499969482422,193.35989379882812,193.35989379882812,191310,NVDA,NVIDIA,Nasdaq,USD,20260703_213727
2026-07-02 14:43:00-04:00,193.3800048828125,193.4499969482422,193.30999755859375,193.3699951171875,149408,NVDA,NVIDIA,Nasdaq,USD,20260703_213727
2026-07-02 14:44:00-04:00,193.22500610351562,193.45849609375,193.20069885253906,193.40989685058594,110929,NVDA,NVIDIA,Nasdaq,USD,20260703_213727
2026-07-02 14:45:00-04:00,192.9290008544922,193.2299041748047,192.89999389648438,193.22000122070312,254721,NVDA,NVIDIA,Nasdaq,USD,20260703_213727
2026-07-02 14:46:00-04:00,192.99000549316406,193.0800018310547,192.9199981689453,192.9250030517578,246862,NVDA,NVIDIA,Nasdaq,USD,20260703_213727
2026-07-02 14:47:00-04:00,193.2050018310547,193.22999572753906,192.99000549316406,192.99000549316406,216640,NVDA,NVIDIA,Nasdaq,USD,20260703_213727
2026-07-02 14:48:00-04:00,193.3800048828125,193.38999938964844,193.17999267578125,193.1999969482422,134476,NVDA,NVIDIA,Nasdaq,USD,20260703_213727
2026-07-02 14:49:00-04:00,193.44979858398438,193.4600067138672,193.33999633789062,193.375,153155,NVDA,NVIDIA,Nasdaq,USD,20260703_213727
2026-07-02 14:50:00-04:00,193.52999877929688,193.53990173339844,193.33160400390625,193.44000244140625,137213,NVDA,NVIDIA,Nasdaq,USD,20260703_213727
2026-07-02 14:51:00-04:00,193.57000732421875,193.6699981689453,193.52000427246094,193.53419494628906,136182,NVDA,NVIDIA,Nasdaq,USD,20260703_213727
2026-07-02 14:52:00-04:00,193.69000244140625,193.75999450683594,193.5605010986328,193.5749969482422,181554,NVDA,NVIDIA,Nasdaq,USD,20260703_213727
2026-07-02 14:53:00-04:00,193.49000549316406,193.69000244140625,193.42999267578125,193.67999267578125,157322,NVDA,NVIDIA,Nasdaq,USD,20260703_213727
2026-07-02 14:54:00-04:00,193.4600067138672,193.5399932861328,193.4001007080078,193.49989318847656,139953,NVDA,NVIDIA,Nasdaq,USD,20260703_213727
2026-07-02 14:55:00-04:00,193.56500244140625,193.57029724121094,193.4149932861328,193.4600067138672,154005,NVDA,NVIDIA,Nasdaq,USD,20260703_213727
2026-07-02 14:56:00-04:00,193.3800048828125,193.67999267578125,193.26499938964844,193.57000732421875,294773,NVDA,NVIDIA,Nasdaq,USD,20260703_213727
2026-07-02 14:57:00-04:00,193.4976043701172,193.54010009765625,193.36000061035156,193.38999938964844,147751,NVDA,NVIDIA,Nasdaq,USD,20260703_213727
2026-07-02 14:58:00-04:00,193.35000610351562,193.5749969482422,193.30999755859375,193.49000549316406,139967,NVDA,NVIDIA,Nasdaq,USD,20260703_213727
2026-07-02 14:59:00-04:00,193.42999267578125,193.4499969482422,193.22000122070312,193.3459014892578,131781,NVDA,NVIDIA,Nasdaq,USD,20260703_213727
2026-07-02 15:00:00-04:00,193.24000549316406,193.52999877929688,193.24000549316406,193.4199981689453,150753,NVDA,NVIDIA,Nasdaq,USD,20260703_213727
2026-07-02 15:01:00-04:00,193.17999267578125,193.27999877929688,193.0800018310547,193.22000122070312,162494,NVDA,NVIDIA,Nasdaq,USD,20260703_213727
2026-07-02 15:02:00-04:00,193.25999450683594,193.36000061035156,193.1300048828125,193.18499755859375,227509,NVDA,NVIDIA,Nasdaq,USD,20260703_213727
2026-07-02 15:03:00-04:00,193.16000366210938,193.3101043701172,193.14999389648438,193.2550048828125,98439,NVDA,NVIDIA,Nasdaq,USD,20260703_213727
2026-07-02 15:04:00-04:00,192.7899932861328,193.21499633789062,192.72999572753906,193.15859985351562,292271,NVDA,NVIDIA,Nasdaq,USD,20260703_213727
2026-07-02 15:05:00-04:00,192.72000122070312,192.88999938964844,192.64500427246094,192.78500366210938,212416,NVDA,NVIDIA,Nasdaq,USD,20260703_213727
2026-07-02 15:06:00-04:00,192.85000610351562,192.97000122070312,192.6501007080078,192.7100067138672,220049,NVDA,NVIDIA,Nasdaq,USD,20260703_213727
2026-07-02 15:07:00-04:00,192.6699981689453,192.88999938964844,192.57000732421875,192.83999633789062,235237,NVDA,NVIDIA,Nasdaq,USD,20260703_213727
2026-07-02 15:08:00-04:00,192.6699981689453,192.75,192.61000061035156,192.66000366210938,120159,NVDA,NVIDIA,Nasdaq,USD,20260703_213727
2026-07-02 15:09:00-04:00,192.67999267578125,192.77000427246094,192.6300048828125,192.6699981689453,161113,NVDA,NVIDIA,Nasdaq,USD,20260703_213727
2026-07-02 15:10:00-04:00,192.7050018310547,192.75999450683594,192.52999877929688,192.67999267578125,175005,NVDA,NVIDIA,Nasdaq,USD,20260703_213727
2026-07-02 15:11:00-04:00,192.77999877929688,192.8300018310547,192.64999389648438,192.7100067138672,192885,NVDA,NVIDIA,Nasdaq,USD,20260703_213727
2026-07-02 15:12:00-04:00,192.82000732421875,192.88999938964844,192.7050018310547,192.77000427246094,175185,NVDA,NVIDIA,Nasdaq,USD,20260703_213727
2026-07-02 15:13:00-04:00,192.80999755859375,192.9196014404297,192.77000427246094,192.81500244140625,145774,NVDA,NVIDIA,Nasdaq,USD,20260703_213727
2026-07-02 15:14:00-04:00,192.88009643554688,192.97999572753906,192.75,192.80499267578125,174507,NVDA,NVIDIA,Nasdaq,USD,20260703_213727
2026-07-02 15:15:00-04:00,192.96009826660156,193.0399932861328,192.83009338378906,192.88499450683594,222041,NVDA,NVIDIA,Nasdaq,USD,20260703_213727
2026-07-02 15:16:00-04:00,192.88499450683594,192.97970581054688,192.7899932861328,192.96730041503906,150351,NVDA,NVIDIA,Nasdaq,USD,20260703_213727
2026-07-02 15:17:00-04:00,192.88499450683594,192.92999267578125,192.81500244140625,192.84500122070312,137979,NVDA,NVIDIA,Nasdaq,USD,20260703_213727
2026-07-02 15:18:00-04:00,192.9149932861328,192.9600067138672,192.7801055908203,192.8699951171875,158089,NVDA,NVIDIA,Nasdaq,USD,20260703_213727
2026-07-02 15:19:00-04:00,193.0500030517578,193.21499633789062,192.9199981689453,192.9199981689453,276504,NVDA,NVIDIA,Nasdaq,USD,20260703_213727
2026-07-02 15:20:00-04:00,192.91000366210938,193.1199951171875,192.8800048828125,193.0800018310547,207155,NVDA,NVIDIA,Nasdaq,USD,20260703_213727
2026-07-02 15:21:00-04:00,192.9199981689453,193.0299072265625,192.8300018310547,192.89999389648438,176511,NVDA,NVIDIA,Nasdaq,USD,20260703_213727
2026-07-02 15:22:00-04:00,192.8354949951172,192.98500061035156,192.81500244140625,192.9250030517578,244941,NVDA,NVIDIA,Nasdaq,USD,20260703_213727
2026-07-02 15:23:00-04:00,192.8300018310547,192.9499053955078,192.72000122070312,192.8249969482422,208355,NVDA,NVIDIA,Nasdaq,USD,20260703_213727
2026-07-02 15:24:00-04:00,192.80999755859375,192.86500549316406,192.7200927734375,192.8350067138672,161628,NVDA,NVIDIA,Nasdaq,USD,20260703_213727
2026-07-02 15:25:00-04:00,192.77999877929688,192.83999633789062,192.6999969482422,192.80999755859375,192913,NVDA,NVIDIA,Nasdaq,USD,20260703_213727
2026-07-02 15:26:00-04:00,192.80999755859375,192.8300018310547,192.64999389648438,192.7899932861328,263189,NVDA,NVIDIA,Nasdaq,USD,20260703_213727
2026-07-02 15:27:00-04:00,192.8000030517578,192.9600067138672,192.76499938964844,192.80999755859375,293004,NVDA,NVIDIA,Nasdaq,USD,20260703_213727
2026-07-02 15:28:00-04:00,193.15499877929688,193.23500061035156,192.77000427246094,192.7899932861328,270882,NVDA,NVIDIA,Nasdaq,USD,20260703_213727
2026-07-02 15:29:00-04:00,193.10499572753906,193.3300018310547,193.09010314941406,193.15499877929688,309534,NVDA,NVIDIA,Nasdaq,USD,20260703_213727
2026-07-02 15:30:00-04:00,193.35000610351562,193.36000061035156,193.06500244140625,193.11500549316406,296049,NVDA,NVIDIA,Nasdaq,USD,20260703_213727
2026-07-02 15:31:00-04:00,193.2550048828125,193.42999267578125,193.15499877929688,193.36000061035156,221978,NVDA,NVIDIA,Nasdaq,USD,20260703_213727
2026-07-02 15:32:00-04:00,193.30999755859375,193.4199981689453,193.2449951171875,193.2550048828125,206537,NVDA,NVIDIA,Nasdaq,USD,20260703_213727
2026-07-02 15:33:00-04:00,193.4250030517578,193.52000427246094,193.30999755859375,193.30999755859375,235550,NVDA,NVIDIA,Nasdaq,USD,20260703_213727
2026-07-02 15:34:00-04:00,193.54910278320312,193.5800018310547,193.3699951171875,193.42999267578125,218227,NVDA,NVIDIA,Nasdaq,USD,20260703_213727
2026-07-02 15:35:00-04:00,193.5800018310547,193.67999267578125,193.47000122070312,193.5399932861328,241612,NVDA,NVIDIA,Nasdaq,USD,20260703_213727
2026-07-02 15:36:00-04:00,193.47999572753906,193.60499572753906,193.42999267578125,193.57000732421875,279476,NVDA,NVIDIA,Nasdaq,USD,20260703_213727
2026-07-02 15:37:00-04:00,193.61000061035156,193.61399841308594,193.32000732421875,193.5,265266,NVDA,NVIDIA,Nasdaq,USD,20260703_213727
2026-07-02 15:38:00-04:00,193.69500732421875,193.8000030517578,193.57000732421875,193.6199951171875,253882,NVDA,NVIDIA,Nasdaq,USD,20260703_213727
2026-07-02 15:39:00-04:00,193.67999267578125,193.77999877929688,193.5749969482422,193.69009399414062,209360,NVDA,NVIDIA,Nasdaq,USD,20260703_213727
2026-07-02 15:40:00-04:00,193.69000244140625,193.72000122070312,193.51499938964844,193.67999267578125,196956,NVDA,NVIDIA,Nasdaq,USD,20260703_213727
2026-07-02 15:41:00-04:00,193.5325927734375,193.6999969482422,193.53050231933594,193.68499755859375,177102,NVDA,NVIDIA,Nasdaq,USD,20260703_213727
2026-07-02 15:42:00-04:00,193.59500122070312,193.6199951171875,193.44000244140625,193.5399932861328,244525,NVDA,NVIDIA,Nasdaq,USD,20260703_213727
2026-07-02 15:43:00-04:00,193.60499572753906,193.66000366210938,193.5449981689453,193.5959930419922,211837,NVDA,NVIDIA,Nasdaq,USD,20260703_213727
2026-07-02 15:44:00-04:00,193.6649932861328,193.75,193.52999877929688,193.60000610351562,229451,NVDA,NVIDIA,Nasdaq,USD,20260703_213727
2026-07-02 15:45:00-04:00,193.52999877929688,193.7449951171875,193.52999877929688,193.66000366210938,245181,NVDA,NVIDIA,Nasdaq,USD,20260703_213727
2026-07-02 15:46:00-04:00,193.52499389648438,193.64999389648438,193.41000366210938,193.52000427246094,348108,NVDA,NVIDIA,Nasdaq,USD,20260703_213727
2026-07-02 15:47:00-04:00,193.5449981689453,193.69000244140625,193.49000549316406,193.52999877929688,202418,NVDA,NVIDIA,Nasdaq,USD,20260703_213727
2026-07-02 15:48:00-04:00,193.57000732421875,193.61000061035156,193.4949951171875,193.5449981689453,811162,NVDA,NVIDIA,Nasdaq,USD,20260703_213727
2026-07-02 15:49:00-04:00,193.6300048828125,193.63499450683594,193.42999267578125,193.5625,309647,NVDA,NVIDIA,Nasdaq,USD,20260703_213727
2026-07-02 15:50:00-04:00,194.14999389648438,194.97999572753906,193.63999938964844,193.63999938964844,1132749,NVDA,NVIDIA,Nasdaq,USD,20260703_213727
2026-07-02 15:51:00-04:00,194.0850067138672,194.2100067138672,193.9499969482422,194.14999389648438,458008,NVDA,NVIDIA,Nasdaq,USD,20260703_213727
2026-07-02 15:52:00-04:00,194.02000427246094,194.1649932861328,193.91000366210938,194.0800018310547,398246,NVDA,NVIDIA,Nasdaq,USD,20260703_213727
2026-07-02 15:53:00-04:00,194.0800018310547,194.25999450683594,193.9300994873047,194.02999877929688,442665,NVDA,NVIDIA,Nasdaq,USD,20260703_213727
2026-07-02 15:54:00-04:00,194.67799377441406,194.67999267578125,194.02999877929688,194.08999633789062,679212,NVDA,NVIDIA,Nasdaq,USD,20260703_213727
2026-07-02 15:55:00-04:00,194.75070190429688,194.75999450683594,194.22999572753906,194.6699981689453,1006180,NVDA,NVIDIA,Nasdaq,USD,20260703_213727
2026-07-02 15:56:00-04:00,194.60499572753906,194.75999450683594,194.5500030517578,194.75,664992,NVDA,NVIDIA,Nasdaq,USD,20260703_213727
2026-07-02 15:57:00-04:00,194.7449951171875,194.80999755859375,194.60499572753906,194.60499572753906,869429,NVDA,NVIDIA,Nasdaq,USD,20260703_213727
2026-07-02 15:58:00-04:00,194.8300018310547,194.84500122070312,194.6699981689453,194.7449951171875,956771,NVDA,NVIDIA,Nasdaq,USD,20260703_213727
2026-07-02 15:59:00-04:00,194.6199951171875,195.0,194.33999633789062,194.8350067138672,3080294,NVDA,NVIDIA,Nasdaq,USD,20260703_213727
2026-07-02 09:30:00-04:00,197.72999572753906,197.98989868164062,196.77999877929688,197.14999389648438,4231642,NVDA,NVIDIA,Nasdaq,USD,20260706_112032
2026-07-02 09:31:00-04:00,197.97000122070312,198.0,197.16000366210938,197.70599365234375,420062,NVDA,NVIDIA,Nasdaq,USD,20260706_112032
2026-07-02 09:32:00-04:00,198.0850067138672,198.39999389648438,197.80099487304688,197.94000244140625,2038069,NVDA,NVIDIA,Nasdaq,USD,20260706_112032
2026-07-02 09:33:00-04:00,198.42999267578125,198.69000244140625,197.8000030517578,198.10000610351562,477126,NVDA,NVIDIA,Nasdaq,USD,20260706_112032
2026-07-02 09:34:00-04:00,198.375,198.60989379882812,198.0500030517578,198.4199981689453,358194,NVDA,NVIDIA,Nasdaq,USD,20260706_112032
2026-07-02 09:35:00-04:00,198.25,198.3699951171875,197.9199981689453,198.3699951171875,319553,NVDA,NVIDIA,Nasdaq,USD,20260706_112032
2026-07-02 09:36:00-04:00,198.35000610351562,198.39999389648438,197.92999267578125,198.25,383331,NVDA,NVIDIA,Nasdaq,USD,20260706_112032
2026-07-02 09:37:00-04:00,198.11000061035156,198.52499389648438,198.0800018310547,198.3249969482422,349771,NVDA,NVIDIA,Nasdaq,USD,20260706_112032
2026-07-02 09:38:00-04:00,197.9250030517578,198.14999389648438,197.51499938964844,198.10000610351562,346828,NVDA,NVIDIA,Nasdaq,USD,20260706_112032
2026-07-02 09:39:00-04:00,197.77999877929688,198.02000427246094,197.6699981689453,197.93499755859375,289771,NVDA,NVIDIA,Nasdaq,USD,20260706_112032
2026-07-02 09:40:00-04:00,197.63999938964844,198.08999633789062,197.5800018310547,197.75999450683594,251786,NVDA,NVIDIA,Nasdaq,USD,20260706_112032
2026-07-02 09:41:00-04:00,198.19500732421875,198.2899932861328,197.5500030517578,197.64019775390625,322390,NVDA,NVIDIA,Nasdaq,USD,20260706_112032
2026-07-02 09:42:00-04:00,198.05999755859375,198.3000030517578,197.97999572753906,198.13510131835938,288761,NVDA,NVIDIA,Nasdaq,USD,20260706_112032
2026-07-02 09:43:00-04:00,198.17950439453125,198.27499389648438,197.9770050048828,198.03990173339844,322024,NVDA,NVIDIA,Nasdaq,USD,20260706_112032
2026-07-02 09:44:00-04:00,198.10000610351562,198.17999267578125,197.8000030517578,198.16000366210938,206656,NVDA,NVIDIA,Nasdaq,USD,20260706_112032
2026-07-02 09:45:00-04:00,197.9949951171875,198.36000061035156,197.8300018310547,198.11990356445312,320610,NVDA,NVIDIA,Nasdaq,USD,20260706_112032
2026-07-02 09:46:00-04:00,197.7100067138672,198.1199951171875,197.6999969482422,198.02000427246094,185282,NVDA,NVIDIA,Nasdaq,USD,20260706_112032
2026-07-02 09:47:00-04:00,198.1999969482422,198.24000549316406,197.61000061035156,197.6999969482422,345939,NVDA,NVIDIA,Nasdaq,USD,20260706_112032
2026-07-02 09:48:00-04:00,198.15499877929688,198.4499969482422,198.1199951171875,198.1699981689453,280413,NVDA,NVIDIA,Nasdaq,USD,20260706_112032
2026-07-02 09:49:00-04:00,198.35000610351562,198.57000732421875,198.00999450683594,198.13999938964844,299272,NVDA,NVIDIA,Nasdaq,USD,20260706_112032
2026-07-02 09:50:00-04:00,198.6699981689453,198.94000244140625,198.2270050048828,198.30499267578125,458795,NVDA,NVIDIA,Nasdaq,USD,20260706_112032
2026-07-02 09:51:00-04:00,198.6199951171875,198.80999755859375,198.47999572753906,198.61500549316406,300650,NVDA,NVIDIA,Nasdaq,USD,20260706_112032
2026-07-02 09:52:00-04:00,198.10000610351562,198.59979248046875,198.05999755859375,198.57000732421875,366131,NVDA,NVIDIA,Nasdaq,USD,20260706_112032
2026-07-02 09:53:00-04:00,197.60989379882812,198.22000122070312,197.5,198.09970092773438,681074,NVDA,NVIDIA,Nasdaq,USD,20260706_112032
2026-07-02 09:54:00-04:00,198.3800048828125,198.4600067138672,197.5,197.5800018310547,436333,NVDA,NVIDIA,Nasdaq,USD,20260706_112032
2026-07-02 09:55:00-04:00,198.69000244140625,198.69000244140625,198.02999877929688,198.3972930908203,473792,NVDA,NVIDIA,Nasdaq,USD,20260706_112032
2026-07-02 09:56:00-04:00,198.4600067138672,198.77499389648438,198.2100067138672,198.66000366210938,243356,NVDA,NVIDIA,Nasdaq,USD,20260706_112032
2026-07-02 09:57:00-04:00,198.36309814453125,198.5,198.22000122070312,198.4499969482422,197504,NVDA,NVIDIA,Nasdaq,USD,20260706_112032
2026-07-02 09:58:00-04:00,198.6199951171875,198.66079711914062,198.2700958251953,198.3800048828125,203982,NVDA,NVIDIA,Nasdaq,USD,20260706_112032
2026-07-02 09:59:00-04:00,198.85499572753906,198.89010620117188,198.57000732421875,198.610107421875,328489,NVDA,NVIDIA,Nasdaq,USD,20260706_112032
2026-07-02 10:00:00-04:00,198.84500122070312,198.9199981689453,198.5500030517578,198.89999389648438,307438,NVDA,NVIDIA,Nasdaq,USD,20260706_112032
2026-07-02 10:01:00-04:00,199.69000244140625,199.7100067138672,198.78700256347656,198.84500122070312,554863,NVDA,NVIDIA,Nasdaq,USD,20260706_112032
2026-07-02 10:02:00-04:00,199.97000122070312,200.0399932861328,199.64999389648438,199.69500732421875,805830,NVDA,NVIDIA,Nasdaq,USD,20260706_112032
2026-07-02 10:03:00-04:00,199.82000732421875,200.05499267578125,199.6999969482422,199.97000122070312,606783,NVDA,NVIDIA,Nasdaq,USD,20260706_112032
2026-07-02 10:04:00-04:00,199.53500366210938,199.80999755859375,199.42999267578125,199.80999755859375,389375,NVDA,NVIDIA,Nasdaq,USD,20260706_112032
2026-07-02 10:05:00-04:00,199.77999877929688,199.8300018310547,199.3800048828125,199.5500030517578,272437,NVDA,NVIDIA,Nasdaq,USD,20260706_112032
2026-07-02 10:06:00-04:00,199.44219970703125,199.81500244140625,199.34019470214844,199.8000030517578,245079,NVDA,NVIDIA,Nasdaq,USD,20260706_112032
2026-07-02 10:07:00-04:00,199.56500244140625,199.82000732421875,199.41000366210938,199.42999267578125,290260,NVDA,NVIDIA,Nasdaq,USD,20260706_112032
2026-07-02 10:08:00-04:00,199.0800018310547,199.5800018310547,199.02980041503906,199.5500030517578,307789,NVDA,NVIDIA,Nasdaq,USD,20260706_112032
2026-07-02 10:09:00-04:00,198.80999755859375,199.139892578125,198.6699981689453,199.0800018310547,328591,NVDA,NVIDIA,Nasdaq,USD,20260706_112032
2026-07-02 10:10:00-04:00,198.63999938964844,198.89999389648438,198.52000427246094,198.86000061035156,241939,NVDA,NVIDIA,Nasdaq,USD,20260706_112032
2026-07-02 10:11:00-04:00,198.74000549316406,198.88999938964844,198.5601043701172,198.6699981689453,237772,NVDA,NVIDIA,Nasdaq,USD,20260706_112032
2026-07-02 10:12:00-04:00,199.02000427246094,199.08990478515625,198.6649932861328,198.71499633789062,256771,NVDA,NVIDIA,Nasdaq,USD,20260706_112032
2026-07-02 10:13:00-04:00,199.1300048828125,199.27999877929688,198.9499969482422,199.0175018310547,236907,NVDA,NVIDIA,Nasdaq,USD,20260706_112032
2026-07-02 10:14:00-04:00,199.0330047607422,199.35499572753906,198.97999572753906,199.1300048828125,289103,NVDA,NVIDIA,Nasdaq,USD,20260706_112032
2026-07-02 10:15:00-04:00,198.9600067138672,199.05999755859375,198.80999755859375,199.03500366210938,206299,NVDA,NVIDIA,Nasdaq,USD,20260706_112032
2026-07-02 10:16:00-04:00,198.84320068359375,199.36349487304688,198.8300018310547,198.97000122070312,292232,NVDA,NVIDIA,Nasdaq,USD,20260706_112032
2026-07-02 10:17:00-04:00,198.7100067138672,199.0850067138672,198.7100067138672,198.88499450683594,196646,NVDA,NVIDIA,Nasdaq,USD,20260706_112032
2026-07-02 10:18:00-04:00,198.77000427246094,199.125,198.49200439453125,198.72079467773438,343445,NVDA,NVIDIA,Nasdaq,USD,20260706_112032
2026-07-02 10:19:00-04:00,199.2100067138672,199.25,198.6999969482422,198.77000427246094,284237,NVDA,NVIDIA,Nasdaq,USD,20260706_112032
2026-07-02 10:20:00-04:00,198.90499877929688,199.33999633789062,198.82009887695312,199.22999572753906,228322,NVDA,NVIDIA,Nasdaq,USD,20260706_112032
2026-07-02 10:21:00-04:00,198.9550018310547,199.27000427246094,198.8300018310547,198.91000366210938,199741,NVDA,NVIDIA,Nasdaq,USD,20260706_112032
2026-07-02 10:22:00-04:00,198.8300018310547,198.97000122070312,198.55039978027344,198.9199981689453,292424,NVDA,NVIDIA,Nasdaq,USD,20260706_112032
2026-07-02 10:23:00-04:00,198.86500549316406,199.0,198.50999450683594,198.81610107421875,259371,NVDA,NVIDIA,Nasdaq,USD,20260706_112032
2026-07-02 10:24:00-04:00,198.4801025390625,199.0,198.46009826660156,198.86500549316406,238362,NVDA,NVIDIA,Nasdaq,USD,20260706_112032
2026-07-02 10:25:00-04:00,198.57000732421875,198.64340209960938,198.235107421875,198.5050048828125,332142,NVDA,NVIDIA,Nasdaq,USD,20260706_112032
2026-07-02 10:26:00-04:00,198.57000732421875,198.74000549316406,198.4199981689453,198.5749969482422,255051,NVDA,NVIDIA,Nasdaq,USD,20260706_112032
2026-07-02 10:27:00-04:00,197.71499633789062,198.5850067138672,197.6649932861328,198.5800018310547,490738,NVDA,NVIDIA,Nasdaq,USD,20260706_112032
2026-07-02 10:28:00-04:00,197.66000366210938,197.8300018310547,197.44000244140625,197.75,456852,NVDA,NVIDIA,Nasdaq,USD,20260706_112032
2026-07-02 10:29:00-04:00,197.85000610351562,198.0,197.64999389648438,197.6750030517578,281383,NVDA,NVIDIA,Nasdaq,USD,20260706_112032
2026-07-02 10:30:00-04:00,197.90499877929688,198.1999969482422,197.57000732421875,197.88999938964844,413531,NVDA,NVIDIA,Nasdaq,USD,20260706_112032
2026-07-02 10:31:00-04:00,197.8800048828125,198.2050018310547,197.8699951171875,197.90499877929688,258599,NVDA,NVIDIA,Nasdaq,USD,20260706_112032
2026-07-02 10:32:00-04:00,197.52999877929688,198.1649932861328,197.47500610351562,197.9199981689453,249458,NVDA,NVIDIA,Nasdaq,USD,20260706_112032
2026-07-02 10:33:00-04:00,197.27999877929688,197.7899932861328,197.25,197.5399932861328,371719,NVDA,NVIDIA,Nasdaq,USD,20260706_112032
2026-07-02 10:34:00-04:00,196.75999450683594,197.44000244140625,196.66000366210938,197.3000030517578,488524,NVDA,NVIDIA,Nasdaq,USD,20260706_112032
2026-07-02 10:35:00-04:00,196.7100067138672,197.0,196.61000061035156,196.79010009765625,454063,NVDA,NVIDIA,Nasdaq,USD,20260706_112032
2026-07-02 10:36:00-04:00,197.17999267578125,197.19500732421875,196.61000061035156,196.70010375976562,353336,NVDA,NVIDIA,Nasdaq,USD,20260706_112032
2026-07-02 10:37:00-04:00,197.35000610351562,197.5095977783203,197.13499450683594,197.1649932861328,286034,NVDA,NVIDIA,Nasdaq,USD,20260706_112032
2026-07-02 10:38:00-04:00,197.17999267578125,197.36000061035156,197.07000732421875,197.36000061035156,245514,NVDA,NVIDIA,Nasdaq,USD,20260706_112032
2026-07-02 10:39:00-04:00,197.10000610351562,197.36000061035156,197.02000427246094,197.18499755859375,191679,NVDA,NVIDIA,Nasdaq,USD,20260706_112032
2026-07-02 10:40:00-04:00,197.07510375976562,197.2799072265625,196.9600067138672,197.10000610351562,230759,NVDA,NVIDIA,Nasdaq,USD,20260706_112032
2026-07-02 10:41:00-04:00,196.80999755859375,197.1240997314453,196.6999969482422,197.08999633789062,302746,NVDA,NVIDIA,Nasdaq,USD,20260706_112032
2026-07-02 10:42:00-04:00,196.30999755859375,196.8300018310547,196.30999755859375,196.8300018310547,474063,NVDA,NVIDIA,Nasdaq,USD,20260706_112032
2026-07-02 10:43:00-04:00,196.35499572753906,196.42999267578125,196.0800018310547,196.3249969482422,440670,NVDA,NVIDIA,Nasdaq,USD,20260706_112032
2026-07-02 10:44:00-04:00,196.4600067138672,196.60000610351562,196.19000244140625,196.3800048828125,373151,NVDA,NVIDIA,Nasdaq,USD,20260706_112032
2026-07-02 10:45:00-04:00,196.44000244140625,196.7899932861328,196.3699951171875,196.47000122070312,371831,NVDA,NVIDIA,Nasdaq,USD,20260706_112032
2026-07-02 10:46:00-04:00,196.5,196.5655975341797,196.1199951171875,196.4600067138672,335701,NVDA,NVIDIA,Nasdaq,USD,20260706_112032
2026-07-02 10:47:00-04:00,196.27000427246094,196.86000061035156,196.22999572753906,196.50999450683594,408428,NVDA,NVIDIA,Nasdaq,USD,20260706_112032
2026-07-02 10:48:00-04:00,195.9600067138672,196.39999389648438,195.860107421875,196.25,502233,NVDA,NVIDIA,Nasdaq,USD,20260706_112032
2026-07-02 10:49:00-04:00,196.4250030517578,196.63479614257812,195.91000366210938,195.93099975585938,409802,NVDA,NVIDIA,Nasdaq,USD,20260706_112032
2026-07-02 10:50:00-04:00,196.25509643554688,196.49000549316406,196.0500030517578,196.39999389648438,450270,NVDA,NVIDIA,Nasdaq,USD,20260706_112032
2026-07-02 10:51:00-04:00,196.22999572753906,196.58999633789062,196.08999633789062,196.25999450683594,413335,NVDA,NVIDIA,Nasdaq,USD,20260706_112032
2026-07-02 10:52:00-04:00,195.6300048828125,196.21499633789062,195.50999450683594,196.16009521484375,368106,NVDA,NVIDIA,Nasdaq,USD,20260706_112032
2026-07-02 10:53:00-04:00,195.47500610351562,195.75,195.2100067138672,195.6199951171875,554830,NVDA,NVIDIA,Nasdaq,USD,20260706_112032
2026-07-02 10:54:00-04:00,195.5,195.6300048828125,195.38999938964844,195.46670532226562,302087,NVDA,NVIDIA,Nasdaq,USD,20260706_112032
2026-07-02 10:55:00-04:00,195.89999389648438,196.0500030517578,195.50999450683594,195.50999450683594,370341,NVDA,NVIDIA,Nasdaq,USD,20260706_112032
2026-07-02 10:56:00-04:00,195.9250030517578,196.15989685058594,195.86000061035156,195.92999267578125,283990,NVDA,NVIDIA,Nasdaq,USD,20260706_112032
2026-07-02 10:57:00-04:00,195.72329711914062,195.9499969482422,195.6199951171875,195.9199981689453,259862,NVDA,NVIDIA,Nasdaq,USD,20260706_112032
2026-07-02 10:58:00-04:00,195.96180725097656,196.0299072265625,195.69000244140625,195.74000549316406,237048,NVDA,NVIDIA,Nasdaq,USD,20260706_112032
2026-07-02 10:59:00-04:00,196.24000549316406,196.2899932861328,195.95010375976562,195.95010375976562,271414,NVDA,NVIDIA,Nasdaq,USD,20260706_112032
2026-07-02 11:00:00-04:00,196.32000732421875,196.33999633789062,195.92999267578125,196.25,257412,NVDA,NVIDIA,Nasdaq,USD,20260706_112032
2026-07-02 11:01:00-04:00,196.2100067138672,196.47000122070312,196.2100067138672,196.30999755859375,323443,NVDA,NVIDIA,Nasdaq,USD,20260706_112032
2026-07-02 11:02:00-04:00,196.27499389648438,196.31500244140625,196.03500366210938,196.21499633789062,217168,NVDA,NVIDIA,Nasdaq,USD,20260706_112032
2026-07-02 11:03:00-04:00,195.9600067138672,196.45899963378906,195.92999267578125,196.30999755859375,244655,NVDA,NVIDIA,Nasdaq,USD,20260706_112032
2026-07-02 11:04:00-04:00,195.60000610351562,196.05999755859375,195.58999633789062,195.99000549316406,247935,NVDA,NVIDIA,Nasdaq,USD,20260706_112032
2026-07-02 11:05:00-04:00,195.44430541992188,195.77000427246094,195.44000244140625,195.61000061035156,510925,NVDA,NVIDIA,Nasdaq,USD,20260706_112032
2026-07-02 11:06:00-04:00,195.06500244140625,195.42999267578125,195.02999877929688,195.42999267578125,412482,NVDA,NVIDIA,Nasdaq,USD,20260706_112032
2026-07-02 11:07:00-04:00,194.7449951171875,195.1699981689453,194.7100067138672,195.06500244140625,791574,NVDA,NVIDIA,Nasdaq,USD,20260706_112032
2026-07-02 11:08:00-04:00,195.0050048828125,195.2899932861328,194.73300170898438,194.7899932861328,450243,NVDA,NVIDIA,Nasdaq,USD,20260706_112032
2026-07-02 11:09:00-04:00,194.9949951171875,195.1750030517578,194.86000061035156,194.9949951171875,346074,NVDA,NVIDIA,Nasdaq,USD,20260706_112032
2026-07-02 11:10:00-04:00,194.97999572753906,195.11500549316406,194.77239990234375,195.00999450683594,343247,NVDA,NVIDIA,Nasdaq,USD,20260706_112032
2026-07-02 11:11:00-04:00,195.31509399414062,195.39500427246094,194.91000366210938,194.98699951171875,529528,NVDA,NVIDIA,Nasdaq,USD,20260706_112032
2026-07-02 11:12:00-04:00,195.21499633789062,195.3699951171875,195.1999969482422,195.30999755859375,238524,NVDA,NVIDIA,Nasdaq,USD,20260706_112032
2026-07-02 11:13:00-04:00,195.23500061035156,195.42999267578125,195.1699981689453,195.1999969482422,225046,NVDA,NVIDIA,Nasdaq,USD,20260706_112032
2026-07-02 11:14:00-04:00,195.25999450683594,195.41000366210938,195.08999633789062,195.23500061035156,268686,NVDA,NVIDIA,Nasdaq,USD,20260706_112032
2026-07-02 11:15:00-04:00,195.08999633789062,195.4600067138672,195.0236053466797,195.27000427246094,245381,NVDA,NVIDIA,Nasdaq,USD,20260706_112032
2026-07-02 11:16:00-04:00,195.02499389648438,195.10000610351562,194.86000061035156,195.0800018310547,266227,NVDA,NVIDIA,Nasdaq,USD,20260706_112032
2026-07-02 11:17:00-04:00,195.00999450683594,195.23959350585938,194.85000610351562,195.0399932861328,257180,NVDA,NVIDIA,Nasdaq,USD,20260706_112032
2026-07-02 11:18:00-04:00,195.0800018310547,195.22999572753906,194.8000946044922,194.99000549316406,337696,NVDA,NVIDIA,Nasdaq,USD,20260706_112032
2026-07-02 11:19:00-04:00,195.0399932861328,195.0850067138672,194.9199981689453,195.06500244140625,229328,NVDA,NVIDIA,Nasdaq,USD,20260706_112032
2026-07-02 11:20:00-04:00,195.00999450683594,195.32000732421875,194.69000244140625,195.05990600585938,422910,NVDA,NVIDIA,Nasdaq,USD,20260706_112032
2026-07-02 11:21:00-04:00,194.875,195.0399932861328,194.8101043701172,195.00999450683594,305386,NVDA,NVIDIA,Nasdaq,USD,20260706_112032
2026-07-02 11:22:00-04:00,194.77499389648438,195.0500030517578,194.7100067138672,194.86000061035156,295402,NVDA,NVIDIA,Nasdaq,USD,20260706_112032
2026-07-02 11:23:00-04:00,194.7899932861328,194.89500427246094,194.6199951171875,194.77000427246094,292483,NVDA,NVIDIA,Nasdaq,USD,20260706_112032
2026-07-02 11:24:00-04:00,194.8249969482422,195.01499938964844,194.72000122070312,194.7873992919922,418271,NVDA,NVIDIA,Nasdaq,USD,20260706_112032
2026-07-02 11:25:00-04:00,194.5399932861328,194.86500549316406,194.4199981689453,194.83999633789062,459878,NVDA,NVIDIA,Nasdaq,USD,20260706_112032
2026-07-02 11:26:00-04:00,194.875,194.99000549316406,194.5399932861328,194.5500030517578,408411,NVDA,NVIDIA,Nasdaq,USD,20260706_112032
2026-07-02 11:27:00-04:00,195.0800018310547,195.1999053955078,194.8800048828125,194.8800048828125,286539,NVDA,NVIDIA,Nasdaq,USD,20260706_112032
2026-07-02 11:28:00-04:00,194.99000549316406,195.10989379882812,194.88999938964844,195.0749969482422,196961,NVDA,NVIDIA,Nasdaq,USD,20260706_112032
2026-07-02 11:29:00-04:00,194.7794952392578,195.00979614257812,194.77000427246094,194.97999572753906,189347,NVDA,NVIDIA,Nasdaq,USD,20260706_112032
2026-07-02 11:30:00-04:00,195.16000366210938,195.3699951171875,194.75999450683594,194.77999877929688,293633,NVDA,NVIDIA,Nasdaq,USD,20260706_112032
2026-07-02 11:31:00-04:00,195.22000122070312,195.27999877929688,194.94000244140625,195.14999389648438,237867,NVDA,NVIDIA,Nasdaq,USD,20260706_112032
2026-07-02 11:32:00-04:00,195.25950622558594,195.39999389648438,195.0906982421875,195.22000122070312,203372,NVDA,NVIDIA,Nasdaq,USD,20260706_112032
2026-07-02 11:33:00-04:00,195.38999938964844,195.47000122070312,195.25,195.25,271992,NVDA,NVIDIA,Nasdaq,USD,20260706_112032
2026-07-02 11:34:00-04:00,195.46499633789062,195.5800018310547,195.38499450683594,195.38499450683594,235765,NVDA,NVIDIA,Nasdaq,USD,20260706_112032
2026-07-02 11:35:00-04:00,195.69000244140625,195.8000030517578,195.41000366210938,195.47999572753906,309012,NVDA,NVIDIA,Nasdaq,USD,20260706_112032
2026-07-02 11:36:00-04:00,195.66990661621094,195.75,195.57049560546875,195.69000244140625,231564,NVDA,NVIDIA,Nasdaq,USD,20260706_112032
2026-07-02 11:37:00-04:00,195.6497039794922,195.7100067138672,195.5,195.64999389648438,194582,NVDA,NVIDIA,Nasdaq,USD,20260706_112032
2026-07-02 11:38:00-04:00,195.7550048828125,195.9199981689453,195.58279418945312,195.63499450683594,291310,NVDA,NVIDIA,Nasdaq,USD,20260706_112032
2026-07-02 11:39:00-04:00,195.5135040283203,195.7899932861328,195.51300048828125,195.75,192276,NVDA,NVIDIA,Nasdaq,USD,20260706_112032
2026-07-02 11:40:00-04:00,195.83999633789062,196.0,195.41000366210938,195.52999877929688,325330,NVDA,NVIDIA,Nasdaq,USD,20260706_112032
2026-07-02 11:41:00-04:00,195.51499938964844,195.8498992919922,195.44500732421875,195.8498992919922,274466,NVDA,NVIDIA,Nasdaq,USD,20260706_112032
2026-07-02 11:42:00-04:00,195.39999389648438,195.4949951171875,195.35000610351562,195.49000549316406,350207,NVDA,NVIDIA,Nasdaq,USD,20260706_112032
2026-07-02 11:43:00-04:00,195.13999938964844,195.41000366210938,195.07000732421875,195.40499877929688,339554,NVDA,NVIDIA,Nasdaq,USD,20260706_112032
2026-07-02 11:44:00-04:00,195.06509399414062,195.36000061035156,195.0399932861328,195.13999938964844,202725,NVDA,NVIDIA,Nasdaq,USD,20260706_112032
2026-07-02 11:45:00-04:00,195.31500244140625,195.39999389648438,195.0449981689453,195.0800018310547,159234,NVDA,NVIDIA,Nasdaq,USD,20260706_112032
2026-07-02 11:46:00-04:00,195.07000732421875,195.33999633789062,194.97000122070312,195.3105010986328,207915,NVDA,NVIDIA,Nasdaq,USD,20260706_112032
2026-07-02 11:47:00-04:00,195.05999755859375,195.16990661621094,194.89999389648438,195.0800018310547,185010,NVDA,NVIDIA,Nasdaq,USD,20260706_112032
2026-07-02 11:48:00-04:00,194.88999938964844,195.08999633789062,194.8800048828125,195.0200958251953,157423,NVDA,NVIDIA,Nasdaq,USD,20260706_112032
2026-07-02 11:49:00-04:00,194.74000549316406,194.92999267578125,194.66000366210938,194.89999389648438,204402,NVDA,NVIDIA,Nasdaq,USD,20260706_112032
2026-07-02 11:50:00-04:00,194.55999755859375,194.74000549316406,194.52000427246094,194.72999572753906,210139,NVDA,NVIDIA,Nasdaq,USD,20260706_112032
2026-07-02 11:51:00-04:00,194.50999450683594,194.59800720214844,194.35000610351562,194.55999755859375,334370,NVDA,NVIDIA,Nasdaq,USD,20260706_112032
2026-07-02 11:52:00-04:00,194.33999633789062,194.68499755859375,194.27999877929688,194.50999450683594,286620,NVDA,NVIDIA,Nasdaq,USD,20260706_112032
2026-07-02 11:53:00-04:00,194.2100067138672,194.35000610351562,194.05999755859375,194.33999633789062,303053,NVDA,NVIDIA,Nasdaq,USD,20260706_112032
2026-07-02 11:54:00-04:00,194.4346923828125,194.50999450683594,194.17999267578125,194.2100067138672,196633,NVDA,NVIDIA,Nasdaq,USD,20260706_112032
2026-07-02 11:55:00-04:00,194.35000610351562,194.55799865722656,194.33999633789062,194.4409942626953,185037,NVDA,NVIDIA,Nasdaq,USD,20260706_112032
2026-07-02 11:56:00-04:00,194.2050018310547,194.39999389648438,194.1199951171875,194.3699951171875,286878,NVDA,NVIDIA,Nasdaq,USD,20260706_112032
2026-07-02 11:57:00-04:00,194.27000427246094,194.32000732421875,194.01499938964844,194.1999969482422,264846,NVDA,NVIDIA,Nasdaq,USD,20260706_112032
2026-07-02 11:58:00-04:00,194.4499969482422,194.52000427246094,194.19410705566406,194.27000427246094,238117,NVDA,NVIDIA,Nasdaq,USD,20260706_112032
2026-07-02 11:59:00-04:00,194.49000549316406,194.63999938964844,194.44000244140625,194.47610473632812,200792,NVDA,NVIDIA,Nasdaq,USD,20260706_112032
2026-07-02 12:00:00-04:00,194.27000427246094,194.55999755859375,194.22000122070312,194.5,191365,NVDA,NVIDIA,Nasdaq,USD,20260706_112032
2026-07-02 12:01:00-04:00,194.27999877929688,194.4113006591797,194.16000366210938,194.27000427246094,153268,NVDA,NVIDIA,Nasdaq,USD,20260706_112032
2026-07-02 12:02:00-04:00,194.07000732421875,194.30999755859375,194.02999877929688,194.28500366210938,236253,NVDA,NVIDIA,Nasdaq,USD,20260706_112032
2026-07-02 12:03:00-04:00,194.19500732421875,194.3000030517578,193.88999938964844,194.05999755859375,537646,NVDA,NVIDIA,Nasdaq,USD,20260706_112032
2026-07-02 12:04:00-04:00,194.36000061035156,194.3800048828125,194.08999633789062,194.19000244140625,199486,NVDA,NVIDIA,Nasdaq,USD,20260706_112032
2026-07-02 12:05:00-04:00,194.25999450683594,194.4199981689453,194.24000549316406,194.35499572753906,210771,NVDA,NVIDIA,Nasdaq,USD,20260706_112032
2026-07-02 12:06:00-04:00,194.15989685058594,194.3000030517578,194.07000732421875,194.2550048828125,179634,NVDA,NVIDIA,Nasdaq,USD,20260706_112032
2026-07-02 12:07:00-04:00,194.13999938964844,194.27999877929688,194.06610107421875,194.15989685058594,137095,NVDA,NVIDIA,Nasdaq,USD,20260706_112032
2026-07-02 12:08:00-04:00,194.07000732421875,194.22000122070312,194.00999450683594,194.16000366210938,182643,NVDA,NVIDIA,Nasdaq,USD,20260706_112032
2026-07-02 12:09:00-04:00,193.98370361328125,194.11000061035156,193.86000061035156,194.10000610351562,231915,NVDA,NVIDIA,Nasdaq,USD,20260706_112032
2026-07-02 12:10:00-04:00,194.35000610351562,194.38999938964844,193.94000244140625,193.98500061035156,261793,NVDA,NVIDIA,Nasdaq,USD,20260706_112032
2026-07-02 12:11:00-04:00,194.3800048828125,194.49000549316406,194.27000427246094,194.3300018310547,285336,NVDA,NVIDIA,Nasdaq,USD,20260706_112032
2026-07-02 12:12:00-04:00,194.57000732421875,194.57000732421875,194.1199951171875,194.35000610351562,312853,NVDA,NVIDIA,Nasdaq,USD,20260706_112032
2026-07-02 12:13:00-04:00,194.5,194.59359741210938,194.41000366210938,194.57000732421875,231520,NVDA,NVIDIA,Nasdaq,USD,20260706_112032
2026-07-02 12:14:00-04:00,194.55999755859375,194.6591033935547,194.48260498046875,194.49000549316406,235420,NVDA,NVIDIA,Nasdaq,USD,20260706_112032
2026-07-02 12:15:00-04:00,194.27000427246094,194.61000061035156,194.0800018310547,194.57000732421875,426180,NVDA,NVIDIA,Nasdaq,USD,20260706_112032
2026-07-02 12:16:00-04:00,194.3000030517578,194.375,194.22000122070312,194.27999877929688,188484,NVDA,NVIDIA,Nasdaq,USD,20260706_112032
2026-07-02 12:17:00-04:00,194.1649932861328,194.4799041748047,194.1300048828125,194.3000030517578,241139,NVDA,NVIDIA,Nasdaq,USD,20260706_112032
2026-07-02 12:18:00-04:00,194.33999633789062,194.35000610351562,194.16180419921875,194.1649932861328,197327,NVDA,NVIDIA,Nasdaq,USD,20260706_112032
2026-07-02 12:19:00-04:00,194.07000732421875,194.42999267578125,194.05999755859375,194.35000610351562,335927,NVDA,NVIDIA,Nasdaq,USD,20260706_112032
2026-07-02 12:20:00-04:00,194.0800018310547,194.1300048828125,193.7949981689453,194.0749969482422,515610,NVDA,NVIDIA,Nasdaq,USD,20260706_112032
2026-07-02 12:21:00-04:00,193.9600067138672,194.14999389648438,193.9149932861328,194.08999633789062,242442,NVDA,NVIDIA,Nasdaq,USD,20260706_112032
2026-07-02 12:22:00-04:00,193.82000732421875,193.97999572753906,193.7100067138672,193.9600067138672,369511,NVDA,NVIDIA,Nasdaq,USD,20260706_112032
2026-07-02 12:23:00-04:00,193.6999969482422,193.90499877929688,193.69140625,193.8300018310547,232949,NVDA,NVIDIA,Nasdaq,USD,20260706_112032
2026-07-02 12:24:00-04:00,193.8699951171875,193.94000244140625,193.625,193.6999969482422,280257,NVDA,NVIDIA,Nasdaq,USD,20260706_112032
2026-07-02 12:25:00-04:00,193.92999267578125,194.12989807128906,193.8699951171875,193.875,285501,NVDA,NVIDIA,Nasdaq,USD,20260706_112032
2026-07-02 12:26:00-04:00,193.8350067138672,193.9499969482422,193.6999969482422,193.91000366210938,212881,NVDA,NVIDIA,Nasdaq,USD,20260706_112032
2026-07-02 12:27:00-04:00,193.9550018310547,193.97999572753906,193.83999633789062,193.83999633789062,262255,NVDA,NVIDIA,Nasdaq,USD,20260706_112032
2026-07-02 12:28:00-04:00,193.99000549316406,194.02000427246094,193.8699951171875,193.9499969482422,131509,NVDA,NVIDIA,Nasdaq,USD,20260706_112032
2026-07-02 12:29:00-04:00,193.7899932861328,194.06500244140625,193.6699981689453,193.99000549316406,131970,NVDA,NVIDIA,Nasdaq,USD,20260706_112032
2026-07-02 12:30:00-04:00,193.7550048828125,193.86000061035156,193.6699981689453,193.7899932861328,226301,NVDA,NVIDIA,Nasdaq,USD,20260706_112032
2026-07-02 12:31:00-04:00,193.69000244140625,193.80499267578125,193.66000366210938,193.74049377441406,215400,NVDA,NVIDIA,Nasdaq,USD,20260706_112032
2026-07-02 12:32:00-04:00,193.6750030517578,193.75,193.6199951171875,193.6699981689453,167067,NVDA,NVIDIA,Nasdaq,USD,20260706_112032
2026-07-02 12:33:00-04:00,193.73049926757812,193.85000610351562,193.6649932861328,193.6649932861328,154462,NVDA,NVIDIA,Nasdaq,USD,20260706_112032
2026-07-02 12:34:00-04:00,193.47000122070312,193.75,193.4600067138672,193.74000549316406,267759,NVDA,NVIDIA,Nasdaq,USD,20260706_112032
2026-07-02 12:35:00-04:00,193.6300048828125,193.63999938964844,193.38999938964844,193.4600067138672,288832,NVDA,NVIDIA,Nasdaq,USD,20260706_112032
2026-07-02 12:36:00-04:00,193.38999938964844,193.66000366210938,193.30999755859375,193.6300048828125,343132,NVDA,NVIDIA,Nasdaq,USD,20260706_112032
2026-07-02 12:37:00-04:00,193.22000122070312,193.5756072998047,193.17999267578125,193.38450622558594,292147,NVDA,NVIDIA,Nasdaq,USD,20260706_112032
2026-07-02 12:38:00-04:00,193.35000610351562,193.3972930908203,193.22000122070312,193.22000122070312,212147,NVDA,NVIDIA,Nasdaq,USD,20260706_112032
2026-07-02 12:39:00-04:00,193.43499755859375,193.45970153808594,193.25,193.3300018310547,175488,NVDA,NVIDIA,Nasdaq,USD,20260706_112032
2026-07-02 12:40:00-04:00,193.75010681152344,193.7899932861328,193.39999389648438,193.44009399414062,287573,NVDA,NVIDIA,Nasdaq,USD,20260706_112032
2026-07-02 12:41:00-04:00,193.64999389648438,193.85000610351562,193.63499450683594,193.75,216552,NVDA,NVIDIA,Nasdaq,USD,20260706_112032
2026-07-02 12:42:00-04:00,193.76499938964844,193.85000610351562,193.60000610351562,193.63999938964844,237498,NVDA,NVIDIA,Nasdaq,USD,20260706_112032
2026-07-02 12:43:00-04:00,193.9199981689453,194.02000427246094,193.6999969482422,193.76499938964844,229177,NVDA,NVIDIA,Nasdaq,USD,20260706_112032
2026-07-02 12:44:00-04:00,194.0399932861328,194.15989685058594,193.9250030517578,193.9250030517578,251338,NVDA,NVIDIA,Nasdaq,USD,20260706_112032
2026-07-02 12:45:00-04:00,194.0,194.0800018310547,193.8699951171875,194.0399932861328,199672,NVDA,NVIDIA,Nasdaq,USD,20260706_112032
2026-07-02 12:46:00-04:00,193.97000122070312,194.05999755859375,193.9149932861328,193.99000549316406,124890,NVDA,NVIDIA,Nasdaq,USD,20260706_112032
2026-07-02 12:47:00-04:00,194.07000732421875,194.1092071533203,193.94000244140625,193.96499633789062,150897,NVDA,NVIDIA,Nasdaq,USD,20260706_112032
2026-07-02 12:48:00-04:00,194.10000610351562,194.14999389648438,193.92999267578125,194.0601043701172,134088,NVDA,NVIDIA,Nasdaq,USD,20260706_112032
2026-07-02 12:49:00-04:00,193.89990234375,194.14999389648438,193.85499572753906,194.10000610351562,167999,NVDA,NVIDIA,Nasdaq,USD,20260706_112032
2026-07-02 12:50:00-04:00,193.72999572753906,193.89639282226562,193.63999938964844,193.8914031982422,265710,NVDA,NVIDIA,Nasdaq,USD,20260706_112032
2026-07-02 12:51:00-04:00,193.86000061035156,193.86500549316406,193.67999267578125,193.72999572753906,197526,NVDA,NVIDIA,Nasdaq,USD,20260706_112032
2026-07-02 12:52:00-04:00,193.99000549316406,194.0,193.75999450683594,193.83999633789062,197091,NVDA,NVIDIA,Nasdaq,USD,20260706_112032
2026-07-02 12:53:00-04:00,193.8249969482422,194.0500030517578,193.74000549316406,193.97999572753906,174992,NVDA,NVIDIA,Nasdaq,USD,20260706_112032
2026-07-02 12:54:00-04:00,193.86990356445312,194.0050048828125,193.81509399414062,193.83999633789062,148694,NVDA,NVIDIA,Nasdaq,USD,20260706_112032
2026-07-02 12:55:00-04:00,193.61500549316406,193.87750244140625,193.57009887695312,193.8699951171875,220408,NVDA,NVIDIA,Nasdaq,USD,20260706_112032
2026-07-02 12:56:00-04:00,193.29010009765625,193.62989807128906,193.27000427246094,193.62989807128906,271990,NVDA,NVIDIA,Nasdaq,USD,20260706_112032
2026-07-02 12:57:00-04:00,193.2100067138672,193.41000366210938,193.1999969482422,193.2899932861328,182074,NVDA,NVIDIA,Nasdaq,USD,20260706_112032
2026-07-02 12:58:00-04:00,193.32000732421875,193.33999633789062,193.1300048828125,193.22000122070312,201441,NVDA,NVIDIA,Nasdaq,USD,20260706_112032
2026-07-02 12:59:00-04:00,193.49000549316406,193.5399932861328,193.30999755859375,193.32000732421875,165575,NVDA,NVIDIA,Nasdaq,USD,20260706_112032
2026-07-02 13:00:00-04:00,193.11000061035156,193.50999450683594,193.10009765625,193.5,184422,NVDA,NVIDIA,Nasdaq,USD,20260706_112032
2026-07-02 13:01:00-04:00,193.01499938964844,193.22999572753906,192.9199981689453,193.11000061035156,605688,NVDA,NVIDIA,Nasdaq,USD,20260706_112032
2026-07-02 13:02:00-04:00,193.03500366210938,193.26499938964844,192.99000549316406,193.02000427246094,284821,NVDA,NVIDIA,Nasdaq,USD,20260706_112032
2026-07-02 13:03:00-04:00,193.02999877929688,193.0500030517578,192.8800048828125,193.02499389648438,230921,NVDA,NVIDIA,Nasdaq,USD,20260706_112032
2026-07-02 13:04:00-04:00,193.0500030517578,193.07989501953125,192.88999938964844,193.02999877929688,179406,NVDA,NVIDIA,Nasdaq,USD,20260706_112032
2026-07-02 13:05:00-04:00,193.27000427246094,193.27000427246094,192.88999938964844,193.0500030517578,277843,NVDA,NVIDIA,Nasdaq,USD,20260706_112032
2026-07-02 13:06:00-04:00,193.5399932861328,193.5500030517578,193.2205047607422,193.27000427246094,221653,NVDA,NVIDIA,Nasdaq,USD,20260706_112032
2026-07-02 13:07:00-04:00,193.58999633789062,193.72000122070312,193.50999450683594,193.5449981689453,149253,NVDA,NVIDIA,Nasdaq,USD,20260706_112032
2026-07-02 13:08:00-04:00,193.41000366210938,193.60000610351562,193.22000122070312,193.60000610351562,205746,NVDA,NVIDIA,Nasdaq,USD,20260706_112032
2026-07-02 13:09:00-04:00,193.2100067138672,193.4600067138672,193.19000244140625,193.41000366210938,151649,NVDA,NVIDIA,Nasdaq,USD,20260706_112032
2026-07-02 13:10:00-04:00,193.2100067138672,193.33999633789062,193.07009887695312,193.20030212402344,142359,NVDA,NVIDIA,Nasdaq,USD,20260706_112032
2026-07-02 13:11:00-04:00,193.2449951171875,193.25999450683594,193.14999389648438,193.20989990234375,117817,NVDA,NVIDIA,Nasdaq,USD,20260706_112032
2026-07-02 13:12:00-04:00,193.02999877929688,193.29049682617188,193.01010131835938,193.24000549316406,175710,NVDA,NVIDIA,Nasdaq,USD,20260706_112032
2026-07-02 13:13:00-04:00,192.97000122070312,193.11500549316406,192.8800048828125,193.00999450683594,285104,NVDA,NVIDIA,Nasdaq,USD,20260706_112032
2026-07-02 13:14:00-04:00,193.0749969482422,193.22999572753906,192.97000122070312,192.97999572753906,190420,NVDA,NVIDIA,Nasdaq,USD,20260706_112032
2026-07-02 13:15:00-04:00,192.92999267578125,193.07000732421875,192.9250030517578,193.07000732421875,191514,NVDA,NVIDIA,Nasdaq,USD,20260706_112032
2026-07-02 13:16:00-04:00,193.2100067138672,193.22000122070312,192.9300994873047,192.9398956298828,156032,NVDA,NVIDIA,Nasdaq,USD,20260706_112032
2026-07-02 13:17:00-04:00,193.1999969482422,193.40989685058594,193.16000366210938,193.22000122070312,224917,NVDA,NVIDIA,Nasdaq,USD,20260706_112032
2026-07-02 13:18:00-04:00,193.1999969482422,193.33999633789062,193.16000366210938,193.2100067138672,121758,NVDA,NVIDIA,Nasdaq,USD,20260706_112032
2026-07-02 13:19:00-04:00,193.0699005126953,193.22000122070312,193.02000427246094,193.2050018310547,136121,NVDA,NVIDIA,Nasdaq,USD,20260706_112032
2026-07-02 13:20:00-04:00,192.92999267578125,193.139892578125,192.91000366210938,193.05999755859375,209372,NVDA,NVIDIA,Nasdaq,USD,20260706_112032
2026-07-02 13:21:00-04:00,193.1199951171875,193.16000366210938,192.92999267578125,192.92999267578125,174340,NVDA,NVIDIA,Nasdaq,USD,20260706_112032
2026-07-02 13:22:00-04:00,193.1699981689453,193.35000610351562,193.11000061035156,193.1300048828125,147227,NVDA,NVIDIA,Nasdaq,USD,20260706_112032
2026-07-02 13:23:00-04:00,193.02000427246094,193.16200256347656,193.02000427246094,193.16000366210938,134225,NVDA,NVIDIA,Nasdaq,USD,20260706_112032
2026-07-02 13:24:00-04:00,192.9600067138672,193.13999938964844,192.91000366210938,193.02999877929688,173608,NVDA,NVIDIA,Nasdaq,USD,20260706_112032
2026-07-02 13:25:00-04:00,192.88999938964844,193.0500030517578,192.85000610351562,192.97000122070312,215949,NVDA,NVIDIA,Nasdaq,USD,20260706_112032
2026-07-02 13:26:00-04:00,192.83999633789062,193.0,192.76199340820312,192.88499450683594,185676,NVDA,NVIDIA,Nasdaq,USD,20260706_112032
2026-07-02 13:27:00-04:00,192.9250030517578,193.0,192.85000610351562,192.85000610351562,170779,NVDA,NVIDIA,Nasdaq,USD,20260706_112032
2026-07-02 13:28:00-04:00,193.0,193.02000427246094,192.89999389648438,192.92019653320312,201262,NVDA,NVIDIA,Nasdaq,USD,20260706_112032
2026-07-02 13:29:00-04:00,193.0500030517578,193.13999938964844,192.92999267578125,193.0,139498,NVDA,NVIDIA,Nasdaq,USD,20260706_112032
2026-07-02 13:30:00-04:00,193.02000427246094,193.1800994873047,193.02000427246094,193.0449981689453,189065,NVDA,NVIDIA,Nasdaq,USD,20260706_112032
2026-07-02 13:31:00-04:00,193.10000610351562,193.14990234375,193.01010131835938,193.02999877929688,120168,NVDA,NVIDIA,Nasdaq,USD,20260706_112032
2026-07-02 13:32:00-04:00,193.1649932861328,193.27999877929688,193.0601043701172,193.11000061035156,180018,NVDA,NVIDIA,Nasdaq,USD,20260706_112032
2026-07-02 13:33:00-04:00,193.0800018310547,193.23500061035156,193.01499938964844,193.1649932861328,144772,NVDA,NVIDIA,Nasdaq,USD,20260706_112032
2026-07-02 13:34:00-04:00,192.94000244140625,193.1699981689453,192.94000244140625,193.0800018310547,131762,NVDA,NVIDIA,Nasdaq,USD,20260706_112032
2026-07-02 13:35:00-04:00,192.90499877929688,193.02000427246094,192.72999572753906,192.92999267578125,230920,NVDA,NVIDIA,Nasdaq,USD,20260706_112032
2026-07-02 13:36:00-04:00,192.72999572753906,192.97000122070312,192.6699981689453,192.89500427246094,187402,NVDA,NVIDIA,Nasdaq,USD,20260706_112032
2026-07-02 13:37:00-04:00,192.66000366210938,192.75999450683594,192.60000610351562,192.74000549316406,162416,NVDA,NVIDIA,Nasdaq,USD,20260706_112032
2026-07-02 13:38:00-04:00,192.41000366210938,192.73300170898438,192.39500427246094,192.66000366210938,298980,NVDA,NVIDIA,Nasdaq,USD,20260706_112032
2026-07-02 13:39:00-04:00,192.3800048828125,192.5500030517578,192.36000061035156,192.4199981689453,204138,NVDA,NVIDIA,Nasdaq,USD,20260706_112032
2026-07-02 13:40:00-04:00,192.5605010986328,192.57000732421875,192.35000610351562,192.38999938964844,290634,NVDA,NVIDIA,Nasdaq,USD,20260706_112032
2026-07-02 13:41:00-04:00,192.9250030517578,193.02000427246094,192.54600524902344,192.54600524902344,238854,NVDA,NVIDIA,Nasdaq,USD,20260706_112032
2026-07-02 13:42:00-04:00,192.98500061035156,193.0399932861328,192.88009643554688,192.92999267578125,226534,NVDA,NVIDIA,Nasdaq,USD,20260706_112032
2026-07-02 13:43:00-04:00,192.9600067138672,192.99000549316406,192.82000732421875,192.9499969482422,140949,NVDA,NVIDIA,Nasdaq,USD,20260706_112032
2026-07-02 13:44:00-04:00,192.9499969482422,193.0399932861328,192.86000061035156,192.9600067138672,178894,NVDA,NVIDIA,Nasdaq,USD,20260706_112032
2026-07-02 13:45:00-04:00,192.78500366210938,193.0500030517578,192.76499938964844,192.9499969482422,179289,NVDA,NVIDIA,Nasdaq,USD,20260706_112032
2026-07-02 13:46:00-04:00,192.80999755859375,192.8800048828125,192.72999572753906,192.7899932861328,160466,NVDA,NVIDIA,Nasdaq,USD,20260706_112032
2026-07-02 13:47:00-04:00,192.6199951171875,192.82000732421875,192.61000061035156,192.8000030517578,189716,NVDA,NVIDIA,Nasdaq,USD,20260706_112032
2026-07-02 13:48:00-04:00,192.7949981689453,192.8699951171875,192.52000427246094,192.6199951171875,268587,NVDA,NVIDIA,Nasdaq,USD,20260706_112032
2026-07-02 13:49:00-04:00,192.83999633789062,192.92999267578125,192.7899932861328,192.7949981689453,167361,NVDA,NVIDIA,Nasdaq,USD,20260706_112032
2026-07-02 13:50:00-04:00,192.80999755859375,192.88999938964844,192.66000366210938,192.82000732421875,191699,NVDA,NVIDIA,Nasdaq,USD,20260706_112032
2026-07-02 13:51:00-04:00,192.85499572753906,192.94000244140625,192.72500610351562,192.80999755859375,180512,NVDA,NVIDIA,Nasdaq,USD,20260706_112032
2026-07-02 13:52:00-04:00,192.86000061035156,192.88999938964844,192.6699981689453,192.85499572753906,144725,NVDA,NVIDIA,Nasdaq,USD,20260706_112032
2026-07-02 13:53:00-04:00,192.8800048828125,192.92999267578125,192.83999633789062,192.86000061035156,104779,NVDA,NVIDIA,Nasdaq,USD,20260706_112032
2026-07-02 13:54:00-04:00,193.05999755859375,193.1199951171875,192.8800048828125,192.88999938964844,206035,NVDA,NVIDIA,Nasdaq,USD,20260706_112032
2026-07-02 13:55:00-04:00,192.97999572753906,193.14999389648438,192.9499969482422,193.0850067138672,173131,NVDA,NVIDIA,Nasdaq,USD,20260706_112032
2026-07-02 13:56:00-04:00,192.83999633789062,192.97999572753906,192.77999877929688,192.97000122070312,136024,NVDA,NVIDIA,Nasdaq,USD,20260706_112032
2026-07-02 13:57:00-04:00,192.77000427246094,192.91000366210938,192.7301025390625,192.85000610351562,128305,NVDA,NVIDIA,Nasdaq,USD,20260706_112032
2026-07-02 13:58:00-04:00,192.5399932861328,192.75999450683594,192.52000427246094,192.75999450683594,192004,NVDA,NVIDIA,Nasdaq,USD,20260706_112032
2026-07-02 13:59:00-04:00,192.5449981689453,192.63499450683594,192.38999938964844,192.5449981689453,271220,NVDA,NVIDIA,Nasdaq,USD,20260706_112032
2026-07-02 14:00:00-04:00,192.7100067138672,192.73500061035156,192.5,192.5449981689453,269699,NVDA,NVIDIA,Nasdaq,USD,20260706_112032
2026-07-02 14:01:00-04:00,192.74000549316406,192.8000030517578,192.62010192871094,192.6999969482422,214208,NVDA,NVIDIA,Nasdaq,USD,20260706_112032
2026-07-02 14:02:00-04:00,192.7100067138672,192.77999877929688,192.6699981689453,192.74000549316406,121572,NVDA,NVIDIA,Nasdaq,USD,20260706_112032
2026-07-02 14:03:00-04:00,192.7100067138672,192.74989318847656,192.66000366210938,192.70989990234375,138919,NVDA,NVIDIA,Nasdaq,USD,20260706_112032
2026-07-02 14:04:00-04:00,192.85499572753906,192.86000061035156,192.6699981689453,192.7100067138672,148748,NVDA,NVIDIA,Nasdaq,USD,20260706_112032
2026-07-02 14:05:00-04:00,193.072998046875,193.1699981689453,192.85000610351562,192.85499572753906,206057,NVDA,NVIDIA,Nasdaq,USD,20260706_112032
2026-07-02 14:06:00-04:00,193.36000061035156,193.4698028564453,193.0,193.07000732421875,293348,NVDA,NVIDIA,Nasdaq,USD,20260706_112032
2026-07-02 14:07:00-04:00,193.22500610351562,193.38499450683594,193.22000122070312,193.35000610351562,187301,NVDA,NVIDIA,Nasdaq,USD,20260706_112032
2026-07-02 14:08:00-04:00,193.30520629882812,193.3300018310547,193.17999267578125,193.2299041748047,155769,NVDA,NVIDIA,Nasdaq,USD,20260706_112032
2026-07-02 14:09:00-04:00,193.4949951171875,193.50999450683594,193.27999877929688,193.32000732421875,182859,NVDA,NVIDIA,Nasdaq,USD,20260706_112032
2026-07-02 14:10:00-04:00,193.610107421875,193.6999053955078,193.4499969482422,193.49009704589844,289482,NVDA,NVIDIA,Nasdaq,USD,20260706_112032
2026-07-02 14:11:00-04:00,193.5449981689453,193.6999969482422,193.48199462890625,193.6199951171875,168964,NVDA,NVIDIA,Nasdaq,USD,20260706_112032
2026-07-02 14:12:00-04:00,193.58999633789062,193.64999389648438,193.48500061035156,193.5449981689453,178580,NVDA,NVIDIA,Nasdaq,USD,20260706_112032
2026-07-02 14:13:00-04:00,193.375,193.59640502929688,193.37010192871094,193.5800018310547,146119,NVDA,NVIDIA,Nasdaq,USD,20260706_112032
2026-07-02 14:14:00-04:00,193.19509887695312,193.4199981689453,193.14999389648438,193.375,173612,NVDA,NVIDIA,Nasdaq,USD,20260706_112032
2026-07-02 14:15:00-04:00,193.1750030517578,193.25,193.0019989013672,193.19009399414062,192053,NVDA,NVIDIA,Nasdaq,USD,20260706_112032
2026-07-02 14:16:00-04:00,193.1403045654297,193.22999572753906,193.0500030517578,193.17999267578125,158157,NVDA,NVIDIA,Nasdaq,USD,20260706_112032
2026-07-02 14:17:00-04:00,192.82009887695312,193.14500427246094,192.80999755859375,193.14500427246094,227682,NVDA,NVIDIA,Nasdaq,USD,20260706_112032
2026-07-02 14:18:00-04:00,192.77499389648438,193.00990295410156,192.58999633789062,192.83999633789062,418312,NVDA,NVIDIA,Nasdaq,USD,20260706_112032
2026-07-02 14:19:00-04:00,192.92999267578125,192.9499969482422,192.74000549316406,192.7899932861328,180077,NVDA,NVIDIA,Nasdaq,USD,20260706_112032
2026-07-02 14:20:00-04:00,193.10000610351562,193.1199951171875,192.8800048828125,192.91000366210938,183015,NVDA,NVIDIA,Nasdaq,USD,20260706_112032
2026-07-02 14:21:00-04:00,193.0500030517578,193.1999969482422,192.97000122070312,193.11000061035156,171769,NVDA,NVIDIA,Nasdaq,USD,20260706_112032
2026-07-02 14:22:00-04:00,193.19000244140625,193.27999877929688,193.02000427246094,193.04010009765625,158482,NVDA,NVIDIA,Nasdaq,USD,20260706_112032
2026-07-02 14:23:00-04:00,193.14999389648438,193.19000244140625,193.07009887695312,193.19000244140625,139139,NVDA,NVIDIA,Nasdaq,USD,20260706_112032
2026-07-02 14:24:00-04:00,193.30799865722656,193.32000732421875,193.14500427246094,193.14999389648438,127624,NVDA,NVIDIA,Nasdaq,USD,20260706_112032
2026-07-02 14:25:00-04:00,193.3300018310547,193.55999755859375,193.2899932861328,193.30499267578125,212980,NVDA,NVIDIA,Nasdaq,USD,20260706_112032
2026-07-02 14:26:00-04:00,193.56500244140625,193.58999633789062,193.25999450683594,193.32000732421875,182312,NVDA,NVIDIA,Nasdaq,USD,20260706_112032
2026-07-02 14:27:00-04:00,193.5399932861328,193.6699981689453,193.47000122070312,193.56500244140625,157912,NVDA,NVIDIA,Nasdaq,USD,20260706_112032
2026-07-02 14:28:00-04:00,193.66000366210938,193.72509765625,193.52999877929688,193.5399932861328,175982,NVDA,NVIDIA,Nasdaq,USD,20260706_112032
2026-07-02 14:29:00-04:00,193.76260375976562,193.86000061035156,193.63999938964844,193.66000366210938,288846,NVDA,NVIDIA,Nasdaq,USD,20260706_112032
2026-07-02 14:30:00-04:00,193.77650451660156,193.88499450683594,193.64999389648438,193.75999450683594,162010,NVDA,NVIDIA,Nasdaq,USD,20260706_112032
2026-07-02 14:31:00-04:00,193.87010192871094,193.88999938964844,193.75,193.77459716796875,142238,NVDA,NVIDIA,Nasdaq,USD,20260706_112032
2026-07-02 14:32:00-04:00,193.8350067138672,193.88999938964844,193.69000244140625,193.875,198173,NVDA,NVIDIA,Nasdaq,USD,20260706_112032
2026-07-02 14:33:00-04:00,193.83999633789062,193.9499969482422,193.82000732421875,193.8300018310547,204983,NVDA,NVIDIA,Nasdaq,USD,20260706_112032
2026-07-02 14:34:00-04:00,193.60000610351562,193.83999633789062,193.5399932861328,193.83009338378906,227574,NVDA,NVIDIA,Nasdaq,USD,20260706_112032
2026-07-02 14:35:00-04:00,193.5399932861328,193.7100067138672,193.52499389648438,193.6199951171875,165906,NVDA,NVIDIA,Nasdaq,USD,20260706_112032
2026-07-02 14:36:00-04:00,193.39999389648438,193.55999755859375,193.38999938964844,193.5449981689453,145526,NVDA,NVIDIA,Nasdaq,USD,20260706_112032
2026-07-02 14:37:00-04:00,193.5399932861328,193.57899475097656,193.38499450683594,193.41000366210938,104166,NVDA,NVIDIA,Nasdaq,USD,20260706_112032
2026-07-02 14:38:00-04:00,193.44000244140625,193.64999389648438,193.41000366210938,193.5341033935547,159247,NVDA,NVIDIA,Nasdaq,USD,20260706_112032
2026-07-02 14:39:00-04:00,193.46499633789062,193.52000427246094,193.36000061035156,193.4300994873047,110186,NVDA,NVIDIA,Nasdaq,USD,20260706_112032
2026-07-02 14:40:00-04:00,193.48500061035156,193.52000427246094,193.40499877929688,193.47000122070312,203991,NVDA,NVIDIA,Nasdaq,USD,20260706_112032
2026-07-02 14:41:00-04:00,193.36000061035156,193.50999450683594,193.3300018310547,193.49000549316406,108893,NVDA,NVIDIA,Nasdaq,USD,20260706_112032
2026-07-02 14:42:00-04:00,193.3800048828125,193.4499969482422,193.35989379882812,193.35989379882812,191310,NVDA,NVIDIA,Nasdaq,USD,20260706_112032
2026-07-02 14:43:00-04:00,193.3800048828125,193.4499969482422,193.30999755859375,193.3699951171875,149408,NVDA,NVIDIA,Nasdaq,USD,20260706_112032
2026-07-02 14:44:00-04:00,193.22500610351562,193.45849609375,193.20069885253906,193.40989685058594,110929,NVDA,NVIDIA,Nasdaq,USD,20260706_112032
2026-07-02 14:45:00-04:00,192.9290008544922,193.2299041748047,192.89999389648438,193.22000122070312,254721,NVDA,NVIDIA,Nasdaq,USD,20260706_112032
2026-07-02 14:46:00-04:00,192.99000549316406,193.0800018310547,192.9199981689453,192.9250030517578,246862,NVDA,NVIDIA,Nasdaq,USD,20260706_112032
2026-07-02 14:47:00-04:00,193.2050018310547,193.22999572753906,192.99000549316406,192.99000549316406,216640,NVDA,NVIDIA,Nasdaq,USD,20260706_112032
2026-07-02 14:48:00-04:00,193.3800048828125,193.38999938964844,193.17999267578125,193.1999969482422,134476,NVDA,NVIDIA,Nasdaq,USD,20260706_112032
2026-07-02 14:49:00-04:00,193.44979858398438,193.4600067138672,193.33999633789062,193.375,153155,NVDA,NVIDIA,Nasdaq,USD,20260706_112032
2026-07-02 14:50:00-04:00,193.52999877929688,193.53990173339844,193.33160400390625,193.44000244140625,137213,NVDA,NVIDIA,Nasdaq,USD,20260706_112032
2026-07-02 14:51:00-04:00,193.57000732421875,193.6699981689453,193.52000427246094,193.53419494628906,136182,NVDA,NVIDIA,Nasdaq,USD,20260706_112032
2026-07-02 14:52:00-04:00,193.69000244140625,193.75999450683594,193.5605010986328,193.5749969482422,181554,NVDA,NVIDIA,Nasdaq,USD,20260706_112032
2026-07-02 14:53:00-04:00,193.49000549316406,193.69000244140625,193.42999267578125,193.67999267578125,157322,NVDA,NVIDIA,Nasdaq,USD,20260706_112032
2026-07-02 14:54:00-04:00,193.4600067138672,193.5399932861328,193.4001007080078,193.49989318847656,139953,NVDA,NVIDIA,Nasdaq,USD,20260706_112032
2026-07-02 14:55:00-04:00,193.56500244140625,193.57029724121094,193.4149932861328,193.4600067138672,154005,NVDA,NVIDIA,Nasdaq,USD,20260706_112032
2026-07-02 14:56:00-04:00,193.3800048828125,193.67999267578125,193.26499938964844,193.57000732421875,294773,NVDA,NVIDIA,Nasdaq,USD,20260706_112032
2026-07-02 14:57:00-04:00,193.4976043701172,193.54010009765625,193.36000061035156,193.38999938964844,147751,NVDA,NVIDIA,Nasdaq,USD,20260706_112032
2026-07-02 14:58:00-04:00,193.35000610351562,193.5749969482422,193.30999755859375,193.49000549316406,139967,NVDA,NVIDIA,Nasdaq,USD,20260706_112032
2026-07-02 14:59:00-04:00,193.42999267578125,193.4499969482422,193.22000122070312,193.3459014892578,131781,NVDA,NVIDIA,Nasdaq,USD,20260706_112032
2026-07-02 15:00:00-04:00,193.24000549316406,193.52999877929688,193.24000549316406,193.4199981689453,150753,NVDA,NVIDIA,Nasdaq,USD,20260706_112032
2026-07-02 15:01:00-04:00,193.17999267578125,193.27999877929688,193.0800018310547,193.22000122070312,162494,NVDA,NVIDIA,Nasdaq,USD,20260706_112032
2026-07-02 15:02:00-04:00,193.25999450683594,193.36000061035156,193.1300048828125,193.18499755859375,227509,NVDA,NVIDIA,Nasdaq,USD,20260706_112032
2026-07-02 15:03:00-04:00,193.16000366210938,193.3101043701172,193.14999389648438,193.2550048828125,98439,NVDA,NVIDIA,Nasdaq,USD,20260706_112032
2026-07-02 15:04:00-04:00,192.7899932861328,193.21499633789062,192.72999572753906,193.15859985351562,292271,NVDA,NVIDIA,Nasdaq,USD,20260706_112032
2026-07-02 15:05:00-04:00,192.72000122070312,192.88999938964844,192.64500427246094,192.78500366210938,212416,NVDA,NVIDIA,Nasdaq,USD,20260706_112032
2026-07-02 15:06:00-04:00,192.85000610351562,192.97000122070312,192.6501007080078,192.7100067138672,220049,NVDA,NVIDIA,Nasdaq,USD,20260706_112032
2026-07-02 15:07:00-04:00,192.6699981689453,192.88999938964844,192.57000732421875,192.83999633789062,235237,NVDA,NVIDIA,Nasdaq,USD,20260706_112032
2026-07-02 15:08:00-04:00,192.6699981689453,192.75,192.61000061035156,192.66000366210938,120159,NVDA,NVIDIA,Nasdaq,USD,20260706_112032
2026-07-02 15:09:00-04:00,192.67999267578125,192.77000427246094,192.6300048828125,192.6699981689453,161113,NVDA,NVIDIA,Nasdaq,USD,20260706_112032
2026-07-02 15:10:00-04:00,192.7050018310547,192.75999450683594,192.52999877929688,192.67999267578125,175005,NVDA,NVIDIA,Nasdaq,USD,20260706_112032
2026-07-02 15:11:00-04:00,192.77999877929688,192.8300018310547,192.64999389648438,192.7100067138672,192885,NVDA,NVIDIA,Nasdaq,USD,20260706_112032
2026-07-02 15:12:00-04:00,192.82000732421875,192.88999938964844,192.7050018310547,192.77000427246094,175185,NVDA,NVIDIA,Nasdaq,USD,20260706_112032
2026-07-02 15:13:00-04:00,192.80999755859375,192.9196014404297,192.77000427246094,192.81500244140625,145774,NVDA,NVIDIA,Nasdaq,USD,20260706_112032
2026-07-02 15:14:00-04:00,192.88009643554688,192.97999572753906,192.75,192.80499267578125,174507,NVDA,NVIDIA,Nasdaq,USD,20260706_112032
2026-07-02 15:15:00-04:00,192.96009826660156,193.0399932861328,192.83009338378906,192.88499450683594,222041,NVDA,NVIDIA,Nasdaq,USD,20260706_112032
2026-07-02 15:16:00-04:00,192.88499450683594,192.97970581054688,192.7899932861328,192.96730041503906,150351,NVDA,NVIDIA,Nasdaq,USD,20260706_112032
2026-07-02 15:17:00-04:00,192.88499450683594,192.92999267578125,192.81500244140625,192.84500122070312,137979,NVDA,NVIDIA,Nasdaq,USD,20260706_112032
2026-07-02 15:18:00-04:00,192.9149932861328,192.9600067138672,192.7801055908203,192.8699951171875,158089,NVDA,NVIDIA,Nasdaq,USD,20260706_112032
2026-07-02 15:19:00-04:00,193.0500030517578,193.21499633789062,192.9199981689453,192.9199981689453,276504,NVDA,NVIDIA,Nasdaq,USD,20260706_112032
2026-07-02 15:20:00-04:00,192.91000366210938,193.1199951171875,192.8800048828125,193.0800018310547,207155,NVDA,NVIDIA,Nasdaq,USD,20260706_112032
2026-07-02 15:21:00-04:00,192.9199981689453,193.0299072265625,192.8300018310547,192.89999389648438,176511,NVDA,NVIDIA,Nasdaq,USD,20260706_112032
2026-07-02 15:22:00-04:00,192.8354949951172,192.98500061035156,192.81500244140625,192.9250030517578,244941,NVDA,NVIDIA,Nasdaq,USD,20260706_112032
2026-07-02 15:23:00-04:00,192.8300018310547,192.9499053955078,192.72000122070312,192.8249969482422,208355,NVDA,NVIDIA,Nasdaq,USD,20260706_112032
2026-07-02 15:24:00-04:00,192.80999755859375,192.86500549316406,192.7200927734375,192.8350067138672,161628,NVDA,NVIDIA,Nasdaq,USD,20260706_112032
2026-07-02 15:25:00-04:00,192.77999877929688,192.83999633789062,192.6999969482422,192.80999755859375,192913,NVDA,NVIDIA,Nasdaq,USD,20260706_112032
2026-07-02 15:26:00-04:00,192.80999755859375,192.8300018310547,192.64999389648438,192.7899932861328,263189,NVDA,NVIDIA,Nasdaq,USD,20260706_112032
2026-07-02 15:27:00-04:00,192.8000030517578,192.9600067138672,192.76499938964844,192.80999755859375,293004,NVDA,NVIDIA,Nasdaq,USD,20260706_112032
2026-07-02 15:28:00-04:00,193.15499877929688,193.23500061035156,192.77000427246094,192.7899932861328,270882,NVDA,NVIDIA,Nasdaq,USD,20260706_112032
2026-07-02 15:29:00-04:00,193.10499572753906,193.3300018310547,193.09010314941406,193.15499877929688,309534,NVDA,NVIDIA,Nasdaq,USD,20260706_112032
2026-07-02 15:30:00-04:00,193.35000610351562,193.36000061035156,193.06500244140625,193.11500549316406,296049,NVDA,NVIDIA,Nasdaq,USD,20260706_112032
2026-07-02 15:31:00-04:00,193.2550048828125,193.42999267578125,193.15499877929688,193.36000061035156,221978,NVDA,NVIDIA,Nasdaq,USD,20260706_112032
2026-07-02 15:32:00-04:00,193.30999755859375,193.4199981689453,193.2449951171875,193.2550048828125,206537,NVDA,NVIDIA,Nasdaq,USD,20260706_112032
2026-07-02 15:33:00-04:00,193.4250030517578,193.52000427246094,193.30999755859375,193.30999755859375,235550,NVDA,NVIDIA,Nasdaq,USD,20260706_112032
2026-07-02 15:34:00-04:00,193.54910278320312,193.5800018310547,193.3699951171875,193.42999267578125,218227,NVDA,NVIDIA,Nasdaq,USD,20260706_112032
2026-07-02 15:35:00-04:00,193.5800018310547,193.67999267578125,193.47000122070312,193.5399932861328,241612,NVDA,NVIDIA,Nasdaq,USD,20260706_112032
2026-07-02 15:36:00-04:00,193.47999572753906,193.60499572753906,193.42999267578125,193.57000732421875,279476,NVDA,NVIDIA,Nasdaq,USD,20260706_112032
2026-07-02 15:37:00-04:00,193.61000061035156,193.61399841308594,193.32000732421875,193.5,265266,NVDA,NVIDIA,Nasdaq,USD,20260706_112032
2026-07-02 15:38:00-04:00,193.69500732421875,193.8000030517578,193.57000732421875,193.6199951171875,253882,NVDA,NVIDIA,Nasdaq,USD,20260706_112032
2026-07-02 15:39:00-04:00,193.67999267578125,193.77999877929688,193.5749969482422,193.69009399414062,209360,NVDA,NVIDIA,Nasdaq,USD,20260706_112032
2026-07-02 15:40:00-04:00,193.69000244140625,193.72000122070312,193.51499938964844,193.67999267578125,196956,NVDA,NVIDIA,Nasdaq,USD,20260706_112032
2026-07-02 15:41:00-04:00,193.5325927734375,193.6999969482422,193.53050231933594,193.68499755859375,177102,NVDA,NVIDIA,Nasdaq,USD,20260706_112032
2026-07-02 15:42:00-04:00,193.59500122070312,193.6199951171875,193.44000244140625,193.5399932861328,244525,NVDA,NVIDIA,Nasdaq,USD,20260706_112032
2026-07-02 15:43:00-04:00,193.60499572753906,193.66000366210938,193.5449981689453,193.5959930419922,211837,NVDA,NVIDIA,Nasdaq,USD,20260706_112032
2026-07-02 15:44:00-04:00,193.6649932861328,193.75,193.52999877929688,193.60000610351562,229451,NVDA,NVIDIA,Nasdaq,USD,20260706_112032
2026-07-02 15:45:00-04:00,193.52999877929688,193.7449951171875,193.52999877929688,193.66000366210938,245181,NVDA,NVIDIA,Nasdaq,USD,20260706_112032
2026-07-02 15:46:00-04:00,193.52499389648438,193.64999389648438,193.41000366210938,193.52000427246094,348108,NVDA,NVIDIA,Nasdaq,USD,20260706_112032
2026-07-02 15:47:00-04:00,193.5449981689453,193.69000244140625,193.49000549316406,193.52999877929688,202418,NVDA,NVIDIA,Nasdaq,USD,20260706_112032
2026-07-02 15:48:00-04:00,193.57000732421875,193.61000061035156,193.4949951171875,193.5449981689453,811162,NVDA,NVIDIA,Nasdaq,USD,20260706_112032
2026-07-02 15:49:00-04:00,193.6300048828125,193.63499450683594,193.42999267578125,193.5625,309647,NVDA,NVIDIA,Nasdaq,USD,20260706_112032
2026-07-02 15:50:00-04:00,194.14999389648438,194.97999572753906,193.63999938964844,193.63999938964844,1132749,NVDA,NVIDIA,Nasdaq,USD,20260706_112032
2026-07-02 15:51:00-04:00,194.0850067138672,194.2100067138672,193.9499969482422,194.14999389648438,458008,NVDA,NVIDIA,Nasdaq,USD,20260706_112032
2026-07-02 15:52:00-04:00,194.02000427246094,194.1649932861328,193.91000366210938,194.0800018310547,398246,NVDA,NVIDIA,Nasdaq,USD,20260706_112032
2026-07-02 15:53:00-04:00,194.0800018310547,194.25999450683594,193.9300994873047,194.02999877929688,442665,NVDA,NVIDIA,Nasdaq,USD,20260706_112032
2026-07-02 15:54:00-04:00,194.67799377441406,194.67999267578125,194.02999877929688,194.08999633789062,679212,NVDA,NVIDIA,Nasdaq,USD,20260706_112032
2026-07-02 15:55:00-04:00,194.75070190429688,194.75999450683594,194.22999572753906,194.6699981689453,1006180,NVDA,NVIDIA,Nasdaq,USD,20260706_112032
2026-07-02 15:56:00-04:00,194.60499572753906,194.75999450683594,194.5500030517578,194.75,664992,NVDA,NVIDIA,Nasdaq,USD,20260706_112032
2026-07-02 15:57:00-04:00,194.7449951171875,194.80999755859375,194.60499572753906,194.60499572753906,869429,NVDA,NVIDIA,Nasdaq,USD,20260706_112032
2026-07-02 15:58:00-04:00,194.8300018310547,194.84500122070312,194.6699981689453,194.7449951171875,956771,NVDA,NVIDIA,Nasdaq,USD,20260706_112032
2026-07-02 15:59:00-04:00,194.6199951171875,195.0,194.33999633789062,194.8350067138672,3080294,NVDA,NVIDIA,Nasdaq,USD,20260706_112032
2026-07-06 09:30:00-04:00,194.35000610351562,194.88479614257812,194.0,194.38999938964844,5310397,NVDA,NVIDIA,Nasdaq,USD,20260706_144053
2026-07-06 09:31:00-04:00,194.4250030517578,194.8800048828125,194.11000061035156,194.28500366210938,462673,NVDA,NVIDIA,Nasdaq,USD,20260706_144053
2026-07-06 09:32:00-04:00,194.44000244140625,194.72509765625,194.3000030517578,194.5,382788,NVDA,NVIDIA,Nasdaq,USD,20260706_144053
2026-07-06 09:33:00-04:00,194.52000427246094,194.55999755859375,194.00999450683594,194.47500610351562,463887,NVDA,NVIDIA,Nasdaq,USD,20260706_144053
2026-07-06 09:34:00-04:00,194.8513946533203,194.8513946533203,194.1999969482422,194.52000427246094,426896,NVDA,NVIDIA,Nasdaq,USD,20260706_144053
2026-07-06 09:35:00-04:00,195.39999389648438,195.44000244140625,194.69000244140625,194.83009338378906,533904,NVDA,NVIDIA,Nasdaq,USD,20260706_144053
2026-07-06 09:36:00-04:00,194.80999755859375,195.40499877929688,194.44000244140625,195.3800048828125,408682,NVDA,NVIDIA,Nasdaq,USD,20260706_144053
2026-07-06 09:37:00-04:00,194.55999755859375,195.18350219726562,194.4499969482422,194.80990600585938,307265,NVDA,NVIDIA,Nasdaq,USD,20260706_144053
2026-07-06 09:38:00-04:00,194.81509399414062,194.97000122070312,194.56500244140625,194.56500244140625,255206,NVDA,NVIDIA,Nasdaq,USD,20260706_144053
2026-07-06 09:39:00-04:00,195.4250030517578,195.44000244140625,194.77999877929688,194.83929443359375,312365,NVDA,NVIDIA,Nasdaq,USD,20260706_144053
2026-07-06 09:40:00-04:00,195.02000427246094,195.47999572753906,194.8800048828125,195.4250030517578,330766,NVDA,NVIDIA,Nasdaq,USD,20260706_144053
2026-07-06 09:41:00-04:00,194.98080444335938,195.2899932861328,194.8699951171875,195.02999877929688,388597,NVDA,NVIDIA,Nasdaq,USD,20260706_144053
2026-07-06 09:42:00-04:00,194.9250030517578,195.0800018310547,194.6699981689453,194.97459411621094,303617,NVDA,NVIDIA,Nasdaq,USD,20260706_144053
2026-07-06 09:43:00-04:00,194.84500122070312,195.2050018310547,194.77999877929688,194.91000366210938,284907,NVDA,NVIDIA,Nasdaq,USD,20260706_144053
2026-07-06 09:44:00-04:00,195.36500549316406,195.39999389648438,194.86000061035156,194.8800048828125,351733,NVDA,NVIDIA,Nasdaq,USD,20260706_144053
2026-07-06 09:45:00-04:00,195.08999633789062,195.4600067138672,195.00999450683594,195.3800048828125,265176,NVDA,NVIDIA,Nasdaq,USD,20260706_144053
2026-07-06 09:46:00-04:00,194.64999389648438,195.1999969482422,194.6300048828125,195.0800018310547,329596,NVDA,NVIDIA,Nasdaq,USD,20260706_144053
2026-07-06 09:47:00-04:00,194.8000030517578,194.92999267578125,194.57000732421875,194.64999389648438,306006,NVDA,NVIDIA,Nasdaq,USD,20260706_144053
2026-07-06 09:48:00-04:00,194.97999572753906,195.07000732421875,194.71319580078125,194.83999633789062,229252,NVDA,NVIDIA,Nasdaq,USD,20260706_144053
2026-07-06 09:49:00-04:00,195.10000610351562,195.25390625,194.89999389648438,194.97999572753906,266300,NVDA,NVIDIA,Nasdaq,USD,20260706_144053
2026-07-06 09:50:00-04:00,195.57049560546875,195.58999633789062,194.90499877929688,195.11000061035156,438032,NVDA,NVIDIA,Nasdaq,USD,20260706_144053
2026-07-06 09:51:00-04:00,195.47000122070312,195.6199951171875,195.360107421875,195.58999633789062,323602,NVDA,NVIDIA,Nasdaq,USD,20260706_144053
2026-07-06 09:52:00-04:00,195.50950622558594,195.50950622558594,195.1199951171875,195.47000122070312,299606,NVDA,NVIDIA,Nasdaq,USD,20260706_144053
2026-07-06 09:53:00-04:00,195.52000427246094,195.5800018310547,195.32510375976562,195.49000549316406,311137,NVDA,NVIDIA,Nasdaq,USD,20260706_144053
2026-07-06 09:54:00-04:00,195.97000122070312,195.97000122070312,195.55999755859375,195.55999755859375,502070,NVDA,NVIDIA,Nasdaq,USD,20260706_144053
2026-07-06 09:55:00-04:00,196.28900146484375,196.72999572753906,195.9600067138672,195.97999572753906,692943,NVDA,NVIDIA,Nasdaq,USD,20260706_144053
2026-07-06 09:56:00-04:00,196.27999877929688,196.5,196.1699981689453,196.2899932861328,622225,NVDA,NVIDIA,Nasdaq,USD,20260706_144053
2026-07-06 09:57:00-04:00,196.01499938964844,196.47000122070312,195.9600067138672,196.2899932861328,351036,NVDA,NVIDIA,Nasdaq,USD,20260706_144053
2026-07-06 09:58:00-04:00,196.2301025390625,196.2899932861328,195.9600067138672,196.02000427246094,368972,NVDA,NVIDIA,Nasdaq,USD,20260706_144053
2026-07-06 09:59:00-04:00,196.27999877929688,196.36000061035156,196.13999938964844,196.24000549316406,341786,NVDA,NVIDIA,Nasdaq,USD,20260706_144053
2026-07-06 10:00:00-04:00,196.3715057373047,196.63999938964844,196.02999877929688,196.27999877929688,566676,NVDA,NVIDIA,Nasdaq,USD,20260706_144053
2026-07-06 10:01:00-04:00,196.28500366210938,196.6300048828125,196.22999572753906,196.38499450683594,357125,NVDA,NVIDIA,Nasdaq,USD,20260706_144053
2026-07-06 10:02:00-04:00,196.22500610351562,196.44009399414062,196.19000244140625,196.32000732421875,263361,NVDA,NVIDIA,Nasdaq,USD,20260706_144053
2026-07-06 10:03:00-04:00,196.27999877929688,196.4250030517578,196.14999389648438,196.22500610351562,211476,NVDA,NVIDIA,Nasdaq,USD,20260706_144053
2026-07-06 10:04:00-04:00,196.25999450683594,196.36000061035156,196.07000732421875,196.27999877929688,229046,NVDA,NVIDIA,Nasdaq,USD,20260706_144053
2026-07-06 10:05:00-04:00,196.61000061035156,196.6199951171875,196.22999572753906,196.2449951171875,401671,NVDA,NVIDIA,Nasdaq,USD,20260706_144053
2026-07-06 10:06:00-04:00,196.5749969482422,197.05999755859375,196.42999267578125,196.6199951171875,674820,NVDA,NVIDIA,Nasdaq,USD,20260706_144053
2026-07-06 10:07:00-04:00,196.42999267578125,196.63999938964844,196.13009643554688,196.57000732421875,255079,NVDA,NVIDIA,Nasdaq,USD,20260706_144053
2026-07-06 10:08:00-04:00,197.05999755859375,197.17999267578125,196.4199981689453,196.42999267578125,376906,NVDA,NVIDIA,Nasdaq,USD,20260706_144053
2026-07-06 10:09:00-04:00,197.1060028076172,197.4199981689453,197.00999450683594,197.0500030517578,498548,NVDA,NVIDIA,Nasdaq,USD,20260706_144053
2026-07-06 10:10:00-04:00,196.82000732421875,197.11500549316406,196.60000610351562,197.08999633789062,387468,NVDA,NVIDIA,Nasdaq,USD,20260706_144053
2026-07-06 10:11:00-04:00,196.74000549316406,196.97659301757812,196.61000061035156,196.81500244140625,315424,NVDA,NVIDIA,Nasdaq,USD,20260706_144053
2026-07-06 10:12:00-04:00,196.67999267578125,196.8000030517578,196.52000427246094,196.75,226107,NVDA,NVIDIA,Nasdaq,USD,20260706_144053
2026-07-06 10:13:00-04:00,196.53199768066406,196.69500732421875,196.4499969482422,196.68499755859375,275733,NVDA,NVIDIA,Nasdaq,USD,20260706_144053
2026-07-06 10:14:00-04:00,196.60000610351562,196.8300018310547,196.50999450683594,196.51980590820312,247752,NVDA,NVIDIA,Nasdaq,USD,20260706_144053
2026-07-06 10:15:00-04:00,196.55999755859375,196.7100067138672,196.50999450683594,196.60499572753906,203971,NVDA,NVIDIA,Nasdaq,USD,20260706_144053
2026-07-06 10:16:00-04:00,196.7100067138672,196.74000549316406,196.4550018310547,196.55259704589844,214213,NVDA,NVIDIA,Nasdaq,USD,20260706_144053
2026-07-06 10:17:00-04:00,196.60000610351562,196.75970458984375,196.52999877929688,196.6999969482422,193844,NVDA,NVIDIA,Nasdaq,USD,20260706_144053
2026-07-06 10:18:00-04:00,196.50999450683594,196.63999938964844,196.3800048828125,196.58999633789062,204013,NVDA,NVIDIA,Nasdaq,USD,20260706_144053
2026-07-06 10:19:00-04:00,196.28500366210938,196.5601043701172,196.25999450683594,196.5,214305,NVDA,NVIDIA,Nasdaq,USD,20260706_144053
2026-07-06 10:20:00-04:00,196.33999633789062,196.38999938964844,196.28199768066406,196.2899932861328,154395,NVDA,NVIDIA,Nasdaq,USD,20260706_144053
2026-07-06 10:21:00-04:00,195.9199981689453,196.33999633789062,195.91070556640625,196.33999633789062,448345,NVDA,NVIDIA,Nasdaq,USD,20260706_144053
2026-07-06 10:22:00-04:00,196.1300048828125,196.30499267578125,195.87100219726562,195.91000366210938,312789,NVDA,NVIDIA,Nasdaq,USD,20260706_144053
2026-07-06 10:23:00-04:00,196.22999572753906,196.3800048828125,196.08999633789062,196.1199951171875,323383,NVDA,NVIDIA,Nasdaq,USD,20260706_144053
2026-07-06 10:24:00-04:00,196.5198974609375,196.55209350585938,196.1999969482422,196.22000122070312,186590,NVDA,NVIDIA,Nasdaq,USD,20260706_144053
2026-07-06 10:25:00-04:00,196.5395050048828,196.6300048828125,196.47999572753906,196.52999877929688,196794,NVDA,NVIDIA,Nasdaq,USD,20260706_144053
2026-07-06 10:26:00-04:00,196.52999877929688,196.57000732421875,196.35079956054688,196.53500366210938,166925,NVDA,NVIDIA,Nasdaq,USD,20260706_144053
2026-07-06 10:27:00-04:00,196.5500030517578,196.61000061035156,196.3800048828125,196.5299072265625,152676,NVDA,NVIDIA,Nasdaq,USD,20260706_144053
2026-07-06 10:28:00-04:00,196.47999572753906,196.6199951171875,196.36500549316406,196.531005859375,187671,NVDA,NVIDIA,Nasdaq,USD,20260706_144053
2026-07-06 10:29:00-04:00,196.57400512695312,196.74989318847656,196.44000244140625,196.47500610351562,171628,NVDA,NVIDIA,Nasdaq,USD,20260706_144053
2026-07-06 10:30:00-04:00,196.4945068359375,196.74000549316406,196.44009399414062,196.58990478515625,176935,NVDA,NVIDIA,Nasdaq,USD,20260706_144053
2026-07-06 10:31:00-04:00,196.4149932861328,196.50999450683594,196.360107421875,196.49000549316406,138815,NVDA,NVIDIA,Nasdaq,USD,20260706_144053
2026-07-06 10:32:00-04:00,196.47999572753906,196.5,196.38009643554688,196.4199981689453,99289,NVDA,NVIDIA,Nasdaq,USD,20260706_144053
2026-07-06 10:33:00-04:00,196.39999389648438,196.52830505371094,196.39999389648438,196.46499633789062,133422,NVDA,NVIDIA,Nasdaq,USD,20260706_144053
2026-07-06 10:34:00-04:00,196.6708984375,196.72000122070312,196.360107421875,196.3939971923828,192807,NVDA,NVIDIA,Nasdaq,USD,20260706_144053
2026-07-06 10:35:00-04:00,196.52000427246094,196.67999267578125,196.40980529785156,196.67999267578125,217950,NVDA,NVIDIA,Nasdaq,USD,20260706_144053
2026-07-06 10:36:00-04:00,196.43930053710938,196.75999450683594,196.4199981689453,196.5,165449,NVDA,NVIDIA,Nasdaq,USD,20260706_144053
2026-07-06 10:37:00-04:00,196.50999450683594,196.60000610351562,196.35000610351562,196.42999267578125,192302,NVDA,NVIDIA,Nasdaq,USD,20260706_144053
2026-07-06 10:38:00-04:00,196.3896942138672,196.5500030517578,196.375,196.5198974609375,188592,NVDA,NVIDIA,Nasdaq,USD,20260706_144053
2026-07-06 10:39:00-04:00,196.22999572753906,196.52000427246094,196.1999969482422,196.41000366210938,229665,NVDA,NVIDIA,Nasdaq,USD,20260706_144053
2026-07-06 10:40:00-04:00,196.17999267578125,196.17999267578125,196.17999267578125,196.17999267578125,0,NVDA,NVIDIA,Nasdaq,USD,20260706_144053
2026-07-06 09:30:00-04:00,194.35000610351562,194.88479614257812,194.0,194.38999938964844,5310397,NVDA,NVIDIA,Nasdaq,USD,20260706_173316
2026-07-06 09:31:00-04:00,194.4250030517578,194.8800048828125,194.11000061035156,194.28500366210938,462673,NVDA,NVIDIA,Nasdaq,USD,20260706_173316
2026-07-06 09:32:00-04:00,194.44000244140625,194.72509765625,194.3000030517578,194.5,382788,NVDA,NVIDIA,Nasdaq,USD,20260706_173316
2026-07-06 09:33:00-04:00,194.52000427246094,194.55999755859375,194.00999450683594,194.47500610351562,463887,NVDA,NVIDIA,Nasdaq,USD,20260706_173316
2026-07-06 09:34:00-04:00,194.8513946533203,194.8513946533203,194.1999969482422,194.52000427246094,426896,NVDA,NVIDIA,Nasdaq,USD,20260706_173316
2026-07-06 09:35:00-04:00,195.39999389648438,195.44000244140625,194.69000244140625,194.83009338378906,533904,NVDA,NVIDIA,Nasdaq,USD,20260706_173316
2026-07-06 09:36:00-04:00,194.80999755859375,195.40499877929688,194.44000244140625,195.3800048828125,408682,NVDA,NVIDIA,Nasdaq,USD,20260706_173316
2026-07-06 09:37:00-04:00,194.55999755859375,195.18350219726562,194.4499969482422,194.80990600585938,307265,NVDA,NVIDIA,Nasdaq,USD,20260706_173316
2026-07-06 09:38:00-04:00,194.81509399414062,194.97000122070312,194.56500244140625,194.56500244140625,255206,NVDA,NVIDIA,Nasdaq,USD,20260706_173316
2026-07-06 09:39:00-04:00,195.4250030517578,195.44000244140625,194.77999877929688,194.83929443359375,312365,NVDA,NVIDIA,Nasdaq,USD,20260706_173316
2026-07-06 09:40:00-04:00,195.02000427246094,195.47999572753906,194.8800048828125,195.4250030517578,330766,NVDA,NVIDIA,Nasdaq,USD,20260706_173316
2026-07-06 09:41:00-04:00,194.98080444335938,195.2899932861328,194.8699951171875,195.02999877929688,388597,NVDA,NVIDIA,Nasdaq,USD,20260706_173316
2026-07-06 09:42:00-04:00,194.9250030517578,195.0800018310547,194.6699981689453,194.97459411621094,303617,NVDA,NVIDIA,Nasdaq,USD,20260706_173316
2026-07-06 09:43:00-04:00,194.84500122070312,195.2050018310547,194.77999877929688,194.91000366210938,284907,NVDA,NVIDIA,Nasdaq,USD,20260706_173316
2026-07-06 09:44:00-04:00,195.36500549316406,195.39999389648438,194.86000061035156,194.8800048828125,351733,NVDA,NVIDIA,Nasdaq,USD,20260706_173316
2026-07-06 09:45:00-04:00,195.08999633789062,195.4600067138672,195.00999450683594,195.3800048828125,265176,NVDA,NVIDIA,Nasdaq,USD,20260706_173316
2026-07-06 09:46:00-04:00,194.64999389648438,195.1999969482422,194.6300048828125,195.0800018310547,329596,NVDA,NVIDIA,Nasdaq,USD,20260706_173316
2026-07-06 09:47:00-04:00,194.8000030517578,194.92999267578125,194.57000732421875,194.64999389648438,306006,NVDA,NVIDIA,Nasdaq,USD,20260706_173316
2026-07-06 09:48:00-04:00,194.97999572753906,195.07000732421875,194.71319580078125,194.83999633789062,229252,NVDA,NVIDIA,Nasdaq,USD,20260706_173316
2026-07-06 09:49:00-04:00,195.10000610351562,195.25390625,194.89999389648438,194.97999572753906,266300,NVDA,NVIDIA,Nasdaq,USD,20260706_173316
2026-07-06 09:50:00-04:00,195.57049560546875,195.58999633789062,194.90499877929688,195.11000061035156,438032,NVDA,NVIDIA,Nasdaq,USD,20260706_173316
2026-07-06 09:51:00-04:00,195.47000122070312,195.6199951171875,195.360107421875,195.58999633789062,323602,NVDA,NVIDIA,Nasdaq,USD,20260706_173316
2026-07-06 09:52:00-04:00,195.50950622558594,195.50950622558594,195.1199951171875,195.47000122070312,299606,NVDA,NVIDIA,Nasdaq,USD,20260706_173316
2026-07-06 09:53:00-04:00,195.52000427246094,195.5800018310547,195.32510375976562,195.49000549316406,311137,NVDA,NVIDIA,Nasdaq,USD,20260706_173316
2026-07-06 09:54:00-04:00,195.97000122070312,195.97000122070312,195.55999755859375,195.55999755859375,502070,NVDA,NVIDIA,Nasdaq,USD,20260706_173316
2026-07-06 09:55:00-04:00,196.28900146484375,196.72999572753906,195.9600067138672,195.97999572753906,692943,NVDA,NVIDIA,Nasdaq,USD,20260706_173316
2026-07-06 09:56:00-04:00,196.27999877929688,196.5,196.1699981689453,196.2899932861328,622225,NVDA,NVIDIA,Nasdaq,USD,20260706_173316
2026-07-06 09:57:00-04:00,196.01499938964844,196.47000122070312,195.9600067138672,196.2899932861328,351036,NVDA,NVIDIA,Nasdaq,USD,20260706_173316
2026-07-06 09:58:00-04:00,196.2301025390625,196.2899932861328,195.9600067138672,196.02000427246094,368972,NVDA,NVIDIA,Nasdaq,USD,20260706_173316
2026-07-06 09:59:00-04:00,196.27999877929688,196.36000061035156,196.13999938964844,196.24000549316406,341786,NVDA,NVIDIA,Nasdaq,USD,20260706_173316
2026-07-06 10:00:00-04:00,196.3715057373047,196.63999938964844,196.02999877929688,196.27999877929688,566676,NVDA,NVIDIA,Nasdaq,USD,20260706_173316
2026-07-06 10:01:00-04:00,196.28500366210938,196.6300048828125,196.22999572753906,196.38499450683594,357125,NVDA,NVIDIA,Nasdaq,USD,20260706_173316
2026-07-06 10:02:00-04:00,196.22500610351562,196.44009399414062,196.19000244140625,196.32000732421875,263361,NVDA,NVIDIA,Nasdaq,USD,20260706_173316
2026-07-06 10:03:00-04:00,196.27999877929688,196.4250030517578,196.14999389648438,196.22500610351562,211476,NVDA,NVIDIA,Nasdaq,USD,20260706_173316
2026-07-06 10:04:00-04:00,196.25999450683594,196.36000061035156,196.07000732421875,196.27999877929688,229046,NVDA,NVIDIA,Nasdaq,USD,20260706_173316
2026-07-06 10:05:00-04:00,196.61000061035156,196.6199951171875,196.22999572753906,196.2449951171875,401671,NVDA,NVIDIA,Nasdaq,USD,20260706_173316
2026-07-06 10:06:00-04:00,196.5749969482422,197.05999755859375,196.42999267578125,196.6199951171875,674820,NVDA,NVIDIA,Nasdaq,USD,20260706_173316
2026-07-06 10:07:00-04:00,196.42999267578125,196.63999938964844,196.13009643554688,196.57000732421875,255079,NVDA,NVIDIA,Nasdaq,USD,20260706_173316
2026-07-06 10:08:00-04:00,197.05999755859375,197.17999267578125,196.4199981689453,196.42999267578125,376906,NVDA,NVIDIA,Nasdaq,USD,20260706_173316
2026-07-06 10:09:00-04:00,197.1060028076172,197.4199981689453,197.00999450683594,197.0500030517578,498548,NVDA,NVIDIA,Nasdaq,USD,20260706_173316
2026-07-06 10:10:00-04:00,196.82000732421875,197.11500549316406,196.60000610351562,197.08999633789062,387468,NVDA,NVIDIA,Nasdaq,USD,20260706_173316
2026-07-06 10:11:00-04:00,196.74000549316406,196.97659301757812,196.61000061035156,196.81500244140625,315424,NVDA,NVIDIA,Nasdaq,USD,20260706_173316
2026-07-06 10:12:00-04:00,196.67999267578125,196.8000030517578,196.52000427246094,196.75,226107,NVDA,NVIDIA,Nasdaq,USD,20260706_173316
2026-07-06 10:13:00-04:00,196.53199768066406,196.69500732421875,196.4499969482422,196.68499755859375,275733,NVDA,NVIDIA,Nasdaq,USD,20260706_173316
2026-07-06 10:14:00-04:00,196.60000610351562,196.8300018310547,196.50999450683594,196.51980590820312,247752,NVDA,NVIDIA,Nasdaq,USD,20260706_173316
2026-07-06 10:15:00-04:00,196.55999755859375,196.7100067138672,196.50999450683594,196.60499572753906,203971,NVDA,NVIDIA,Nasdaq,USD,20260706_173316
2026-07-06 10:16:00-04:00,196.7100067138672,196.74000549316406,196.4550018310547,196.55259704589844,214213,NVDA,NVIDIA,Nasdaq,USD,20260706_173316
2026-07-06 10:17:00-04:00,196.60000610351562,196.75970458984375,196.52999877929688,196.6999969482422,193844,NVDA,NVIDIA,Nasdaq,USD,20260706_173316
2026-07-06 10:18:00-04:00,196.50999450683594,196.63999938964844,196.3800048828125,196.58999633789062,204013,NVDA,NVIDIA,Nasdaq,USD,20260706_173316
2026-07-06 10:19:00-04:00,196.28500366210938,196.5601043701172,196.25999450683594,196.5,214305,NVDA,NVIDIA,Nasdaq,USD,20260706_173316
2026-07-06 10:20:00-04:00,196.33999633789062,196.38999938964844,196.28199768066406,196.2899932861328,154395,NVDA,NVIDIA,Nasdaq,USD,20260706_173316
2026-07-06 10:21:00-04:00,195.9199981689453,196.33999633789062,195.91070556640625,196.33999633789062,448345,NVDA,NVIDIA,Nasdaq,USD,20260706_173316
2026-07-06 10:22:00-04:00,196.1300048828125,196.30499267578125,195.87100219726562,195.91000366210938,312789,NVDA,NVIDIA,Nasdaq,USD,20260706_173316
2026-07-06 10:23:00-04:00,196.22999572753906,196.3800048828125,196.08999633789062,196.1199951171875,323383,NVDA,NVIDIA,Nasdaq,USD,20260706_173316
2026-07-06 10:24:00-04:00,196.5198974609375,196.55209350585938,196.1999969482422,196.22000122070312,186590,NVDA,NVIDIA,Nasdaq,USD,20260706_173316
2026-07-06 10:25:00-04:00,196.5395050048828,196.6300048828125,196.47999572753906,196.52999877929688,196794,NVDA,NVIDIA,Nasdaq,USD,20260706_173316
2026-07-06 10:26:00-04:00,196.52999877929688,196.57000732421875,196.35079956054688,196.53500366210938,166925,NVDA,NVIDIA,Nasdaq,USD,20260706_173316
2026-07-06 10:27:00-04:00,196.5500030517578,196.61000061035156,196.3800048828125,196.5299072265625,152676,NVDA,NVIDIA,Nasdaq,USD,20260706_173316
2026-07-06 10:28:00-04:00,196.47999572753906,196.6199951171875,196.36500549316406,196.531005859375,187671,NVDA,NVIDIA,Nasdaq,USD,20260706_173316
2026-07-06 10:29:00-04:00,196.57400512695312,196.74989318847656,196.44000244140625,196.47500610351562,171628,NVDA,NVIDIA,Nasdaq,USD,20260706_173316
2026-07-06 10:30:00-04:00,196.4945068359375,196.74000549316406,196.44009399414062,196.58990478515625,176935,NVDA,NVIDIA,Nasdaq,USD,20260706_173316
2026-07-06 10:31:00-04:00,196.4149932861328,196.50999450683594,196.360107421875,196.49000549316406,138815,NVDA,NVIDIA,Nasdaq,USD,20260706_173316
2026-07-06 10:32:00-04:00,196.47999572753906,196.5,196.38009643554688,196.4199981689453,99289,NVDA,NVIDIA,Nasdaq,USD,20260706_173316
2026-07-06 10:33:00-04:00,196.39999389648438,196.52830505371094,196.39999389648438,196.46499633789062,133422,NVDA,NVIDIA,Nasdaq,USD,20260706_173316
2026-07-06 10:34:00-04:00,196.6708984375,196.72000122070312,196.360107421875,196.3939971923828,192807,NVDA,NVIDIA,Nasdaq,USD,20260706_173316
2026-07-06 10:35:00-04:00,196.52000427246094,196.67999267578125,196.40980529785156,196.67999267578125,217950,NVDA,NVIDIA,Nasdaq,USD,20260706_173316
2026-07-06 10:36:00-04:00,196.43930053710938,196.75999450683594,196.4199981689453,196.5,165449,NVDA,NVIDIA,Nasdaq,USD,20260706_173316
2026-07-06 10:37:00-04:00,196.50999450683594,196.60000610351562,196.35000610351562,196.42999267578125,192302,NVDA,NVIDIA,Nasdaq,USD,20260706_173316
2026-07-06 10:38:00-04:00,196.3896942138672,196.5500030517578,196.375,196.5198974609375,188592,NVDA,NVIDIA,Nasdaq,USD,20260706_173316
2026-07-06 10:39:00-04:00,196.22999572753906,196.52000427246094,196.1999969482422,196.41000366210938,229665,NVDA,NVIDIA,Nasdaq,USD,20260706_173316
2026-07-06 10:40:00-04:00,196.13499450683594,196.3300018310547,196.0500030517578,196.22999572753906,226166,NVDA,NVIDIA,Nasdaq,USD,20260706_173316
2026-07-06 10:41:00-04:00,195.9949951171875,196.25,195.97000122070312,196.11000061035156,276231,NVDA,NVIDIA,Nasdaq,USD,20260706_173316
2026-07-06 10:42:00-04:00,196.28500366210938,196.3498992919922,195.9499969482422,195.9929962158203,313812,NVDA,NVIDIA,Nasdaq,USD,20260706_173316
2026-07-06 10:43:00-04:00,196.51499938964844,196.52999877929688,196.24000549316406,196.27999877929688,185992,NVDA,NVIDIA,Nasdaq,USD,20260706_173316
2026-07-06 10:44:00-04:00,196.5500030517578,196.69000244140625,196.52000427246094,196.52000427246094,278296,NVDA,NVIDIA,Nasdaq,USD,20260706_173316
2026-07-06 10:45:00-04:00,196.7100067138672,196.7299041748047,196.5301055908203,196.5402069091797,200627,NVDA,NVIDIA,Nasdaq,USD,20260706_173316
2026-07-06 10:46:00-04:00,196.46499633789062,196.72999572753906,196.40660095214844,196.70799255371094,185793,NVDA,NVIDIA,Nasdaq,USD,20260706_173316
2026-07-06 10:47:00-04:00,196.30499267578125,196.56500244140625,196.22000122070312,196.47999572753906,206737,NVDA,NVIDIA,Nasdaq,USD,20260706_173316
2026-07-06 10:48:00-04:00,196.1248016357422,196.30999755859375,196.09030151367188,196.30999755859375,165712,NVDA,NVIDIA,Nasdaq,USD,20260706_173316
2026-07-06 10:49:00-04:00,196.0699005126953,196.19000244140625,196.0626983642578,196.1199951171875,143057,NVDA,NVIDIA,Nasdaq,USD,20260706_173316
2026-07-06 10:50:00-04:00,196.02999877929688,196.13999938964844,196.00999450683594,196.05999755859375,154340,NVDA,NVIDIA,Nasdaq,USD,20260706_173316
2026-07-06 10:51:00-04:00,196.1898956298828,196.27499389648438,195.9949951171875,196.03500366210938,254450,NVDA,NVIDIA,Nasdaq,USD,20260706_173316
2026-07-06 10:52:00-04:00,196.1699981689453,196.2100067138672,196.00660705566406,196.17999267578125,125691,NVDA,NVIDIA,Nasdaq,USD,20260706_173316
2026-07-06 10:53:00-04:00,196.19009399414062,196.1999969482422,196.00999450683594,196.1699981689453,147255,NVDA,NVIDIA,Nasdaq,USD,20260706_173316
2026-07-06 10:54:00-04:00,196.13999938964844,196.25999450683594,196.10009765625,196.19500732421875,191999,NVDA,NVIDIA,Nasdaq,USD,20260706_173316
2026-07-06 10:55:00-04:00,195.7729949951172,196.19500732421875,195.7729949951172,196.13499450683594,254228,NVDA,NVIDIA,Nasdaq,USD,20260706_173316
2026-07-06 10:56:00-04:00,195.88999938964844,195.88999938964844,195.6824951171875,195.7794952392578,206711,NVDA,NVIDIA,Nasdaq,USD,20260706_173316
2026-07-06 10:57:00-04:00,195.8000030517578,196.0299072265625,195.66000366210938,195.8800048828125,205194,NVDA,NVIDIA,Nasdaq,USD,20260706_173316
2026-07-06 10:58:00-04:00,195.89999389648438,195.9199981689453,195.6699981689453,195.8000030517578,158917,NVDA,NVIDIA,Nasdaq,USD,20260706_173316
2026-07-06 10:59:00-04:00,196.02499389648438,196.0399932861328,195.86000061035156,195.91000366210938,164809,NVDA,NVIDIA,Nasdaq,USD,20260706_173316
2026-07-06 11:00:00-04:00,195.83999633789062,196.0500030517578,195.7550048828125,196.02000427246094,153473,NVDA,NVIDIA,Nasdaq,USD,20260706_173316
2026-07-06 11:01:00-04:00,195.88999938964844,196.0,195.8094940185547,195.8300018310547,137011,NVDA,NVIDIA,Nasdaq,USD,20260706_173316
2026-07-06 11:02:00-04:00,195.83999633789062,195.97799682617188,195.7899932861328,195.88999938964844,110372,NVDA,NVIDIA,Nasdaq,USD,20260706_173316
2026-07-06 11:03:00-04:00,195.97000122070312,195.97999572753906,195.8300018310547,195.83999633789062,138801,NVDA,NVIDIA,Nasdaq,USD,20260706_173316
2026-07-06 11:04:00-04:00,195.78500366210938,196.02000427246094,195.74000549316406,195.97000122070312,138952,NVDA,NVIDIA,Nasdaq,USD,20260706_173316
2026-07-06 11:05:00-04:00,195.92999267578125,195.93899536132812,195.72000122070312,195.77999877929688,160017,NVDA,NVIDIA,Nasdaq,USD,20260706_173316
2026-07-06 11:06:00-04:00,196.07000732421875,196.11000061035156,195.85000610351562,195.9199981689453,250472,NVDA,NVIDIA,Nasdaq,USD,20260706_173316
2026-07-06 11:07:00-04:00,195.8300018310547,196.0850067138672,195.8300018310547,196.07000732421875,132724,NVDA,NVIDIA,Nasdaq,USD,20260706_173316
2026-07-06 11:08:00-04:00,195.6699981689453,195.8769989013672,195.5800018310547,195.83999633789062,280951,NVDA,NVIDIA,Nasdaq,USD,20260706_173316
2026-07-06 11:09:00-04:00,195.85000610351562,195.99000549316406,195.66000366210938,195.66000366210938,175118,NVDA,NVIDIA,Nasdaq,USD,20260706_173316
2026-07-06 11:10:00-04:00,195.8800048828125,196.0,195.80999755859375,195.85279846191406,140690,NVDA,NVIDIA,Nasdaq,USD,20260706_173316
2026-07-06 11:11:00-04:00,195.75999450683594,195.92649841308594,195.7449951171875,195.8800048828125,102613,NVDA,NVIDIA,Nasdaq,USD,20260706_173316
2026-07-06 11:12:00-04:00,195.9199981689453,195.9499969482422,195.72000122070312,195.75999450683594,143195,NVDA,NVIDIA,Nasdaq,USD,20260706_173316
2026-07-06 11:13:00-04:00,195.68499755859375,195.94000244140625,195.63720703125,195.9149932861328,143487,NVDA,NVIDIA,Nasdaq,USD,20260706_173316
2026-07-06 11:14:00-04:00,195.67999267578125,195.75,195.58999633789062,195.6699981689453,168898,NVDA,NVIDIA,Nasdaq,USD,20260706_173316
2026-07-06 11:15:00-04:00,195.6999969482422,195.75,195.55999755859375,195.6699981689453,255190,NVDA,NVIDIA,Nasdaq,USD,20260706_173316
2026-07-06 11:16:00-04:00,195.3800048828125,195.66000366210938,195.375,195.64999389648438,314496,NVDA,NVIDIA,Nasdaq,USD,20260706_173316
2026-07-06 11:17:00-04:00,195.55999755859375,195.5749969482422,195.36000061035156,195.38999938964844,154096,NVDA,NVIDIA,Nasdaq,USD,20260706_173316
2026-07-06 11:18:00-04:00,195.55999755859375,195.55999755859375,195.3699951171875,195.55999755859375,213626,NVDA,NVIDIA,Nasdaq,USD,20260706_173316
2026-07-06 11:19:00-04:00,195.6750030517578,195.6999969482422,195.5,195.5800018310547,146071,NVDA,NVIDIA,Nasdaq,USD,20260706_173316
2026-07-06 11:20:00-04:00,195.75,195.8300018310547,195.6699981689453,195.6699981689453,180901,NVDA,NVIDIA,Nasdaq,USD,20260706_173316
2026-07-06 11:21:00-04:00,195.74000549316406,195.77999877929688,195.64100646972656,195.75,102131,NVDA,NVIDIA,Nasdaq,USD,20260706_173316
2026-07-06 11:22:00-04:00,195.73500061035156,195.7949981689453,195.66000366210938,195.74000549316406,272675,NVDA,NVIDIA,Nasdaq,USD,20260706_173316
2026-07-06 11:23:00-04:00,195.77999877929688,195.77999877929688,195.66510009765625,195.73500061035156,140505,NVDA,NVIDIA,Nasdaq,USD,20260706_173316
2026-07-06 11:24:00-04:00,195.95989990234375,195.97999572753906,195.72999572753906,195.77999877929688,154941,NVDA,NVIDIA,Nasdaq,USD,20260706_173316
2026-07-06 11:25:00-04:00,195.9600067138672,196.02999877929688,195.8800048828125,195.9550018310547,164128,NVDA,NVIDIA,Nasdaq,USD,20260706_173316
2026-07-06 11:26:00-04:00,196.3000030517578,196.35769653320312,195.94000244140625,195.9550018310547,304049,NVDA,NVIDIA,Nasdaq,USD,20260706_173316
2026-07-06 11:27:00-04:00,196.43499755859375,196.44000244140625,196.27200317382812,196.2899932861328,187781,NVDA,NVIDIA,Nasdaq,USD,20260706_173316
2026-07-06 11:28:00-04:00,196.38980102539062,196.52000427246094,196.32000732421875,196.44000244140625,170043,NVDA,NVIDIA,Nasdaq,USD,20260706_173316
2026-07-06 11:29:00-04:00,196.5135040283203,196.5500030517578,196.35899353027344,196.38999938964844,151721,NVDA,NVIDIA,Nasdaq,USD,20260706_173316
2026-07-06 11:30:00-04:00,196.39999389648438,196.5399932861328,196.3699951171875,196.5,154253,NVDA,NVIDIA,Nasdaq,USD,20260706_173316
2026-07-06 11:31:00-04:00,196.3000030517578,196.52000427246094,196.27499389648438,196.4199981689453,173501,NVDA,NVIDIA,Nasdaq,USD,20260706_173316
2026-07-06 11:32:00-04:00,196.375,196.3800048828125,196.26499938964844,196.3000030517578,108619,NVDA,NVIDIA,Nasdaq,USD,20260706_173316
2026-07-06 11:33:00-04:00,196.35000610351562,196.39999389648438,196.30499267578125,196.3800048828125,134668,NVDA,NVIDIA,Nasdaq,USD,20260706_173316
2026-07-06 11:34:00-04:00,196.2899932861328,196.3699951171875,196.27999877929688,196.33999633789062,110282,NVDA,NVIDIA,Nasdaq,USD,20260706_173316
2026-07-06 11:35:00-04:00,196.27499389648438,196.38999938964844,196.25999450683594,196.2899932861328,151192,NVDA,NVIDIA,Nasdaq,USD,20260706_173316
2026-07-06 11:36:00-04:00,196.33999633789062,196.4499969482422,196.27999877929688,196.27999877929688,124773,NVDA,NVIDIA,Nasdaq,USD,20260706_173316
2026-07-06 11:37:00-04:00,196.64999389648438,196.64999389648438,196.27999877929688,196.32000732421875,293883,NVDA,NVIDIA,Nasdaq,USD,20260706_173316
2026-07-06 11:38:00-04:00,196.4149932861328,196.64999389648438,196.3699951171875,196.64500427246094,149514,NVDA,NVIDIA,Nasdaq,USD,20260706_173316
2026-07-06 11:39:00-04:00,196.3699951171875,196.48500061035156,196.32000732421875,196.4149932861328,132099,NVDA,NVIDIA,Nasdaq,USD,20260706_173316
2026-07-06 11:40:00-04:00,196.2899932861328,196.3699951171875,196.17999267578125,196.3699951171875,221516,NVDA,NVIDIA,Nasdaq,USD,20260706_173316
2026-07-06 11:41:00-04:00,196.3300018310547,196.3699951171875,196.25,196.2949981689453,155190,NVDA,NVIDIA,Nasdaq,USD,20260706_173316
2026-07-06 11:42:00-04:00,196.3000030517578,196.33990478515625,196.1999969482422,196.3300018310547,131027,NVDA,NVIDIA,Nasdaq,USD,20260706_173316
2026-07-06 11:43:00-04:00,196.27000427246094,196.36000061035156,196.24899291992188,196.2899932861328,121196,NVDA,NVIDIA,Nasdaq,USD,20260706_173316
2026-07-06 11:44:00-04:00,196.1999969482422,196.32000732421875,196.1699981689453,196.25999450683594,107655,NVDA,NVIDIA,Nasdaq,USD,20260706_173316
2026-07-06 11:45:00-04:00,196.1699981689453,196.26950073242188,196.16000366210938,196.2093963623047,134823,NVDA,NVIDIA,Nasdaq,USD,20260706_173316
2026-07-06 11:46:00-04:00,196.27000427246094,196.29969787597656,196.13999938964844,196.1707000732422,88206,NVDA,NVIDIA,Nasdaq,USD,20260706_173316
2026-07-06 11:47:00-04:00,196.33999633789062,196.35000610351562,196.25999450683594,196.27999877929688,117765,NVDA,NVIDIA,Nasdaq,USD,20260706_173316
2026-07-06 11:48:00-04:00,196.24000549316406,196.35499572753906,196.1999969482422,196.30999755859375,79065,NVDA,NVIDIA,Nasdaq,USD,20260706_173316
2026-07-06 11:49:00-04:00,196.36000061035156,196.36000061035156,196.1302947998047,196.22279357910156,106174,NVDA,NVIDIA,Nasdaq,USD,20260706_173316
2026-07-06 11:50:00-04:00,196.3699951171875,196.4499969482422,196.35000610351562,196.36000061035156,113825,NVDA,NVIDIA,Nasdaq,USD,20260706_173316
2026-07-06 11:51:00-04:00,196.2100067138672,196.42300415039062,196.19000244140625,196.38999938964844,107790,NVDA,NVIDIA,Nasdaq,USD,20260706_173316
2026-07-06 11:52:00-04:00,196.11990356445312,196.22779846191406,196.11000061035156,196.19500732421875,110119,NVDA,NVIDIA,Nasdaq,USD,20260706_173316
2026-07-06 11:53:00-04:00,196.11000061035156,196.1699981689453,196.07000732421875,196.11500549316406,159346,NVDA,NVIDIA,Nasdaq,USD,20260706_173316
2026-07-06 11:54:00-04:00,196.19000244140625,196.25999450683594,196.02999877929688,196.11000061035156,200679,NVDA,NVIDIA,Nasdaq,USD,20260706_173316
2026-07-06 11:55:00-04:00,196.1898956298828,196.2899932861328,196.1699981689453,196.19000244140625,131378,NVDA,NVIDIA,Nasdaq,USD,20260706_173316
2026-07-06 11:56:00-04:00,196.25999450683594,196.33999633789062,196.1501007080078,196.19000244140625,117412,NVDA,NVIDIA,Nasdaq,USD,20260706_173316
2026-07-06 11:57:00-04:00,196.3000030517578,196.35000610351562,196.24000549316406,196.2550048828125,84003,NVDA,NVIDIA,Nasdaq,USD,20260706_173316
2026-07-06 11:58:00-04:00,196.29649353027344,196.36000061035156,196.25999450683594,196.34500122070312,93121,NVDA,NVIDIA,Nasdaq,USD,20260706_173316
2026-07-06 11:59:00-04:00,196.39999389648438,196.41000366210938,196.24009704589844,196.2899932861328,127176,NVDA,NVIDIA,Nasdaq,USD,20260706_173316
2026-07-06 12:00:00-04:00,196.6204071044922,196.656494140625,196.25999450683594,196.41000366210938,402352,NVDA,NVIDIA,Nasdaq,USD,20260706_173316
2026-07-06 12:01:00-04:00,196.47999572753906,196.72000122070312,196.4600067138672,196.63499450683594,158471,NVDA,NVIDIA,Nasdaq,USD,20260706_173316
2026-07-06 12:02:00-04:00,196.38999938964844,196.58999633789062,196.3699951171875,196.48989868164062,147018,NVDA,NVIDIA,Nasdaq,USD,20260706_173316
2026-07-06 12:03:00-04:00,196.38999938964844,196.48500061035156,196.38999938964844,196.38999938964844,110493,NVDA,NVIDIA,Nasdaq,USD,20260706_173316
2026-07-06 12:04:00-04:00,196.46499633789062,196.47999572753906,196.3699951171875,196.39999389648438,117079,NVDA,NVIDIA,Nasdaq,USD,20260706_173316
2026-07-06 12:05:00-04:00,196.57000732421875,196.57000732421875,196.3800048828125,196.4600067138672,121939,NVDA,NVIDIA,Nasdaq,USD,20260706_173316
2026-07-06 12:06:00-04:00,196.60499572753906,196.6300048828125,196.50999450683594,196.55999755859375,103202,NVDA,NVIDIA,Nasdaq,USD,20260706_173316
2026-07-06 12:07:00-04:00,196.61500549316406,196.6999969482422,196.58299255371094,196.5970001220703,154736,NVDA,NVIDIA,Nasdaq,USD,20260706_173316
2026-07-06 12:08:00-04:00,196.52499389648438,196.63999938964844,196.47999572753906,196.6199951171875,113663,NVDA,NVIDIA,Nasdaq,USD,20260706_173316
2026-07-06 12:09:00-04:00,196.7449951171875,196.8800048828125,196.52499389648438,196.52499389648438,276133,NVDA,NVIDIA,Nasdaq,USD,20260706_173316
2026-07-06 12:10:00-04:00,196.9600067138672,197.05999755859375,196.63999938964844,196.74000549316406,581091,NVDA,NVIDIA,Nasdaq,USD,20260706_173316
2026-07-06 12:11:00-04:00,196.92999267578125,197.0760040283203,196.8300018310547,196.9720001220703,252362,NVDA,NVIDIA,Nasdaq,USD,20260706_173316
2026-07-06 12:12:00-04:00,197.17999267578125,197.23500061035156,196.92999267578125,196.94000244140625,452504,NVDA,NVIDIA,Nasdaq,USD,20260706_173316
2026-07-06 12:13:00-04:00,197.47999572753906,197.47999572753906,197.07000732421875,197.1699981689453,371944,NVDA,NVIDIA,Nasdaq,USD,20260706_173316
2026-07-06 12:14:00-04:00,197.1649932861328,197.5500030517578,197.16000366210938,197.47999572753906,512291,NVDA,NVIDIA,Nasdaq,USD,20260706_173316
2026-07-06 12:15:00-04:00,197.32000732421875,197.3699951171875,197.16000366210938,197.1699981689453,195043,NVDA,NVIDIA,Nasdaq,USD,20260706_173316
2026-07-06 12:16:00-04:00,197.30999755859375,197.3699951171875,197.27999877929688,197.32640075683594,177609,NVDA,NVIDIA,Nasdaq,USD,20260706_173316
2026-07-06 12:17:00-04:00,197.16000366210938,197.32000732421875,197.14500427246094,197.30999755859375,169153,NVDA,NVIDIA,Nasdaq,USD,20260706_173316
2026-07-06 12:18:00-04:00,197.16949462890625,197.29989624023438,197.1300048828125,197.14999389648438,139147,NVDA,NVIDIA,Nasdaq,USD,20260706_173316
2026-07-06 12:19:00-04:00,197.13999938964844,197.24000549316406,197.12010192871094,197.1699981689453,130736,NVDA,NVIDIA,Nasdaq,USD,20260706_173316
2026-07-06 12:20:00-04:00,197.33999633789062,197.34910583496094,197.13499450683594,197.13499450683594,164213,NVDA,NVIDIA,Nasdaq,USD,20260706_173316
2026-07-06 12:21:00-04:00,197.2100067138672,197.38999938964844,197.19000244140625,197.33999633789062,129768,NVDA,NVIDIA,Nasdaq,USD,20260706_173316
2026-07-06 12:22:00-04:00,197.17999267578125,197.27000427246094,197.11000061035156,197.2100067138672,206401,NVDA,NVIDIA,Nasdaq,USD,20260706_173316
2026-07-06 12:23:00-04:00,197.0399932861328,197.1999969482422,197.0301055908203,197.17999267578125,177398,NVDA,NVIDIA,Nasdaq,USD,20260706_173316
2026-07-06 12:24:00-04:00,197.14999389648438,197.1759033203125,197.03720092773438,197.04010009765625,96328,NVDA,NVIDIA,Nasdaq,USD,20260706_173316
2026-07-06 12:25:00-04:00,197.13999938964844,197.17979431152344,197.00999450683594,197.1300048828125,152224,NVDA,NVIDIA,Nasdaq,USD,20260706_173316
2026-07-06 12:26:00-04:00,197.0399932861328,197.16000366210938,196.94000244140625,197.1300048828125,189212,NVDA,NVIDIA,Nasdaq,USD,20260706_173316
2026-07-06 12:27:00-04:00,197.1199951171875,197.14999389648438,196.97999572753906,197.0399932861328,181203,NVDA,NVIDIA,Nasdaq,USD,20260706_173316
2026-07-06 12:28:00-04:00,196.9600067138672,197.139892578125,196.91200256347656,197.125,180546,NVDA,NVIDIA,Nasdaq,USD,20260706_173316
2026-07-06 12:29:00-04:00,197.0,197.00999450683594,196.88999938964844,196.9600067138672,134208,NVDA,NVIDIA,Nasdaq,USD,20260706_173316
2026-07-06 12:30:00-04:00,197.10000610351562,197.1199951171875,196.97000122070312,197.00509643554688,144694,NVDA,NVIDIA,Nasdaq,USD,20260706_173316
2026-07-06 12:31:00-04:00,197.21499633789062,197.24000549316406,197.0500946044922,197.10000610351562,162571,NVDA,NVIDIA,Nasdaq,USD,20260706_173316
2026-07-06 12:32:00-04:00,197.09500122070312,197.22999572753906,197.06370544433594,197.21090698242188,165392,NVDA,NVIDIA,Nasdaq,USD,20260706_173316
2026-07-06 12:33:00-04:00,196.9949951171875,197.1300048828125,196.94000244140625,197.10000610351562,132362,NVDA,NVIDIA,Nasdaq,USD,20260706_173316
2026-07-06 12:34:00-04:00,196.77999877929688,197.08999633789062,196.77000427246094,196.97999572753906,179547,NVDA,NVIDIA,Nasdaq,USD,20260706_173316
2026-07-06 12:35:00-04:00,196.80999755859375,196.83999633789062,196.7100067138672,196.77999877929688,116977,NVDA,NVIDIA,Nasdaq,USD,20260706_173316
2026-07-06 12:36:00-04:00,196.7899932861328,196.85000610351562,196.72000122070312,196.77000427246094,109473,NVDA,NVIDIA,Nasdaq,USD,20260706_173316
2026-07-06 12:37:00-04:00,196.7799072265625,196.80999755859375,196.75,196.7899932861328,60948,NVDA,NVIDIA,Nasdaq,USD,20260706_173316
2026-07-06 12:38:00-04:00,196.7100067138672,196.77499389648438,196.61000061035156,196.77000427246094,122698,NVDA,NVIDIA,Nasdaq,USD,20260706_173316
2026-07-06 12:39:00-04:00,196.83999633789062,196.8800048828125,196.67999267578125,196.7198028564453,100712,NVDA,NVIDIA,Nasdaq,USD,20260706_173316
2026-07-06 12:40:00-04:00,196.9980010986328,197.0,196.8300018310547,196.8300018310547,160705,NVDA,NVIDIA,Nasdaq,USD,20260706_173316
2026-07-06 12:41:00-04:00,196.86000061035156,197.0399932861328,196.85000610351562,196.9949951171875,118606,NVDA,NVIDIA,Nasdaq,USD,20260706_173316
2026-07-06 12:42:00-04:00,196.66439819335938,196.86000061035156,196.6501007080078,196.85000610351562,114005,NVDA,NVIDIA,Nasdaq,USD,20260706_173316
2026-07-06 12:43:00-04:00,196.64500427246094,196.6999969482422,196.63999938964844,196.6739959716797,84322,NVDA,NVIDIA,Nasdaq,USD,20260706_173316
2026-07-06 12:44:00-04:00,196.69000244140625,196.72999572753906,196.63999938964844,196.64990234375,66862,NVDA,NVIDIA,Nasdaq,USD,20260706_173316
2026-07-06 12:45:00-04:00,196.50999450683594,196.6999969482422,196.47000122070312,196.67999267578125,138179,NVDA,NVIDIA,Nasdaq,USD,20260706_173316
2026-07-06 12:46:00-04:00,196.52999877929688,196.58990478515625,196.49000549316406,196.52000427246094,74922,NVDA,NVIDIA,Nasdaq,USD,20260706_173316
2026-07-06 12:47:00-04:00,196.61500549316406,196.63999938964844,196.52999877929688,196.5399932861328,76872,NVDA,NVIDIA,Nasdaq,USD,20260706_173316
2026-07-06 12:48:00-04:00,196.59359741210938,196.6750030517578,196.5800018310547,196.60000610351562,62380,NVDA,NVIDIA,Nasdaq,USD,20260706_173316
2026-07-06 12:49:00-04:00,196.6999969482422,196.7100067138672,196.5800018310547,196.59500122070312,61248,NVDA,NVIDIA,Nasdaq,USD,20260706_173316
2026-07-06 12:50:00-04:00,196.6199951171875,196.7100067138672,196.61000061035156,196.7100067138672,68371,NVDA,NVIDIA,Nasdaq,USD,20260706_173316
2026-07-06 12:51:00-04:00,196.55499267578125,196.6699981689453,196.5399932861328,196.6300048828125,60328,NVDA,NVIDIA,Nasdaq,USD,20260706_173316
2026-07-06 12:52:00-04:00,196.52000427246094,196.55499267578125,196.4949951171875,196.5500030517578,87905,NVDA,NVIDIA,Nasdaq,USD,20260706_173316
2026-07-06 12:53:00-04:00,196.47650146484375,196.50999450683594,196.44000244140625,196.50999450683594,476230,NVDA,NVIDIA,Nasdaq,USD,20260706_173316
2026-07-06 12:54:00-04:00,196.4199981689453,196.52999877929688,196.3699951171875,196.47500610351562,180795,NVDA,NVIDIA,Nasdaq,USD,20260706_173316
2026-07-06 12:55:00-04:00,196.3769989013672,196.44000244140625,196.33999633789062,196.44000244140625,83422,NVDA,NVIDIA,Nasdaq,USD,20260706_173316
2026-07-06 12:56:00-04:00,196.41009521484375,196.4199981689453,196.2899932861328,196.3699951171875,111572,NVDA,NVIDIA,Nasdaq,USD,20260706_173316
2026-07-06 12:57:00-04:00,196.5050048828125,196.55999755859375,196.4199981689453,196.4199981689453,81715,NVDA,NVIDIA,Nasdaq,USD,20260706_173316
2026-07-06 12:58:00-04:00,196.42999267578125,196.5050048828125,196.25999450683594,196.5,187121,NVDA,NVIDIA,Nasdaq,USD,20260706_173316
2026-07-06 12:59:00-04:00,196.4600067138672,196.47999572753906,196.33999633789062,196.45359802246094,166762,NVDA,NVIDIA,Nasdaq,USD,20260706_173316
2026-07-06 13:00:00-04:00,196.4600067138672,196.52499389648438,196.3699951171875,196.42999267578125,111524,NVDA,NVIDIA,Nasdaq,USD,20260706_173316
2026-07-06 13:01:00-04:00,196.53500366210938,196.58999633789062,196.39990234375,196.4600067138672,92577,NVDA,NVIDIA,Nasdaq,USD,20260706_173316
2026-07-06 13:02:00-04:00,196.52349853515625,196.54969787597656,196.47000122070312,196.53500366210938,99106,NVDA,NVIDIA,Nasdaq,USD,20260706_173316
2026-07-06 13:03:00-04:00,196.6199951171875,196.63999938964844,196.50999450683594,196.52999877929688,93638,NVDA,NVIDIA,Nasdaq,USD,20260706_173316
2026-07-06 13:04:00-04:00,196.5449981689453,196.67999267578125,196.52999877929688,196.6199951171875,107182,NVDA,NVIDIA,Nasdaq,USD,20260706_173316
2026-07-06 13:05:00-04:00,196.72999572753906,196.74000549316406,196.47999572753906,196.5399932861328,129980,NVDA,NVIDIA,Nasdaq,USD,20260706_173316
2026-07-06 13:06:00-04:00,196.82000732421875,196.85000610351562,196.72500610351562,196.73500061035156,150553,NVDA,NVIDIA,Nasdaq,USD,20260706_173316
2026-07-06 13:07:00-04:00,196.779296875,196.860107421875,196.77200317382812,196.8249969482422,82593,NVDA,NVIDIA,Nasdaq,USD,20260706_173316
2026-07-06 13:08:00-04:00,196.7949981689453,196.7949981689453,196.72000122070312,196.77499389648438,104229,NVDA,NVIDIA,Nasdaq,USD,20260706_173316
2026-07-06 13:09:00-04:00,196.7899932861328,196.80999755859375,196.75010681152344,196.79949951171875,55294,NVDA,NVIDIA,Nasdaq,USD,20260706_173316
2026-07-06 13:10:00-04:00,196.75,196.87649536132812,196.7449951171875,196.8000030517578,102804,NVDA,NVIDIA,Nasdaq,USD,20260706_173316
2026-07-06 13:11:00-04:00,196.70989990234375,196.75999450683594,196.6501007080078,196.7449951171875,103115,NVDA,NVIDIA,Nasdaq,USD,20260706_173316
2026-07-06 13:12:00-04:00,196.63499450683594,196.76499938964844,196.62060546875,196.7100067138672,85306,NVDA,NVIDIA,Nasdaq,USD,20260706_173316
2026-07-06 13:13:00-04:00,196.5402069091797,196.63999938964844,196.50999450683594,196.63499450683594,123609,NVDA,NVIDIA,Nasdaq,USD,20260706_173316
2026-07-06 13:14:00-04:00,196.5050048828125,196.5449981689453,196.47999572753906,196.5449981689453,91049,NVDA,NVIDIA,Nasdaq,USD,20260706_173316
2026-07-06 13:15:00-04:00,196.4499969482422,196.5500030517578,196.42999267578125,196.52000427246094,87656,NVDA,NVIDIA,Nasdaq,USD,20260706_173316
2026-07-06 13:16:00-04:00,196.52000427246094,196.52999877929688,196.42010498046875,196.44000244140625,102746,NVDA,NVIDIA,Nasdaq,USD,20260706_173316
2026-07-06 13:17:00-04:00,196.40029907226562,196.5399932861328,196.38999938964844,196.52000427246094,110038,NVDA,NVIDIA,Nasdaq,USD,20260706_173316
2026-07-06 13:18:00-04:00,196.23500061035156,196.39999389648438,196.22000122070312,196.39999389648438,145489,NVDA,NVIDIA,Nasdaq,USD,20260706_173316
2026-07-06 13:19:00-04:00,196.13499450683594,196.2899932861328,196.1300048828125,196.24000549316406,108680,NVDA,NVIDIA,Nasdaq,USD,20260706_173316
2026-07-06 13:20:00-04:00,195.96499633789062,196.13999938964844,195.92999267578125,196.1300048828125,242717,NVDA,NVIDIA,Nasdaq,USD,20260706_173316
2026-07-06 13:21:00-04:00,195.9600067138672,196.0399932861328,195.9550018310547,195.9698944091797,164231,NVDA,NVIDIA,Nasdaq,USD,20260706_173316
2026-07-06 13:22:00-04:00,195.99000549316406,196.0,195.85000610351562,195.96499633789062,130757,NVDA,NVIDIA,Nasdaq,USD,20260706_173316
2026-07-06 13:23:00-04:00,196.0135040283203,196.0399932861328,195.9499969482422,195.99000549316406,92162,NVDA,NVIDIA,Nasdaq,USD,20260706_173316
2026-07-06 13:24:00-04:00,196.0500030517578,196.07000732421875,195.9600067138672,196.00999450683594,104174,NVDA,NVIDIA,Nasdaq,USD,20260706_173316
2026-07-06 13:25:00-04:00,196.16000366210938,196.1898956298828,196.05999755859375,196.05999755859375,104183,NVDA,NVIDIA,Nasdaq,USD,20260706_173316
2026-07-06 13:26:00-04:00,196.26499938964844,196.2899932861328,196.1562957763672,196.1562957763672,97991,NVDA,NVIDIA,Nasdaq,USD,20260706_173316
2026-07-06 13:27:00-04:00,196.16000366210938,196.27499389648438,196.14999389648438,196.26669311523438,79473,NVDA,NVIDIA,Nasdaq,USD,20260706_173316
2026-07-06 13:28:00-04:00,196.0601043701172,196.1699981689453,196.0500030517578,196.16000366210938,95642,NVDA,NVIDIA,Nasdaq,USD,20260706_173316
2026-07-06 13:29:00-04:00,195.97000122070312,196.0699005126953,195.9600067138672,196.0699005126953,139427,NVDA,NVIDIA,Nasdaq,USD,20260706_173316
2026-07-06 13:30:00-04:00,195.8907928466797,196.0050048828125,195.85000610351562,195.97000122070312,196236,NVDA,NVIDIA,Nasdaq,USD,20260706_173316
2026-07-06 13:31:00-04:00,195.8695068359375,195.9219970703125,195.82000732421875,195.90499877929688,168513,NVDA,NVIDIA,Nasdaq,USD,20260706_173316
2026-07-06 13:32:00-04:00,195.85000610351562,195.9199981689453,195.7949981689453,195.86990356445312,136953,NVDA,NVIDIA,Nasdaq,USD,20260706_173316
2026-07-06 13:33:00-04:00,195.8699951171875,195.8699951171875,195.8699951171875,195.8699951171875,0,NVDA,NVIDIA,Nasdaq,USD,20260706_173316
2026-07-06 09:30:00-04:00,194.35000610351562,194.88479614257812,194.0,194.38999938964844,5310397,NVDA,NVIDIA,Nasdaq,USD,20260706_192958
2026-07-06 09:31:00-04:00,194.4250030517578,194.8800048828125,194.11000061035156,194.28500366210938,462673,NVDA,NVIDIA,Nasdaq,USD,20260706_192958
2026-07-06 09:32:00-04:00,194.44000244140625,194.72509765625,194.3000030517578,194.5,382788,NVDA,NVIDIA,Nasdaq,USD,20260706_192958
2026-07-06 09:33:00-04:00,194.52000427246094,194.55999755859375,194.00999450683594,194.47500610351562,463887,NVDA,NVIDIA,Nasdaq,USD,20260706_192958
2026-07-06 09:34:00-04:00,194.8513946533203,194.8513946533203,194.1999969482422,194.52000427246094,426896,NVDA,NVIDIA,Nasdaq,USD,20260706_192958
2026-07-06 09:35:00-04:00,195.39999389648438,195.44000244140625,194.69000244140625,194.83009338378906,533904,NVDA,NVIDIA,Nasdaq,USD,20260706_192958
2026-07-06 09:36:00-04:00,194.80999755859375,195.40499877929688,194.44000244140625,195.3800048828125,408682,NVDA,NVIDIA,Nasdaq,USD,20260706_192958
2026-07-06 09:37:00-04:00,194.55999755859375,195.18350219726562,194.4499969482422,194.80990600585938,307265,NVDA,NVIDIA,Nasdaq,USD,20260706_192958
2026-07-06 09:38:00-04:00,194.81509399414062,194.97000122070312,194.56500244140625,194.56500244140625,255206,NVDA,NVIDIA,Nasdaq,USD,20260706_192958
2026-07-06 09:39:00-04:00,195.4250030517578,195.44000244140625,194.77999877929688,194.83929443359375,312365,NVDA,NVIDIA,Nasdaq,USD,20260706_192958
2026-07-06 09:40:00-04:00,195.02000427246094,195.47999572753906,194.8800048828125,195.4250030517578,330766,NVDA,NVIDIA,Nasdaq,USD,20260706_192958
2026-07-06 09:41:00-04:00,194.98080444335938,195.2899932861328,194.8699951171875,195.02999877929688,388597,NVDA,NVIDIA,Nasdaq,USD,20260706_192958
2026-07-06 09:42:00-04:00,194.9250030517578,195.0800018310547,194.6699981689453,194.97459411621094,303617,NVDA,NVIDIA,Nasdaq,USD,20260706_192958
2026-07-06 09:43:00-04:00,194.84500122070312,195.2050018310547,194.77999877929688,194.91000366210938,284907,NVDA,NVIDIA,Nasdaq,USD,20260706_192958
2026-07-06 09:44:00-04:00,195.36500549316406,195.39999389648438,194.86000061035156,194.8800048828125,351733,NVDA,NVIDIA,Nasdaq,USD,20260706_192958
2026-07-06 09:45:00-04:00,195.08999633789062,195.4600067138672,195.00999450683594,195.3800048828125,265176,NVDA,NVIDIA,Nasdaq,USD,20260706_192958
2026-07-06 09:46:00-04:00,194.64999389648438,195.1999969482422,194.6300048828125,195.0800018310547,329596,NVDA,NVIDIA,Nasdaq,USD,20260706_192958
2026-07-06 09:47:00-04:00,194.8000030517578,194.92999267578125,194.57000732421875,194.64999389648438,306006,NVDA,NVIDIA,Nasdaq,USD,20260706_192958
2026-07-06 09:48:00-04:00,194.97999572753906,195.07000732421875,194.71319580078125,194.83999633789062,229252,NVDA,NVIDIA,Nasdaq,USD,20260706_192958
2026-07-06 09:49:00-04:00,195.10000610351562,195.25390625,194.89999389648438,194.97999572753906,266300,NVDA,NVIDIA,Nasdaq,USD,20260706_192958
2026-07-06 09:50:00-04:00,195.57049560546875,195.58999633789062,194.90499877929688,195.11000061035156,438032,NVDA,NVIDIA,Nasdaq,USD,20260706_192958
2026-07-06 09:51:00-04:00,195.47000122070312,195.6199951171875,195.360107421875,195.58999633789062,323602,NVDA,NVIDIA,Nasdaq,USD,20260706_192958
2026-07-06 09:52:00-04:00,195.50950622558594,195.50950622558594,195.1199951171875,195.47000122070312,299606,NVDA,NVIDIA,Nasdaq,USD,20260706_192958
2026-07-06 09:53:00-04:00,195.52000427246094,195.5800018310547,195.32510375976562,195.49000549316406,311137,NVDA,NVIDIA,Nasdaq,USD,20260706_192958
2026-07-06 09:54:00-04:00,195.97000122070312,195.97000122070312,195.55999755859375,195.55999755859375,502070,NVDA,NVIDIA,Nasdaq,USD,20260706_192958
2026-07-06 09:55:00-04:00,196.28900146484375,196.72999572753906,195.9600067138672,195.97999572753906,692943,NVDA,NVIDIA,Nasdaq,USD,20260706_192958
2026-07-06 09:56:00-04:00,196.27999877929688,196.5,196.1699981689453,196.2899932861328,622225,NVDA,NVIDIA,Nasdaq,USD,20260706_192958
2026-07-06 09:57:00-04:00,196.01499938964844,196.47000122070312,195.9600067138672,196.2899932861328,351036,NVDA,NVIDIA,Nasdaq,USD,20260706_192958
2026-07-06 09:58:00-04:00,196.2301025390625,196.2899932861328,195.9600067138672,196.02000427246094,368972,NVDA,NVIDIA,Nasdaq,USD,20260706_192958
2026-07-06 09:59:00-04:00,196.27999877929688,196.36000061035156,196.13999938964844,196.24000549316406,341786,NVDA,NVIDIA,Nasdaq,USD,20260706_192958
2026-07-06 10:00:00-04:00,196.3715057373047,196.63999938964844,196.02999877929688,196.27999877929688,566676,NVDA,NVIDIA,Nasdaq,USD,20260706_192958
2026-07-06 10:01:00-04:00,196.28500366210938,196.6300048828125,196.22999572753906,196.38499450683594,357125,NVDA,NVIDIA,Nasdaq,USD,20260706_192958
2026-07-06 10:02:00-04:00,196.22500610351562,196.44009399414062,196.19000244140625,196.32000732421875,263361,NVDA,NVIDIA,Nasdaq,USD,20260706_192958
2026-07-06 10:03:00-04:00,196.27999877929688,196.4250030517578,196.14999389648438,196.22500610351562,211476,NVDA,NVIDIA,Nasdaq,USD,20260706_192958
2026-07-06 10:04:00-04:00,196.25999450683594,196.36000061035156,196.07000732421875,196.27999877929688,229046,NVDA,NVIDIA,Nasdaq,USD,20260706_192958
2026-07-06 10:05:00-04:00,196.61000061035156,196.6199951171875,196.22999572753906,196.2449951171875,401671,NVDA,NVIDIA,Nasdaq,USD,20260706_192958
2026-07-06 10:06:00-04:00,196.5749969482422,197.05999755859375,196.42999267578125,196.6199951171875,674820,NVDA,NVIDIA,Nasdaq,USD,20260706_192958
2026-07-06 10:07:00-04:00,196.42999267578125,196.63999938964844,196.13009643554688,196.57000732421875,255079,NVDA,NVIDIA,Nasdaq,USD,20260706_192958
2026-07-06 10:08:00-04:00,197.05999755859375,197.17999267578125,196.4199981689453,196.42999267578125,376906,NVDA,NVIDIA,Nasdaq,USD,20260706_192958
2026-07-06 10:09:00-04:00,197.1060028076172,197.4199981689453,197.00999450683594,197.0500030517578,498548,NVDA,NVIDIA,Nasdaq,USD,20260706_192958
2026-07-06 10:10:00-04:00,196.82000732421875,197.11500549316406,196.60000610351562,197.08999633789062,387468,NVDA,NVIDIA,Nasdaq,USD,20260706_192958
2026-07-06 10:11:00-04:00,196.74000549316406,196.97659301757812,196.61000061035156,196.81500244140625,315424,NVDA,NVIDIA,Nasdaq,USD,20260706_192958
2026-07-06 10:12:00-04:00,196.67999267578125,196.8000030517578,196.52000427246094,196.75,226107,NVDA,NVIDIA,Nasdaq,USD,20260706_192958
2026-07-06 10:13:00-04:00,196.53199768066406,196.69500732421875,196.4499969482422,196.68499755859375,275733,NVDA,NVIDIA,Nasdaq,USD,20260706_192958
2026-07-06 10:14:00-04:00,196.60000610351562,196.8300018310547,196.50999450683594,196.51980590820312,247752,NVDA,NVIDIA,Nasdaq,USD,20260706_192958
2026-07-06 10:15:00-04:00,196.55999755859375,196.7100067138672,196.50999450683594,196.60499572753906,203971,NVDA,NVIDIA,Nasdaq,USD,20260706_192958
2026-07-06 10:16:00-04:00,196.7100067138672,196.74000549316406,196.4550018310547,196.55259704589844,214213,NVDA,NVIDIA,Nasdaq,USD,20260706_192958
2026-07-06 10:17:00-04:00,196.60000610351562,196.75970458984375,196.52999877929688,196.6999969482422,193844,NVDA,NVIDIA,Nasdaq,USD,20260706_192958
2026-07-06 10:18:00-04:00,196.50999450683594,196.63999938964844,196.3800048828125,196.58999633789062,204013,NVDA,NVIDIA,Nasdaq,USD,20260706_192958
2026-07-06 10:19:00-04:00,196.28500366210938,196.5601043701172,196.25999450683594,196.5,214305,NVDA,NVIDIA,Nasdaq,USD,20260706_192958
2026-07-06 10:20:00-04:00,196.33999633789062,196.38999938964844,196.28199768066406,196.2899932861328,154395,NVDA,NVIDIA,Nasdaq,USD,20260706_192958
2026-07-06 10:21:00-04:00,195.9199981689453,196.33999633789062,195.91070556640625,196.33999633789062,448345,NVDA,NVIDIA,Nasdaq,USD,20260706_192958
2026-07-06 10:22:00-04:00,196.1300048828125,196.30499267578125,195.87100219726562,195.91000366210938,312789,NVDA,NVIDIA,Nasdaq,USD,20260706_192958
2026-07-06 10:23:00-04:00,196.22999572753906,196.3800048828125,196.08999633789062,196.1199951171875,323383,NVDA,NVIDIA,Nasdaq,USD,20260706_192958
2026-07-06 10:24:00-04:00,196.5198974609375,196.55209350585938,196.1999969482422,196.22000122070312,186590,NVDA,NVIDIA,Nasdaq,USD,20260706_192958
2026-07-06 10:25:00-04:00,196.5395050048828,196.6300048828125,196.47999572753906,196.52999877929688,196794,NVDA,NVIDIA,Nasdaq,USD,20260706_192958
2026-07-06 10:26:00-04:00,196.52999877929688,196.57000732421875,196.35079956054688,196.53500366210938,166925,NVDA,NVIDIA,Nasdaq,USD,20260706_192958
2026-07-06 10:27:00-04:00,196.5500030517578,196.61000061035156,196.3800048828125,196.5299072265625,152676,NVDA,NVIDIA,Nasdaq,USD,20260706_192958
2026-07-06 10:28:00-04:00,196.47999572753906,196.6199951171875,196.36500549316406,196.531005859375,187671,NVDA,NVIDIA,Nasdaq,USD,20260706_192958
2026-07-06 10:29:00-04:00,196.57400512695312,196.74989318847656,196.44000244140625,196.47500610351562,171628,NVDA,NVIDIA,Nasdaq,USD,20260706_192958
2026-07-06 10:30:00-04:00,196.4945068359375,196.74000549316406,196.44009399414062,196.58990478515625,176935,NVDA,NVIDIA,Nasdaq,USD,20260706_192958
2026-07-06 10:31:00-04:00,196.4149932861328,196.50999450683594,196.360107421875,196.49000549316406,138815,NVDA,NVIDIA,Nasdaq,USD,20260706_192958
2026-07-06 10:32:00-04:00,196.47999572753906,196.5,196.38009643554688,196.4199981689453,99289,NVDA,NVIDIA,Nasdaq,USD,20260706_192958
2026-07-06 10:33:00-04:00,196.39999389648438,196.52830505371094,196.39999389648438,196.46499633789062,133422,NVDA,NVIDIA,Nasdaq,USD,20260706_192958
2026-07-06 10:34:00-04:00,196.6708984375,196.72000122070312,196.360107421875,196.3939971923828,192807,NVDA,NVIDIA,Nasdaq,USD,20260706_192958
2026-07-06 10:35:00-04:00,196.52000427246094,196.67999267578125,196.40980529785156,196.67999267578125,217950,NVDA,NVIDIA,Nasdaq,USD,20260706_192958
2026-07-06 10:36:00-04:00,196.43930053710938,196.75999450683594,196.4199981689453,196.5,165449,NVDA,NVIDIA,Nasdaq,USD,20260706_192958
2026-07-06 10:37:00-04:00,196.50999450683594,196.60000610351562,196.35000610351562,196.42999267578125,192302,NVDA,NVIDIA,Nasdaq,USD,20260706_192958
2026-07-06 10:38:00-04:00,196.3896942138672,196.5500030517578,196.375,196.5198974609375,188592,NVDA,NVIDIA,Nasdaq,USD,20260706_192958
2026-07-06 10:39:00-04:00,196.22999572753906,196.52000427246094,196.1999969482422,196.41000366210938,229665,NVDA,NVIDIA,Nasdaq,USD,20260706_192958
2026-07-06 10:40:00-04:00,196.13499450683594,196.3300018310547,196.0500030517578,196.22999572753906,226166,NVDA,NVIDIA,Nasdaq,USD,20260706_192958
2026-07-06 10:41:00-04:00,195.9949951171875,196.25,195.97000122070312,196.11000061035156,276231,NVDA,NVIDIA,Nasdaq,USD,20260706_192958
2026-07-06 10:42:00-04:00,196.28500366210938,196.3498992919922,195.9499969482422,195.9929962158203,313812,NVDA,NVIDIA,Nasdaq,USD,20260706_192958
2026-07-06 10:43:00-04:00,196.51499938964844,196.52999877929688,196.24000549316406,196.27999877929688,185992,NVDA,NVIDIA,Nasdaq,USD,20260706_192958
2026-07-06 10:44:00-04:00,196.5500030517578,196.69000244140625,196.52000427246094,196.52000427246094,278296,NVDA,NVIDIA,Nasdaq,USD,20260706_192958
2026-07-06 10:45:00-04:00,196.7100067138672,196.7299041748047,196.5301055908203,196.5402069091797,200627,NVDA,NVIDIA,Nasdaq,USD,20260706_192958
2026-07-06 10:46:00-04:00,196.46499633789062,196.72999572753906,196.40660095214844,196.70799255371094,185793,NVDA,NVIDIA,Nasdaq,USD,20260706_192958
2026-07-06 10:47:00-04:00,196.30499267578125,196.56500244140625,196.22000122070312,196.47999572753906,206737,NVDA,NVIDIA,Nasdaq,USD,20260706_192958
2026-07-06 10:48:00-04:00,196.1248016357422,196.30999755859375,196.09030151367188,196.30999755859375,165712,NVDA,NVIDIA,Nasdaq,USD,20260706_192958
2026-07-06 10:49:00-04:00,196.0699005126953,196.19000244140625,196.0626983642578,196.1199951171875,143057,NVDA,NVIDIA,Nasdaq,USD,20260706_192958
2026-07-06 10:50:00-04:00,196.02999877929688,196.13999938964844,196.00999450683594,196.05999755859375,154340,NVDA,NVIDIA,Nasdaq,USD,20260706_192958
2026-07-06 10:51:00-04:00,196.1898956298828,196.27499389648438,195.9949951171875,196.03500366210938,254450,NVDA,NVIDIA,Nasdaq,USD,20260706_192958
2026-07-06 10:52:00-04:00,196.1699981689453,196.2100067138672,196.00660705566406,196.17999267578125,125691,NVDA,NVIDIA,Nasdaq,USD,20260706_192958
2026-07-06 10:53:00-04:00,196.19009399414062,196.1999969482422,196.00999450683594,196.1699981689453,147255,NVDA,NVIDIA,Nasdaq,USD,20260706_192958
2026-07-06 10:54:00-04:00,196.13999938964844,196.25999450683594,196.10009765625,196.19500732421875,191999,NVDA,NVIDIA,Nasdaq,USD,20260706_192958
2026-07-06 10:55:00-04:00,195.7729949951172,196.19500732421875,195.7729949951172,196.13499450683594,254228,NVDA,NVIDIA,Nasdaq,USD,20260706_192958
2026-07-06 10:56:00-04:00,195.88999938964844,195.88999938964844,195.6824951171875,195.7794952392578,206711,NVDA,NVIDIA,Nasdaq,USD,20260706_192958
2026-07-06 10:57:00-04:00,195.8000030517578,196.0299072265625,195.66000366210938,195.8800048828125,205194,NVDA,NVIDIA,Nasdaq,USD,20260706_192958
2026-07-06 10:58:00-04:00,195.89999389648438,195.9199981689453,195.6699981689453,195.8000030517578,158917,NVDA,NVIDIA,Nasdaq,USD,20260706_192958
2026-07-06 10:59:00-04:00,196.02499389648438,196.0399932861328,195.86000061035156,195.91000366210938,164809,NVDA,NVIDIA,Nasdaq,USD,20260706_192958
2026-07-06 11:00:00-04:00,195.83999633789062,196.0500030517578,195.7550048828125,196.02000427246094,153473,NVDA,NVIDIA,Nasdaq,USD,20260706_192958
2026-07-06 11:01:00-04:00,195.88999938964844,196.0,195.8094940185547,195.8300018310547,137011,NVDA,NVIDIA,Nasdaq,USD,20260706_192958
2026-07-06 11:02:00-04:00,195.83999633789062,195.97799682617188,195.7899932861328,195.88999938964844,110372,NVDA,NVIDIA,Nasdaq,USD,20260706_192958
2026-07-06 11:03:00-04:00,195.97000122070312,195.97999572753906,195.8300018310547,195.83999633789062,138801,NVDA,NVIDIA,Nasdaq,USD,20260706_192958
2026-07-06 11:04:00-04:00,195.78500366210938,196.02000427246094,195.74000549316406,195.97000122070312,138952,NVDA,NVIDIA,Nasdaq,USD,20260706_192958
2026-07-06 11:05:00-04:00,195.92999267578125,195.93899536132812,195.72000122070312,195.77999877929688,160017,NVDA,NVIDIA,Nasdaq,USD,20260706_192958
2026-07-06 11:06:00-04:00,196.07000732421875,196.11000061035156,195.85000610351562,195.9199981689453,250472,NVDA,NVIDIA,Nasdaq,USD,20260706_192958
2026-07-06 11:07:00-04:00,195.8300018310547,196.0850067138672,195.8300018310547,196.07000732421875,132724,NVDA,NVIDIA,Nasdaq,USD,20260706_192958
2026-07-06 11:08:00-04:00,195.6699981689453,195.8769989013672,195.5800018310547,195.83999633789062,280951,NVDA,NVIDIA,Nasdaq,USD,20260706_192958
2026-07-06 11:09:00-04:00,195.85000610351562,195.99000549316406,195.66000366210938,195.66000366210938,175118,NVDA,NVIDIA,Nasdaq,USD,20260706_192958
2026-07-06 11:10:00-04:00,195.8800048828125,196.0,195.80999755859375,195.85279846191406,140690,NVDA,NVIDIA,Nasdaq,USD,20260706_192958
2026-07-06 11:11:00-04:00,195.75999450683594,195.92649841308594,195.7449951171875,195.8800048828125,102613,NVDA,NVIDIA,Nasdaq,USD,20260706_192958
2026-07-06 11:12:00-04:00,195.9199981689453,195.9499969482422,195.72000122070312,195.75999450683594,143195,NVDA,NVIDIA,Nasdaq,USD,20260706_192958
2026-07-06 11:13:00-04:00,195.68499755859375,195.94000244140625,195.63720703125,195.9149932861328,143487,NVDA,NVIDIA,Nasdaq,USD,20260706_192958
2026-07-06 11:14:00-04:00,195.67999267578125,195.75,195.58999633789062,195.6699981689453,168898,NVDA,NVIDIA,Nasdaq,USD,20260706_192958
2026-07-06 11:15:00-04:00,195.6999969482422,195.75,195.55999755859375,195.6699981689453,255190,NVDA,NVIDIA,Nasdaq,USD,20260706_192958
2026-07-06 11:16:00-04:00,195.3800048828125,195.66000366210938,195.375,195.64999389648438,314496,NVDA,NVIDIA,Nasdaq,USD,20260706_192958
2026-07-06 11:17:00-04:00,195.55999755859375,195.5749969482422,195.36000061035156,195.38999938964844,154096,NVDA,NVIDIA,Nasdaq,USD,20260706_192958
2026-07-06 11:18:00-04:00,195.55999755859375,195.55999755859375,195.3699951171875,195.55999755859375,213626,NVDA,NVIDIA,Nasdaq,USD,20260706_192958
2026-07-06 11:19:00-04:00,195.6750030517578,195.6999969482422,195.5,195.5800018310547,146071,NVDA,NVIDIA,Nasdaq,USD,20260706_192958
2026-07-06 11:20:00-04:00,195.75,195.8300018310547,195.6699981689453,195.6699981689453,180901,NVDA,NVIDIA,Nasdaq,USD,20260706_192958
2026-07-06 11:21:00-04:00,195.74000549316406,195.77999877929688,195.64100646972656,195.75,102131,NVDA,NVIDIA,Nasdaq,USD,20260706_192958
2026-07-06 11:22:00-04:00,195.73500061035156,195.7949981689453,195.66000366210938,195.74000549316406,272675,NVDA,NVIDIA,Nasdaq,USD,20260706_192958
2026-07-06 11:23:00-04:00,195.77999877929688,195.77999877929688,195.66510009765625,195.73500061035156,140505,NVDA,NVIDIA,Nasdaq,USD,20260706_192958
2026-07-06 11:24:00-04:00,195.95989990234375,195.97999572753906,195.72999572753906,195.77999877929688,154941,NVDA,NVIDIA,Nasdaq,USD,20260706_192958
2026-07-06 11:25:00-04:00,195.9600067138672,196.02999877929688,195.8800048828125,195.9550018310547,164128,NVDA,NVIDIA,Nasdaq,USD,20260706_192958
2026-07-06 11:26:00-04:00,196.3000030517578,196.35769653320312,195.94000244140625,195.9550018310547,304049,NVDA,NVIDIA,Nasdaq,USD,20260706_192958
2026-07-06 11:27:00-04:00,196.43499755859375,196.44000244140625,196.27200317382812,196.2899932861328,187781,NVDA,NVIDIA,Nasdaq,USD,20260706_192958
2026-07-06 11:28:00-04:00,196.38980102539062,196.52000427246094,196.32000732421875,196.44000244140625,170043,NVDA,NVIDIA,Nasdaq,USD,20260706_192958
2026-07-06 11:29:00-04:00,196.5135040283203,196.5500030517578,196.35899353027344,196.38999938964844,151721,NVDA,NVIDIA,Nasdaq,USD,20260706_192958
2026-07-06 11:30:00-04:00,196.39999389648438,196.5399932861328,196.3699951171875,196.5,154253,NVDA,NVIDIA,Nasdaq,USD,20260706_192958
2026-07-06 11:31:00-04:00,196.3000030517578,196.52000427246094,196.27499389648438,196.4199981689453,173501,NVDA,NVIDIA,Nasdaq,USD,20260706_192958
2026-07-06 11:32:00-04:00,196.375,196.3800048828125,196.26499938964844,196.3000030517578,108619,NVDA,NVIDIA,Nasdaq,USD,20260706_192958
2026-07-06 11:33:00-04:00,196.35000610351562,196.39999389648438,196.30499267578125,196.3800048828125,134668,NVDA,NVIDIA,Nasdaq,USD,20260706_192958
2026-07-06 11:34:00-04:00,196.2899932861328,196.3699951171875,196.27999877929688,196.33999633789062,110282,NVDA,NVIDIA,Nasdaq,USD,20260706_192958
2026-07-06 11:35:00-04:00,196.27499389648438,196.38999938964844,196.25999450683594,196.2899932861328,151192,NVDA,NVIDIA,Nasdaq,USD,20260706_192958
2026-07-06 11:36:00-04:00,196.33999633789062,196.4499969482422,196.27999877929688,196.27999877929688,124773,NVDA,NVIDIA,Nasdaq,USD,20260706_192958
2026-07-06 11:37:00-04:00,196.64999389648438,196.64999389648438,196.27999877929688,196.32000732421875,293883,NVDA,NVIDIA,Nasdaq,USD,20260706_192958
2026-07-06 11:38:00-04:00,196.4149932861328,196.64999389648438,196.3699951171875,196.64500427246094,149514,NVDA,NVIDIA,Nasdaq,USD,20260706_192958
2026-07-06 11:39:00-04:00,196.3699951171875,196.48500061035156,196.32000732421875,196.4149932861328,132099,NVDA,NVIDIA,Nasdaq,USD,20260706_192958
2026-07-06 11:40:00-04:00,196.2899932861328,196.3699951171875,196.17999267578125,196.3699951171875,221516,NVDA,NVIDIA,Nasdaq,USD,20260706_192958
2026-07-06 11:41:00-04:00,196.3300018310547,196.3699951171875,196.25,196.2949981689453,155190,NVDA,NVIDIA,Nasdaq,USD,20260706_192958
2026-07-06 11:42:00-04:00,196.3000030517578,196.33990478515625,196.1999969482422,196.3300018310547,131027,NVDA,NVIDIA,Nasdaq,USD,20260706_192958
2026-07-06 11:43:00-04:00,196.27000427246094,196.36000061035156,196.24899291992188,196.2899932861328,121196,NVDA,NVIDIA,Nasdaq,USD,20260706_192958
2026-07-06 11:44:00-04:00,196.1999969482422,196.32000732421875,196.1699981689453,196.25999450683594,107655,NVDA,NVIDIA,Nasdaq,USD,20260706_192958
2026-07-06 11:45:00-04:00,196.1699981689453,196.26950073242188,196.16000366210938,196.2093963623047,134823,NVDA,NVIDIA,Nasdaq,USD,20260706_192958
2026-07-06 11:46:00-04:00,196.27000427246094,196.29969787597656,196.13999938964844,196.1707000732422,88206,NVDA,NVIDIA,Nasdaq,USD,20260706_192958
2026-07-06 11:47:00-04:00,196.33999633789062,196.35000610351562,196.25999450683594,196.27999877929688,117765,NVDA,NVIDIA,Nasdaq,USD,20260706_192958
2026-07-06 11:48:00-04:00,196.24000549316406,196.35499572753906,196.1999969482422,196.30999755859375,79065,NVDA,NVIDIA,Nasdaq,USD,20260706_192958
2026-07-06 11:49:00-04:00,196.36000061035156,196.36000061035156,196.1302947998047,196.22279357910156,106174,NVDA,NVIDIA,Nasdaq,USD,20260706_192958
2026-07-06 11:50:00-04:00,196.3699951171875,196.4499969482422,196.35000610351562,196.36000061035156,113825,NVDA,NVIDIA,Nasdaq,USD,20260706_192958
2026-07-06 11:51:00-04:00,196.2100067138672,196.42300415039062,196.19000244140625,196.38999938964844,107790,NVDA,NVIDIA,Nasdaq,USD,20260706_192958
2026-07-06 11:52:00-04:00,196.11990356445312,196.22779846191406,196.11000061035156,196.19500732421875,110119,NVDA,NVIDIA,Nasdaq,USD,20260706_192958
2026-07-06 11:53:00-04:00,196.11000061035156,196.1699981689453,196.07000732421875,196.11500549316406,159346,NVDA,NVIDIA,Nasdaq,USD,20260706_192958
2026-07-06 11:54:00-04:00,196.19000244140625,196.25999450683594,196.02999877929688,196.11000061035156,200679,NVDA,NVIDIA,Nasdaq,USD,20260706_192958
2026-07-06 11:55:00-04:00,196.1898956298828,196.2899932861328,196.1699981689453,196.19000244140625,131378,NVDA,NVIDIA,Nasdaq,USD,20260706_192958
2026-07-06 11:56:00-04:00,196.25999450683594,196.33999633789062,196.1501007080078,196.19000244140625,117412,NVDA,NVIDIA,Nasdaq,USD,20260706_192958
2026-07-06 11:57:00-04:00,196.3000030517578,196.35000610351562,196.24000549316406,196.2550048828125,84003,NVDA,NVIDIA,Nasdaq,USD,20260706_192958
2026-07-06 11:58:00-04:00,196.29649353027344,196.36000061035156,196.25999450683594,196.34500122070312,93121,NVDA,NVIDIA,Nasdaq,USD,20260706_192958
2026-07-06 11:59:00-04:00,196.39999389648438,196.41000366210938,196.24009704589844,196.2899932861328,127176,NVDA,NVIDIA,Nasdaq,USD,20260706_192958
2026-07-06 12:00:00-04:00,196.6204071044922,196.656494140625,196.25999450683594,196.41000366210938,402352,NVDA,NVIDIA,Nasdaq,USD,20260706_192958
2026-07-06 12:01:00-04:00,196.47999572753906,196.72000122070312,196.4600067138672,196.63499450683594,158471,NVDA,NVIDIA,Nasdaq,USD,20260706_192958
2026-07-06 12:02:00-04:00,196.38999938964844,196.58999633789062,196.3699951171875,196.48989868164062,147018,NVDA,NVIDIA,Nasdaq,USD,20260706_192958
2026-07-06 12:03:00-04:00,196.38999938964844,196.48500061035156,196.38999938964844,196.38999938964844,110493,NVDA,NVIDIA,Nasdaq,USD,20260706_192958
2026-07-06 12:04:00-04:00,196.46499633789062,196.47999572753906,196.3699951171875,196.39999389648438,117079,NVDA,NVIDIA,Nasdaq,USD,20260706_192958
2026-07-06 12:05:00-04:00,196.57000732421875,196.57000732421875,196.3800048828125,196.4600067138672,121939,NVDA,NVIDIA,Nasdaq,USD,20260706_192958
2026-07-06 12:06:00-04:00,196.60499572753906,196.6300048828125,196.50999450683594,196.55999755859375,103202,NVDA,NVIDIA,Nasdaq,USD,20260706_192958
2026-07-06 12:07:00-04:00,196.61500549316406,196.6999969482422,196.58299255371094,196.5970001220703,154736,NVDA,NVIDIA,Nasdaq,USD,20260706_192958
2026-07-06 12:08:00-04:00,196.52499389648438,196.63999938964844,196.47999572753906,196.6199951171875,113663,NVDA,NVIDIA,Nasdaq,USD,20260706_192958
2026-07-06 12:09:00-04:00,196.7449951171875,196.8800048828125,196.52499389648438,196.52499389648438,276133,NVDA,NVIDIA,Nasdaq,USD,20260706_192958
2026-07-06 12:10:00-04:00,196.9600067138672,197.05999755859375,196.63999938964844,196.74000549316406,581091,NVDA,NVIDIA,Nasdaq,USD,20260706_192958
2026-07-06 12:11:00-04:00,196.92999267578125,197.0760040283203,196.8300018310547,196.9720001220703,252362,NVDA,NVIDIA,Nasdaq,USD,20260706_192958
2026-07-06 12:12:00-04:00,197.17999267578125,197.23500061035156,196.92999267578125,196.94000244140625,452504,NVDA,NVIDIA,Nasdaq,USD,20260706_192958
2026-07-06 12:13:00-04:00,197.47999572753906,197.47999572753906,197.07000732421875,197.1699981689453,371944,NVDA,NVIDIA,Nasdaq,USD,20260706_192958
2026-07-06 12:14:00-04:00,197.1649932861328,197.5500030517578,197.16000366210938,197.47999572753906,512291,NVDA,NVIDIA,Nasdaq,USD,20260706_192958
2026-07-06 12:15:00-04:00,197.32000732421875,197.3699951171875,197.16000366210938,197.1699981689453,195043,NVDA,NVIDIA,Nasdaq,USD,20260706_192958
2026-07-06 12:16:00-04:00,197.30999755859375,197.3699951171875,197.27999877929688,197.32640075683594,177609,NVDA,NVIDIA,Nasdaq,USD,20260706_192958
2026-07-06 12:17:00-04:00,197.16000366210938,197.32000732421875,197.14500427246094,197.30999755859375,169153,NVDA,NVIDIA,Nasdaq,USD,20260706_192958
2026-07-06 12:18:00-04:00,197.16949462890625,197.29989624023438,197.1300048828125,197.14999389648438,139147,NVDA,NVIDIA,Nasdaq,USD,20260706_192958
2026-07-06 12:19:00-04:00,197.13999938964844,197.24000549316406,197.12010192871094,197.1699981689453,130736,NVDA,NVIDIA,Nasdaq,USD,20260706_192958
2026-07-06 12:20:00-04:00,197.33999633789062,197.34910583496094,197.13499450683594,197.13499450683594,164213,NVDA,NVIDIA,Nasdaq,USD,20260706_192958
2026-07-06 12:21:00-04:00,197.2100067138672,197.38999938964844,197.19000244140625,197.33999633789062,129768,NVDA,NVIDIA,Nasdaq,USD,20260706_192958
2026-07-06 12:22:00-04:00,197.17999267578125,197.27000427246094,197.11000061035156,197.2100067138672,206401,NVDA,NVIDIA,Nasdaq,USD,20260706_192958
2026-07-06 12:23:00-04:00,197.0399932861328,197.1999969482422,197.0301055908203,197.17999267578125,177398,NVDA,NVIDIA,Nasdaq,USD,20260706_192958
2026-07-06 12:24:00-04:00,197.14999389648438,197.1759033203125,197.03720092773438,197.04010009765625,96328,NVDA,NVIDIA,Nasdaq,USD,20260706_192958
2026-07-06 12:25:00-04:00,197.13999938964844,197.17979431152344,197.00999450683594,197.1300048828125,152224,NVDA,NVIDIA,Nasdaq,USD,20260706_192958
2026-07-06 12:26:00-04:00,197.0399932861328,197.16000366210938,196.94000244140625,197.1300048828125,189212,NVDA,NVIDIA,Nasdaq,USD,20260706_192958
2026-07-06 12:27:00-04:00,197.1199951171875,197.14999389648438,196.97999572753906,197.0399932861328,181203,NVDA,NVIDIA,Nasdaq,USD,20260706_192958
2026-07-06 12:28:00-04:00,196.9600067138672,197.139892578125,196.91200256347656,197.125,180546,NVDA,NVIDIA,Nasdaq,USD,20260706_192958
2026-07-06 12:29:00-04:00,197.0,197.00999450683594,196.88999938964844,196.9600067138672,134208,NVDA,NVIDIA,Nasdaq,USD,20260706_192958
2026-07-06 12:30:00-04:00,197.10000610351562,197.1199951171875,196.97000122070312,197.00509643554688,144694,NVDA,NVIDIA,Nasdaq,USD,20260706_192958
2026-07-06 12:31:00-04:00,197.21499633789062,197.24000549316406,197.0500946044922,197.10000610351562,162571,NVDA,NVIDIA,Nasdaq,USD,20260706_192958
2026-07-06 12:32:00-04:00,197.09500122070312,197.22999572753906,197.06370544433594,197.21090698242188,165392,NVDA,NVIDIA,Nasdaq,USD,20260706_192958
2026-07-06 12:33:00-04:00,196.9949951171875,197.1300048828125,196.94000244140625,197.10000610351562,132362,NVDA,NVIDIA,Nasdaq,USD,20260706_192958
2026-07-06 12:34:00-04:00,196.77999877929688,197.08999633789062,196.77000427246094,196.97999572753906,179547,NVDA,NVIDIA,Nasdaq,USD,20260706_192958
2026-07-06 12:35:00-04:00,196.80999755859375,196.83999633789062,196.7100067138672,196.77999877929688,116977,NVDA,NVIDIA,Nasdaq,USD,20260706_192958
2026-07-06 12:36:00-04:00,196.7899932861328,196.85000610351562,196.72000122070312,196.77000427246094,109473,NVDA,NVIDIA,Nasdaq,USD,20260706_192958
2026-07-06 12:37:00-04:00,196.7799072265625,196.80999755859375,196.75,196.7899932861328,60948,NVDA,NVIDIA,Nasdaq,USD,20260706_192958
2026-07-06 12:38:00-04:00,196.7100067138672,196.77499389648438,196.61000061035156,196.77000427246094,122698,NVDA,NVIDIA,Nasdaq,USD,20260706_192958
2026-07-06 12:39:00-04:00,196.83999633789062,196.8800048828125,196.67999267578125,196.7198028564453,100712,NVDA,NVIDIA,Nasdaq,USD,20260706_192958
2026-07-06 12:40:00-04:00,196.9980010986328,197.0,196.8300018310547,196.8300018310547,160705,NVDA,NVIDIA,Nasdaq,USD,20260706_192958
2026-07-06 12:41:00-04:00,196.86000061035156,197.0399932861328,196.85000610351562,196.9949951171875,118606,NVDA,NVIDIA,Nasdaq,USD,20260706_192958
2026-07-06 12:42:00-04:00,196.66439819335938,196.86000061035156,196.6501007080078,196.85000610351562,114005,NVDA,NVIDIA,Nasdaq,USD,20260706_192958
2026-07-06 12:43:00-04:00,196.64500427246094,196.6999969482422,196.63999938964844,196.6739959716797,84322,NVDA,NVIDIA,Nasdaq,USD,20260706_192958
2026-07-06 12:44:00-04:00,196.69000244140625,196.72999572753906,196.63999938964844,196.64990234375,66862,NVDA,NVIDIA,Nasdaq,USD,20260706_192958
2026-07-06 12:45:00-04:00,196.50999450683594,196.6999969482422,196.47000122070312,196.67999267578125,138179,NVDA,NVIDIA,Nasdaq,USD,20260706_192958
2026-07-06 12:46:00-04:00,196.52999877929688,196.58990478515625,196.49000549316406,196.52000427246094,74922,NVDA,NVIDIA,Nasdaq,USD,20260706_192958
2026-07-06 12:47:00-04:00,196.61500549316406,196.63999938964844,196.52999877929688,196.5399932861328,76872,NVDA,NVIDIA,Nasdaq,USD,20260706_192958
2026-07-06 12:48:00-04:00,196.59359741210938,196.6750030517578,196.5800018310547,196.60000610351562,62380,NVDA,NVIDIA,Nasdaq,USD,20260706_192958
2026-07-06 12:49:00-04:00,196.6999969482422,196.7100067138672,196.5800018310547,196.59500122070312,61248,NVDA,NVIDIA,Nasdaq,USD,20260706_192958
2026-07-06 12:50:00-04:00,196.6199951171875,196.7100067138672,196.61000061035156,196.7100067138672,68371,NVDA,NVIDIA,Nasdaq,USD,20260706_192958
2026-07-06 12:51:00-04:00,196.55499267578125,196.6699981689453,196.5399932861328,196.6300048828125,60328,NVDA,NVIDIA,Nasdaq,USD,20260706_192958
2026-07-06 12:52:00-04:00,196.52000427246094,196.55499267578125,196.4949951171875,196.5500030517578,87905,NVDA,NVIDIA,Nasdaq,USD,20260706_192958
2026-07-06 12:53:00-04:00,196.47650146484375,196.50999450683594,196.44000244140625,196.50999450683594,476230,NVDA,NVIDIA,Nasdaq,USD,20260706_192958
2026-07-06 12:54:00-04:00,196.4199981689453,196.52999877929688,196.3699951171875,196.47500610351562,180795,NVDA,NVIDIA,Nasdaq,USD,20260706_192958
2026-07-06 12:55:00-04:00,196.3769989013672,196.44000244140625,196.33999633789062,196.44000244140625,83422,NVDA,NVIDIA,Nasdaq,USD,20260706_192958
2026-07-06 12:56:00-04:00,196.41009521484375,196.4199981689453,196.2899932861328,196.3699951171875,111572,NVDA,NVIDIA,Nasdaq,USD,20260706_192958
2026-07-06 12:57:00-04:00,196.5050048828125,196.55999755859375,196.4199981689453,196.4199981689453,81715,NVDA,NVIDIA,Nasdaq,USD,20260706_192958
2026-07-06 12:58:00-04:00,196.42999267578125,196.5050048828125,196.25999450683594,196.5,187121,NVDA,NVIDIA,Nasdaq,USD,20260706_192958
2026-07-06 12:59:00-04:00,196.4600067138672,196.47999572753906,196.33999633789062,196.45359802246094,166762,NVDA,NVIDIA,Nasdaq,USD,20260706_192958
2026-07-06 13:00:00-04:00,196.4600067138672,196.52499389648438,196.3699951171875,196.42999267578125,111524,NVDA,NVIDIA,Nasdaq,USD,20260706_192958
2026-07-06 13:01:00-04:00,196.53500366210938,196.58999633789062,196.39990234375,196.4600067138672,92577,NVDA,NVIDIA,Nasdaq,USD,20260706_192958
2026-07-06 13:02:00-04:00,196.52349853515625,196.54969787597656,196.47000122070312,196.53500366210938,99106,NVDA,NVIDIA,Nasdaq,USD,20260706_192958
2026-07-06 13:03:00-04:00,196.6199951171875,196.63999938964844,196.50999450683594,196.52999877929688,93638,NVDA,NVIDIA,Nasdaq,USD,20260706_192958
2026-07-06 13:04:00-04:00,196.5449981689453,196.67999267578125,196.52999877929688,196.6199951171875,107182,NVDA,NVIDIA,Nasdaq,USD,20260706_192958
2026-07-06 13:05:00-04:00,196.72999572753906,196.74000549316406,196.47999572753906,196.5399932861328,129980,NVDA,NVIDIA,Nasdaq,USD,20260706_192958
2026-07-06 13:06:00-04:00,196.82000732421875,196.85000610351562,196.72500610351562,196.73500061035156,150553,NVDA,NVIDIA,Nasdaq,USD,20260706_192958
2026-07-06 13:07:00-04:00,196.779296875,196.860107421875,196.77200317382812,196.8249969482422,82593,NVDA,NVIDIA,Nasdaq,USD,20260706_192958
2026-07-06 13:08:00-04:00,196.7949981689453,196.7949981689453,196.72000122070312,196.77499389648438,104229,NVDA,NVIDIA,Nasdaq,USD,20260706_192958
2026-07-06 13:09:00-04:00,196.7899932861328,196.80999755859375,196.75010681152344,196.79949951171875,55294,NVDA,NVIDIA,Nasdaq,USD,20260706_192958
2026-07-06 13:10:00-04:00,196.75,196.87649536132812,196.7449951171875,196.8000030517578,102804,NVDA,NVIDIA,Nasdaq,USD,20260706_192958
2026-07-06 13:11:00-04:00,196.70989990234375,196.75999450683594,196.6501007080078,196.7449951171875,103115,NVDA,NVIDIA,Nasdaq,USD,20260706_192958
2026-07-06 13:12:00-04:00,196.63499450683594,196.76499938964844,196.62060546875,196.7100067138672,85306,NVDA,NVIDIA,Nasdaq,USD,20260706_192958
2026-07-06 13:13:00-04:00,196.5402069091797,196.63999938964844,196.50999450683594,196.63499450683594,123609,NVDA,NVIDIA,Nasdaq,USD,20260706_192958
2026-07-06 13:14:00-04:00,196.5050048828125,196.5449981689453,196.47999572753906,196.5449981689453,91049,NVDA,NVIDIA,Nasdaq,USD,20260706_192958
2026-07-06 13:15:00-04:00,196.4499969482422,196.5500030517578,196.42999267578125,196.52000427246094,87656,NVDA,NVIDIA,Nasdaq,USD,20260706_192958
2026-07-06 13:16:00-04:00,196.52000427246094,196.52999877929688,196.42010498046875,196.44000244140625,102746,NVDA,NVIDIA,Nasdaq,USD,20260706_192958
2026-07-06 13:17:00-04:00,196.40029907226562,196.5399932861328,196.38999938964844,196.52000427246094,110038,NVDA,NVIDIA,Nasdaq,USD,20260706_192958
2026-07-06 13:18:00-04:00,196.23500061035156,196.39999389648438,196.22000122070312,196.39999389648438,145489,NVDA,NVIDIA,Nasdaq,USD,20260706_192958
2026-07-06 13:19:00-04:00,196.13499450683594,196.2899932861328,196.1300048828125,196.24000549316406,108680,NVDA,NVIDIA,Nasdaq,USD,20260706_192958
2026-07-06 13:20:00-04:00,195.96499633789062,196.13999938964844,195.92999267578125,196.1300048828125,242717,NVDA,NVIDIA,Nasdaq,USD,20260706_192958
2026-07-06 13:21:00-04:00,195.9600067138672,196.0399932861328,195.9550018310547,195.9698944091797,164231,NVDA,NVIDIA,Nasdaq,USD,20260706_192958
2026-07-06 13:22:00-04:00,195.99000549316406,196.0,195.85000610351562,195.96499633789062,130757,NVDA,NVIDIA,Nasdaq,USD,20260706_192958
2026-07-06 13:23:00-04:00,196.0135040283203,196.0399932861328,195.9499969482422,195.99000549316406,92162,NVDA,NVIDIA,Nasdaq,USD,20260706_192958
2026-07-06 13:24:00-04:00,196.0500030517578,196.07000732421875,195.9600067138672,196.00999450683594,104174,NVDA,NVIDIA,Nasdaq,USD,20260706_192958
2026-07-06 13:25:00-04:00,196.16000366210938,196.1898956298828,196.05999755859375,196.05999755859375,104183,NVDA,NVIDIA,Nasdaq,USD,20260706_192958
2026-07-06 13:26:00-04:00,196.26499938964844,196.2899932861328,196.1562957763672,196.1562957763672,97991,NVDA,NVIDIA,Nasdaq,USD,20260706_192958
2026-07-06 13:27:00-04:00,196.16000366210938,196.27499389648438,196.14999389648438,196.26669311523438,79473,NVDA,NVIDIA,Nasdaq,USD,20260706_192958
2026-07-06 13:28:00-04:00,196.0601043701172,196.1699981689453,196.0500030517578,196.16000366210938,95642,NVDA,NVIDIA,Nasdaq,USD,20260706_192958
2026-07-06 13:29:00-04:00,195.97000122070312,196.0699005126953,195.9600067138672,196.0699005126953,139427,NVDA,NVIDIA,Nasdaq,USD,20260706_192958
2026-07-06 13:30:00-04:00,195.8907928466797,196.0050048828125,195.85000610351562,195.97000122070312,196236,NVDA,NVIDIA,Nasdaq,USD,20260706_192958
2026-07-06 13:31:00-04:00,195.8695068359375,195.9219970703125,195.82000732421875,195.90499877929688,168513,NVDA,NVIDIA,Nasdaq,USD,20260706_192958
2026-07-06 13:32:00-04:00,195.85000610351562,195.9199981689453,195.7949981689453,195.86990356445312,136953,NVDA,NVIDIA,Nasdaq,USD,20260706_192958
2026-07-06 13:33:00-04:00,195.90699768066406,195.92999267578125,195.7899932861328,195.8800048828125,131243,NVDA,NVIDIA,Nasdaq,USD,20260706_192958
2026-07-06 13:34:00-04:00,195.94500732421875,195.9799041748047,195.89999389648438,195.9149932861328,94407,NVDA,NVIDIA,Nasdaq,USD,20260706_192958
2026-07-06 13:35:00-04:00,196.02000427246094,196.07000732421875,195.92999267578125,195.94500732421875,120348,NVDA,NVIDIA,Nasdaq,USD,20260706_192958
2026-07-06 13:36:00-04:00,195.8800048828125,196.0334930419922,195.80999755859375,196.02000427246094,159784,NVDA,NVIDIA,Nasdaq,USD,20260706_192958
2026-07-06 13:37:00-04:00,195.9499969482422,195.9600067138672,195.85000610351562,195.8800048828125,360589,NVDA,NVIDIA,Nasdaq,USD,20260706_192958
2026-07-06 13:38:00-04:00,196.02000427246094,196.02999877929688,195.9250030517578,195.9499969482422,102354,NVDA,NVIDIA,Nasdaq,USD,20260706_192958
2026-07-06 13:39:00-04:00,195.90499877929688,196.02999877929688,195.8699951171875,196.02000427246094,77890,NVDA,NVIDIA,Nasdaq,USD,20260706_192958
2026-07-06 13:40:00-04:00,195.7899932861328,195.89999389648438,195.77000427246094,195.89999389648438,122571,NVDA,NVIDIA,Nasdaq,USD,20260706_192958
2026-07-06 13:41:00-04:00,195.76499938964844,195.84500122070312,195.75999450683594,195.78030395507812,84514,NVDA,NVIDIA,Nasdaq,USD,20260706_192958
2026-07-06 13:42:00-04:00,195.8115997314453,195.8300018310547,195.73500061035156,195.76499938964844,130023,NVDA,NVIDIA,Nasdaq,USD,20260706_192958
2026-07-06 13:43:00-04:00,195.85000610351562,195.8699951171875,195.77000427246094,195.82000732421875,121798,NVDA,NVIDIA,Nasdaq,USD,20260706_192958
2026-07-06 13:44:00-04:00,195.85499572753906,195.86680603027344,195.82009887695312,195.8303985595703,84764,NVDA,NVIDIA,Nasdaq,USD,20260706_192958
2026-07-06 13:45:00-04:00,195.75010681152344,195.8699951171875,195.69000244140625,195.85000610351562,168167,NVDA,NVIDIA,Nasdaq,USD,20260706_192958
2026-07-06 13:46:00-04:00,195.92999267578125,195.9600067138672,195.7550048828125,195.76010131835938,179557,NVDA,NVIDIA,Nasdaq,USD,20260706_192958
2026-07-06 13:47:00-04:00,195.9499969482422,196.07000732421875,195.9199981689453,195.93499755859375,146723,NVDA,NVIDIA,Nasdaq,USD,20260706_192958
2026-07-06 13:48:00-04:00,195.90640258789062,195.99000549316406,195.87010192871094,195.9499969482422,88731,NVDA,NVIDIA,Nasdaq,USD,20260706_192958
2026-07-06 13:49:00-04:00,195.88279724121094,195.93499755859375,195.81500244140625,195.90499877929688,112584,NVDA,NVIDIA,Nasdaq,USD,20260706_192958
2026-07-06 13:50:00-04:00,195.99009704589844,196.0399932861328,195.875,195.875,121164,NVDA,NVIDIA,Nasdaq,USD,20260706_192958
2026-07-06 13:51:00-04:00,195.93789672851562,196.02000427246094,195.91000366210938,196.0,85223,NVDA,NVIDIA,Nasdaq,USD,20260706_192958
2026-07-06 13:52:00-04:00,195.77999877929688,195.9490966796875,195.77000427246094,195.94500732421875,144998,NVDA,NVIDIA,Nasdaq,USD,20260706_192958
2026-07-06 13:53:00-04:00,195.8800048828125,195.8800048828125,195.75,195.77999877929688,111722,NVDA,NVIDIA,Nasdaq,USD,20260706_192958
2026-07-06 13:54:00-04:00,195.7899932861328,195.8800048828125,195.75,195.8800048828125,103018,NVDA,NVIDIA,Nasdaq,USD,20260706_192958
2026-07-06 13:55:00-04:00,195.6699981689453,195.85000610351562,195.65780639648438,195.8000030517578,169248,NVDA,NVIDIA,Nasdaq,USD,20260706_192958
2026-07-06 13:56:00-04:00,195.7194061279297,195.72000122070312,195.6300048828125,195.67999267578125,79827,NVDA,NVIDIA,Nasdaq,USD,20260706_192958
2026-07-06 13:57:00-04:00,195.69500732421875,195.8300018310547,195.6800994873047,195.72999572753906,90982,NVDA,NVIDIA,Nasdaq,USD,20260706_192958
2026-07-06 13:58:00-04:00,195.6999969482422,195.74000549316406,195.64999389648438,195.69000244140625,85309,NVDA,NVIDIA,Nasdaq,USD,20260706_192958
2026-07-06 13:59:00-04:00,195.69000244140625,195.77499389648438,195.64500427246094,195.69000244140625,97503,NVDA,NVIDIA,Nasdaq,USD,20260706_192958
2026-07-06 14:00:00-04:00,195.75999450683594,195.83999633789062,195.6999969482422,195.6999969482422,164507,NVDA,NVIDIA,Nasdaq,USD,20260706_192958
2026-07-06 14:01:00-04:00,195.82000732421875,195.82000732421875,195.6999969482422,195.75999450683594,107869,NVDA,NVIDIA,Nasdaq,USD,20260706_192958
2026-07-06 14:02:00-04:00,195.86000061035156,195.8800048828125,195.77999877929688,195.80999755859375,136319,NVDA,NVIDIA,Nasdaq,USD,20260706_192958
2026-07-06 14:03:00-04:00,195.99000549316406,195.99000549316406,195.8249969482422,195.86000061035156,136657,NVDA,NVIDIA,Nasdaq,USD,20260706_192958
2026-07-06 14:04:00-04:00,195.96499633789062,195.9949951171875,195.9199981689453,195.97999572753906,112508,NVDA,NVIDIA,Nasdaq,USD,20260706_192958
2026-07-06 14:05:00-04:00,195.9199981689453,196.01499938964844,195.9199981689453,195.9600067138672,124459,NVDA,NVIDIA,Nasdaq,USD,20260706_192958
2026-07-06 14:06:00-04:00,196.1374053955078,196.13999938964844,195.9199981689453,195.9302978515625,106906,NVDA,NVIDIA,Nasdaq,USD,20260706_192958
2026-07-06 14:07:00-04:00,196.2050018310547,196.22999572753906,196.10000610351562,196.13499450683594,147059,NVDA,NVIDIA,Nasdaq,USD,20260706_192958
2026-07-06 14:08:00-04:00,196.375,196.39999389648438,196.2050018310547,196.2050018310547,186934,NVDA,NVIDIA,Nasdaq,USD,20260706_192958
2026-07-06 14:09:00-04:00,196.37010192871094,196.38999938964844,196.2899932861328,196.3800048828125,160955,NVDA,NVIDIA,Nasdaq,USD,20260706_192958
2026-07-06 14:10:00-04:00,196.4250030517578,196.4499969482422,196.360107421875,196.3800048828125,136937,NVDA,NVIDIA,Nasdaq,USD,20260706_192958
2026-07-06 14:11:00-04:00,196.39999389648438,196.4600067138672,196.38999938964844,196.42999267578125,91085,NVDA,NVIDIA,Nasdaq,USD,20260706_192958
2026-07-06 14:12:00-04:00,196.360107421875,196.4058074951172,196.33999633789062,196.4058074951172,97944,NVDA,NVIDIA,Nasdaq,USD,20260706_192958
2026-07-06 14:13:00-04:00,196.3000030517578,196.3800048828125,196.2902069091797,196.3699951171875,94271,NVDA,NVIDIA,Nasdaq,USD,20260706_192958
2026-07-06 14:14:00-04:00,196.28500366210938,196.32000732421875,196.27000427246094,196.2899932861328,58307,NVDA,NVIDIA,Nasdaq,USD,20260706_192958
2026-07-06 14:15:00-04:00,196.48500061035156,196.4949951171875,196.28500366210938,196.28500366210938,103657,NVDA,NVIDIA,Nasdaq,USD,20260706_192958
2026-07-06 14:16:00-04:00,196.55499267578125,196.6699981689453,196.5,196.5,175003,NVDA,NVIDIA,Nasdaq,USD,20260706_192958
2026-07-06 14:17:00-04:00,196.37989807128906,196.5500030517578,196.3699951171875,196.5500030517578,99213,NVDA,NVIDIA,Nasdaq,USD,20260706_192958
2026-07-06 14:18:00-04:00,196.3300018310547,196.39999389648438,196.3000030517578,196.3699951171875,92000,NVDA,NVIDIA,Nasdaq,USD,20260706_192958
2026-07-06 14:19:00-04:00,196.4499053955078,196.4499969482422,196.32009887695312,196.3249969482422,73626,NVDA,NVIDIA,Nasdaq,USD,20260706_192958
2026-07-06 14:20:00-04:00,196.4149932861328,196.4499969482422,196.3699951171875,196.4499969482422,98014,NVDA,NVIDIA,Nasdaq,USD,20260706_192958
2026-07-06 14:21:00-04:00,196.49020385742188,196.5500030517578,196.40499877929688,196.41000366210938,117616,NVDA,NVIDIA,Nasdaq,USD,20260706_192958
2026-07-06 14:22:00-04:00,196.49000549316406,196.5500030517578,196.44000244140625,196.49000549316406,85311,NVDA,NVIDIA,Nasdaq,USD,20260706_192958
2026-07-06 14:23:00-04:00,196.4149932861328,196.48500061035156,196.3699951171875,196.48500061035156,72594,NVDA,NVIDIA,Nasdaq,USD,20260706_192958
2026-07-06 14:24:00-04:00,196.4499053955078,196.6199951171875,196.3762969970703,196.41000366210938,153544,NVDA,NVIDIA,Nasdaq,USD,20260706_192958
2026-07-06 14:25:00-04:00,196.4600067138672,196.47500610351562,196.38999938964844,196.44500732421875,94312,NVDA,NVIDIA,Nasdaq,USD,20260706_192958
2026-07-06 14:26:00-04:00,196.4250030517578,196.52999877929688,196.41000366210938,196.47000122070312,104461,NVDA,NVIDIA,Nasdaq,USD,20260706_192958
2026-07-06 14:27:00-04:00,196.3699951171875,196.5,196.3699951171875,196.4250030517578,127507,NVDA,NVIDIA,Nasdaq,USD,20260706_192958
2026-07-06 14:28:00-04:00,196.3000946044922,196.39500427246094,196.27549743652344,196.39500427246094,99565,NVDA,NVIDIA,Nasdaq,USD,20260706_192958
2026-07-06 14:29:00-04:00,196.27000427246094,196.34500122070312,196.25,196.3000030517578,72671,NVDA,NVIDIA,Nasdaq,USD,20260706_192958
2026-07-06 14:30:00-04:00,196.3249969482422,196.33999633789062,196.25999450683594,196.27000427246094,74714,NVDA,NVIDIA,Nasdaq,USD,20260706_192958
2026-07-06 14:31:00-04:00,196.36000061035156,196.39999389648438,196.25999450683594,196.3249969482422,113516,NVDA,NVIDIA,Nasdaq,USD,20260706_192958
2026-07-06 14:32:00-04:00,196.25999450683594,196.3502960205078,196.24000549316406,196.3502960205078,65951,NVDA,NVIDIA,Nasdaq,USD,20260706_192958
2026-07-06 14:33:00-04:00,196.17999267578125,196.27000427246094,196.16000366210938,196.25999450683594,113975,NVDA,NVIDIA,Nasdaq,USD,20260706_192958
2026-07-06 14:34:00-04:00,196.08999633789062,196.19000244140625,196.08999633789062,196.19000244140625,87564,NVDA,NVIDIA,Nasdaq,USD,20260706_192958
2026-07-06 14:35:00-04:00,196.10000610351562,196.1300048828125,196.08999633789062,196.09010314941406,73793,NVDA,NVIDIA,Nasdaq,USD,20260706_192958
2026-07-06 14:36:00-04:00,196.14500427246094,196.14990234375,196.08999633789062,196.09010314941406,76305,NVDA,NVIDIA,Nasdaq,USD,20260706_192958
2026-07-06 14:37:00-04:00,196.18499755859375,196.21499633789062,196.14059448242188,196.14500427246094,84003,NVDA,NVIDIA,Nasdaq,USD,20260706_192958
2026-07-06 14:38:00-04:00,196.10989379882812,196.1999969482422,196.10000610351562,196.17999267578125,63742,NVDA,NVIDIA,Nasdaq,USD,20260706_192958
2026-07-06 14:39:00-04:00,196.05499267578125,196.1199951171875,196.0399932861328,196.10000610351562,85155,NVDA,NVIDIA,Nasdaq,USD,20260706_192958
2026-07-06 14:40:00-04:00,196.16000366210938,196.16000366210938,196.0500030517578,196.0500030517578,72993,NVDA,NVIDIA,Nasdaq,USD,20260706_192958
2026-07-06 14:41:00-04:00,196.13999938964844,196.1699981689453,196.13999938964844,196.16000366210938,66433,NVDA,NVIDIA,Nasdaq,USD,20260706_192958
2026-07-06 14:42:00-04:00,196.18499755859375,196.1999969482422,196.1300048828125,196.13279724121094,74503,NVDA,NVIDIA,Nasdaq,USD,20260706_192958
2026-07-06 14:43:00-04:00,196.2550048828125,196.2550048828125,196.1649932861328,196.19000244140625,60273,NVDA,NVIDIA,Nasdaq,USD,20260706_192958
2026-07-06 14:44:00-04:00,196.30499267578125,196.47500610351562,196.125,196.25999450683594,270532,NVDA,NVIDIA,Nasdaq,USD,20260706_192958
2026-07-06 14:45:00-04:00,196.47999572753906,196.47999572753906,196.3000030517578,196.30999755859375,163563,NVDA,NVIDIA,Nasdaq,USD,20260706_192958
2026-07-06 14:46:00-04:00,196.57989501953125,196.58999633789062,196.4550018310547,196.47999572753906,204859,NVDA,NVIDIA,Nasdaq,USD,20260706_192958
2026-07-06 14:47:00-04:00,196.625,196.64959716796875,196.55999755859375,196.5749969482422,121278,NVDA,NVIDIA,Nasdaq,USD,20260706_192958
2026-07-06 14:48:00-04:00,196.5500030517578,196.63999938964844,196.5500030517578,196.6199951171875,130841,NVDA,NVIDIA,Nasdaq,USD,20260706_192958
2026-07-06 14:49:00-04:00,196.5,196.60000610351562,196.4600067138672,196.5449981689453,261054,NVDA,NVIDIA,Nasdaq,USD,20260706_192958
2026-07-06 14:50:00-04:00,196.52000427246094,196.52650451660156,196.39999389648438,196.50999450683594,138664,NVDA,NVIDIA,Nasdaq,USD,20260706_192958
2026-07-06 14:51:00-04:00,196.5399932861328,196.57989501953125,196.5,196.52000427246094,104663,NVDA,NVIDIA,Nasdaq,USD,20260706_192958
2026-07-06 14:52:00-04:00,196.5449981689453,196.6300048828125,196.52000427246094,196.53500366210938,92655,NVDA,NVIDIA,Nasdaq,USD,20260706_192958
2026-07-06 14:53:00-04:00,196.50010681152344,196.5500030517578,196.4199981689453,196.5449981689453,112440,NVDA,NVIDIA,Nasdaq,USD,20260706_192958
2026-07-06 14:54:00-04:00,196.5,196.6199951171875,196.4600067138672,196.5050048828125,110524,NVDA,NVIDIA,Nasdaq,USD,20260706_192958
2026-07-06 14:55:00-04:00,196.4600067138672,196.52000427246094,196.41000366210938,196.5,71392,NVDA,NVIDIA,Nasdaq,USD,20260706_192958
2026-07-06 14:56:00-04:00,196.47500610351562,196.5800018310547,196.44009399414062,196.4499969482422,106675,NVDA,NVIDIA,Nasdaq,USD,20260706_192958
2026-07-06 14:57:00-04:00,196.5050048828125,196.52000427246094,196.47000122070312,196.47000122070312,81291,NVDA,NVIDIA,Nasdaq,USD,20260706_192958
2026-07-06 14:58:00-04:00,196.54010009765625,196.57000732421875,196.5,196.5,117185,NVDA,NVIDIA,Nasdaq,USD,20260706_192958
2026-07-06 14:59:00-04:00,196.625,196.63999938964844,196.52000427246094,196.5500030517578,88722,NVDA,NVIDIA,Nasdaq,USD,20260706_192958
2026-07-06 15:00:00-04:00,196.63999938964844,196.8000030517578,196.6300048828125,196.6300048828125,153758,NVDA,NVIDIA,Nasdaq,USD,20260706_192958
2026-07-06 15:01:00-04:00,196.63999938964844,196.6699981689453,196.52999877929688,196.64999389648438,114490,NVDA,NVIDIA,Nasdaq,USD,20260706_192958
2026-07-06 15:02:00-04:00,196.52000427246094,196.6300048828125,196.49000549316406,196.61990356445312,104113,NVDA,NVIDIA,Nasdaq,USD,20260706_192958
2026-07-06 15:03:00-04:00,196.55999755859375,196.59979248046875,196.51499938964844,196.52000427246094,108574,NVDA,NVIDIA,Nasdaq,USD,20260706_192958
2026-07-06 15:04:00-04:00,196.60000610351562,196.63999938964844,196.5500030517578,196.5500946044922,87508,NVDA,NVIDIA,Nasdaq,USD,20260706_192958
2026-07-06 15:05:00-04:00,196.66000366210938,196.72999572753906,196.5800018310547,196.59010314941406,138301,NVDA,NVIDIA,Nasdaq,USD,20260706_192958
2026-07-06 15:06:00-04:00,196.5399932861328,196.6649932861328,196.5399932861328,196.66000366210938,122991,NVDA,NVIDIA,Nasdaq,USD,20260706_192958
2026-07-06 15:07:00-04:00,196.55999755859375,196.61500549316406,196.5200958251953,196.55999755859375,107228,NVDA,NVIDIA,Nasdaq,USD,20260706_192958
2026-07-06 15:08:00-04:00,196.625,196.6699981689453,196.57000732421875,196.5800018310547,129790,NVDA,NVIDIA,Nasdaq,USD,20260706_192958
2026-07-06 15:09:00-04:00,196.64010620117188,196.6649932861328,196.5449981689453,196.6300048828125,154377,NVDA,NVIDIA,Nasdaq,USD,20260706_192958
2026-07-06 15:10:00-04:00,196.7100067138672,196.7899932861328,196.66000366210938,196.6699981689453,207237,NVDA,NVIDIA,Nasdaq,USD,20260706_192958
2026-07-06 15:11:00-04:00,196.75,196.75999450683594,196.6300048828125,196.7100067138672,136012,NVDA,NVIDIA,Nasdaq,USD,20260706_192958
2026-07-06 15:12:00-04:00,196.8249969482422,196.85000610351562,196.7198944091797,196.7550048828125,138214,NVDA,NVIDIA,Nasdaq,USD,20260706_192958
2026-07-06 15:13:00-04:00,196.90029907226562,196.97000122070312,196.79010009765625,196.8249969482422,189054,NVDA,NVIDIA,Nasdaq,USD,20260706_192958
2026-07-06 15:14:00-04:00,196.85000610351562,196.9199981689453,196.83419799804688,196.90499877929688,144467,NVDA,NVIDIA,Nasdaq,USD,20260706_192958
2026-07-06 15:15:00-04:00,196.97500610351562,196.97999572753906,196.7729949951172,196.85499572753906,194822,NVDA,NVIDIA,Nasdaq,USD,20260706_192958
2026-07-06 15:16:00-04:00,197.0413055419922,197.05999755859375,196.97500610351562,196.97500610351562,362307,NVDA,NVIDIA,Nasdaq,USD,20260706_192958
2026-07-06 15:17:00-04:00,197.0399932861328,197.1300048828125,197.01499938964844,197.0399932861328,174440,NVDA,NVIDIA,Nasdaq,USD,20260706_192958
2026-07-06 15:18:00-04:00,196.94000244140625,197.13999938964844,196.9199981689453,197.04010009765625,256830,NVDA,NVIDIA,Nasdaq,USD,20260706_192958
2026-07-06 15:19:00-04:00,196.88999938964844,196.98500061035156,196.88999938964844,196.94000244140625,144451,NVDA,NVIDIA,Nasdaq,USD,20260706_192958
2026-07-06 15:20:00-04:00,197.02999877929688,197.03500366210938,196.83999633789062,196.88009643554688,194273,NVDA,NVIDIA,Nasdaq,USD,20260706_192958
2026-07-06 15:21:00-04:00,197.02999877929688,197.0800018310547,197.0,197.02890014648438,152804,NVDA,NVIDIA,Nasdaq,USD,20260706_192958
2026-07-06 15:22:00-04:00,197.0,197.0792999267578,197.0,197.03500366210938,137674,NVDA,NVIDIA,Nasdaq,USD,20260706_192958
2026-07-06 15:23:00-04:00,196.96009826660156,197.02000427246094,196.9600067138672,197.0,136197,NVDA,NVIDIA,Nasdaq,USD,20260706_192958
2026-07-06 15:24:00-04:00,196.96499633789062,196.985107421875,196.94000244140625,196.96519470214844,119394,NVDA,NVIDIA,Nasdaq,USD,20260706_192958
2026-07-06 15:25:00-04:00,196.97999572753906,196.98989868164062,196.94000244140625,196.9600067138672,121710,NVDA,NVIDIA,Nasdaq,USD,20260706_192958
2026-07-06 15:26:00-04:00,196.9250030517578,197.00999450683594,196.88999938964844,196.99000549316406,157108,NVDA,NVIDIA,Nasdaq,USD,20260706_192958
2026-07-06 15:27:00-04:00,196.86990356445312,196.94500732421875,196.82000732421875,196.92999267578125,160842,NVDA,NVIDIA,Nasdaq,USD,20260706_192958
2026-07-06 15:28:00-04:00,196.9149932861328,196.9700927734375,196.86000061035156,196.86000061035156,153701,NVDA,NVIDIA,Nasdaq,USD,20260706_192958
2026-07-06 15:29:00-04:00,196.85000610351562,196.9250030517578,196.83999633789062,196.91009521484375,114769,NVDA,NVIDIA,Nasdaq,USD,20260706_192958
2026-07-06 09:30:00-04:00,194.35000610351562,194.88479614257812,194.0,194.38999938964844,5310397,NVDA,NVIDIA,Nasdaq,USD,20260706_211029
2026-07-06 09:31:00-04:00,194.4250030517578,194.8800048828125,194.11000061035156,194.28500366210938,462673,NVDA,NVIDIA,Nasdaq,USD,20260706_211029
2026-07-06 09:32:00-04:00,194.44000244140625,194.72509765625,194.3000030517578,194.5,382788,NVDA,NVIDIA,Nasdaq,USD,20260706_211029
2026-07-06 09:33:00-04:00,194.52000427246094,194.55999755859375,194.00999450683594,194.47500610351562,463887,NVDA,NVIDIA,Nasdaq,USD,20260706_211029
2026-07-06 09:34:00-04:00,194.8513946533203,194.8513946533203,194.1999969482422,194.52000427246094,426896,NVDA,NVIDIA,Nasdaq,USD,20260706_211029
2026-07-06 09:35:00-04:00,195.39999389648438,195.44000244140625,194.69000244140625,194.83009338378906,533904,NVDA,NVIDIA,Nasdaq,USD,20260706_211029
2026-07-06 09:36:00-04:00,194.80999755859375,195.40499877929688,194.44000244140625,195.3800048828125,408682,NVDA,NVIDIA,Nasdaq,USD,20260706_211029
2026-07-06 09:37:00-04:00,194.55999755859375,195.18350219726562,194.4499969482422,194.80990600585938,307265,NVDA,NVIDIA,Nasdaq,USD,20260706_211029
2026-07-06 09:38:00-04:00,194.81509399414062,194.97000122070312,194.56500244140625,194.56500244140625,255206,NVDA,NVIDIA,Nasdaq,USD,20260706_211029
2026-07-06 09:39:00-04:00,195.4250030517578,195.44000244140625,194.77999877929688,194.83929443359375,312365,NVDA,NVIDIA,Nasdaq,USD,20260706_211029
2026-07-06 09:40:00-04:00,195.02000427246094,195.47999572753906,194.8800048828125,195.4250030517578,330766,NVDA,NVIDIA,Nasdaq,USD,20260706_211029
2026-07-06 09:41:00-04:00,194.98080444335938,195.2899932861328,194.8699951171875,195.02999877929688,388597,NVDA,NVIDIA,Nasdaq,USD,20260706_211029
2026-07-06 09:42:00-04:00,194.9250030517578,195.0800018310547,194.6699981689453,194.97459411621094,303617,NVDA,NVIDIA,Nasdaq,USD,20260706_211029
2026-07-06 09:43:00-04:00,194.84500122070312,195.2050018310547,194.77999877929688,194.91000366210938,284907,NVDA,NVIDIA,Nasdaq,USD,20260706_211029
2026-07-06 09:44:00-04:00,195.36500549316406,195.39999389648438,194.86000061035156,194.8800048828125,351733,NVDA,NVIDIA,Nasdaq,USD,20260706_211029
2026-07-06 09:45:00-04:00,195.08999633789062,195.4600067138672,195.00999450683594,195.3800048828125,265176,NVDA,NVIDIA,Nasdaq,USD,20260706_211029
2026-07-06 09:46:00-04:00,194.64999389648438,195.1999969482422,194.6300048828125,195.0800018310547,329596,NVDA,NVIDIA,Nasdaq,USD,20260706_211029
2026-07-06 09:47:00-04:00,194.8000030517578,194.92999267578125,194.57000732421875,194.64999389648438,306006,NVDA,NVIDIA,Nasdaq,USD,20260706_211029
2026-07-06 09:48:00-04:00,194.97999572753906,195.07000732421875,194.71319580078125,194.83999633789062,229252,NVDA,NVIDIA,Nasdaq,USD,20260706_211029
2026-07-06 09:49:00-04:00,195.10000610351562,195.25390625,194.89999389648438,194.97999572753906,266300,NVDA,NVIDIA,Nasdaq,USD,20260706_211029
2026-07-06 09:50:00-04:00,195.57049560546875,195.58999633789062,194.90499877929688,195.11000061035156,438032,NVDA,NVIDIA,Nasdaq,USD,20260706_211029
2026-07-06 09:51:00-04:00,195.47000122070312,195.6199951171875,195.360107421875,195.58999633789062,323602,NVDA,NVIDIA,Nasdaq,USD,20260706_211029
2026-07-06 09:52:00-04:00,195.50950622558594,195.50950622558594,195.1199951171875,195.47000122070312,299606,NVDA,NVIDIA,Nasdaq,USD,20260706_211029
2026-07-06 09:53:00-04:00,195.52000427246094,195.5800018310547,195.32510375976562,195.49000549316406,311137,NVDA,NVIDIA,Nasdaq,USD,20260706_211029
2026-07-06 09:54:00-04:00,195.97000122070312,195.97000122070312,195.55999755859375,195.55999755859375,502070,NVDA,NVIDIA,Nasdaq,USD,20260706_211029
2026-07-06 09:55:00-04:00,196.28900146484375,196.72999572753906,195.9600067138672,195.97999572753906,692943,NVDA,NVIDIA,Nasdaq,USD,20260706_211029
2026-07-06 09:56:00-04:00,196.27999877929688,196.5,196.1699981689453,196.2899932861328,622225,NVDA,NVIDIA,Nasdaq,USD,20260706_211029
2026-07-06 09:57:00-04:00,196.01499938964844,196.47000122070312,195.9600067138672,196.2899932861328,351036,NVDA,NVIDIA,Nasdaq,USD,20260706_211029
2026-07-06 09:58:00-04:00,196.2301025390625,196.2899932861328,195.9600067138672,196.02000427246094,368972,NVDA,NVIDIA,Nasdaq,USD,20260706_211029
2026-07-06 09:59:00-04:00,196.27999877929688,196.36000061035156,196.13999938964844,196.24000549316406,341786,NVDA,NVIDIA,Nasdaq,USD,20260706_211029
2026-07-06 10:00:00-04:00,196.3715057373047,196.63999938964844,196.02999877929688,196.27999877929688,566676,NVDA,NVIDIA,Nasdaq,USD,20260706_211029
2026-07-06 10:01:00-04:00,196.28500366210938,196.6300048828125,196.22999572753906,196.38499450683594,357125,NVDA,NVIDIA,Nasdaq,USD,20260706_211029
2026-07-06 10:02:00-04:00,196.22500610351562,196.44009399414062,196.19000244140625,196.32000732421875,263361,NVDA,NVIDIA,Nasdaq,USD,20260706_211029
2026-07-06 10:03:00-04:00,196.27999877929688,196.4250030517578,196.14999389648438,196.22500610351562,211476,NVDA,NVIDIA,Nasdaq,USD,20260706_211029
2026-07-06 10:04:00-04:00,196.25999450683594,196.36000061035156,196.07000732421875,196.27999877929688,229046,NVDA,NVIDIA,Nasdaq,USD,20260706_211029
2026-07-06 10:05:00-04:00,196.61000061035156,196.6199951171875,196.22999572753906,196.2449951171875,401671,NVDA,NVIDIA,Nasdaq,USD,20260706_211029
2026-07-06 10:06:00-04:00,196.5749969482422,197.05999755859375,196.42999267578125,196.6199951171875,674820,NVDA,NVIDIA,Nasdaq,USD,20260706_211029
2026-07-06 10:07:00-04:00,196.42999267578125,196.63999938964844,196.13009643554688,196.57000732421875,255079,NVDA,NVIDIA,Nasdaq,USD,20260706_211029
2026-07-06 10:08:00-04:00,197.05999755859375,197.17999267578125,196.4199981689453,196.42999267578125,376906,NVDA,NVIDIA,Nasdaq,USD,20260706_211029
2026-07-06 10:09:00-04:00,197.1060028076172,197.4199981689453,197.00999450683594,197.0500030517578,498548,NVDA,NVIDIA,Nasdaq,USD,20260706_211029
2026-07-06 10:10:00-04:00,196.82000732421875,197.11500549316406,196.60000610351562,197.08999633789062,387468,NVDA,NVIDIA,Nasdaq,USD,20260706_211029
2026-07-06 10:11:00-04:00,196.74000549316406,196.97659301757812,196.61000061035156,196.81500244140625,315424,NVDA,NVIDIA,Nasdaq,USD,20260706_211029
2026-07-06 10:12:00-04:00,196.67999267578125,196.8000030517578,196.52000427246094,196.75,226107,NVDA,NVIDIA,Nasdaq,USD,20260706_211029
2026-07-06 10:13:00-04:00,196.53199768066406,196.69500732421875,196.4499969482422,196.68499755859375,275733,NVDA,NVIDIA,Nasdaq,USD,20260706_211029
2026-07-06 10:14:00-04:00,196.60000610351562,196.8300018310547,196.50999450683594,196.51980590820312,247752,NVDA,NVIDIA,Nasdaq,USD,20260706_211029
2026-07-06 10:15:00-04:00,196.55999755859375,196.7100067138672,196.50999450683594,196.60499572753906,203971,NVDA,NVIDIA,Nasdaq,USD,20260706_211029
2026-07-06 10:16:00-04:00,196.7100067138672,196.74000549316406,196.4550018310547,196.55259704589844,214213,NVDA,NVIDIA,Nasdaq,USD,20260706_211029
2026-07-06 10:17:00-04:00,196.60000610351562,196.75970458984375,196.52999877929688,196.6999969482422,193844,NVDA,NVIDIA,Nasdaq,USD,20260706_211029
2026-07-06 10:18:00-04:00,196.50999450683594,196.63999938964844,196.3800048828125,196.58999633789062,204013,NVDA,NVIDIA,Nasdaq,USD,20260706_211029
2026-07-06 10:19:00-04:00,196.28500366210938,196.5601043701172,196.25999450683594,196.5,214305,NVDA,NVIDIA,Nasdaq,USD,20260706_211029
2026-07-06 10:20:00-04:00,196.33999633789062,196.38999938964844,196.28199768066406,196.2899932861328,154395,NVDA,NVIDIA,Nasdaq,USD,20260706_211029
2026-07-06 10:21:00-04:00,195.9199981689453,196.33999633789062,195.91070556640625,196.33999633789062,448345,NVDA,NVIDIA,Nasdaq,USD,20260706_211029
2026-07-06 10:22:00-04:00,196.1300048828125,196.30499267578125,195.87100219726562,195.91000366210938,312789,NVDA,NVIDIA,Nasdaq,USD,20260706_211029
2026-07-06 10:23:00-04:00,196.22999572753906,196.3800048828125,196.08999633789062,196.1199951171875,323383,NVDA,NVIDIA,Nasdaq,USD,20260706_211029
2026-07-06 10:24:00-04:00,196.5198974609375,196.55209350585938,196.1999969482422,196.22000122070312,186590,NVDA,NVIDIA,Nasdaq,USD,20260706_211029
2026-07-06 10:25:00-04:00,196.5395050048828,196.6300048828125,196.47999572753906,196.52999877929688,196794,NVDA,NVIDIA,Nasdaq,USD,20260706_211029
2026-07-06 10:26:00-04:00,196.52999877929688,196.57000732421875,196.35079956054688,196.53500366210938,166925,NVDA,NVIDIA,Nasdaq,USD,20260706_211029
2026-07-06 10:27:00-04:00,196.5500030517578,196.61000061035156,196.3800048828125,196.5299072265625,152676,NVDA,NVIDIA,Nasdaq,USD,20260706_211029
2026-07-06 10:28:00-04:00,196.47999572753906,196.6199951171875,196.36500549316406,196.531005859375,187671,NVDA,NVIDIA,Nasdaq,USD,20260706_211029
2026-07-06 10:29:00-04:00,196.57400512695312,196.74989318847656,196.44000244140625,196.47500610351562,171628,NVDA,NVIDIA,Nasdaq,USD,20260706_211029
2026-07-06 10:30:00-04:00,196.4945068359375,196.74000549316406,196.44009399414062,196.58990478515625,176935,NVDA,NVIDIA,Nasdaq,USD,20260706_211029
2026-07-06 10:31:00-04:00,196.4149932861328,196.50999450683594,196.360107421875,196.49000549316406,138815,NVDA,NVIDIA,Nasdaq,USD,20260706_211029
2026-07-06 10:32:00-04:00,196.47999572753906,196.5,196.38009643554688,196.4199981689453,99289,NVDA,NVIDIA,Nasdaq,USD,20260706_211029
2026-07-06 10:33:00-04:00,196.39999389648438,196.52830505371094,196.39999389648438,196.46499633789062,133422,NVDA,NVIDIA,Nasdaq,USD,20260706_211029
2026-07-06 10:34:00-04:00,196.6708984375,196.72000122070312,196.360107421875,196.3939971923828,192807,NVDA,NVIDIA,Nasdaq,USD,20260706_211029
2026-07-06 10:35:00-04:00,196.52000427246094,196.67999267578125,196.40980529785156,196.67999267578125,217950,NVDA,NVIDIA,Nasdaq,USD,20260706_211029
2026-07-06 10:36:00-04:00,196.43930053710938,196.75999450683594,196.4199981689453,196.5,165449,NVDA,NVIDIA,Nasdaq,USD,20260706_211029
2026-07-06 10:37:00-04:00,196.50999450683594,196.60000610351562,196.35000610351562,196.42999267578125,192302,NVDA,NVIDIA,Nasdaq,USD,20260706_211029
2026-07-06 10:38:00-04:00,196.3896942138672,196.5500030517578,196.375,196.5198974609375,188592,NVDA,NVIDIA,Nasdaq,USD,20260706_211029
2026-07-06 10:39:00-04:00,196.22999572753906,196.52000427246094,196.1999969482422,196.41000366210938,229665,NVDA,NVIDIA,Nasdaq,USD,20260706_211029
2026-07-06 10:40:00-04:00,196.13499450683594,196.3300018310547,196.0500030517578,196.22999572753906,226166,NVDA,NVIDIA,Nasdaq,USD,20260706_211029
2026-07-06 10:41:00-04:00,195.9949951171875,196.25,195.97000122070312,196.11000061035156,276231,NVDA,NVIDIA,Nasdaq,USD,20260706_211029
2026-07-06 10:42:00-04:00,196.28500366210938,196.3498992919922,195.9499969482422,195.9929962158203,313812,NVDA,NVIDIA,Nasdaq,USD,20260706_211029
2026-07-06 10:43:00-04:00,196.51499938964844,196.52999877929688,196.24000549316406,196.27999877929688,185992,NVDA,NVIDIA,Nasdaq,USD,20260706_211029
2026-07-06 10:44:00-04:00,196.5500030517578,196.69000244140625,196.52000427246094,196.52000427246094,278296,NVDA,NVIDIA,Nasdaq,USD,20260706_211029
2026-07-06 10:45:00-04:00,196.7100067138672,196.7299041748047,196.5301055908203,196.5402069091797,200627,NVDA,NVIDIA,Nasdaq,USD,20260706_211029
2026-07-06 10:46:00-04:00,196.46499633789062,196.72999572753906,196.40660095214844,196.70799255371094,185793,NVDA,NVIDIA,Nasdaq,USD,20260706_211029
2026-07-06 10:47:00-04:00,196.30499267578125,196.56500244140625,196.22000122070312,196.47999572753906,206737,NVDA,NVIDIA,Nasdaq,USD,20260706_211029
2026-07-06 10:48:00-04:00,196.1248016357422,196.30999755859375,196.09030151367188,196.30999755859375,165712,NVDA,NVIDIA,Nasdaq,USD,20260706_211029
2026-07-06 10:49:00-04:00,196.0699005126953,196.19000244140625,196.0626983642578,196.1199951171875,143057,NVDA,NVIDIA,Nasdaq,USD,20260706_211029
2026-07-06 10:50:00-04:00,196.02999877929688,196.13999938964844,196.00999450683594,196.05999755859375,154340,NVDA,NVIDIA,Nasdaq,USD,20260706_211029
2026-07-06 10:51:00-04:00,196.1898956298828,196.27499389648438,195.9949951171875,196.03500366210938,254450,NVDA,NVIDIA,Nasdaq,USD,20260706_211029
2026-07-06 10:52:00-04:00,196.1699981689453,196.2100067138672,196.00660705566406,196.17999267578125,125691,NVDA,NVIDIA,Nasdaq,USD,20260706_211029
2026-07-06 10:53:00-04:00,196.19009399414062,196.1999969482422,196.00999450683594,196.1699981689453,147255,NVDA,NVIDIA,Nasdaq,USD,20260706_211029
2026-07-06 10:54:00-04:00,196.13999938964844,196.25999450683594,196.10009765625,196.19500732421875,191999,NVDA,NVIDIA,Nasdaq,USD,20260706_211029
2026-07-06 10:55:00-04:00,195.7729949951172,196.19500732421875,195.7729949951172,196.13499450683594,254228,NVDA,NVIDIA,Nasdaq,USD,20260706_211029
2026-07-06 10:56:00-04:00,195.88999938964844,195.88999938964844,195.6824951171875,195.7794952392578,206711,NVDA,NVIDIA,Nasdaq,USD,20260706_211029
2026-07-06 10:57:00-04:00,195.8000030517578,196.0299072265625,195.66000366210938,195.8800048828125,205194,NVDA,NVIDIA,Nasdaq,USD,20260706_211029
2026-07-06 10:58:00-04:00,195.89999389648438,195.9199981689453,195.6699981689453,195.8000030517578,158917,NVDA,NVIDIA,Nasdaq,USD,20260706_211029
2026-07-06 10:59:00-04:00,196.02499389648438,196.0399932861328,195.86000061035156,195.91000366210938,164809,NVDA,NVIDIA,Nasdaq,USD,20260706_211029
2026-07-06 11:00:00-04:00,195.83999633789062,196.0500030517578,195.7550048828125,196.02000427246094,153473,NVDA,NVIDIA,Nasdaq,USD,20260706_211029
2026-07-06 11:01:00-04:00,195.88999938964844,196.0,195.8094940185547,195.8300018310547,137011,NVDA,NVIDIA,Nasdaq,USD,20260706_211029
2026-07-06 11:02:00-04:00,195.83999633789062,195.97799682617188,195.7899932861328,195.88999938964844,110372,NVDA,NVIDIA,Nasdaq,USD,20260706_211029
2026-07-06 11:03:00-04:00,195.97000122070312,195.97999572753906,195.8300018310547,195.83999633789062,138801,NVDA,NVIDIA,Nasdaq,USD,20260706_211029
2026-07-06 11:04:00-04:00,195.78500366210938,196.02000427246094,195.74000549316406,195.97000122070312,138952,NVDA,NVIDIA,Nasdaq,USD,20260706_211029
2026-07-06 11:05:00-04:00,195.92999267578125,195.93899536132812,195.72000122070312,195.77999877929688,160017,NVDA,NVIDIA,Nasdaq,USD,20260706_211029
2026-07-06 11:06:00-04:00,196.07000732421875,196.11000061035156,195.85000610351562,195.9199981689453,250472,NVDA,NVIDIA,Nasdaq,USD,20260706_211029
2026-07-06 11:07:00-04:00,195.8300018310547,196.0850067138672,195.8300018310547,196.07000732421875,132724,NVDA,NVIDIA,Nasdaq,USD,20260706_211029
2026-07-06 11:08:00-04:00,195.6699981689453,195.8769989013672,195.5800018310547,195.83999633789062,280951,NVDA,NVIDIA,Nasdaq,USD,20260706_211029
2026-07-06 11:09:00-04:00,195.85000610351562,195.99000549316406,195.66000366210938,195.66000366210938,175118,NVDA,NVIDIA,Nasdaq,USD,20260706_211029
2026-07-06 11:10:00-04:00,195.8800048828125,196.0,195.80999755859375,195.85279846191406,140690,NVDA,NVIDIA,Nasdaq,USD,20260706_211029
2026-07-06 11:11:00-04:00,195.75999450683594,195.92649841308594,195.7449951171875,195.8800048828125,102613,NVDA,NVIDIA,Nasdaq,USD,20260706_211029
2026-07-06 11:12:00-04:00,195.9199981689453,195.9499969482422,195.72000122070312,195.75999450683594,143195,NVDA,NVIDIA,Nasdaq,USD,20260706_211029
2026-07-06 11:13:00-04:00,195.68499755859375,195.94000244140625,195.63720703125,195.9149932861328,143487,NVDA,NVIDIA,Nasdaq,USD,20260706_211029
2026-07-06 11:14:00-04:00,195.67999267578125,195.75,195.58999633789062,195.6699981689453,168898,NVDA,NVIDIA,Nasdaq,USD,20260706_211029
2026-07-06 11:15:00-04:00,195.6999969482422,195.75,195.55999755859375,195.6699981689453,255190,NVDA,NVIDIA,Nasdaq,USD,20260706_211029
2026-07-06 11:16:00-04:00,195.3800048828125,195.66000366210938,195.375,195.64999389648438,314496,NVDA,NVIDIA,Nasdaq,USD,20260706_211029
2026-07-06 11:17:00-04:00,195.55999755859375,195.5749969482422,195.36000061035156,195.38999938964844,154096,NVDA,NVIDIA,Nasdaq,USD,20260706_211029
2026-07-06 11:18:00-04:00,195.55999755859375,195.55999755859375,195.3699951171875,195.55999755859375,213626,NVDA,NVIDIA,Nasdaq,USD,20260706_211029
2026-07-06 11:19:00-04:00,195.6750030517578,195.6999969482422,195.5,195.5800018310547,146071,NVDA,NVIDIA,Nasdaq,USD,20260706_211029
2026-07-06 11:20:00-04:00,195.75,195.8300018310547,195.6699981689453,195.6699981689453,180901,NVDA,NVIDIA,Nasdaq,USD,20260706_211029
2026-07-06 11:21:00-04:00,195.74000549316406,195.77999877929688,195.64100646972656,195.75,102131,NVDA,NVIDIA,Nasdaq,USD,20260706_211029
2026-07-06 11:22:00-04:00,195.73500061035156,195.7949981689453,195.66000366210938,195.74000549316406,272675,NVDA,NVIDIA,Nasdaq,USD,20260706_211029
2026-07-06 11:23:00-04:00,195.77999877929688,195.77999877929688,195.66510009765625,195.73500061035156,140505,NVDA,NVIDIA,Nasdaq,USD,20260706_211029
2026-07-06 11:24:00-04:00,195.95989990234375,195.97999572753906,195.72999572753906,195.77999877929688,154941,NVDA,NVIDIA,Nasdaq,USD,20260706_211029
2026-07-06 11:25:00-04:00,195.9600067138672,196.02999877929688,195.8800048828125,195.9550018310547,164128,NVDA,NVIDIA,Nasdaq,USD,20260706_211029
2026-07-06 11:26:00-04:00,196.3000030517578,196.35769653320312,195.94000244140625,195.9550018310547,304049,NVDA,NVIDIA,Nasdaq,USD,20260706_211029
2026-07-06 11:27:00-04:00,196.43499755859375,196.44000244140625,196.27200317382812,196.2899932861328,187781,NVDA,NVIDIA,Nasdaq,USD,20260706_211029
2026-07-06 11:28:00-04:00,196.38980102539062,196.52000427246094,196.32000732421875,196.44000244140625,170043,NVDA,NVIDIA,Nasdaq,USD,20260706_211029
2026-07-06 11:29:00-04:00,196.5135040283203,196.5500030517578,196.35899353027344,196.38999938964844,151721,NVDA,NVIDIA,Nasdaq,USD,20260706_211029
2026-07-06 11:30:00-04:00,196.39999389648438,196.5399932861328,196.3699951171875,196.5,154253,NVDA,NVIDIA,Nasdaq,USD,20260706_211029
2026-07-06 11:31:00-04:00,196.3000030517578,196.52000427246094,196.27499389648438,196.4199981689453,173501,NVDA,NVIDIA,Nasdaq,USD,20260706_211029
2026-07-06 11:32:00-04:00,196.375,196.3800048828125,196.26499938964844,196.3000030517578,108619,NVDA,NVIDIA,Nasdaq,USD,20260706_211029
2026-07-06 11:33:00-04:00,196.35000610351562,196.39999389648438,196.30499267578125,196.3800048828125,134668,NVDA,NVIDIA,Nasdaq,USD,20260706_211029
2026-07-06 11:34:00-04:00,196.2899932861328,196.3699951171875,196.27999877929688,196.33999633789062,110282,NVDA,NVIDIA,Nasdaq,USD,20260706_211029
2026-07-06 11:35:00-04:00,196.27499389648438,196.38999938964844,196.25999450683594,196.2899932861328,151192,NVDA,NVIDIA,Nasdaq,USD,20260706_211029
2026-07-06 11:36:00-04:00,196.33999633789062,196.4499969482422,196.27999877929688,196.27999877929688,124773,NVDA,NVIDIA,Nasdaq,USD,20260706_211029
2026-07-06 11:37:00-04:00,196.64999389648438,196.64999389648438,196.27999877929688,196.32000732421875,293883,NVDA,NVIDIA,Nasdaq,USD,20260706_211029
2026-07-06 11:38:00-04:00,196.4149932861328,196.64999389648438,196.3699951171875,196.64500427246094,149514,NVDA,NVIDIA,Nasdaq,USD,20260706_211029
2026-07-06 11:39:00-04:00,196.3699951171875,196.48500061035156,196.32000732421875,196.4149932861328,132099,NVDA,NVIDIA,Nasdaq,USD,20260706_211029
2026-07-06 11:40:00-04:00,196.2899932861328,196.3699951171875,196.17999267578125,196.3699951171875,221516,NVDA,NVIDIA,Nasdaq,USD,20260706_211029
2026-07-06 11:41:00-04:00,196.3300018310547,196.3699951171875,196.25,196.2949981689453,155190,NVDA,NVIDIA,Nasdaq,USD,20260706_211029
2026-07-06 11:42:00-04:00,196.3000030517578,196.33990478515625,196.1999969482422,196.3300018310547,131027,NVDA,NVIDIA,Nasdaq,USD,20260706_211029
2026-07-06 11:43:00-04:00,196.27000427246094,196.36000061035156,196.24899291992188,196.2899932861328,121196,NVDA,NVIDIA,Nasdaq,USD,20260706_211029
2026-07-06 11:44:00-04:00,196.1999969482422,196.32000732421875,196.1699981689453,196.25999450683594,107655,NVDA,NVIDIA,Nasdaq,USD,20260706_211029
2026-07-06 11:45:00-04:00,196.1699981689453,196.26950073242188,196.16000366210938,196.2093963623047,134823,NVDA,NVIDIA,Nasdaq,USD,20260706_211029
2026-07-06 11:46:00-04:00,196.27000427246094,196.29969787597656,196.13999938964844,196.1707000732422,88206,NVDA,NVIDIA,Nasdaq,USD,20260706_211029
2026-07-06 11:47:00-04:00,196.33999633789062,196.35000610351562,196.25999450683594,196.27999877929688,117765,NVDA,NVIDIA,Nasdaq,USD,20260706_211029
2026-07-06 11:48:00-04:00,196.24000549316406,196.35499572753906,196.1999969482422,196.30999755859375,79065,NVDA,NVIDIA,Nasdaq,USD,20260706_211029
2026-07-06 11:49:00-04:00,196.36000061035156,196.36000061035156,196.1302947998047,196.22279357910156,106174,NVDA,NVIDIA,Nasdaq,USD,20260706_211029
2026-07-06 11:50:00-04:00,196.3699951171875,196.4499969482422,196.35000610351562,196.36000061035156,113825,NVDA,NVIDIA,Nasdaq,USD,20260706_211029
2026-07-06 11:51:00-04:00,196.2100067138672,196.42300415039062,196.19000244140625,196.38999938964844,107790,NVDA,NVIDIA,Nasdaq,USD,20260706_211029
2026-07-06 11:52:00-04:00,196.11990356445312,196.22779846191406,196.11000061035156,196.19500732421875,110119,NVDA,NVIDIA,Nasdaq,USD,20260706_211029
2026-07-06 11:53:00-04:00,196.11000061035156,196.1699981689453,196.07000732421875,196.11500549316406,159346,NVDA,NVIDIA,Nasdaq,USD,20260706_211029
2026-07-06 11:54:00-04:00,196.19000244140625,196.25999450683594,196.02999877929688,196.11000061035156,200679,NVDA,NVIDIA,Nasdaq,USD,20260706_211029
2026-07-06 11:55:00-04:00,196.1898956298828,196.2899932861328,196.1699981689453,196.19000244140625,131378,NVDA,NVIDIA,Nasdaq,USD,20260706_211029
2026-07-06 11:56:00-04:00,196.25999450683594,196.33999633789062,196.1501007080078,196.19000244140625,117412,NVDA,NVIDIA,Nasdaq,USD,20260706_211029
2026-07-06 11:57:00-04:00,196.3000030517578,196.35000610351562,196.24000549316406,196.2550048828125,84003,NVDA,NVIDIA,Nasdaq,USD,20260706_211029
2026-07-06 11:58:00-04:00,196.29649353027344,196.36000061035156,196.25999450683594,196.34500122070312,93121,NVDA,NVIDIA,Nasdaq,USD,20260706_211029
2026-07-06 11:59:00-04:00,196.39999389648438,196.41000366210938,196.24009704589844,196.2899932861328,127176,NVDA,NVIDIA,Nasdaq,USD,20260706_211029
2026-07-06 12:00:00-04:00,196.6204071044922,196.656494140625,196.25999450683594,196.41000366210938,402352,NVDA,NVIDIA,Nasdaq,USD,20260706_211029
2026-07-06 12:01:00-04:00,196.47999572753906,196.72000122070312,196.4600067138672,196.63499450683594,158471,NVDA,NVIDIA,Nasdaq,USD,20260706_211029
2026-07-06 12:02:00-04:00,196.38999938964844,196.58999633789062,196.3699951171875,196.48989868164062,147018,NVDA,NVIDIA,Nasdaq,USD,20260706_211029
2026-07-06 12:03:00-04:00,196.38999938964844,196.48500061035156,196.38999938964844,196.38999938964844,110493,NVDA,NVIDIA,Nasdaq,USD,20260706_211029
2026-07-06 12:04:00-04:00,196.46499633789062,196.47999572753906,196.3699951171875,196.39999389648438,117079,NVDA,NVIDIA,Nasdaq,USD,20260706_211029
2026-07-06 12:05:00-04:00,196.57000732421875,196.57000732421875,196.3800048828125,196.4600067138672,121939,NVDA,NVIDIA,Nasdaq,USD,20260706_211029
2026-07-06 12:06:00-04:00,196.60499572753906,196.6300048828125,196.50999450683594,196.55999755859375,103202,NVDA,NVIDIA,Nasdaq,USD,20260706_211029
2026-07-06 12:07:00-04:00,196.61500549316406,196.6999969482422,196.58299255371094,196.5970001220703,154736,NVDA,NVIDIA,Nasdaq,USD,20260706_211029
2026-07-06 12:08:00-04:00,196.52499389648438,196.63999938964844,196.47999572753906,196.6199951171875,113663,NVDA,NVIDIA,Nasdaq,USD,20260706_211029
2026-07-06 12:09:00-04:00,196.7449951171875,196.8800048828125,196.52499389648438,196.52499389648438,276133,NVDA,NVIDIA,Nasdaq,USD,20260706_211029
2026-07-06 12:10:00-04:00,196.9600067138672,197.05999755859375,196.63999938964844,196.74000549316406,581091,NVDA,NVIDIA,Nasdaq,USD,20260706_211029
2026-07-06 12:11:00-04:00,196.92999267578125,197.0760040283203,196.8300018310547,196.9720001220703,252362,NVDA,NVIDIA,Nasdaq,USD,20260706_211029
2026-07-06 12:12:00-04:00,197.17999267578125,197.23500061035156,196.92999267578125,196.94000244140625,452504,NVDA,NVIDIA,Nasdaq,USD,20260706_211029
2026-07-06 12:13:00-04:00,197.47999572753906,197.47999572753906,197.07000732421875,197.1699981689453,371944,NVDA,NVIDIA,Nasdaq,USD,20260706_211029
2026-07-06 12:14:00-04:00,197.1649932861328,197.5500030517578,197.16000366210938,197.47999572753906,512291,NVDA,NVIDIA,Nasdaq,USD,20260706_211029
2026-07-06 12:15:00-04:00,197.32000732421875,197.3699951171875,197.16000366210938,197.1699981689453,195043,NVDA,NVIDIA,Nasdaq,USD,20260706_211029
2026-07-06 12:16:00-04:00,197.30999755859375,197.3699951171875,197.27999877929688,197.32640075683594,177609,NVDA,NVIDIA,Nasdaq,USD,20260706_211029
2026-07-06 12:17:00-04:00,197.16000366210938,197.32000732421875,197.14500427246094,197.30999755859375,169153,NVDA,NVIDIA,Nasdaq,USD,20260706_211029
2026-07-06 12:18:00-04:00,197.16949462890625,197.29989624023438,197.1300048828125,197.14999389648438,139147,NVDA,NVIDIA,Nasdaq,USD,20260706_211029
2026-07-06 12:19:00-04:00,197.13999938964844,197.24000549316406,197.12010192871094,197.1699981689453,130736,NVDA,NVIDIA,Nasdaq,USD,20260706_211029
2026-07-06 12:20:00-04:00,197.33999633789062,197.34910583496094,197.13499450683594,197.13499450683594,164213,NVDA,NVIDIA,Nasdaq,USD,20260706_211029
2026-07-06 12:21:00-04:00,197.2100067138672,197.38999938964844,197.19000244140625,197.33999633789062,129768,NVDA,NVIDIA,Nasdaq,USD,20260706_211029
2026-07-06 12:22:00-04:00,197.17999267578125,197.27000427246094,197.11000061035156,197.2100067138672,206401,NVDA,NVIDIA,Nasdaq,USD,20260706_211029
2026-07-06 12:23:00-04:00,197.0399932861328,197.1999969482422,197.0301055908203,197.17999267578125,177398,NVDA,NVIDIA,Nasdaq,USD,20260706_211029
2026-07-06 12:24:00-04:00,197.14999389648438,197.1759033203125,197.03720092773438,197.04010009765625,96328,NVDA,NVIDIA,Nasdaq,USD,20260706_211029
2026-07-06 12:25:00-04:00,197.13999938964844,197.17979431152344,197.00999450683594,197.1300048828125,152224,NVDA,NVIDIA,Nasdaq,USD,20260706_211029
2026-07-06 12:26:00-04:00,197.0399932861328,197.16000366210938,196.94000244140625,197.1300048828125,189212,NVDA,NVIDIA,Nasdaq,USD,20260706_211029
2026-07-06 12:27:00-04:00,197.1199951171875,197.14999389648438,196.97999572753906,197.0399932861328,181203,NVDA,NVIDIA,Nasdaq,USD,20260706_211029
2026-07-06 12:28:00-04:00,196.9600067138672,197.139892578125,196.91200256347656,197.125,180546,NVDA,NVIDIA,Nasdaq,USD,20260706_211029
2026-07-06 12:29:00-04:00,197.0,197.00999450683594,196.88999938964844,196.9600067138672,134208,NVDA,NVIDIA,Nasdaq,USD,20260706_211029
2026-07-06 12:30:00-04:00,197.10000610351562,197.1199951171875,196.97000122070312,197.00509643554688,144694,NVDA,NVIDIA,Nasdaq,USD,20260706_211029
2026-07-06 12:31:00-04:00,197.21499633789062,197.24000549316406,197.0500946044922,197.10000610351562,162571,NVDA,NVIDIA,Nasdaq,USD,20260706_211029
2026-07-06 12:32:00-04:00,197.09500122070312,197.22999572753906,197.06370544433594,197.21090698242188,165392,NVDA,NVIDIA,Nasdaq,USD,20260706_211029
2026-07-06 12:33:00-04:00,196.9949951171875,197.1300048828125,196.94000244140625,197.10000610351562,132362,NVDA,NVIDIA,Nasdaq,USD,20260706_211029
2026-07-06 12:34:00-04:00,196.77999877929688,197.08999633789062,196.77000427246094,196.97999572753906,179547,NVDA,NVIDIA,Nasdaq,USD,20260706_211029
2026-07-06 12:35:00-04:00,196.80999755859375,196.83999633789062,196.7100067138672,196.77999877929688,116977,NVDA,NVIDIA,Nasdaq,USD,20260706_211029
2026-07-06 12:36:00-04:00,196.7899932861328,196.85000610351562,196.72000122070312,196.77000427246094,109473,NVDA,NVIDIA,Nasdaq,USD,20260706_211029
2026-07-06 12:37:00-04:00,196.7799072265625,196.80999755859375,196.75,196.7899932861328,60948,NVDA,NVIDIA,Nasdaq,USD,20260706_211029
2026-07-06 12:38:00-04:00,196.7100067138672,196.77499389648438,196.61000061035156,196.77000427246094,122698,NVDA,NVIDIA,Nasdaq,USD,20260706_211029
2026-07-06 12:39:00-04:00,196.83999633789062,196.8800048828125,196.67999267578125,196.7198028564453,100712,NVDA,NVIDIA,Nasdaq,USD,20260706_211029
2026-07-06 12:40:00-04:00,196.9980010986328,197.0,196.8300018310547,196.8300018310547,160705,NVDA,NVIDIA,Nasdaq,USD,20260706_211029
2026-07-06 12:41:00-04:00,196.86000061035156,197.0399932861328,196.85000610351562,196.9949951171875,118606,NVDA,NVIDIA,Nasdaq,USD,20260706_211029
2026-07-06 12:42:00-04:00,196.66439819335938,196.86000061035156,196.6501007080078,196.85000610351562,114005,NVDA,NVIDIA,Nasdaq,USD,20260706_211029
2026-07-06 12:43:00-04:00,196.64500427246094,196.6999969482422,196.63999938964844,196.6739959716797,84322,NVDA,NVIDIA,Nasdaq,USD,20260706_211029
2026-07-06 12:44:00-04:00,196.69000244140625,196.72999572753906,196.63999938964844,196.64990234375,66862,NVDA,NVIDIA,Nasdaq,USD,20260706_211029
2026-07-06 12:45:00-04:00,196.50999450683594,196.6999969482422,196.47000122070312,196.67999267578125,138179,NVDA,NVIDIA,Nasdaq,USD,20260706_211029
2026-07-06 12:46:00-04:00,196.52999877929688,196.58990478515625,196.49000549316406,196.52000427246094,74922,NVDA,NVIDIA,Nasdaq,USD,20260706_211029
2026-07-06 12:47:00-04:00,196.61500549316406,196.63999938964844,196.52999877929688,196.5399932861328,76872,NVDA,NVIDIA,Nasdaq,USD,20260706_211029
2026-07-06 12:48:00-04:00,196.59359741210938,196.6750030517578,196.5800018310547,196.60000610351562,62380,NVDA,NVIDIA,Nasdaq,USD,20260706_211029
2026-07-06 12:49:00-04:00,196.6999969482422,196.7100067138672,196.5800018310547,196.59500122070312,61248,NVDA,NVIDIA,Nasdaq,USD,20260706_211029
2026-07-06 12:50:00-04:00,196.6199951171875,196.7100067138672,196.61000061035156,196.7100067138672,68371,NVDA,NVIDIA,Nasdaq,USD,20260706_211029
2026-07-06 12:51:00-04:00,196.55499267578125,196.6699981689453,196.5399932861328,196.6300048828125,60328,NVDA,NVIDIA,Nasdaq,USD,20260706_211029
2026-07-06 12:52:00-04:00,196.52000427246094,196.55499267578125,196.4949951171875,196.5500030517578,87905,NVDA,NVIDIA,Nasdaq,USD,20260706_211029
2026-07-06 12:53:00-04:00,196.47650146484375,196.50999450683594,196.44000244140625,196.50999450683594,476230,NVDA,NVIDIA,Nasdaq,USD,20260706_211029
2026-07-06 12:54:00-04:00,196.4199981689453,196.52999877929688,196.3699951171875,196.47500610351562,180795,NVDA,NVIDIA,Nasdaq,USD,20260706_211029
2026-07-06 12:55:00-04:00,196.3769989013672,196.44000244140625,196.33999633789062,196.44000244140625,83422,NVDA,NVIDIA,Nasdaq,USD,20260706_211029
2026-07-06 12:56:00-04:00,196.41009521484375,196.4199981689453,196.2899932861328,196.3699951171875,111572,NVDA,NVIDIA,Nasdaq,USD,20260706_211029
2026-07-06 12:57:00-04:00,196.5050048828125,196.55999755859375,196.4199981689453,196.4199981689453,81715,NVDA,NVIDIA,Nasdaq,USD,20260706_211029
2026-07-06 12:58:00-04:00,196.42999267578125,196.5050048828125,196.25999450683594,196.5,187121,NVDA,NVIDIA,Nasdaq,USD,20260706_211029
2026-07-06 12:59:00-04:00,196.4600067138672,196.47999572753906,196.33999633789062,196.45359802246094,166762,NVDA,NVIDIA,Nasdaq,USD,20260706_211029
2026-07-06 13:00:00-04:00,196.4600067138672,196.52499389648438,196.3699951171875,196.42999267578125,111524,NVDA,NVIDIA,Nasdaq,USD,20260706_211029
2026-07-06 13:01:00-04:00,196.53500366210938,196.58999633789062,196.39990234375,196.4600067138672,92577,NVDA,NVIDIA,Nasdaq,USD,20260706_211029
2026-07-06 13:02:00-04:00,196.52349853515625,196.54969787597656,196.47000122070312,196.53500366210938,99106,NVDA,NVIDIA,Nasdaq,USD,20260706_211029
2026-07-06 13:03:00-04:00,196.6199951171875,196.63999938964844,196.50999450683594,196.52999877929688,93638,NVDA,NVIDIA,Nasdaq,USD,20260706_211029
2026-07-06 13:04:00-04:00,196.5449981689453,196.67999267578125,196.52999877929688,196.6199951171875,107182,NVDA,NVIDIA,Nasdaq,USD,20260706_211029
2026-07-06 13:05:00-04:00,196.72999572753906,196.74000549316406,196.47999572753906,196.5399932861328,129980,NVDA,NVIDIA,Nasdaq,USD,20260706_211029
2026-07-06 13:06:00-04:00,196.82000732421875,196.85000610351562,196.72500610351562,196.73500061035156,150553,NVDA,NVIDIA,Nasdaq,USD,20260706_211029
2026-07-06 13:07:00-04:00,196.779296875,196.860107421875,196.77200317382812,196.8249969482422,82593,NVDA,NVIDIA,Nasdaq,USD,20260706_211029
2026-07-06 13:08:00-04:00,196.7949981689453,196.7949981689453,196.72000122070312,196.77499389648438,104229,NVDA,NVIDIA,Nasdaq,USD,20260706_211029
2026-07-06 13:09:00-04:00,196.7899932861328,196.80999755859375,196.75010681152344,196.79949951171875,55294,NVDA,NVIDIA,Nasdaq,USD,20260706_211029
2026-07-06 13:10:00-04:00,196.75,196.87649536132812,196.7449951171875,196.8000030517578,102804,NVDA,NVIDIA,Nasdaq,USD,20260706_211029
2026-07-06 13:11:00-04:00,196.70989990234375,196.75999450683594,196.6501007080078,196.7449951171875,103115,NVDA,NVIDIA,Nasdaq,USD,20260706_211029
2026-07-06 13:12:00-04:00,196.63499450683594,196.76499938964844,196.62060546875,196.7100067138672,85306,NVDA,NVIDIA,Nasdaq,USD,20260706_211029
2026-07-06 13:13:00-04:00,196.5402069091797,196.63999938964844,196.50999450683594,196.63499450683594,123609,NVDA,NVIDIA,Nasdaq,USD,20260706_211029
2026-07-06 13:14:00-04:00,196.5050048828125,196.5449981689453,196.47999572753906,196.5449981689453,91049,NVDA,NVIDIA,Nasdaq,USD,20260706_211029
2026-07-06 13:15:00-04:00,196.4499969482422,196.5500030517578,196.42999267578125,196.52000427246094,87656,NVDA,NVIDIA,Nasdaq,USD,20260706_211029
2026-07-06 13:16:00-04:00,196.52000427246094,196.52999877929688,196.42010498046875,196.44000244140625,102746,NVDA,NVIDIA,Nasdaq,USD,20260706_211029
2026-07-06 13:17:00-04:00,196.40029907226562,196.5399932861328,196.38999938964844,196.52000427246094,110038,NVDA,NVIDIA,Nasdaq,USD,20260706_211029
2026-07-06 13:18:00-04:00,196.23500061035156,196.39999389648438,196.22000122070312,196.39999389648438,145489,NVDA,NVIDIA,Nasdaq,USD,20260706_211029
2026-07-06 13:19:00-04:00,196.13499450683594,196.2899932861328,196.1300048828125,196.24000549316406,108680,NVDA,NVIDIA,Nasdaq,USD,20260706_211029
2026-07-06 13:20:00-04:00,195.96499633789062,196.13999938964844,195.92999267578125,196.1300048828125,242717,NVDA,NVIDIA,Nasdaq,USD,20260706_211029
2026-07-06 13:21:00-04:00,195.9600067138672,196.0399932861328,195.9550018310547,195.9698944091797,164231,NVDA,NVIDIA,Nasdaq,USD,20260706_211029
2026-07-06 13:22:00-04:00,195.99000549316406,196.0,195.85000610351562,195.96499633789062,130757,NVDA,NVIDIA,Nasdaq,USD,20260706_211029
2026-07-06 13:23:00-04:00,196.0135040283203,196.0399932861328,195.9499969482422,195.99000549316406,92162,NVDA,NVIDIA,Nasdaq,USD,20260706_211029
2026-07-06 13:24:00-04:00,196.0500030517578,196.07000732421875,195.9600067138672,196.00999450683594,104174,NVDA,NVIDIA,Nasdaq,USD,20260706_211029
2026-07-06 13:25:00-04:00,196.16000366210938,196.1898956298828,196.05999755859375,196.05999755859375,104183,NVDA,NVIDIA,Nasdaq,USD,20260706_211029
2026-07-06 13:26:00-04:00,196.26499938964844,196.2899932861328,196.1562957763672,196.1562957763672,97991,NVDA,NVIDIA,Nasdaq,USD,20260706_211029
2026-07-06 13:27:00-04:00,196.16000366210938,196.27499389648438,196.14999389648438,196.26669311523438,79473,NVDA,NVIDIA,Nasdaq,USD,20260706_211029
2026-07-06 13:28:00-04:00,196.0601043701172,196.1699981689453,196.0500030517578,196.16000366210938,95642,NVDA,NVIDIA,Nasdaq,USD,20260706_211029
2026-07-06 13:29:00-04:00,195.97000122070312,196.0699005126953,195.9600067138672,196.0699005126953,139427,NVDA,NVIDIA,Nasdaq,USD,20260706_211029
2026-07-06 13:30:00-04:00,195.8907928466797,196.0050048828125,195.85000610351562,195.97000122070312,196236,NVDA,NVIDIA,Nasdaq,USD,20260706_211029
2026-07-06 13:31:00-04:00,195.8695068359375,195.9219970703125,195.82000732421875,195.90499877929688,168513,NVDA,NVIDIA,Nasdaq,USD,20260706_211029
2026-07-06 13:32:00-04:00,195.85000610351562,195.9199981689453,195.7949981689453,195.86990356445312,136953,NVDA,NVIDIA,Nasdaq,USD,20260706_211029
2026-07-06 13:33:00-04:00,195.90699768066406,195.92999267578125,195.7899932861328,195.8800048828125,131243,NVDA,NVIDIA,Nasdaq,USD,20260706_211029
2026-07-06 13:34:00-04:00,195.94500732421875,195.9799041748047,195.89999389648438,195.9149932861328,94407,NVDA,NVIDIA,Nasdaq,USD,20260706_211029
2026-07-06 13:35:00-04:00,196.02000427246094,196.07000732421875,195.92999267578125,195.94500732421875,120348,NVDA,NVIDIA,Nasdaq,USD,20260706_211029
2026-07-06 13:36:00-04:00,195.8800048828125,196.0334930419922,195.80999755859375,196.02000427246094,159784,NVDA,NVIDIA,Nasdaq,USD,20260706_211029
2026-07-06 13:37:00-04:00,195.9499969482422,195.9600067138672,195.85000610351562,195.8800048828125,360589,NVDA,NVIDIA,Nasdaq,USD,20260706_211029
2026-07-06 13:38:00-04:00,196.02000427246094,196.02999877929688,195.9250030517578,195.9499969482422,102354,NVDA,NVIDIA,Nasdaq,USD,20260706_211029
2026-07-06 13:39:00-04:00,195.90499877929688,196.02999877929688,195.8699951171875,196.02000427246094,77890,NVDA,NVIDIA,Nasdaq,USD,20260706_211029
2026-07-06 13:40:00-04:00,195.7899932861328,195.89999389648438,195.77000427246094,195.89999389648438,122571,NVDA,NVIDIA,Nasdaq,USD,20260706_211029
2026-07-06 13:41:00-04:00,195.76499938964844,195.84500122070312,195.75999450683594,195.78030395507812,84514,NVDA,NVIDIA,Nasdaq,USD,20260706_211029
2026-07-06 13:42:00-04:00,195.8115997314453,195.8300018310547,195.73500061035156,195.76499938964844,130023,NVDA,NVIDIA,Nasdaq,USD,20260706_211029
2026-07-06 13:43:00-04:00,195.85000610351562,195.8699951171875,195.77000427246094,195.82000732421875,121798,NVDA,NVIDIA,Nasdaq,USD,20260706_211029
2026-07-06 13:44:00-04:00,195.85499572753906,195.86680603027344,195.82009887695312,195.8303985595703,84764,NVDA,NVIDIA,Nasdaq,USD,20260706_211029
2026-07-06 13:45:00-04:00,195.75010681152344,195.8699951171875,195.69000244140625,195.85000610351562,168167,NVDA,NVIDIA,Nasdaq,USD,20260706_211029
2026-07-06 13:46:00-04:00,195.92999267578125,195.9600067138672,195.7550048828125,195.76010131835938,179557,NVDA,NVIDIA,Nasdaq,USD,20260706_211029
2026-07-06 13:47:00-04:00,195.9499969482422,196.07000732421875,195.9199981689453,195.93499755859375,146723,NVDA,NVIDIA,Nasdaq,USD,20260706_211029
2026-07-06 13:48:00-04:00,195.90640258789062,195.99000549316406,195.87010192871094,195.9499969482422,88731,NVDA,NVIDIA,Nasdaq,USD,20260706_211029
2026-07-06 13:49:00-04:00,195.88279724121094,195.93499755859375,195.81500244140625,195.90499877929688,112584,NVDA,NVIDIA,Nasdaq,USD,20260706_211029
2026-07-06 13:50:00-04:00,195.99009704589844,196.0399932861328,195.875,195.875,121164,NVDA,NVIDIA,Nasdaq,USD,20260706_211029
2026-07-06 13:51:00-04:00,195.93789672851562,196.02000427246094,195.91000366210938,196.0,85223,NVDA,NVIDIA,Nasdaq,USD,20260706_211029
2026-07-06 13:52:00-04:00,195.77999877929688,195.9490966796875,195.77000427246094,195.94500732421875,144998,NVDA,NVIDIA,Nasdaq,USD,20260706_211029
2026-07-06 13:53:00-04:00,195.8800048828125,195.8800048828125,195.75,195.77999877929688,111722,NVDA,NVIDIA,Nasdaq,USD,20260706_211029
2026-07-06 13:54:00-04:00,195.7899932861328,195.8800048828125,195.75,195.8800048828125,103018,NVDA,NVIDIA,Nasdaq,USD,20260706_211029
2026-07-06 13:55:00-04:00,195.6699981689453,195.85000610351562,195.65780639648438,195.8000030517578,169248,NVDA,NVIDIA,Nasdaq,USD,20260706_211029
2026-07-06 13:56:00-04:00,195.7194061279297,195.72000122070312,195.6300048828125,195.67999267578125,79827,NVDA,NVIDIA,Nasdaq,USD,20260706_211029
2026-07-06 13:57:00-04:00,195.69500732421875,195.8300018310547,195.6800994873047,195.72999572753906,90982,NVDA,NVIDIA,Nasdaq,USD,20260706_211029
2026-07-06 13:58:00-04:00,195.6999969482422,195.74000549316406,195.64999389648438,195.69000244140625,85309,NVDA,NVIDIA,Nasdaq,USD,20260706_211029
2026-07-06 13:59:00-04:00,195.69000244140625,195.77499389648438,195.64500427246094,195.69000244140625,97503,NVDA,NVIDIA,Nasdaq,USD,20260706_211029
2026-07-06 14:00:00-04:00,195.75999450683594,195.83999633789062,195.6999969482422,195.6999969482422,164507,NVDA,NVIDIA,Nasdaq,USD,20260706_211029
2026-07-06 14:01:00-04:00,195.82000732421875,195.82000732421875,195.6999969482422,195.75999450683594,107869,NVDA,NVIDIA,Nasdaq,USD,20260706_211029
2026-07-06 14:02:00-04:00,195.86000061035156,195.8800048828125,195.77999877929688,195.80999755859375,136319,NVDA,NVIDIA,Nasdaq,USD,20260706_211029
2026-07-06 14:03:00-04:00,195.99000549316406,195.99000549316406,195.8249969482422,195.86000061035156,136657,NVDA,NVIDIA,Nasdaq,USD,20260706_211029
2026-07-06 14:04:00-04:00,195.96499633789062,195.9949951171875,195.9199981689453,195.97999572753906,112508,NVDA,NVIDIA,Nasdaq,USD,20260706_211029
2026-07-06 14:05:00-04:00,195.9199981689453,196.01499938964844,195.9199981689453,195.9600067138672,124459,NVDA,NVIDIA,Nasdaq,USD,20260706_211029
2026-07-06 14:06:00-04:00,196.1374053955078,196.13999938964844,195.9199981689453,195.9302978515625,106906,NVDA,NVIDIA,Nasdaq,USD,20260706_211029
2026-07-06 14:07:00-04:00,196.2050018310547,196.22999572753906,196.10000610351562,196.13499450683594,147059,NVDA,NVIDIA,Nasdaq,USD,20260706_211029
2026-07-06 14:08:00-04:00,196.375,196.39999389648438,196.2050018310547,196.2050018310547,186934,NVDA,NVIDIA,Nasdaq,USD,20260706_211029
2026-07-06 14:09:00-04:00,196.37010192871094,196.38999938964844,196.2899932861328,196.3800048828125,160955,NVDA,NVIDIA,Nasdaq,USD,20260706_211029
2026-07-06 14:10:00-04:00,196.4250030517578,196.4499969482422,196.360107421875,196.3800048828125,136937,NVDA,NVIDIA,Nasdaq,USD,20260706_211029
2026-07-06 14:11:00-04:00,196.39999389648438,196.4600067138672,196.38999938964844,196.42999267578125,91085,NVDA,NVIDIA,Nasdaq,USD,20260706_211029
2026-07-06 14:12:00-04:00,196.360107421875,196.4058074951172,196.33999633789062,196.4058074951172,97944,NVDA,NVIDIA,Nasdaq,USD,20260706_211029
2026-07-06 14:13:00-04:00,196.3000030517578,196.3800048828125,196.2902069091797,196.3699951171875,94271,NVDA,NVIDIA,Nasdaq,USD,20260706_211029
2026-07-06 14:14:00-04:00,196.28500366210938,196.32000732421875,196.27000427246094,196.2899932861328,58307,NVDA,NVIDIA,Nasdaq,USD,20260706_211029
2026-07-06 14:15:00-04:00,196.48500061035156,196.4949951171875,196.28500366210938,196.28500366210938,103657,NVDA,NVIDIA,Nasdaq,USD,20260706_211029
2026-07-06 14:16:00-04:00,196.55499267578125,196.6699981689453,196.5,196.5,175003,NVDA,NVIDIA,Nasdaq,USD,20260706_211029
2026-07-06 14:17:00-04:00,196.37989807128906,196.5500030517578,196.3699951171875,196.5500030517578,99213,NVDA,NVIDIA,Nasdaq,USD,20260706_211029
2026-07-06 14:18:00-04:00,196.3300018310547,196.39999389648438,196.3000030517578,196.3699951171875,92000,NVDA,NVIDIA,Nasdaq,USD,20260706_211029
2026-07-06 14:19:00-04:00,196.4499053955078,196.4499969482422,196.32009887695312,196.3249969482422,73626,NVDA,NVIDIA,Nasdaq,USD,20260706_211029
2026-07-06 14:20:00-04:00,196.4149932861328,196.4499969482422,196.3699951171875,196.4499969482422,98014,NVDA,NVIDIA,Nasdaq,USD,20260706_211029
2026-07-06 14:21:00-04:00,196.49020385742188,196.5500030517578,196.40499877929688,196.41000366210938,117616,NVDA,NVIDIA,Nasdaq,USD,20260706_211029
2026-07-06 14:22:00-04:00,196.49000549316406,196.5500030517578,196.44000244140625,196.49000549316406,85311,NVDA,NVIDIA,Nasdaq,USD,20260706_211029
2026-07-06 14:23:00-04:00,196.4149932861328,196.48500061035156,196.3699951171875,196.48500061035156,72594,NVDA,NVIDIA,Nasdaq,USD,20260706_211029
2026-07-06 14:24:00-04:00,196.4499053955078,196.6199951171875,196.3762969970703,196.41000366210938,153544,NVDA,NVIDIA,Nasdaq,USD,20260706_211029
2026-07-06 14:25:00-04:00,196.4600067138672,196.47500610351562,196.38999938964844,196.44500732421875,94312,NVDA,NVIDIA,Nasdaq,USD,20260706_211029
2026-07-06 14:26:00-04:00,196.4250030517578,196.52999877929688,196.41000366210938,196.47000122070312,104461,NVDA,NVIDIA,Nasdaq,USD,20260706_211029
2026-07-06 14:27:00-04:00,196.3699951171875,196.5,196.3699951171875,196.4250030517578,127507,NVDA,NVIDIA,Nasdaq,USD,20260706_211029
2026-07-06 14:28:00-04:00,196.3000946044922,196.39500427246094,196.27549743652344,196.39500427246094,99565,NVDA,NVIDIA,Nasdaq,USD,20260706_211029
2026-07-06 14:29:00-04:00,196.27000427246094,196.34500122070312,196.25,196.3000030517578,72671,NVDA,NVIDIA,Nasdaq,USD,20260706_211029
2026-07-06 14:30:00-04:00,196.3249969482422,196.33999633789062,196.25999450683594,196.27000427246094,74714,NVDA,NVIDIA,Nasdaq,USD,20260706_211029
2026-07-06 14:31:00-04:00,196.36000061035156,196.39999389648438,196.25999450683594,196.3249969482422,113516,NVDA,NVIDIA,Nasdaq,USD,20260706_211029
2026-07-06 14:32:00-04:00,196.25999450683594,196.3502960205078,196.24000549316406,196.3502960205078,65951,NVDA,NVIDIA,Nasdaq,USD,20260706_211029
2026-07-06 14:33:00-04:00,196.17999267578125,196.27000427246094,196.16000366210938,196.25999450683594,113975,NVDA,NVIDIA,Nasdaq,USD,20260706_211029
2026-07-06 14:34:00-04:00,196.08999633789062,196.19000244140625,196.08999633789062,196.19000244140625,87564,NVDA,NVIDIA,Nasdaq,USD,20260706_211029
2026-07-06 14:35:00-04:00,196.10000610351562,196.1300048828125,196.08999633789062,196.09010314941406,73793,NVDA,NVIDIA,Nasdaq,USD,20260706_211029
2026-07-06 14:36:00-04:00,196.14500427246094,196.14990234375,196.08999633789062,196.09010314941406,76305,NVDA,NVIDIA,Nasdaq,USD,20260706_211029
2026-07-06 14:37:00-04:00,196.18499755859375,196.21499633789062,196.14059448242188,196.14500427246094,84003,NVDA,NVIDIA,Nasdaq,USD,20260706_211029
2026-07-06 14:38:00-04:00,196.10989379882812,196.1999969482422,196.10000610351562,196.17999267578125,63742,NVDA,NVIDIA,Nasdaq,USD,20260706_211029
2026-07-06 14:39:00-04:00,196.05499267578125,196.1199951171875,196.0399932861328,196.10000610351562,85155,NVDA,NVIDIA,Nasdaq,USD,20260706_211029
2026-07-06 14:40:00-04:00,196.16000366210938,196.16000366210938,196.0500030517578,196.0500030517578,72993,NVDA,NVIDIA,Nasdaq,USD,20260706_211029
2026-07-06 14:41:00-04:00,196.13999938964844,196.1699981689453,196.13999938964844,196.16000366210938,66433,NVDA,NVIDIA,Nasdaq,USD,20260706_211029
2026-07-06 14:42:00-04:00,196.18499755859375,196.1999969482422,196.1300048828125,196.13279724121094,74503,NVDA,NVIDIA,Nasdaq,USD,20260706_211029
2026-07-06 14:43:00-04:00,196.2550048828125,196.2550048828125,196.1649932861328,196.19000244140625,60273,NVDA,NVIDIA,Nasdaq,USD,20260706_211029
2026-07-06 14:44:00-04:00,196.30499267578125,196.47500610351562,196.125,196.25999450683594,270532,NVDA,NVIDIA,Nasdaq,USD,20260706_211029
2026-07-06 14:45:00-04:00,196.47999572753906,196.47999572753906,196.3000030517578,196.30999755859375,163563,NVDA,NVIDIA,Nasdaq,USD,20260706_211029
2026-07-06 14:46:00-04:00,196.57989501953125,196.58999633789062,196.4550018310547,196.47999572753906,204859,NVDA,NVIDIA,Nasdaq,USD,20260706_211029
2026-07-06 14:47:00-04:00,196.625,196.64959716796875,196.55999755859375,196.5749969482422,121278,NVDA,NVIDIA,Nasdaq,USD,20260706_211029
2026-07-06 14:48:00-04:00,196.5500030517578,196.63999938964844,196.5500030517578,196.6199951171875,130841,NVDA,NVIDIA,Nasdaq,USD,20260706_211029
2026-07-06 14:49:00-04:00,196.5,196.60000610351562,196.4600067138672,196.5449981689453,261054,NVDA,NVIDIA,Nasdaq,USD,20260706_211029
2026-07-06 14:50:00-04:00,196.52000427246094,196.52650451660156,196.39999389648438,196.50999450683594,138664,NVDA,NVIDIA,Nasdaq,USD,20260706_211029
2026-07-06 14:51:00-04:00,196.5399932861328,196.57989501953125,196.5,196.52000427246094,104663,NVDA,NVIDIA,Nasdaq,USD,20260706_211029
2026-07-06 14:52:00-04:00,196.5449981689453,196.6300048828125,196.52000427246094,196.53500366210938,92655,NVDA,NVIDIA,Nasdaq,USD,20260706_211029
2026-07-06 14:53:00-04:00,196.50010681152344,196.5500030517578,196.4199981689453,196.5449981689453,112440,NVDA,NVIDIA,Nasdaq,USD,20260706_211029
2026-07-06 14:54:00-04:00,196.5,196.6199951171875,196.4600067138672,196.5050048828125,110524,NVDA,NVIDIA,Nasdaq,USD,20260706_211029
2026-07-06 14:55:00-04:00,196.4600067138672,196.52000427246094,196.41000366210938,196.5,71392,NVDA,NVIDIA,Nasdaq,USD,20260706_211029
2026-07-06 14:56:00-04:00,196.47500610351562,196.5800018310547,196.44009399414062,196.4499969482422,106675,NVDA,NVIDIA,Nasdaq,USD,20260706_211029
2026-07-06 14:57:00-04:00,196.5050048828125,196.52000427246094,196.47000122070312,196.47000122070312,81291,NVDA,NVIDIA,Nasdaq,USD,20260706_211029
2026-07-06 14:58:00-04:00,196.54010009765625,196.57000732421875,196.5,196.5,117185,NVDA,NVIDIA,Nasdaq,USD,20260706_211029
2026-07-06 14:59:00-04:00,196.625,196.63999938964844,196.52000427246094,196.5500030517578,88722,NVDA,NVIDIA,Nasdaq,USD,20260706_211029
2026-07-06 15:00:00-04:00,196.63999938964844,196.8000030517578,196.6300048828125,196.6300048828125,153758,NVDA,NVIDIA,Nasdaq,USD,20260706_211029
2026-07-06 15:01:00-04:00,196.63999938964844,196.6699981689453,196.52999877929688,196.64999389648438,114490,NVDA,NVIDIA,Nasdaq,USD,20260706_211029
2026-07-06 15:02:00-04:00,196.52000427246094,196.6300048828125,196.49000549316406,196.61990356445312,104113,NVDA,NVIDIA,Nasdaq,USD,20260706_211029
2026-07-06 15:03:00-04:00,196.55999755859375,196.59979248046875,196.51499938964844,196.52000427246094,108574,NVDA,NVIDIA,Nasdaq,USD,20260706_211029
2026-07-06 15:04:00-04:00,196.60000610351562,196.63999938964844,196.5500030517578,196.5500946044922,87508,NVDA,NVIDIA,Nasdaq,USD,20260706_211029
2026-07-06 15:05:00-04:00,196.66000366210938,196.72999572753906,196.5800018310547,196.59010314941406,138301,NVDA,NVIDIA,Nasdaq,USD,20260706_211029
2026-07-06 15:06:00-04:00,196.5399932861328,196.6649932861328,196.5399932861328,196.66000366210938,122991,NVDA,NVIDIA,Nasdaq,USD,20260706_211029
2026-07-06 15:07:00-04:00,196.55999755859375,196.61500549316406,196.5200958251953,196.55999755859375,107228,NVDA,NVIDIA,Nasdaq,USD,20260706_211029
2026-07-06 15:08:00-04:00,196.625,196.6699981689453,196.57000732421875,196.5800018310547,129790,NVDA,NVIDIA,Nasdaq,USD,20260706_211029
2026-07-06 15:09:00-04:00,196.64010620117188,196.6649932861328,196.5449981689453,196.6300048828125,154377,NVDA,NVIDIA,Nasdaq,USD,20260706_211029
2026-07-06 15:10:00-04:00,196.7100067138672,196.7899932861328,196.66000366210938,196.6699981689453,207237,NVDA,NVIDIA,Nasdaq,USD,20260706_211029
2026-07-06 15:11:00-04:00,196.75,196.75999450683594,196.6300048828125,196.7100067138672,136012,NVDA,NVIDIA,Nasdaq,USD,20260706_211029
2026-07-06 15:12:00-04:00,196.8249969482422,196.85000610351562,196.7198944091797,196.7550048828125,138214,NVDA,NVIDIA,Nasdaq,USD,20260706_211029
2026-07-06 15:13:00-04:00,196.90029907226562,196.97000122070312,196.79010009765625,196.8249969482422,189054,NVDA,NVIDIA,Nasdaq,USD,20260706_211029
2026-07-06 15:14:00-04:00,196.85000610351562,196.9199981689453,196.83419799804688,196.90499877929688,144467,NVDA,NVIDIA,Nasdaq,USD,20260706_211029
2026-07-06 15:15:00-04:00,196.97500610351562,196.97999572753906,196.7729949951172,196.85499572753906,194822,NVDA,NVIDIA,Nasdaq,USD,20260706_211029
2026-07-06 15:16:00-04:00,197.0413055419922,197.05999755859375,196.97500610351562,196.97500610351562,362307,NVDA,NVIDIA,Nasdaq,USD,20260706_211029
2026-07-06 15:17:00-04:00,197.0399932861328,197.1300048828125,197.01499938964844,197.0399932861328,174440,NVDA,NVIDIA,Nasdaq,USD,20260706_211029
2026-07-06 15:18:00-04:00,196.94000244140625,197.13999938964844,196.9199981689453,197.04010009765625,256830,NVDA,NVIDIA,Nasdaq,USD,20260706_211029
2026-07-06 15:19:00-04:00,196.88999938964844,196.98500061035156,196.88999938964844,196.94000244140625,144451,NVDA,NVIDIA,Nasdaq,USD,20260706_211029
2026-07-06 15:20:00-04:00,197.02999877929688,197.03500366210938,196.83999633789062,196.88009643554688,194273,NVDA,NVIDIA,Nasdaq,USD,20260706_211029
2026-07-06 15:21:00-04:00,197.02999877929688,197.0800018310547,197.0,197.02890014648438,152804,NVDA,NVIDIA,Nasdaq,USD,20260706_211029
2026-07-06 15:22:00-04:00,197.0,197.0792999267578,197.0,197.03500366210938,137674,NVDA,NVIDIA,Nasdaq,USD,20260706_211029
2026-07-06 15:23:00-04:00,196.96009826660156,197.02000427246094,196.9600067138672,197.0,136197,NVDA,NVIDIA,Nasdaq,USD,20260706_211029
2026-07-06 15:24:00-04:00,196.96499633789062,196.985107421875,196.94000244140625,196.96519470214844,119394,NVDA,NVIDIA,Nasdaq,USD,20260706_211029
2026-07-06 15:25:00-04:00,196.97999572753906,196.98989868164062,196.94000244140625,196.9600067138672,121710,NVDA,NVIDIA,Nasdaq,USD,20260706_211029
2026-07-06 15:26:00-04:00,196.9250030517578,197.00999450683594,196.88999938964844,196.99000549316406,157108,NVDA,NVIDIA,Nasdaq,USD,20260706_211029
2026-07-06 15:27:00-04:00,196.86990356445312,196.94500732421875,196.82000732421875,196.92999267578125,160842,NVDA,NVIDIA,Nasdaq,USD,20260706_211029
2026-07-06 15:28:00-04:00,196.9149932861328,196.9700927734375,196.86000061035156,196.86000061035156,153701,NVDA,NVIDIA,Nasdaq,USD,20260706_211029
2026-07-06 15:29:00-04:00,196.85000610351562,196.9250030517578,196.83999633789062,196.91009521484375,114769,NVDA,NVIDIA,Nasdaq,USD,20260706_211029
2026-07-06 15:30:00-04:00,196.6374053955078,196.8800048828125,196.6300048828125,196.85499572753906,255053,NVDA,NVIDIA,Nasdaq,USD,20260706_211029
2026-07-06 15:31:00-04:00,196.55999755859375,196.64999389648438,196.47999572753906,196.63999938964844,200621,NVDA,NVIDIA,Nasdaq,USD,20260706_211029
2026-07-06 15:32:00-04:00,196.69000244140625,196.6999969482422,196.55999755859375,196.5635986328125,157535,NVDA,NVIDIA,Nasdaq,USD,20260706_211029
2026-07-06 15:33:00-04:00,196.7100067138672,196.75,196.64999389648438,196.68499755859375,159689,NVDA,NVIDIA,Nasdaq,USD,20260706_211029
2026-07-06 15:34:00-04:00,196.85000610351562,196.8699951171875,196.71499633789062,196.71499633789062,1111481,NVDA,NVIDIA,Nasdaq,USD,20260706_211029
2026-07-06 15:35:00-04:00,196.8249969482422,196.9499969482422,196.82000732421875,196.85009765625,220846,NVDA,NVIDIA,Nasdaq,USD,20260706_211029
2026-07-06 15:36:00-04:00,196.67999267578125,196.86000061035156,196.66000366210938,196.8300018310547,184872,NVDA,NVIDIA,Nasdaq,USD,20260706_211029
2026-07-06 15:37:00-04:00,196.69000244140625,196.75999450683594,196.64999389648438,196.6699981689453,162599,NVDA,NVIDIA,Nasdaq,USD,20260706_211029
2026-07-06 15:38:00-04:00,196.72230529785156,196.77499389648438,196.67999267578125,196.6999969482422,120476,NVDA,NVIDIA,Nasdaq,USD,20260706_211029
2026-07-06 15:39:00-04:00,196.664794921875,196.72999572753906,196.61000061035156,196.72999572753906,172864,NVDA,NVIDIA,Nasdaq,USD,20260706_211029
2026-07-06 15:40:00-04:00,196.610107421875,196.67999267578125,196.58999633789062,196.6649932861328,154395,NVDA,NVIDIA,Nasdaq,USD,20260706_211029
2026-07-06 15:41:00-04:00,196.68499755859375,196.6999969482422,196.5998992919922,196.61500549316406,124239,NVDA,NVIDIA,Nasdaq,USD,20260706_211029
2026-07-06 15:42:00-04:00,196.59500122070312,196.7467041015625,196.5800018310547,196.68499755859375,203392,NVDA,NVIDIA,Nasdaq,USD,20260706_211029
2026-07-06 15:43:00-04:00,196.63999938964844,196.65499877929688,196.5850067138672,196.58999633789062,117827,NVDA,NVIDIA,Nasdaq,USD,20260706_211029
2026-07-06 15:44:00-04:00,196.65499877929688,196.6699981689453,196.58999633789062,196.63499450683594,195400,NVDA,NVIDIA,Nasdaq,USD,20260706_211029
2026-07-06 15:45:00-04:00,196.76499938964844,196.80999755859375,196.64500427246094,196.64999389648438,156540,NVDA,NVIDIA,Nasdaq,USD,20260706_211029
2026-07-06 15:46:00-04:00,196.6649932861328,196.76499938964844,196.60000610351562,196.75999450683594,221875,NVDA,NVIDIA,Nasdaq,USD,20260706_211029
2026-07-06 15:47:00-04:00,196.75360107421875,196.7550048828125,196.63999938964844,196.65499877929688,121268,NVDA,NVIDIA,Nasdaq,USD,20260706_211029
2026-07-06 15:48:00-04:00,196.87010192871094,196.8800048828125,196.7200927734375,196.75999450683594,172244,NVDA,NVIDIA,Nasdaq,USD,20260706_211029
2026-07-06 15:49:00-04:00,196.92999267578125,197.03500366210938,196.875,196.875,382175,NVDA,NVIDIA,Nasdaq,USD,20260706_211029
2026-07-06 15:50:00-04:00,196.33999633789062,196.9199981689453,196.27000427246094,196.9199981689453,603949,NVDA,NVIDIA,Nasdaq,USD,20260706_211029
2026-07-06 15:51:00-04:00,196.3800048828125,196.44000244140625,196.31500244140625,196.3300018310547,272501,NVDA,NVIDIA,Nasdaq,USD,20260706_211029
2026-07-06 15:52:00-04:00,196.360107421875,196.52999877929688,196.33999633789062,196.3800048828125,302064,NVDA,NVIDIA,Nasdaq,USD,20260706_211029
2026-07-06 15:53:00-04:00,196.42999267578125,196.4600067138672,196.32000732421875,196.36000061035156,255118,NVDA,NVIDIA,Nasdaq,USD,20260706_211029
2026-07-06 15:54:00-04:00,196.1999969482422,196.5399932861328,196.16000366210938,196.44000244140625,485538,NVDA,NVIDIA,Nasdaq,USD,20260706_211029
2026-07-06 15:55:00-04:00,195.72000122070312,196.24000549316406,195.57000732421875,196.1999969482422,878076,NVDA,NVIDIA,Nasdaq,USD,20260706_211029
2026-07-06 15:56:00-04:00,195.5749969482422,195.80999755859375,195.5,195.71499633789062,602276,NVDA,NVIDIA,Nasdaq,USD,20260706_211029
2026-07-06 15:57:00-04:00,195.59500122070312,195.64999389648438,195.4499969482422,195.57000732421875,805614,NVDA,NVIDIA,Nasdaq,USD,20260706_211029
2026-07-06 15:58:00-04:00,195.5749969482422,195.6300048828125,195.5,195.59500122070312,800519,NVDA,NVIDIA,Nasdaq,USD,20260706_211029
2026-07-06 15:59:00-04:00,195.5749969482422,195.64999389648438,195.4199981689453,195.5749969482422,2167972,NVDA,NVIDIA,Nasdaq,USD,20260706_211029
2026-07-06 09:30:00-04:00,194.35000610351562,194.88479614257812,194.0,194.38999938964844,5310397,NVDA,NVIDIA,Nasdaq,USD,20260707_101705
2026-07-06 09:31:00-04:00,194.4250030517578,194.8800048828125,194.11000061035156,194.28500366210938,462673,NVDA,NVIDIA,Nasdaq,USD,20260707_101705
2026-07-06 09:32:00-04:00,194.44000244140625,194.72509765625,194.3000030517578,194.5,382788,NVDA,NVIDIA,Nasdaq,USD,20260707_101705
2026-07-06 09:33:00-04:00,194.52000427246094,194.55999755859375,194.00999450683594,194.47500610351562,463887,NVDA,NVIDIA,Nasdaq,USD,20260707_101705
2026-07-06 09:34:00-04:00,194.8513946533203,194.8513946533203,194.1999969482422,194.52000427246094,426896,NVDA,NVIDIA,Nasdaq,USD,20260707_101705
2026-07-06 09:35:00-04:00,195.39999389648438,195.44000244140625,194.69000244140625,194.83009338378906,533904,NVDA,NVIDIA,Nasdaq,USD,20260707_101705
2026-07-06 09:36:00-04:00,194.80999755859375,195.40499877929688,194.44000244140625,195.3800048828125,408682,NVDA,NVIDIA,Nasdaq,USD,20260707_101705
2026-07-06 09:37:00-04:00,194.55999755859375,195.18350219726562,194.4499969482422,194.80990600585938,307265,NVDA,NVIDIA,Nasdaq,USD,20260707_101705
2026-07-06 09:38:00-04:00,194.81509399414062,194.97000122070312,194.56500244140625,194.56500244140625,255206,NVDA,NVIDIA,Nasdaq,USD,20260707_101705
2026-07-06 09:39:00-04:00,195.4250030517578,195.44000244140625,194.77999877929688,194.83929443359375,312365,NVDA,NVIDIA,Nasdaq,USD,20260707_101705
2026-07-06 09:40:00-04:00,195.02000427246094,195.47999572753906,194.8800048828125,195.4250030517578,330766,NVDA,NVIDIA,Nasdaq,USD,20260707_101705
2026-07-06 09:41:00-04:00,194.98080444335938,195.2899932861328,194.8699951171875,195.02999877929688,388597,NVDA,NVIDIA,Nasdaq,USD,20260707_101705
2026-07-06 09:42:00-04:00,194.9250030517578,195.0800018310547,194.6699981689453,194.97459411621094,303617,NVDA,NVIDIA,Nasdaq,USD,20260707_101705
2026-07-06 09:43:00-04:00,194.84500122070312,195.2050018310547,194.77999877929688,194.91000366210938,284907,NVDA,NVIDIA,Nasdaq,USD,20260707_101705
2026-07-06 09:44:00-04:00,195.36500549316406,195.39999389648438,194.86000061035156,194.8800048828125,351733,NVDA,NVIDIA,Nasdaq,USD,20260707_101705
2026-07-06 09:45:00-04:00,195.08999633789062,195.4600067138672,195.00999450683594,195.3800048828125,265176,NVDA,NVIDIA,Nasdaq,USD,20260707_101705
2026-07-06 09:46:00-04:00,194.64999389648438,195.1999969482422,194.6300048828125,195.0800018310547,329596,NVDA,NVIDIA,Nasdaq,USD,20260707_101705
2026-07-06 09:47:00-04:00,194.8000030517578,194.92999267578125,194.57000732421875,194.64999389648438,306006,NVDA,NVIDIA,Nasdaq,USD,20260707_101705
2026-07-06 09:48:00-04:00,194.97999572753906,195.07000732421875,194.71319580078125,194.83999633789062,229252,NVDA,NVIDIA,Nasdaq,USD,20260707_101705
2026-07-06 09:49:00-04:00,195.10000610351562,195.25390625,194.89999389648438,194.97999572753906,266300,NVDA,NVIDIA,Nasdaq,USD,20260707_101705
2026-07-06 09:50:00-04:00,195.57049560546875,195.58999633789062,194.90499877929688,195.11000061035156,438032,NVDA,NVIDIA,Nasdaq,USD,20260707_101705
2026-07-06 09:51:00-04:00,195.47000122070312,195.6199951171875,195.360107421875,195.58999633789062,323602,NVDA,NVIDIA,Nasdaq,USD,20260707_101705
2026-07-06 09:52:00-04:00,195.50950622558594,195.50950622558594,195.1199951171875,195.47000122070312,299606,NVDA,NVIDIA,Nasdaq,USD,20260707_101705
2026-07-06 09:53:00-04:00,195.52000427246094,195.5800018310547,195.32510375976562,195.49000549316406,311137,NVDA,NVIDIA,Nasdaq,USD,20260707_101705
2026-07-06 09:54:00-04:00,195.97000122070312,195.97000122070312,195.55999755859375,195.55999755859375,502070,NVDA,NVIDIA,Nasdaq,USD,20260707_101705
2026-07-06 09:55:00-04:00,196.28900146484375,196.72999572753906,195.9600067138672,195.97999572753906,692943,NVDA,NVIDIA,Nasdaq,USD,20260707_101705
2026-07-06 09:56:00-04:00,196.27999877929688,196.5,196.1699981689453,196.2899932861328,622225,NVDA,NVIDIA,Nasdaq,USD,20260707_101705
2026-07-06 09:57:00-04:00,196.01499938964844,196.47000122070312,195.9600067138672,196.2899932861328,351036,NVDA,NVIDIA,Nasdaq,USD,20260707_101705
2026-07-06 09:58:00-04:00,196.2301025390625,196.2899932861328,195.9600067138672,196.02000427246094,368972,NVDA,NVIDIA,Nasdaq,USD,20260707_101705
2026-07-06 09:59:00-04:00,196.27999877929688,196.36000061035156,196.13999938964844,196.24000549316406,341786,NVDA,NVIDIA,Nasdaq,USD,20260707_101705
2026-07-06 10:00:00-04:00,196.3715057373047,196.63999938964844,196.02999877929688,196.27999877929688,566676,NVDA,NVIDIA,Nasdaq,USD,20260707_101705
2026-07-06 10:01:00-04:00,196.28500366210938,196.6300048828125,196.22999572753906,196.38499450683594,357125,NVDA,NVIDIA,Nasdaq,USD,20260707_101705
2026-07-06 10:02:00-04:00,196.22500610351562,196.44009399414062,196.19000244140625,196.32000732421875,263361,NVDA,NVIDIA,Nasdaq,USD,20260707_101705
2026-07-06 10:03:00-04:00,196.27999877929688,196.4250030517578,196.14999389648438,196.22500610351562,211476,NVDA,NVIDIA,Nasdaq,USD,20260707_101705
2026-07-06 10:04:00-04:00,196.25999450683594,196.36000061035156,196.07000732421875,196.27999877929688,229046,NVDA,NVIDIA,Nasdaq,USD,20260707_101705
2026-07-06 10:05:00-04:00,196.61000061035156,196.6199951171875,196.22999572753906,196.2449951171875,401671,NVDA,NVIDIA,Nasdaq,USD,20260707_101705
2026-07-06 10:06:00-04:00,196.5749969482422,197.05999755859375,196.42999267578125,196.6199951171875,674820,NVDA,NVIDIA,Nasdaq,USD,20260707_101705
2026-07-06 10:07:00-04:00,196.42999267578125,196.63999938964844,196.13009643554688,196.57000732421875,255079,NVDA,NVIDIA,Nasdaq,USD,20260707_101705
2026-07-06 10:08:00-04:00,197.05999755859375,197.17999267578125,196.4199981689453,196.42999267578125,376906,NVDA,NVIDIA,Nasdaq,USD,20260707_101705
2026-07-06 10:09:00-04:00,197.1060028076172,197.4199981689453,197.00999450683594,197.0500030517578,498548,NVDA,NVIDIA,Nasdaq,USD,20260707_101705
2026-07-06 10:10:00-04:00,196.82000732421875,197.11500549316406,196.60000610351562,197.08999633789062,387468,NVDA,NVIDIA,Nasdaq,USD,20260707_101705
2026-07-06 10:11:00-04:00,196.74000549316406,196.97659301757812,196.61000061035156,196.81500244140625,315424,NVDA,NVIDIA,Nasdaq,USD,20260707_101705
2026-07-06 10:12:00-04:00,196.67999267578125,196.8000030517578,196.52000427246094,196.75,226107,NVDA,NVIDIA,Nasdaq,USD,20260707_101705
2026-07-06 10:13:00-04:00,196.53199768066406,196.69500732421875,196.4499969482422,196.68499755859375,275733,NVDA,NVIDIA,Nasdaq,USD,20260707_101705
2026-07-06 10:14:00-04:00,196.60000610351562,196.8300018310547,196.50999450683594,196.51980590820312,247752,NVDA,NVIDIA,Nasdaq,USD,20260707_101705
2026-07-06 10:15:00-04:00,196.55999755859375,196.7100067138672,196.50999450683594,196.60499572753906,203971,NVDA,NVIDIA,Nasdaq,USD,20260707_101705
2026-07-06 10:16:00-04:00,196.7100067138672,196.74000549316406,196.4550018310547,196.55259704589844,214213,NVDA,NVIDIA,Nasdaq,USD,20260707_101705
2026-07-06 10:17:00-04:00,196.60000610351562,196.75970458984375,196.52999877929688,196.6999969482422,193844,NVDA,NVIDIA,Nasdaq,USD,20260707_101705
2026-07-06 10:18:00-04:00,196.50999450683594,196.63999938964844,196.3800048828125,196.58999633789062,204013,NVDA,NVIDIA,Nasdaq,USD,20260707_101705
2026-07-06 10:19:00-04:00,196.28500366210938,196.5601043701172,196.25999450683594,196.5,214305,NVDA,NVIDIA,Nasdaq,USD,20260707_101705
2026-07-06 10:20:00-04:00,196.33999633789062,196.38999938964844,196.28199768066406,196.2899932861328,154395,NVDA,NVIDIA,Nasdaq,USD,20260707_101705
2026-07-06 10:21:00-04:00,195.9199981689453,196.33999633789062,195.91070556640625,196.33999633789062,448345,NVDA,NVIDIA,Nasdaq,USD,20260707_101705
2026-07-06 10:22:00-04:00,196.1300048828125,196.30499267578125,195.87100219726562,195.91000366210938,312789,NVDA,NVIDIA,Nasdaq,USD,20260707_101705
2026-07-06 10:23:00-04:00,196.22999572753906,196.3800048828125,196.08999633789062,196.1199951171875,323383,NVDA,NVIDIA,Nasdaq,USD,20260707_101705
2026-07-06 10:24:00-04:00,196.5198974609375,196.55209350585938,196.1999969482422,196.22000122070312,186590,NVDA,NVIDIA,Nasdaq,USD,20260707_101705
2026-07-06 10:25:00-04:00,196.5395050048828,196.6300048828125,196.47999572753906,196.52999877929688,196794,NVDA,NVIDIA,Nasdaq,USD,20260707_101705
2026-07-06 10:26:00-04:00,196.52999877929688,196.57000732421875,196.35079956054688,196.53500366210938,166925,NVDA,NVIDIA,Nasdaq,USD,20260707_101705
2026-07-06 10:27:00-04:00,196.5500030517578,196.61000061035156,196.3800048828125,196.5299072265625,152676,NVDA,NVIDIA,Nasdaq,USD,20260707_101705
2026-07-06 10:28:00-04:00,196.47999572753906,196.6199951171875,196.36500549316406,196.531005859375,187671,NVDA,NVIDIA,Nasdaq,USD,20260707_101705
2026-07-06 10:29:00-04:00,196.57400512695312,196.74989318847656,196.44000244140625,196.47500610351562,171628,NVDA,NVIDIA,Nasdaq,USD,20260707_101705
2026-07-06 10:30:00-04:00,196.4945068359375,196.74000549316406,196.44009399414062,196.58990478515625,176935,NVDA,NVIDIA,Nasdaq,USD,20260707_101705
2026-07-06 10:31:00-04:00,196.4149932861328,196.50999450683594,196.360107421875,196.49000549316406,138815,NVDA,NVIDIA,Nasdaq,USD,20260707_101705
2026-07-06 10:32:00-04:00,196.47999572753906,196.5,196.38009643554688,196.4199981689453,99289,NVDA,NVIDIA,Nasdaq,USD,20260707_101705
2026-07-06 10:33:00-04:00,196.39999389648438,196.52830505371094,196.39999389648438,196.46499633789062,133422,NVDA,NVIDIA,Nasdaq,USD,20260707_101705
2026-07-06 10:34:00-04:00,196.6708984375,196.72000122070312,196.360107421875,196.3939971923828,192807,NVDA,NVIDIA,Nasdaq,USD,20260707_101705
2026-07-06 10:35:00-04:00,196.52000427246094,196.67999267578125,196.40980529785156,196.67999267578125,217950,NVDA,NVIDIA,Nasdaq,USD,20260707_101705
2026-07-06 10:36:00-04:00,196.43930053710938,196.75999450683594,196.4199981689453,196.5,165449,NVDA,NVIDIA,Nasdaq,USD,20260707_101705
2026-07-06 10:37:00-04:00,196.50999450683594,196.60000610351562,196.35000610351562,196.42999267578125,192302,NVDA,NVIDIA,Nasdaq,USD,20260707_101705
2026-07-06 10:38:00-04:00,196.3896942138672,196.5500030517578,196.375,196.5198974609375,188592,NVDA,NVIDIA,Nasdaq,USD,20260707_101705
2026-07-06 10:39:00-04:00,196.22999572753906,196.52000427246094,196.1999969482422,196.41000366210938,229665,NVDA,NVIDIA,Nasdaq,USD,20260707_101705
2026-07-06 10:40:00-04:00,196.13499450683594,196.3300018310547,196.0500030517578,196.22999572753906,226166,NVDA,NVIDIA,Nasdaq,USD,20260707_101705
2026-07-06 10:41:00-04:00,195.9949951171875,196.25,195.97000122070312,196.11000061035156,276231,NVDA,NVIDIA,Nasdaq,USD,20260707_101705
2026-07-06 10:42:00-04:00,196.28500366210938,196.3498992919922,195.9499969482422,195.9929962158203,313812,NVDA,NVIDIA,Nasdaq,USD,20260707_101705
2026-07-06 10:43:00-04:00,196.51499938964844,196.52999877929688,196.24000549316406,196.27999877929688,185992,NVDA,NVIDIA,Nasdaq,USD,20260707_101705
2026-07-06 10:44:00-04:00,196.5500030517578,196.69000244140625,196.52000427246094,196.52000427246094,278296,NVDA,NVIDIA,Nasdaq,USD,20260707_101705
2026-07-06 10:45:00-04:00,196.7100067138672,196.7299041748047,196.5301055908203,196.5402069091797,200627,NVDA,NVIDIA,Nasdaq,USD,20260707_101705
2026-07-06 10:46:00-04:00,196.46499633789062,196.72999572753906,196.40660095214844,196.70799255371094,185793,NVDA,NVIDIA,Nasdaq,USD,20260707_101705
2026-07-06 10:47:00-04:00,196.30499267578125,196.56500244140625,196.22000122070312,196.47999572753906,206737,NVDA,NVIDIA,Nasdaq,USD,20260707_101705
2026-07-06 10:48:00-04:00,196.1248016357422,196.30999755859375,196.09030151367188,196.30999755859375,165712,NVDA,NVIDIA,Nasdaq,USD,20260707_101705
2026-07-06 10:49:00-04:00,196.0699005126953,196.19000244140625,196.0626983642578,196.1199951171875,143057,NVDA,NVIDIA,Nasdaq,USD,20260707_101705
2026-07-06 10:50:00-04:00,196.02999877929688,196.13999938964844,196.00999450683594,196.05999755859375,154340,NVDA,NVIDIA,Nasdaq,USD,20260707_101705
2026-07-06 10:51:00-04:00,196.1898956298828,196.27499389648438,195.9949951171875,196.03500366210938,254450,NVDA,NVIDIA,Nasdaq,USD,20260707_101705
2026-07-06 10:52:00-04:00,196.1699981689453,196.2100067138672,196.00660705566406,196.17999267578125,125691,NVDA,NVIDIA,Nasdaq,USD,20260707_101705
2026-07-06 10:53:00-04:00,196.19009399414062,196.1999969482422,196.00999450683594,196.1699981689453,147255,NVDA,NVIDIA,Nasdaq,USD,20260707_101705
2026-07-06 10:54:00-04:00,196.13999938964844,196.25999450683594,196.10009765625,196.19500732421875,191999,NVDA,NVIDIA,Nasdaq,USD,20260707_101705
2026-07-06 10:55:00-04:00,195.7729949951172,196.19500732421875,195.7729949951172,196.13499450683594,254228,NVDA,NVIDIA,Nasdaq,USD,20260707_101705
2026-07-06 10:56:00-04:00,195.88999938964844,195.88999938964844,195.6824951171875,195.7794952392578,206711,NVDA,NVIDIA,Nasdaq,USD,20260707_101705
2026-07-06 10:57:00-04:00,195.8000030517578,196.0299072265625,195.66000366210938,195.8800048828125,205194,NVDA,NVIDIA,Nasdaq,USD,20260707_101705
2026-07-06 10:58:00-04:00,195.89999389648438,195.9199981689453,195.6699981689453,195.8000030517578,158917,NVDA,NVIDIA,Nasdaq,USD,20260707_101705
2026-07-06 10:59:00-04:00,196.02499389648438,196.0399932861328,195.86000061035156,195.91000366210938,164809,NVDA,NVIDIA,Nasdaq,USD,20260707_101705
2026-07-06 11:00:00-04:00,195.83999633789062,196.0500030517578,195.7550048828125,196.02000427246094,153473,NVDA,NVIDIA,Nasdaq,USD,20260707_101705
2026-07-06 11:01:00-04:00,195.88999938964844,196.0,195.8094940185547,195.8300018310547,137011,NVDA,NVIDIA,Nasdaq,USD,20260707_101705
2026-07-06 11:02:00-04:00,195.83999633789062,195.97799682617188,195.7899932861328,195.88999938964844,110372,NVDA,NVIDIA,Nasdaq,USD,20260707_101705
2026-07-06 11:03:00-04:00,195.97000122070312,195.97999572753906,195.8300018310547,195.83999633789062,138801,NVDA,NVIDIA,Nasdaq,USD,20260707_101705
2026-07-06 11:04:00-04:00,195.78500366210938,196.02000427246094,195.74000549316406,195.97000122070312,138952,NVDA,NVIDIA,Nasdaq,USD,20260707_101705
2026-07-06 11:05:00-04:00,195.92999267578125,195.93899536132812,195.72000122070312,195.77999877929688,160017,NVDA,NVIDIA,Nasdaq,USD,20260707_101705
2026-07-06 11:06:00-04:00,196.07000732421875,196.11000061035156,195.85000610351562,195.9199981689453,250472,NVDA,NVIDIA,Nasdaq,USD,20260707_101705
2026-07-06 11:07:00-04:00,195.8300018310547,196.0850067138672,195.8300018310547,196.07000732421875,132724,NVDA,NVIDIA,Nasdaq,USD,20260707_101705
2026-07-06 11:08:00-04:00,195.6699981689453,195.8769989013672,195.5800018310547,195.83999633789062,280951,NVDA,NVIDIA,Nasdaq,USD,20260707_101705
2026-07-06 11:09:00-04:00,195.85000610351562,195.99000549316406,195.66000366210938,195.66000366210938,175118,NVDA,NVIDIA,Nasdaq,USD,20260707_101705
2026-07-06 11:10:00-04:00,195.8800048828125,196.0,195.80999755859375,195.85279846191406,140690,NVDA,NVIDIA,Nasdaq,USD,20260707_101705
2026-07-06 11:11:00-04:00,195.75999450683594,195.92649841308594,195.7449951171875,195.8800048828125,102613,NVDA,NVIDIA,Nasdaq,USD,20260707_101705
2026-07-06 11:12:00-04:00,195.9199981689453,195.9499969482422,195.72000122070312,195.75999450683594,143195,NVDA,NVIDIA,Nasdaq,USD,20260707_101705
2026-07-06 11:13:00-04:00,195.68499755859375,195.94000244140625,195.63720703125,195.9149932861328,143487,NVDA,NVIDIA,Nasdaq,USD,20260707_101705
2026-07-06 11:14:00-04:00,195.67999267578125,195.75,195.58999633789062,195.6699981689453,168898,NVDA,NVIDIA,Nasdaq,USD,20260707_101705
2026-07-06 11:15:00-04:00,195.6999969482422,195.75,195.55999755859375,195.6699981689453,255190,NVDA,NVIDIA,Nasdaq,USD,20260707_101705
2026-07-06 11:16:00-04:00,195.3800048828125,195.66000366210938,195.375,195.64999389648438,314496,NVDA,NVIDIA,Nasdaq,USD,20260707_101705
2026-07-06 11:17:00-04:00,195.55999755859375,195.5749969482422,195.36000061035156,195.38999938964844,154096,NVDA,NVIDIA,Nasdaq,USD,20260707_101705
2026-07-06 11:18:00-04:00,195.55999755859375,195.55999755859375,195.3699951171875,195.55999755859375,213626,NVDA,NVIDIA,Nasdaq,USD,20260707_101705
2026-07-06 11:19:00-04:00,195.6750030517578,195.6999969482422,195.5,195.5800018310547,146071,NVDA,NVIDIA,Nasdaq,USD,20260707_101705
2026-07-06 11:20:00-04:00,195.75,195.8300018310547,195.6699981689453,195.6699981689453,180901,NVDA,NVIDIA,Nasdaq,USD,20260707_101705
2026-07-06 11:21:00-04:00,195.74000549316406,195.77999877929688,195.64100646972656,195.75,102131,NVDA,NVIDIA,Nasdaq,USD,20260707_101705
2026-07-06 11:22:00-04:00,195.73500061035156,195.7949981689453,195.66000366210938,195.74000549316406,272675,NVDA,NVIDIA,Nasdaq,USD,20260707_101705
2026-07-06 11:23:00-04:00,195.77999877929688,195.77999877929688,195.66510009765625,195.73500061035156,140505,NVDA,NVIDIA,Nasdaq,USD,20260707_101705
2026-07-06 11:24:00-04:00,195.95989990234375,195.97999572753906,195.72999572753906,195.77999877929688,154941,NVDA,NVIDIA,Nasdaq,USD,20260707_101705
2026-07-06 11:25:00-04:00,195.9600067138672,196.02999877929688,195.8800048828125,195.9550018310547,164128,NVDA,NVIDIA,Nasdaq,USD,20260707_101705
2026-07-06 11:26:00-04:00,196.3000030517578,196.35769653320312,195.94000244140625,195.9550018310547,304049,NVDA,NVIDIA,Nasdaq,USD,20260707_101705
2026-07-06 11:27:00-04:00,196.43499755859375,196.44000244140625,196.27200317382812,196.2899932861328,187781,NVDA,NVIDIA,Nasdaq,USD,20260707_101705
2026-07-06 11:28:00-04:00,196.38980102539062,196.52000427246094,196.32000732421875,196.44000244140625,170043,NVDA,NVIDIA,Nasdaq,USD,20260707_101705
2026-07-06 11:29:00-04:00,196.5135040283203,196.5500030517578,196.35899353027344,196.38999938964844,151721,NVDA,NVIDIA,Nasdaq,USD,20260707_101705
2026-07-06 11:30:00-04:00,196.39999389648438,196.5399932861328,196.3699951171875,196.5,154253,NVDA,NVIDIA,Nasdaq,USD,20260707_101705
2026-07-06 11:31:00-04:00,196.3000030517578,196.52000427246094,196.27499389648438,196.4199981689453,173501,NVDA,NVIDIA,Nasdaq,USD,20260707_101705
2026-07-06 11:32:00-04:00,196.375,196.3800048828125,196.26499938964844,196.3000030517578,108619,NVDA,NVIDIA,Nasdaq,USD,20260707_101705
2026-07-06 11:33:00-04:00,196.35000610351562,196.39999389648438,196.30499267578125,196.3800048828125,134668,NVDA,NVIDIA,Nasdaq,USD,20260707_101705
2026-07-06 11:34:00-04:00,196.2899932861328,196.3699951171875,196.27999877929688,196.33999633789062,110282,NVDA,NVIDIA,Nasdaq,USD,20260707_101705
2026-07-06 11:35:00-04:00,196.27499389648438,196.38999938964844,196.25999450683594,196.2899932861328,151192,NVDA,NVIDIA,Nasdaq,USD,20260707_101705
2026-07-06 11:36:00-04:00,196.33999633789062,196.4499969482422,196.27999877929688,196.27999877929688,124773,NVDA,NVIDIA,Nasdaq,USD,20260707_101705
2026-07-06 11:37:00-04:00,196.64999389648438,196.64999389648438,196.27999877929688,196.32000732421875,293883,NVDA,NVIDIA,Nasdaq,USD,20260707_101705
2026-07-06 11:38:00-04:00,196.4149932861328,196.64999389648438,196.3699951171875,196.64500427246094,149514,NVDA,NVIDIA,Nasdaq,USD,20260707_101705
2026-07-06 11:39:00-04:00,196.3699951171875,196.48500061035156,196.32000732421875,196.4149932861328,132099,NVDA,NVIDIA,Nasdaq,USD,20260707_101705
2026-07-06 11:40:00-04:00,196.2899932861328,196.3699951171875,196.17999267578125,196.3699951171875,221516,NVDA,NVIDIA,Nasdaq,USD,20260707_101705
2026-07-06 11:41:00-04:00,196.3300018310547,196.3699951171875,196.25,196.2949981689453,155190,NVDA,NVIDIA,Nasdaq,USD,20260707_101705
2026-07-06 11:42:00-04:00,196.3000030517578,196.33990478515625,196.1999969482422,196.3300018310547,131027,NVDA,NVIDIA,Nasdaq,USD,20260707_101705
2026-07-06 11:43:00-04:00,196.27000427246094,196.36000061035156,196.24899291992188,196.2899932861328,121196,NVDA,NVIDIA,Nasdaq,USD,20260707_101705
2026-07-06 11:44:00-04:00,196.1999969482422,196.32000732421875,196.1699981689453,196.25999450683594,107655,NVDA,NVIDIA,Nasdaq,USD,20260707_101705
2026-07-06 11:45:00-04:00,196.1699981689453,196.26950073242188,196.16000366210938,196.2093963623047,134823,NVDA,NVIDIA,Nasdaq,USD,20260707_101705
2026-07-06 11:46:00-04:00,196.27000427246094,196.29969787597656,196.13999938964844,196.1707000732422,88206,NVDA,NVIDIA,Nasdaq,USD,20260707_101705
2026-07-06 11:47:00-04:00,196.33999633789062,196.35000610351562,196.25999450683594,196.27999877929688,117765,NVDA,NVIDIA,Nasdaq,USD,20260707_101705
2026-07-06 11:48:00-04:00,196.24000549316406,196.35499572753906,196.1999969482422,196.30999755859375,79065,NVDA,NVIDIA,Nasdaq,USD,20260707_101705
2026-07-06 11:49:00-04:00,196.36000061035156,196.36000061035156,196.1302947998047,196.22279357910156,106174,NVDA,NVIDIA,Nasdaq,USD,20260707_101705
2026-07-06 11:50:00-04:00,196.3699951171875,196.4499969482422,196.35000610351562,196.36000061035156,113825,NVDA,NVIDIA,Nasdaq,USD,20260707_101705
2026-07-06 11:51:00-04:00,196.2100067138672,196.42300415039062,196.19000244140625,196.38999938964844,107790,NVDA,NVIDIA,Nasdaq,USD,20260707_101705
2026-07-06 11:52:00-04:00,196.11990356445312,196.22779846191406,196.11000061035156,196.19500732421875,110119,NVDA,NVIDIA,Nasdaq,USD,20260707_101705
2026-07-06 11:53:00-04:00,196.11000061035156,196.1699981689453,196.07000732421875,196.11500549316406,159346,NVDA,NVIDIA,Nasdaq,USD,20260707_101705
2026-07-06 11:54:00-04:00,196.19000244140625,196.25999450683594,196.02999877929688,196.11000061035156,200679,NVDA,NVIDIA,Nasdaq,USD,20260707_101705
2026-07-06 11:55:00-04:00,196.1898956298828,196.2899932861328,196.1699981689453,196.19000244140625,131378,NVDA,NVIDIA,Nasdaq,USD,20260707_101705
2026-07-06 11:56:00-04:00,196.25999450683594,196.33999633789062,196.1501007080078,196.19000244140625,117412,NVDA,NVIDIA,Nasdaq,USD,20260707_101705
2026-07-06 11:57:00-04:00,196.3000030517578,196.35000610351562,196.24000549316406,196.2550048828125,84003,NVDA,NVIDIA,Nasdaq,USD,20260707_101705
2026-07-06 11:58:00-04:00,196.29649353027344,196.36000061035156,196.25999450683594,196.34500122070312,93121,NVDA,NVIDIA,Nasdaq,USD,20260707_101705
2026-07-06 11:59:00-04:00,196.39999389648438,196.41000366210938,196.24009704589844,196.2899932861328,127176,NVDA,NVIDIA,Nasdaq,USD,20260707_101705
2026-07-06 12:00:00-04:00,196.6204071044922,196.656494140625,196.25999450683594,196.41000366210938,402352,NVDA,NVIDIA,Nasdaq,USD,20260707_101705
2026-07-06 12:01:00-04:00,196.47999572753906,196.72000122070312,196.4600067138672,196.63499450683594,158471,NVDA,NVIDIA,Nasdaq,USD,20260707_101705
2026-07-06 12:02:00-04:00,196.38999938964844,196.58999633789062,196.3699951171875,196.48989868164062,147018,NVDA,NVIDIA,Nasdaq,USD,20260707_101705
2026-07-06 12:03:00-04:00,196.38999938964844,196.48500061035156,196.38999938964844,196.38999938964844,110493,NVDA,NVIDIA,Nasdaq,USD,20260707_101705
2026-07-06 12:04:00-04:00,196.46499633789062,196.47999572753906,196.3699951171875,196.39999389648438,117079,NVDA,NVIDIA,Nasdaq,USD,20260707_101705
2026-07-06 12:05:00-04:00,196.57000732421875,196.57000732421875,196.3800048828125,196.4600067138672,121939,NVDA,NVIDIA,Nasdaq,USD,20260707_101705
2026-07-06 12:06:00-04:00,196.60499572753906,196.6300048828125,196.50999450683594,196.55999755859375,103202,NVDA,NVIDIA,Nasdaq,USD,20260707_101705
2026-07-06 12:07:00-04:00,196.61500549316406,196.6999969482422,196.58299255371094,196.5970001220703,154736,NVDA,NVIDIA,Nasdaq,USD,20260707_101705
2026-07-06 12:08:00-04:00,196.52499389648438,196.63999938964844,196.47999572753906,196.6199951171875,113663,NVDA,NVIDIA,Nasdaq,USD,20260707_101705
2026-07-06 12:09:00-04:00,196.7449951171875,196.8800048828125,196.52499389648438,196.52499389648438,276133,NVDA,NVIDIA,Nasdaq,USD,20260707_101705
2026-07-06 12:10:00-04:00,196.9600067138672,197.05999755859375,196.63999938964844,196.74000549316406,581091,NVDA,NVIDIA,Nasdaq,USD,20260707_101705
2026-07-06 12:11:00-04:00,196.92999267578125,197.0760040283203,196.8300018310547,196.9720001220703,252362,NVDA,NVIDIA,Nasdaq,USD,20260707_101705
2026-07-06 12:12:00-04:00,197.17999267578125,197.23500061035156,196.92999267578125,196.94000244140625,452504,NVDA,NVIDIA,Nasdaq,USD,20260707_101705
2026-07-06 12:13:00-04:00,197.47999572753906,197.47999572753906,197.07000732421875,197.1699981689453,371944,NVDA,NVIDIA,Nasdaq,USD,20260707_101705
2026-07-06 12:14:00-04:00,197.1649932861328,197.5500030517578,197.16000366210938,197.47999572753906,512291,NVDA,NVIDIA,Nasdaq,USD,20260707_101705
2026-07-06 12:15:00-04:00,197.32000732421875,197.3699951171875,197.16000366210938,197.1699981689453,195043,NVDA,NVIDIA,Nasdaq,USD,20260707_101705
2026-07-06 12:16:00-04:00,197.30999755859375,197.3699951171875,197.27999877929688,197.32640075683594,177609,NVDA,NVIDIA,Nasdaq,USD,20260707_101705
2026-07-06 12:17:00-04:00,197.16000366210938,197.32000732421875,197.14500427246094,197.30999755859375,169153,NVDA,NVIDIA,Nasdaq,USD,20260707_101705
2026-07-06 12:18:00-04:00,197.16949462890625,197.29989624023438,197.1300048828125,197.14999389648438,139147,NVDA,NVIDIA,Nasdaq,USD,20260707_101705
2026-07-06 12:19:00-04:00,197.13999938964844,197.24000549316406,197.12010192871094,197.1699981689453,130736,NVDA,NVIDIA,Nasdaq,USD,20260707_101705
2026-07-06 12:20:00-04:00,197.33999633789062,197.34910583496094,197.13499450683594,197.13499450683594,164213,NVDA,NVIDIA,Nasdaq,USD,20260707_101705
2026-07-06 12:21:00-04:00,197.2100067138672,197.38999938964844,197.19000244140625,197.33999633789062,129768,NVDA,NVIDIA,Nasdaq,USD,20260707_101705
2026-07-06 12:22:00-04:00,197.17999267578125,197.27000427246094,197.11000061035156,197.2100067138672,206401,NVDA,NVIDIA,Nasdaq,USD,20260707_101705
2026-07-06 12:23:00-04:00,197.0399932861328,197.1999969482422,197.0301055908203,197.17999267578125,177398,NVDA,NVIDIA,Nasdaq,USD,20260707_101705
2026-07-06 12:24:00-04:00,197.14999389648438,197.1759033203125,197.03720092773438,197.04010009765625,96328,NVDA,NVIDIA,Nasdaq,USD,20260707_101705
2026-07-06 12:25:00-04:00,197.13999938964844,197.17979431152344,197.00999450683594,197.1300048828125,152224,NVDA,NVIDIA,Nasdaq,USD,20260707_101705
2026-07-06 12:26:00-04:00,197.0399932861328,197.16000366210938,196.94000244140625,197.1300048828125,189212,NVDA,NVIDIA,Nasdaq,USD,20260707_101705
2026-07-06 12:27:00-04:00,197.1199951171875,197.14999389648438,196.97999572753906,197.0399932861328,181203,NVDA,NVIDIA,Nasdaq,USD,20260707_101705
2026-07-06 12:28:00-04:00,196.9600067138672,197.139892578125,196.91200256347656,197.125,180546,NVDA,NVIDIA,Nasdaq,USD,20260707_101705
2026-07-06 12:29:00-04:00,197.0,197.00999450683594,196.88999938964844,196.9600067138672,134208,NVDA,NVIDIA,Nasdaq,USD,20260707_101705
2026-07-06 12:30:00-04:00,197.10000610351562,197.1199951171875,196.97000122070312,197.00509643554688,144694,NVDA,NVIDIA,Nasdaq,USD,20260707_101705
2026-07-06 12:31:00-04:00,197.21499633789062,197.24000549316406,197.0500946044922,197.10000610351562,162571,NVDA,NVIDIA,Nasdaq,USD,20260707_101705
2026-07-06 12:32:00-04:00,197.09500122070312,197.22999572753906,197.06370544433594,197.21090698242188,165392,NVDA,NVIDIA,Nasdaq,USD,20260707_101705
2026-07-06 12:33:00-04:00,196.9949951171875,197.1300048828125,196.94000244140625,197.10000610351562,132362,NVDA,NVIDIA,Nasdaq,USD,20260707_101705
2026-07-06 12:34:00-04:00,196.77999877929688,197.08999633789062,196.77000427246094,196.97999572753906,179547,NVDA,NVIDIA,Nasdaq,USD,20260707_101705
2026-07-06 12:35:00-04:00,196.80999755859375,196.83999633789062,196.7100067138672,196.77999877929688,116977,NVDA,NVIDIA,Nasdaq,USD,20260707_101705
2026-07-06 12:36:00-04:00,196.7899932861328,196.85000610351562,196.72000122070312,196.77000427246094,109473,NVDA,NVIDIA,Nasdaq,USD,20260707_101705
2026-07-06 12:37:00-04:00,196.7799072265625,196.80999755859375,196.75,196.7899932861328,60948,NVDA,NVIDIA,Nasdaq,USD,20260707_101705
2026-07-06 12:38:00-04:00,196.7100067138672,196.77499389648438,196.61000061035156,196.77000427246094,122698,NVDA,NVIDIA,Nasdaq,USD,20260707_101705
2026-07-06 12:39:00-04:00,196.83999633789062,196.8800048828125,196.67999267578125,196.7198028564453,100712,NVDA,NVIDIA,Nasdaq,USD,20260707_101705
2026-07-06 12:40:00-04:00,196.9980010986328,197.0,196.8300018310547,196.8300018310547,160705,NVDA,NVIDIA,Nasdaq,USD,20260707_101705
2026-07-06 12:41:00-04:00,196.86000061035156,197.0399932861328,196.85000610351562,196.9949951171875,118606,NVDA,NVIDIA,Nasdaq,USD,20260707_101705
2026-07-06 12:42:00-04:00,196.66439819335938,196.86000061035156,196.6501007080078,196.85000610351562,114005,NVDA,NVIDIA,Nasdaq,USD,20260707_101705
2026-07-06 12:43:00-04:00,196.64500427246094,196.6999969482422,196.63999938964844,196.6739959716797,84322,NVDA,NVIDIA,Nasdaq,USD,20260707_101705
2026-07-06 12:44:00-04:00,196.69000244140625,196.72999572753906,196.63999938964844,196.64990234375,66862,NVDA,NVIDIA,Nasdaq,USD,20260707_101705
2026-07-06 12:45:00-04:00,196.50999450683594,196.6999969482422,196.47000122070312,196.67999267578125,138179,NVDA,NVIDIA,Nasdaq,USD,20260707_101705
2026-07-06 12:46:00-04:00,196.52999877929688,196.58990478515625,196.49000549316406,196.52000427246094,74922,NVDA,NVIDIA,Nasdaq,USD,20260707_101705
2026-07-06 12:47:00-04:00,196.61500549316406,196.63999938964844,196.52999877929688,196.5399932861328,76872,NVDA,NVIDIA,Nasdaq,USD,20260707_101705
2026-07-06 12:48:00-04:00,196.59359741210938,196.6750030517578,196.5800018310547,196.60000610351562,62380,NVDA,NVIDIA,Nasdaq,USD,20260707_101705
2026-07-06 12:49:00-04:00,196.6999969482422,196.7100067138672,196.5800018310547,196.59500122070312,61248,NVDA,NVIDIA,Nasdaq,USD,20260707_101705
2026-07-06 12:50:00-04:00,196.6199951171875,196.7100067138672,196.61000061035156,196.7100067138672,68371,NVDA,NVIDIA,Nasdaq,USD,20260707_101705
2026-07-06 12:51:00-04:00,196.55499267578125,196.6699981689453,196.5399932861328,196.6300048828125,60328,NVDA,NVIDIA,Nasdaq,USD,20260707_101705
2026-07-06 12:52:00-04:00,196.52000427246094,196.55499267578125,196.4949951171875,196.5500030517578,87905,NVDA,NVIDIA,Nasdaq,USD,20260707_101705
2026-07-06 12:53:00-04:00,196.47650146484375,196.50999450683594,196.44000244140625,196.50999450683594,476230,NVDA,NVIDIA,Nasdaq,USD,20260707_101705
2026-07-06 12:54:00-04:00,196.4199981689453,196.52999877929688,196.3699951171875,196.47500610351562,180795,NVDA,NVIDIA,Nasdaq,USD,20260707_101705
2026-07-06 12:55:00-04:00,196.3769989013672,196.44000244140625,196.33999633789062,196.44000244140625,83422,NVDA,NVIDIA,Nasdaq,USD,20260707_101705
2026-07-06 12:56:00-04:00,196.41009521484375,196.4199981689453,196.2899932861328,196.3699951171875,111572,NVDA,NVIDIA,Nasdaq,USD,20260707_101705
2026-07-06 12:57:00-04:00,196.5050048828125,196.55999755859375,196.4199981689453,196.4199981689453,81715,NVDA,NVIDIA,Nasdaq,USD,20260707_101705
2026-07-06 12:58:00-04:00,196.42999267578125,196.5050048828125,196.25999450683594,196.5,187121,NVDA,NVIDIA,Nasdaq,USD,20260707_101705
2026-07-06 12:59:00-04:00,196.4600067138672,196.47999572753906,196.33999633789062,196.45359802246094,166762,NVDA,NVIDIA,Nasdaq,USD,20260707_101705
2026-07-06 13:00:00-04:00,196.4600067138672,196.52499389648438,196.3699951171875,196.42999267578125,111524,NVDA,NVIDIA,Nasdaq,USD,20260707_101705
2026-07-06 13:01:00-04:00,196.53500366210938,196.58999633789062,196.39990234375,196.4600067138672,92577,NVDA,NVIDIA,Nasdaq,USD,20260707_101705
2026-07-06 13:02:00-04:00,196.52349853515625,196.54969787597656,196.47000122070312,196.53500366210938,99106,NVDA,NVIDIA,Nasdaq,USD,20260707_101705
2026-07-06 13:03:00-04:00,196.6199951171875,196.63999938964844,196.50999450683594,196.52999877929688,93638,NVDA,NVIDIA,Nasdaq,USD,20260707_101705
2026-07-06 13:04:00-04:00,196.5449981689453,196.67999267578125,196.52999877929688,196.6199951171875,107182,NVDA,NVIDIA,Nasdaq,USD,20260707_101705
2026-07-06 13:05:00-04:00,196.72999572753906,196.74000549316406,196.47999572753906,196.5399932861328,129980,NVDA,NVIDIA,Nasdaq,USD,20260707_101705
2026-07-06 13:06:00-04:00,196.82000732421875,196.85000610351562,196.72500610351562,196.73500061035156,150553,NVDA,NVIDIA,Nasdaq,USD,20260707_101705
2026-07-06 13:07:00-04:00,196.779296875,196.860107421875,196.77200317382812,196.8249969482422,82593,NVDA,NVIDIA,Nasdaq,USD,20260707_101705
2026-07-06 13:08:00-04:00,196.7949981689453,196.7949981689453,196.72000122070312,196.77499389648438,104229,NVDA,NVIDIA,Nasdaq,USD,20260707_101705
2026-07-06 13:09:00-04:00,196.7899932861328,196.80999755859375,196.75010681152344,196.79949951171875,55294,NVDA,NVIDIA,Nasdaq,USD,20260707_101705
2026-07-06 13:10:00-04:00,196.75,196.87649536132812,196.7449951171875,196.8000030517578,102804,NVDA,NVIDIA,Nasdaq,USD,20260707_101705
2026-07-06 13:11:00-04:00,196.70989990234375,196.75999450683594,196.6501007080078,196.7449951171875,103115,NVDA,NVIDIA,Nasdaq,USD,20260707_101705
2026-07-06 13:12:00-04:00,196.63499450683594,196.76499938964844,196.62060546875,196.7100067138672,85306,NVDA,NVIDIA,Nasdaq,USD,20260707_101705
2026-07-06 13:13:00-04:00,196.5402069091797,196.63999938964844,196.50999450683594,196.63499450683594,123609,NVDA,NVIDIA,Nasdaq,USD,20260707_101705
2026-07-06 13:14:00-04:00,196.5050048828125,196.5449981689453,196.47999572753906,196.5449981689453,91049,NVDA,NVIDIA,Nasdaq,USD,20260707_101705
2026-07-06 13:15:00-04:00,196.4499969482422,196.5500030517578,196.42999267578125,196.52000427246094,87656,NVDA,NVIDIA,Nasdaq,USD,20260707_101705
2026-07-06 13:16:00-04:00,196.52000427246094,196.52999877929688,196.42010498046875,196.44000244140625,102746,NVDA,NVIDIA,Nasdaq,USD,20260707_101705
2026-07-06 13:17:00-04:00,196.40029907226562,196.5399932861328,196.38999938964844,196.52000427246094,110038,NVDA,NVIDIA,Nasdaq,USD,20260707_101705
2026-07-06 13:18:00-04:00,196.23500061035156,196.39999389648438,196.22000122070312,196.39999389648438,145489,NVDA,NVIDIA,Nasdaq,USD,20260707_101705
2026-07-06 13:19:00-04:00,196.13499450683594,196.2899932861328,196.1300048828125,196.24000549316406,108680,NVDA,NVIDIA,Nasdaq,USD,20260707_101705
2026-07-06 13:20:00-04:00,195.96499633789062,196.13999938964844,195.92999267578125,196.1300048828125,242717,NVDA,NVIDIA,Nasdaq,USD,20260707_101705
2026-07-06 13:21:00-04:00,195.9600067138672,196.0399932861328,195.9550018310547,195.9698944091797,164231,NVDA,NVIDIA,Nasdaq,USD,20260707_101705
2026-07-06 13:22:00-04:00,195.99000549316406,196.0,195.85000610351562,195.96499633789062,130757,NVDA,NVIDIA,Nasdaq,USD,20260707_101705
2026-07-06 13:23:00-04:00,196.0135040283203,196.0399932861328,195.9499969482422,195.99000549316406,92162,NVDA,NVIDIA,Nasdaq,USD,20260707_101705
2026-07-06 13:24:00-04:00,196.0500030517578,196.07000732421875,195.9600067138672,196.00999450683594,104174,NVDA,NVIDIA,Nasdaq,USD,20260707_101705
2026-07-06 13:25:00-04:00,196.16000366210938,196.1898956298828,196.05999755859375,196.05999755859375,104183,NVDA,NVIDIA,Nasdaq,USD,20260707_101705
2026-07-06 13:26:00-04:00,196.26499938964844,196.2899932861328,196.1562957763672,196.1562957763672,97991,NVDA,NVIDIA,Nasdaq,USD,20260707_101705
2026-07-06 13:27:00-04:00,196.16000366210938,196.27499389648438,196.14999389648438,196.26669311523438,79473,NVDA,NVIDIA,Nasdaq,USD,20260707_101705
2026-07-06 13:28:00-04:00,196.0601043701172,196.1699981689453,196.0500030517578,196.16000366210938,95642,NVDA,NVIDIA,Nasdaq,USD,20260707_101705
2026-07-06 13:29:00-04:00,195.97000122070312,196.0699005126953,195.9600067138672,196.0699005126953,139427,NVDA,NVIDIA,Nasdaq,USD,20260707_101705
2026-07-06 13:30:00-04:00,195.8907928466797,196.0050048828125,195.85000610351562,195.97000122070312,196236,NVDA,NVIDIA,Nasdaq,USD,20260707_101705
2026-07-06 13:31:00-04:00,195.8695068359375,195.9219970703125,195.82000732421875,195.90499877929688,168513,NVDA,NVIDIA,Nasdaq,USD,20260707_101705
2026-07-06 13:32:00-04:00,195.85000610351562,195.9199981689453,195.7949981689453,195.86990356445312,136953,NVDA,NVIDIA,Nasdaq,USD,20260707_101705
2026-07-06 13:33:00-04:00,195.90699768066406,195.92999267578125,195.7899932861328,195.8800048828125,131243,NVDA,NVIDIA,Nasdaq,USD,20260707_101705
2026-07-06 13:34:00-04:00,195.94500732421875,195.9799041748047,195.89999389648438,195.9149932861328,94407,NVDA,NVIDIA,Nasdaq,USD,20260707_101705
2026-07-06 13:35:00-04:00,196.02000427246094,196.07000732421875,195.92999267578125,195.94500732421875,120348,NVDA,NVIDIA,Nasdaq,USD,20260707_101705
2026-07-06 13:36:00-04:00,195.8800048828125,196.0334930419922,195.80999755859375,196.02000427246094,159784,NVDA,NVIDIA,Nasdaq,USD,20260707_101705
2026-07-06 13:37:00-04:00,195.9499969482422,195.9600067138672,195.85000610351562,195.8800048828125,360589,NVDA,NVIDIA,Nasdaq,USD,20260707_101705
2026-07-06 13:38:00-04:00,196.02000427246094,196.02999877929688,195.9250030517578,195.9499969482422,102354,NVDA,NVIDIA,Nasdaq,USD,20260707_101705
2026-07-06 13:39:00-04:00,195.90499877929688,196.02999877929688,195.8699951171875,196.02000427246094,77890,NVDA,NVIDIA,Nasdaq,USD,20260707_101705
2026-07-06 13:40:00-04:00,195.7899932861328,195.89999389648438,195.77000427246094,195.89999389648438,122571,NVDA,NVIDIA,Nasdaq,USD,20260707_101705
2026-07-06 13:41:00-04:00,195.76499938964844,195.84500122070312,195.75999450683594,195.78030395507812,84514,NVDA,NVIDIA,Nasdaq,USD,20260707_101705
2026-07-06 13:42:00-04:00,195.8115997314453,195.8300018310547,195.73500061035156,195.76499938964844,130023,NVDA,NVIDIA,Nasdaq,USD,20260707_101705
2026-07-06 13:43:00-04:00,195.85000610351562,195.8699951171875,195.77000427246094,195.82000732421875,121798,NVDA,NVIDIA,Nasdaq,USD,20260707_101705
2026-07-06 13:44:00-04:00,195.85499572753906,195.86680603027344,195.82009887695312,195.8303985595703,84764,NVDA,NVIDIA,Nasdaq,USD,20260707_101705
2026-07-06 13:45:00-04:00,195.75010681152344,195.8699951171875,195.69000244140625,195.85000610351562,168167,NVDA,NVIDIA,Nasdaq,USD,20260707_101705
2026-07-06 13:46:00-04:00,195.92999267578125,195.9600067138672,195.7550048828125,195.76010131835938,179557,NVDA,NVIDIA,Nasdaq,USD,20260707_101705
2026-07-06 13:47:00-04:00,195.9499969482422,196.07000732421875,195.9199981689453,195.93499755859375,146723,NVDA,NVIDIA,Nasdaq,USD,20260707_101705
2026-07-06 13:48:00-04:00,195.90640258789062,195.99000549316406,195.87010192871094,195.9499969482422,88731,NVDA,NVIDIA,Nasdaq,USD,20260707_101705
2026-07-06 13:49:00-04:00,195.88279724121094,195.93499755859375,195.81500244140625,195.90499877929688,112584,NVDA,NVIDIA,Nasdaq,USD,20260707_101705
2026-07-06 13:50:00-04:00,195.99009704589844,196.0399932861328,195.875,195.875,121164,NVDA,NVIDIA,Nasdaq,USD,20260707_101705
2026-07-06 13:51:00-04:00,195.93789672851562,196.02000427246094,195.91000366210938,196.0,85223,NVDA,NVIDIA,Nasdaq,USD,20260707_101705
2026-07-06 13:52:00-04:00,195.77999877929688,195.9490966796875,195.77000427246094,195.94500732421875,144998,NVDA,NVIDIA,Nasdaq,USD,20260707_101705
2026-07-06 13:53:00-04:00,195.8800048828125,195.8800048828125,195.75,195.77999877929688,111722,NVDA,NVIDIA,Nasdaq,USD,20260707_101705
2026-07-06 13:54:00-04:00,195.7899932861328,195.8800048828125,195.75,195.8800048828125,103018,NVDA,NVIDIA,Nasdaq,USD,20260707_101705
2026-07-06 13:55:00-04:00,195.6699981689453,195.85000610351562,195.65780639648438,195.8000030517578,169248,NVDA,NVIDIA,Nasdaq,USD,20260707_101705
2026-07-06 13:56:00-04:00,195.7194061279297,195.72000122070312,195.6300048828125,195.67999267578125,79827,NVDA,NVIDIA,Nasdaq,USD,20260707_101705
2026-07-06 13:57:00-04:00,195.69500732421875,195.8300018310547,195.6800994873047,195.72999572753906,90982,NVDA,NVIDIA,Nasdaq,USD,20260707_101705
2026-07-06 13:58:00-04:00,195.6999969482422,195.74000549316406,195.64999389648438,195.69000244140625,85309,NVDA,NVIDIA,Nasdaq,USD,20260707_101705
2026-07-06 13:59:00-04:00,195.69000244140625,195.77499389648438,195.64500427246094,195.69000244140625,97503,NVDA,NVIDIA,Nasdaq,USD,20260707_101705
2026-07-06 14:00:00-04:00,195.75999450683594,195.83999633789062,195.6999969482422,195.6999969482422,164507,NVDA,NVIDIA,Nasdaq,USD,20260707_101705
2026-07-06 14:01:00-04:00,195.82000732421875,195.82000732421875,195.6999969482422,195.75999450683594,107869,NVDA,NVIDIA,Nasdaq,USD,20260707_101705
2026-07-06 14:02:00-04:00,195.86000061035156,195.8800048828125,195.77999877929688,195.80999755859375,136319,NVDA,NVIDIA,Nasdaq,USD,20260707_101705
2026-07-06 14:03:00-04:00,195.99000549316406,195.99000549316406,195.8249969482422,195.86000061035156,136657,NVDA,NVIDIA,Nasdaq,USD,20260707_101705
2026-07-06 14:04:00-04:00,195.96499633789062,195.9949951171875,195.9199981689453,195.97999572753906,112508,NVDA,NVIDIA,Nasdaq,USD,20260707_101705
2026-07-06 14:05:00-04:00,195.9199981689453,196.01499938964844,195.9199981689453,195.9600067138672,124459,NVDA,NVIDIA,Nasdaq,USD,20260707_101705
2026-07-06 14:06:00-04:00,196.1374053955078,196.13999938964844,195.9199981689453,195.9302978515625,106906,NVDA,NVIDIA,Nasdaq,USD,20260707_101705
2026-07-06 14:07:00-04:00,196.2050018310547,196.22999572753906,196.10000610351562,196.13499450683594,147059,NVDA,NVIDIA,Nasdaq,USD,20260707_101705
2026-07-06 14:08:00-04:00,196.375,196.39999389648438,196.2050018310547,196.2050018310547,186934,NVDA,NVIDIA,Nasdaq,USD,20260707_101705
2026-07-06 14:09:00-04:00,196.37010192871094,196.38999938964844,196.2899932861328,196.3800048828125,160955,NVDA,NVIDIA,Nasdaq,USD,20260707_101705
2026-07-06 14:10:00-04:00,196.4250030517578,196.4499969482422,196.360107421875,196.3800048828125,136937,NVDA,NVIDIA,Nasdaq,USD,20260707_101705
2026-07-06 14:11:00-04:00,196.39999389648438,196.4600067138672,196.38999938964844,196.42999267578125,91085,NVDA,NVIDIA,Nasdaq,USD,20260707_101705
2026-07-06 14:12:00-04:00,196.360107421875,196.4058074951172,196.33999633789062,196.4058074951172,97944,NVDA,NVIDIA,Nasdaq,USD,20260707_101705
2026-07-06 14:13:00-04:00,196.3000030517578,196.3800048828125,196.2902069091797,196.3699951171875,94271,NVDA,NVIDIA,Nasdaq,USD,20260707_101705
2026-07-06 14:14:00-04:00,196.28500366210938,196.32000732421875,196.27000427246094,196.2899932861328,58307,NVDA,NVIDIA,Nasdaq,USD,20260707_101705
2026-07-06 14:15:00-04:00,196.48500061035156,196.4949951171875,196.28500366210938,196.28500366210938,103657,NVDA,NVIDIA,Nasdaq,USD,20260707_101705
2026-07-06 14:16:00-04:00,196.55499267578125,196.6699981689453,196.5,196.5,175003,NVDA,NVIDIA,Nasdaq,USD,20260707_101705
2026-07-06 14:17:00-04:00,196.37989807128906,196.5500030517578,196.3699951171875,196.5500030517578,99213,NVDA,NVIDIA,Nasdaq,USD,20260707_101705
2026-07-06 14:18:00-04:00,196.3300018310547,196.39999389648438,196.3000030517578,196.3699951171875,92000,NVDA,NVIDIA,Nasdaq,USD,20260707_101705
2026-07-06 14:19:00-04:00,196.4499053955078,196.4499969482422,196.32009887695312,196.3249969482422,73626,NVDA,NVIDIA,Nasdaq,USD,20260707_101705
2026-07-06 14:20:00-04:00,196.4149932861328,196.4499969482422,196.3699951171875,196.4499969482422,98014,NVDA,NVIDIA,Nasdaq,USD,20260707_101705
2026-07-06 14:21:00-04:00,196.49020385742188,196.5500030517578,196.40499877929688,196.41000366210938,117616,NVDA,NVIDIA,Nasdaq,USD,20260707_101705
2026-07-06 14:22:00-04:00,196.49000549316406,196.5500030517578,196.44000244140625,196.49000549316406,85311,NVDA,NVIDIA,Nasdaq,USD,20260707_101705
2026-07-06 14:23:00-04:00,196.4149932861328,196.48500061035156,196.3699951171875,196.48500061035156,72594,NVDA,NVIDIA,Nasdaq,USD,20260707_101705
2026-07-06 14:24:00-04:00,196.4499053955078,196.6199951171875,196.3762969970703,196.41000366210938,153544,NVDA,NVIDIA,Nasdaq,USD,20260707_101705
2026-07-06 14:25:00-04:00,196.4600067138672,196.47500610351562,196.38999938964844,196.44500732421875,94312,NVDA,NVIDIA,Nasdaq,USD,20260707_101705
2026-07-06 14:26:00-04:00,196.4250030517578,196.52999877929688,196.41000366210938,196.47000122070312,104461,NVDA,NVIDIA,Nasdaq,USD,20260707_101705
2026-07-06 14:27:00-04:00,196.3699951171875,196.5,196.3699951171875,196.4250030517578,127507,NVDA,NVIDIA,Nasdaq,USD,20260707_101705
2026-07-06 14:28:00-04:00,196.3000946044922,196.39500427246094,196.27549743652344,196.39500427246094,99565,NVDA,NVIDIA,Nasdaq,USD,20260707_101705
2026-07-06 14:29:00-04:00,196.27000427246094,196.34500122070312,196.25,196.3000030517578,72671,NVDA,NVIDIA,Nasdaq,USD,20260707_101705
2026-07-06 14:30:00-04:00,196.3249969482422,196.33999633789062,196.25999450683594,196.27000427246094,74714,NVDA,NVIDIA,Nasdaq,USD,20260707_101705
2026-07-06 14:31:00-04:00,196.36000061035156,196.39999389648438,196.25999450683594,196.3249969482422,113516,NVDA,NVIDIA,Nasdaq,USD,20260707_101705
2026-07-06 14:32:00-04:00,196.25999450683594,196.3502960205078,196.24000549316406,196.3502960205078,65951,NVDA,NVIDIA,Nasdaq,USD,20260707_101705
2026-07-06 14:33:00-04:00,196.17999267578125,196.27000427246094,196.16000366210938,196.25999450683594,113975,NVDA,NVIDIA,Nasdaq,USD,20260707_101705
2026-07-06 14:34:00-04:00,196.08999633789062,196.19000244140625,196.08999633789062,196.19000244140625,87564,NVDA,NVIDIA,Nasdaq,USD,20260707_101705
2026-07-06 14:35:00-04:00,196.10000610351562,196.1300048828125,196.08999633789062,196.09010314941406,73793,NVDA,NVIDIA,Nasdaq,USD,20260707_101705
2026-07-06 14:36:00-04:00,196.14500427246094,196.14990234375,196.08999633789062,196.09010314941406,76305,NVDA,NVIDIA,Nasdaq,USD,20260707_101705
2026-07-06 14:37:00-04:00,196.18499755859375,196.21499633789062,196.14059448242188,196.14500427246094,84003,NVDA,NVIDIA,Nasdaq,USD,20260707_101705
2026-07-06 14:38:00-04:00,196.10989379882812,196.1999969482422,196.10000610351562,196.17999267578125,63742,NVDA,NVIDIA,Nasdaq,USD,20260707_101705
2026-07-06 14:39:00-04:00,196.05499267578125,196.1199951171875,196.0399932861328,196.10000610351562,85155,NVDA,NVIDIA,Nasdaq,USD,20260707_101705
2026-07-06 14:40:00-04:00,196.16000366210938,196.16000366210938,196.0500030517578,196.0500030517578,72993,NVDA,NVIDIA,Nasdaq,USD,20260707_101705
2026-07-06 14:41:00-04:00,196.13999938964844,196.1699981689453,196.13999938964844,196.16000366210938,66433,NVDA,NVIDIA,Nasdaq,USD,20260707_101705
2026-07-06 14:42:00-04:00,196.18499755859375,196.1999969482422,196.1300048828125,196.13279724121094,74503,NVDA,NVIDIA,Nasdaq,USD,20260707_101705
2026-07-06 14:43:00-04:00,196.2550048828125,196.2550048828125,196.1649932861328,196.19000244140625,60273,NVDA,NVIDIA,Nasdaq,USD,20260707_101705
2026-07-06 14:44:00-04:00,196.30499267578125,196.47500610351562,196.125,196.25999450683594,270532,NVDA,NVIDIA,Nasdaq,USD,20260707_101705
2026-07-06 14:45:00-04:00,196.47999572753906,196.47999572753906,196.3000030517578,196.30999755859375,163563,NVDA,NVIDIA,Nasdaq,USD,20260707_101705
2026-07-06 14:46:00-04:00,196.57989501953125,196.58999633789062,196.4550018310547,196.47999572753906,204859,NVDA,NVIDIA,Nasdaq,USD,20260707_101705
2026-07-06 14:47:00-04:00,196.625,196.64959716796875,196.55999755859375,196.5749969482422,121278,NVDA,NVIDIA,Nasdaq,USD,20260707_101705
2026-07-06 14:48:00-04:00,196.5500030517578,196.63999938964844,196.5500030517578,196.6199951171875,130841,NVDA,NVIDIA,Nasdaq,USD,20260707_101705
2026-07-06 14:49:00-04:00,196.5,196.60000610351562,196.4600067138672,196.5449981689453,261054,NVDA,NVIDIA,Nasdaq,USD,20260707_101705
2026-07-06 14:50:00-04:00,196.52000427246094,196.52650451660156,196.39999389648438,196.50999450683594,138664,NVDA,NVIDIA,Nasdaq,USD,20260707_101705
2026-07-06 14:51:00-04:00,196.5399932861328,196.57989501953125,196.5,196.52000427246094,104663,NVDA,NVIDIA,Nasdaq,USD,20260707_101705
2026-07-06 14:52:00-04:00,196.5449981689453,196.6300048828125,196.52000427246094,196.53500366210938,92655,NVDA,NVIDIA,Nasdaq,USD,20260707_101705
2026-07-06 14:53:00-04:00,196.50010681152344,196.5500030517578,196.4199981689453,196.5449981689453,112440,NVDA,NVIDIA,Nasdaq,USD,20260707_101705
2026-07-06 14:54:00-04:00,196.5,196.6199951171875,196.4600067138672,196.5050048828125,110524,NVDA,NVIDIA,Nasdaq,USD,20260707_101705
2026-07-06 14:55:00-04:00,196.4600067138672,196.52000427246094,196.41000366210938,196.5,71392,NVDA,NVIDIA,Nasdaq,USD,20260707_101705
2026-07-06 14:56:00-04:00,196.47500610351562,196.5800018310547,196.44009399414062,196.4499969482422,106675,NVDA,NVIDIA,Nasdaq,USD,20260707_101705
2026-07-06 14:57:00-04:00,196.5050048828125,196.52000427246094,196.47000122070312,196.47000122070312,81291,NVDA,NVIDIA,Nasdaq,USD,20260707_101705
2026-07-06 14:58:00-04:00,196.54010009765625,196.57000732421875,196.5,196.5,117185,NVDA,NVIDIA,Nasdaq,USD,20260707_101705
2026-07-06 14:59:00-04:00,196.625,196.63999938964844,196.52000427246094,196.5500030517578,88722,NVDA,NVIDIA,Nasdaq,USD,20260707_101705
2026-07-06 15:00:00-04:00,196.63999938964844,196.8000030517578,196.6300048828125,196.6300048828125,153758,NVDA,NVIDIA,Nasdaq,USD,20260707_101705
2026-07-06 15:01:00-04:00,196.63999938964844,196.6699981689453,196.52999877929688,196.64999389648438,114490,NVDA,NVIDIA,Nasdaq,USD,20260707_101705
2026-07-06 15:02:00-04:00,196.52000427246094,196.6300048828125,196.49000549316406,196.61990356445312,104113,NVDA,NVIDIA,Nasdaq,USD,20260707_101705
2026-07-06 15:03:00-04:00,196.55999755859375,196.59979248046875,196.51499938964844,196.52000427246094,108574,NVDA,NVIDIA,Nasdaq,USD,20260707_101705
2026-07-06 15:04:00-04:00,196.60000610351562,196.63999938964844,196.5500030517578,196.5500946044922,87508,NVDA,NVIDIA,Nasdaq,USD,20260707_101705
2026-07-06 15:05:00-04:00,196.66000366210938,196.72999572753906,196.5800018310547,196.59010314941406,138301,NVDA,NVIDIA,Nasdaq,USD,20260707_101705
2026-07-06 15:06:00-04:00,196.5399932861328,196.6649932861328,196.5399932861328,196.66000366210938,122991,NVDA,NVIDIA,Nasdaq,USD,20260707_101705
2026-07-06 15:07:00-04:00,196.55999755859375,196.61500549316406,196.5200958251953,196.55999755859375,107228,NVDA,NVIDIA,Nasdaq,USD,20260707_101705
2026-07-06 15:08:00-04:00,196.625,196.6699981689453,196.57000732421875,196.5800018310547,129790,NVDA,NVIDIA,Nasdaq,USD,20260707_101705
2026-07-06 15:09:00-04:00,196.64010620117188,196.6649932861328,196.5449981689453,196.6300048828125,154377,NVDA,NVIDIA,Nasdaq,USD,20260707_101705
2026-07-06 15:10:00-04:00,196.7100067138672,196.7899932861328,196.66000366210938,196.6699981689453,207237,NVDA,NVIDIA,Nasdaq,USD,20260707_101705
2026-07-06 15:11:00-04:00,196.75,196.75999450683594,196.6300048828125,196.7100067138672,136012,NVDA,NVIDIA,Nasdaq,USD,20260707_101705
2026-07-06 15:12:00-04:00,196.8249969482422,196.85000610351562,196.7198944091797,196.7550048828125,138214,NVDA,NVIDIA,Nasdaq,USD,20260707_101705
2026-07-06 15:13:00-04:00,196.90029907226562,196.97000122070312,196.79010009765625,196.8249969482422,189054,NVDA,NVIDIA,Nasdaq,USD,20260707_101705
2026-07-06 15:14:00-04:00,196.85000610351562,196.9199981689453,196.83419799804688,196.90499877929688,144467,NVDA,NVIDIA,Nasdaq,USD,20260707_101705
2026-07-06 15:15:00-04:00,196.97500610351562,196.97999572753906,196.7729949951172,196.85499572753906,194822,NVDA,NVIDIA,Nasdaq,USD,20260707_101705
2026-07-06 15:16:00-04:00,197.0413055419922,197.05999755859375,196.97500610351562,196.97500610351562,362307,NVDA,NVIDIA,Nasdaq,USD,20260707_101705
2026-07-06 15:17:00-04:00,197.0399932861328,197.1300048828125,197.01499938964844,197.0399932861328,174440,NVDA,NVIDIA,Nasdaq,USD,20260707_101705
2026-07-06 15:18:00-04:00,196.94000244140625,197.13999938964844,196.9199981689453,197.04010009765625,256830,NVDA,NVIDIA,Nasdaq,USD,20260707_101705
2026-07-06 15:19:00-04:00,196.88999938964844,196.98500061035156,196.88999938964844,196.94000244140625,144451,NVDA,NVIDIA,Nasdaq,USD,20260707_101705
2026-07-06 15:20:00-04:00,197.02999877929688,197.03500366210938,196.83999633789062,196.88009643554688,194273,NVDA,NVIDIA,Nasdaq,USD,20260707_101705
2026-07-06 15:21:00-04:00,197.02999877929688,197.0800018310547,197.0,197.02890014648438,152804,NVDA,NVIDIA,Nasdaq,USD,20260707_101705
2026-07-06 15:22:00-04:00,197.0,197.0792999267578,197.0,197.03500366210938,137674,NVDA,NVIDIA,Nasdaq,USD,20260707_101705
2026-07-06 15:23:00-04:00,196.96009826660156,197.02000427246094,196.9600067138672,197.0,136197,NVDA,NVIDIA,Nasdaq,USD,20260707_101705
2026-07-06 15:24:00-04:00,196.96499633789062,196.985107421875,196.94000244140625,196.96519470214844,119394,NVDA,NVIDIA,Nasdaq,USD,20260707_101705
2026-07-06 15:25:00-04:00,196.97999572753906,196.98989868164062,196.94000244140625,196.9600067138672,121710,NVDA,NVIDIA,Nasdaq,USD,20260707_101705
2026-07-06 15:26:00-04:00,196.9250030517578,197.00999450683594,196.88999938964844,196.99000549316406,157108,NVDA,NVIDIA,Nasdaq,USD,20260707_101705
2026-07-06 15:27:00-04:00,196.86990356445312,196.94500732421875,196.82000732421875,196.92999267578125,160842,NVDA,NVIDIA,Nasdaq,USD,20260707_101705
2026-07-06 15:28:00-04:00,196.9149932861328,196.9700927734375,196.86000061035156,196.86000061035156,153701,NVDA,NVIDIA,Nasdaq,USD,20260707_101705
2026-07-06 15:29:00-04:00,196.85000610351562,196.9250030517578,196.83999633789062,196.91009521484375,114769,NVDA,NVIDIA,Nasdaq,USD,20260707_101705
2026-07-06 15:30:00-04:00,196.6374053955078,196.8800048828125,196.6300048828125,196.85499572753906,255053,NVDA,NVIDIA,Nasdaq,USD,20260707_101705
2026-07-06 15:31:00-04:00,196.55999755859375,196.64999389648438,196.47999572753906,196.63999938964844,200621,NVDA,NVIDIA,Nasdaq,USD,20260707_101705
2026-07-06 15:32:00-04:00,196.69000244140625,196.6999969482422,196.55999755859375,196.5635986328125,157535,NVDA,NVIDIA,Nasdaq,USD,20260707_101705
2026-07-06 15:33:00-04:00,196.7100067138672,196.75,196.64999389648438,196.68499755859375,159689,NVDA,NVIDIA,Nasdaq,USD,20260707_101705
2026-07-06 15:34:00-04:00,196.85000610351562,196.8699951171875,196.71499633789062,196.71499633789062,1111481,NVDA,NVIDIA,Nasdaq,USD,20260707_101705
2026-07-06 15:35:00-04:00,196.8249969482422,196.9499969482422,196.82000732421875,196.85009765625,220846,NVDA,NVIDIA,Nasdaq,USD,20260707_101705
2026-07-06 15:36:00-04:00,196.67999267578125,196.86000061035156,196.66000366210938,196.8300018310547,184872,NVDA,NVIDIA,Nasdaq,USD,20260707_101705
2026-07-06 15:37:00-04:00,196.69000244140625,196.75999450683594,196.64999389648438,196.6699981689453,162599,NVDA,NVIDIA,Nasdaq,USD,20260707_101705
2026-07-06 15:38:00-04:00,196.72230529785156,196.77499389648438,196.67999267578125,196.6999969482422,120476,NVDA,NVIDIA,Nasdaq,USD,20260707_101705
2026-07-06 15:39:00-04:00,196.664794921875,196.72999572753906,196.61000061035156,196.72999572753906,172864,NVDA,NVIDIA,Nasdaq,USD,20260707_101705
2026-07-06 15:40:00-04:00,196.610107421875,196.67999267578125,196.58999633789062,196.6649932861328,154395,NVDA,NVIDIA,Nasdaq,USD,20260707_101705
2026-07-06 15:41:00-04:00,196.68499755859375,196.6999969482422,196.5998992919922,196.61500549316406,124239,NVDA,NVIDIA,Nasdaq,USD,20260707_101705
2026-07-06 15:42:00-04:00,196.59500122070312,196.7467041015625,196.5800018310547,196.68499755859375,203392,NVDA,NVIDIA,Nasdaq,USD,20260707_101705
2026-07-06 15:43:00-04:00,196.63999938964844,196.65499877929688,196.5850067138672,196.58999633789062,117827,NVDA,NVIDIA,Nasdaq,USD,20260707_101705
2026-07-06 15:44:00-04:00,196.65499877929688,196.6699981689453,196.58999633789062,196.63499450683594,195400,NVDA,NVIDIA,Nasdaq,USD,20260707_101705
2026-07-06 15:45:00-04:00,196.76499938964844,196.80999755859375,196.64500427246094,196.64999389648438,156540,NVDA,NVIDIA,Nasdaq,USD,20260707_101705
2026-07-06 15:46:00-04:00,196.6649932861328,196.76499938964844,196.60000610351562,196.75999450683594,221875,NVDA,NVIDIA,Nasdaq,USD,20260707_101705
2026-07-06 15:47:00-04:00,196.75360107421875,196.7550048828125,196.63999938964844,196.65499877929688,121268,NVDA,NVIDIA,Nasdaq,USD,20260707_101705
2026-07-06 15:48:00-04:00,196.87010192871094,196.8800048828125,196.7200927734375,196.75999450683594,172244,NVDA,NVIDIA,Nasdaq,USD,20260707_101705
2026-07-06 15:49:00-04:00,196.92999267578125,197.03500366210938,196.875,196.875,382175,NVDA,NVIDIA,Nasdaq,USD,20260707_101705
2026-07-06 15:50:00-04:00,196.33999633789062,196.9199981689453,196.27000427246094,196.9199981689453,603949,NVDA,NVIDIA,Nasdaq,USD,20260707_101705
2026-07-06 15:51:00-04:00,196.3800048828125,196.44000244140625,196.31500244140625,196.3300018310547,272501,NVDA,NVIDIA,Nasdaq,USD,20260707_101705
2026-07-06 15:52:00-04:00,196.360107421875,196.52999877929688,196.33999633789062,196.3800048828125,302064,NVDA,NVIDIA,Nasdaq,USD,20260707_101705
2026-07-06 15:53:00-04:00,196.42999267578125,196.4600067138672,196.32000732421875,196.36000061035156,255118,NVDA,NVIDIA,Nasdaq,USD,20260707_101705
2026-07-06 15:54:00-04:00,196.1999969482422,196.5399932861328,196.16000366210938,196.44000244140625,485538,NVDA,NVIDIA,Nasdaq,USD,20260707_101705
2026-07-06 15:55:00-04:00,195.72000122070312,196.24000549316406,195.57000732421875,196.1999969482422,878076,NVDA,NVIDIA,Nasdaq,USD,20260707_101705
2026-07-06 15:56:00-04:00,195.5749969482422,195.80999755859375,195.5,195.71499633789062,602276,NVDA,NVIDIA,Nasdaq,USD,20260707_101705
2026-07-06 15:57:00-04:00,195.59500122070312,195.64999389648438,195.4499969482422,195.57000732421875,805614,NVDA,NVIDIA,Nasdaq,USD,20260707_101705
2026-07-06 15:58:00-04:00,195.5749969482422,195.6300048828125,195.5,195.59500122070312,800519,NVDA,NVIDIA,Nasdaq,USD,20260707_101705
2026-07-06 15:59:00-04:00,195.5749969482422,195.64999389648438,195.4199981689453,195.5749969482422,2167972,NVDA,NVIDIA,Nasdaq,USD,20260707_101705
2026-07-06 09:30:00-04:00,194.35000610351562,194.88479614257812,194.0,194.38999938964844,5310397,NVDA,NVIDIA,Nasdaq,USD,20260707_124030
2026-07-06 09:31:00-04:00,194.4250030517578,194.8800048828125,194.11000061035156,194.28500366210938,462673,NVDA,NVIDIA,Nasdaq,USD,20260707_124030
2026-07-06 09:32:00-04:00,194.44000244140625,194.72509765625,194.3000030517578,194.5,382788,NVDA,NVIDIA,Nasdaq,USD,20260707_124030
2026-07-06 09:33:00-04:00,194.52000427246094,194.55999755859375,194.00999450683594,194.47500610351562,463887,NVDA,NVIDIA,Nasdaq,USD,20260707_124030
2026-07-06 09:34:00-04:00,194.8513946533203,194.8513946533203,194.1999969482422,194.52000427246094,426896,NVDA,NVIDIA,Nasdaq,USD,20260707_124030
2026-07-06 09:35:00-04:00,195.39999389648438,195.44000244140625,194.69000244140625,194.83009338378906,533904,NVDA,NVIDIA,Nasdaq,USD,20260707_124030
2026-07-06 09:36:00-04:00,194.80999755859375,195.40499877929688,194.44000244140625,195.3800048828125,408682,NVDA,NVIDIA,Nasdaq,USD,20260707_124030
2026-07-06 09:37:00-04:00,194.55999755859375,195.18350219726562,194.4499969482422,194.80990600585938,307265,NVDA,NVIDIA,Nasdaq,USD,20260707_124030
2026-07-06 09:38:00-04:00,194.81509399414062,194.97000122070312,194.56500244140625,194.56500244140625,255206,NVDA,NVIDIA,Nasdaq,USD,20260707_124030
2026-07-06 09:39:00-04:00,195.4250030517578,195.44000244140625,194.77999877929688,194.83929443359375,312365,NVDA,NVIDIA,Nasdaq,USD,20260707_124030
2026-07-06 09:40:00-04:00,195.02000427246094,195.47999572753906,194.8800048828125,195.4250030517578,330766,NVDA,NVIDIA,Nasdaq,USD,20260707_124030
2026-07-06 09:41:00-04:00,194.98080444335938,195.2899932861328,194.8699951171875,195.02999877929688,388597,NVDA,NVIDIA,Nasdaq,USD,20260707_124030
2026-07-06 09:42:00-04:00,194.9250030517578,195.0800018310547,194.6699981689453,194.97459411621094,303617,NVDA,NVIDIA,Nasdaq,USD,20260707_124030
2026-07-06 09:43:00-04:00,194.84500122070312,195.2050018310547,194.77999877929688,194.91000366210938,284907,NVDA,NVIDIA,Nasdaq,USD,20260707_124030
2026-07-06 09:44:00-04:00,195.36500549316406,195.39999389648438,194.86000061035156,194.8800048828125,351733,NVDA,NVIDIA,Nasdaq,USD,20260707_124030
2026-07-06 09:45:00-04:00,195.08999633789062,195.4600067138672,195.00999450683594,195.3800048828125,265176,NVDA,NVIDIA,Nasdaq,USD,20260707_124030
2026-07-06 09:46:00-04:00,194.64999389648438,195.1999969482422,194.6300048828125,195.0800018310547,329596,NVDA,NVIDIA,Nasdaq,USD,20260707_124030
2026-07-06 09:47:00-04:00,194.8000030517578,194.92999267578125,194.57000732421875,194.64999389648438,306006,NVDA,NVIDIA,Nasdaq,USD,20260707_124030
2026-07-06 09:48:00-04:00,194.97999572753906,195.07000732421875,194.71319580078125,194.83999633789062,229252,NVDA,NVIDIA,Nasdaq,USD,20260707_124030
2026-07-06 09:49:00-04:00,195.10000610351562,195.25390625,194.89999389648438,194.97999572753906,266300,NVDA,NVIDIA,Nasdaq,USD,20260707_124030
2026-07-06 09:50:00-04:00,195.57049560546875,195.58999633789062,194.90499877929688,195.11000061035156,438032,NVDA,NVIDIA,Nasdaq,USD,20260707_124030
2026-07-06 09:51:00-04:00,195.47000122070312,195.6199951171875,195.360107421875,195.58999633789062,323602,NVDA,NVIDIA,Nasdaq,USD,20260707_124030
2026-07-06 09:52:00-04:00,195.50950622558594,195.50950622558594,195.1199951171875,195.47000122070312,299606,NVDA,NVIDIA,Nasdaq,USD,20260707_124030
2026-07-06 09:53:00-04:00,195.52000427246094,195.5800018310547,195.32510375976562,195.49000549316406,311137,NVDA,NVIDIA,Nasdaq,USD,20260707_124030
2026-07-06 09:54:00-04:00,195.97000122070312,195.97000122070312,195.55999755859375,195.55999755859375,502070,NVDA,NVIDIA,Nasdaq,USD,20260707_124030
2026-07-06 09:55:00-04:00,196.28900146484375,196.72999572753906,195.9600067138672,195.97999572753906,692943,NVDA,NVIDIA,Nasdaq,USD,20260707_124030
2026-07-06 09:56:00-04:00,196.27999877929688,196.5,196.1699981689453,196.2899932861328,622225,NVDA,NVIDIA,Nasdaq,USD,20260707_124030
2026-07-06 09:57:00-04:00,196.01499938964844,196.47000122070312,195.9600067138672,196.2899932861328,351036,NVDA,NVIDIA,Nasdaq,USD,20260707_124030
2026-07-06 09:58:00-04:00,196.2301025390625,196.2899932861328,195.9600067138672,196.02000427246094,368972,NVDA,NVIDIA,Nasdaq,USD,20260707_124030
2026-07-06 09:59:00-04:00,196.27999877929688,196.36000061035156,196.13999938964844,196.24000549316406,341786,NVDA,NVIDIA,Nasdaq,USD,20260707_124030
2026-07-06 10:00:00-04:00,196.3715057373047,196.63999938964844,196.02999877929688,196.27999877929688,566676,NVDA,NVIDIA,Nasdaq,USD,20260707_124030
2026-07-06 10:01:00-04:00,196.28500366210938,196.6300048828125,196.22999572753906,196.38499450683594,357125,NVDA,NVIDIA,Nasdaq,USD,20260707_124030
2026-07-06 10:02:00-04:00,196.22500610351562,196.44009399414062,196.19000244140625,196.32000732421875,263361,NVDA,NVIDIA,Nasdaq,USD,20260707_124030
2026-07-06 10:03:00-04:00,196.27999877929688,196.4250030517578,196.14999389648438,196.22500610351562,211476,NVDA,NVIDIA,Nasdaq,USD,20260707_124030
2026-07-06 10:04:00-04:00,196.25999450683594,196.36000061035156,196.07000732421875,196.27999877929688,229046,NVDA,NVIDIA,Nasdaq,USD,20260707_124030
2026-07-06 10:05:00-04:00,196.61000061035156,196.6199951171875,196.22999572753906,196.2449951171875,401671,NVDA,NVIDIA,Nasdaq,USD,20260707_124030
2026-07-06 10:06:00-04:00,196.5749969482422,197.05999755859375,196.42999267578125,196.6199951171875,674820,NVDA,NVIDIA,Nasdaq,USD,20260707_124030
2026-07-06 10:07:00-04:00,196.42999267578125,196.63999938964844,196.13009643554688,196.57000732421875,255079,NVDA,NVIDIA,Nasdaq,USD,20260707_124030
2026-07-06 10:08:00-04:00,197.05999755859375,197.17999267578125,196.4199981689453,196.42999267578125,376906,NVDA,NVIDIA,Nasdaq,USD,20260707_124030
2026-07-06 10:09:00-04:00,197.1060028076172,197.4199981689453,197.00999450683594,197.0500030517578,498548,NVDA,NVIDIA,Nasdaq,USD,20260707_124030
2026-07-06 10:10:00-04:00,196.82000732421875,197.11500549316406,196.60000610351562,197.08999633789062,387468,NVDA,NVIDIA,Nasdaq,USD,20260707_124030
2026-07-06 10:11:00-04:00,196.74000549316406,196.97659301757812,196.61000061035156,196.81500244140625,315424,NVDA,NVIDIA,Nasdaq,USD,20260707_124030
2026-07-06 10:12:00-04:00,196.67999267578125,196.8000030517578,196.52000427246094,196.75,226107,NVDA,NVIDIA,Nasdaq,USD,20260707_124030
2026-07-06 10:13:00-04:00,196.53199768066406,196.69500732421875,196.4499969482422,196.68499755859375,275733,NVDA,NVIDIA,Nasdaq,USD,20260707_124030
2026-07-06 10:14:00-04:00,196.60000610351562,196.8300018310547,196.50999450683594,196.51980590820312,247752,NVDA,NVIDIA,Nasdaq,USD,20260707_124030
2026-07-06 10:15:00-04:00,196.55999755859375,196.7100067138672,196.50999450683594,196.60499572753906,203971,NVDA,NVIDIA,Nasdaq,USD,20260707_124030
2026-07-06 10:16:00-04:00,196.7100067138672,196.74000549316406,196.4550018310547,196.55259704589844,214213,NVDA,NVIDIA,Nasdaq,USD,20260707_124030
2026-07-06 10:17:00-04:00,196.60000610351562,196.75970458984375,196.52999877929688,196.6999969482422,193844,NVDA,NVIDIA,Nasdaq,USD,20260707_124030
2026-07-06 10:18:00-04:00,196.50999450683594,196.63999938964844,196.3800048828125,196.58999633789062,204013,NVDA,NVIDIA,Nasdaq,USD,20260707_124030
2026-07-06 10:19:00-04:00,196.28500366210938,196.5601043701172,196.25999450683594,196.5,214305,NVDA,NVIDIA,Nasdaq,USD,20260707_124030
2026-07-06 10:20:00-04:00,196.33999633789062,196.38999938964844,196.28199768066406,196.2899932861328,154395,NVDA,NVIDIA,Nasdaq,USD,20260707_124030
2026-07-06 10:21:00-04:00,195.9199981689453,196.33999633789062,195.91070556640625,196.33999633789062,448345,NVDA,NVIDIA,Nasdaq,USD,20260707_124030
2026-07-06 10:22:00-04:00,196.1300048828125,196.30499267578125,195.87100219726562,195.91000366210938,312789,NVDA,NVIDIA,Nasdaq,USD,20260707_124030
2026-07-06 10:23:00-04:00,196.22999572753906,196.3800048828125,196.08999633789062,196.1199951171875,323383,NVDA,NVIDIA,Nasdaq,USD,20260707_124030
2026-07-06 10:24:00-04:00,196.5198974609375,196.55209350585938,196.1999969482422,196.22000122070312,186590,NVDA,NVIDIA,Nasdaq,USD,20260707_124030
2026-07-06 10:25:00-04:00,196.5395050048828,196.6300048828125,196.47999572753906,196.52999877929688,196794,NVDA,NVIDIA,Nasdaq,USD,20260707_124030
2026-07-06 10:26:00-04:00,196.52999877929688,196.57000732421875,196.35079956054688,196.53500366210938,166925,NVDA,NVIDIA,Nasdaq,USD,20260707_124030
2026-07-06 10:27:00-04:00,196.5500030517578,196.61000061035156,196.3800048828125,196.5299072265625,152676,NVDA,NVIDIA,Nasdaq,USD,20260707_124030
2026-07-06 10:28:00-04:00,196.47999572753906,196.6199951171875,196.36500549316406,196.531005859375,187671,NVDA,NVIDIA,Nasdaq,USD,20260707_124030
2026-07-06 10:29:00-04:00,196.57400512695312,196.74989318847656,196.44000244140625,196.47500610351562,171628,NVDA,NVIDIA,Nasdaq,USD,20260707_124030
2026-07-06 10:30:00-04:00,196.4945068359375,196.74000549316406,196.44009399414062,196.58990478515625,176935,NVDA,NVIDIA,Nasdaq,USD,20260707_124030
2026-07-06 10:31:00-04:00,196.4149932861328,196.50999450683594,196.360107421875,196.49000549316406,138815,NVDA,NVIDIA,Nasdaq,USD,20260707_124030
2026-07-06 10:32:00-04:00,196.47999572753906,196.5,196.38009643554688,196.4199981689453,99289,NVDA,NVIDIA,Nasdaq,USD,20260707_124030
2026-07-06 10:33:00-04:00,196.39999389648438,196.52830505371094,196.39999389648438,196.46499633789062,133422,NVDA,NVIDIA,Nasdaq,USD,20260707_124030
2026-07-06 10:34:00-04:00,196.6708984375,196.72000122070312,196.360107421875,196.3939971923828,192807,NVDA,NVIDIA,Nasdaq,USD,20260707_124030
2026-07-06 10:35:00-04:00,196.52000427246094,196.67999267578125,196.40980529785156,196.67999267578125,217950,NVDA,NVIDIA,Nasdaq,USD,20260707_124030
2026-07-06 10:36:00-04:00,196.43930053710938,196.75999450683594,196.4199981689453,196.5,165449,NVDA,NVIDIA,Nasdaq,USD,20260707_124030
2026-07-06 10:37:00-04:00,196.50999450683594,196.60000610351562,196.35000610351562,196.42999267578125,192302,NVDA,NVIDIA,Nasdaq,USD,20260707_124030
2026-07-06 10:38:00-04:00,196.3896942138672,196.5500030517578,196.375,196.5198974609375,188592,NVDA,NVIDIA,Nasdaq,USD,20260707_124030
2026-07-06 10:39:00-04:00,196.22999572753906,196.52000427246094,196.1999969482422,196.41000366210938,229665,NVDA,NVIDIA,Nasdaq,USD,20260707_124030
2026-07-06 10:40:00-04:00,196.13499450683594,196.3300018310547,196.0500030517578,196.22999572753906,226166,NVDA,NVIDIA,Nasdaq,USD,20260707_124030
2026-07-06 10:41:00-04:00,195.9949951171875,196.25,195.97000122070312,196.11000061035156,276231,NVDA,NVIDIA,Nasdaq,USD,20260707_124030
2026-07-06 10:42:00-04:00,196.28500366210938,196.3498992919922,195.9499969482422,195.9929962158203,313812,NVDA,NVIDIA,Nasdaq,USD,20260707_124030
2026-07-06 10:43:00-04:00,196.51499938964844,196.52999877929688,196.24000549316406,196.27999877929688,185992,NVDA,NVIDIA,Nasdaq,USD,20260707_124030
2026-07-06 10:44:00-04:00,196.5500030517578,196.69000244140625,196.52000427246094,196.52000427246094,278296,NVDA,NVIDIA,Nasdaq,USD,20260707_124030
2026-07-06 10:45:00-04:00,196.7100067138672,196.7299041748047,196.5301055908203,196.5402069091797,200627,NVDA,NVIDIA,Nasdaq,USD,20260707_124030
2026-07-06 10:46:00-04:00,196.46499633789062,196.72999572753906,196.40660095214844,196.70799255371094,185793,NVDA,NVIDIA,Nasdaq,USD,20260707_124030
2026-07-06 10:47:00-04:00,196.30499267578125,196.56500244140625,196.22000122070312,196.47999572753906,206737,NVDA,NVIDIA,Nasdaq,USD,20260707_124030
2026-07-06 10:48:00-04:00,196.1248016357422,196.30999755859375,196.09030151367188,196.30999755859375,165712,NVDA,NVIDIA,Nasdaq,USD,20260707_124030
2026-07-06 10:49:00-04:00,196.0699005126953,196.19000244140625,196.0626983642578,196.1199951171875,143057,NVDA,NVIDIA,Nasdaq,USD,20260707_124030
2026-07-06 10:50:00-04:00,196.02999877929688,196.13999938964844,196.00999450683594,196.05999755859375,154340,NVDA,NVIDIA,Nasdaq,USD,20260707_124030
2026-07-06 10:51:00-04:00,196.1898956298828,196.27499389648438,195.9949951171875,196.03500366210938,254450,NVDA,NVIDIA,Nasdaq,USD,20260707_124030
2026-07-06 10:52:00-04:00,196.1699981689453,196.2100067138672,196.00660705566406,196.17999267578125,125691,NVDA,NVIDIA,Nasdaq,USD,20260707_124030
2026-07-06 10:53:00-04:00,196.19009399414062,196.1999969482422,196.00999450683594,196.1699981689453,147255,NVDA,NVIDIA,Nasdaq,USD,20260707_124030
2026-07-06 10:54:00-04:00,196.13999938964844,196.25999450683594,196.10009765625,196.19500732421875,191999,NVDA,NVIDIA,Nasdaq,USD,20260707_124030
2026-07-06 10:55:00-04:00,195.7729949951172,196.19500732421875,195.7729949951172,196.13499450683594,254228,NVDA,NVIDIA,Nasdaq,USD,20260707_124030
2026-07-06 10:56:00-04:00,195.88999938964844,195.88999938964844,195.6824951171875,195.7794952392578,206711,NVDA,NVIDIA,Nasdaq,USD,20260707_124030
2026-07-06 10:57:00-04:00,195.8000030517578,196.0299072265625,195.66000366210938,195.8800048828125,205194,NVDA,NVIDIA,Nasdaq,USD,20260707_124030
2026-07-06 10:58:00-04:00,195.89999389648438,195.9199981689453,195.6699981689453,195.8000030517578,158917,NVDA,NVIDIA,Nasdaq,USD,20260707_124030
2026-07-06 10:59:00-04:00,196.02499389648438,196.0399932861328,195.86000061035156,195.91000366210938,164809,NVDA,NVIDIA,Nasdaq,USD,20260707_124030
2026-07-06 11:00:00-04:00,195.83999633789062,196.0500030517578,195.7550048828125,196.02000427246094,153473,NVDA,NVIDIA,Nasdaq,USD,20260707_124030
2026-07-06 11:01:00-04:00,195.88999938964844,196.0,195.8094940185547,195.8300018310547,137011,NVDA,NVIDIA,Nasdaq,USD,20260707_124030
2026-07-06 11:02:00-04:00,195.83999633789062,195.97799682617188,195.7899932861328,195.88999938964844,110372,NVDA,NVIDIA,Nasdaq,USD,20260707_124030
2026-07-06 11:03:00-04:00,195.97000122070312,195.97999572753906,195.8300018310547,195.83999633789062,138801,NVDA,NVIDIA,Nasdaq,USD,20260707_124030
2026-07-06 11:04:00-04:00,195.78500366210938,196.02000427246094,195.74000549316406,195.97000122070312,138952,NVDA,NVIDIA,Nasdaq,USD,20260707_124030
2026-07-06 11:05:00-04:00,195.92999267578125,195.93899536132812,195.72000122070312,195.77999877929688,160017,NVDA,NVIDIA,Nasdaq,USD,20260707_124030
2026-07-06 11:06:00-04:00,196.07000732421875,196.11000061035156,195.85000610351562,195.9199981689453,250472,NVDA,NVIDIA,Nasdaq,USD,20260707_124030
2026-07-06 11:07:00-04:00,195.8300018310547,196.0850067138672,195.8300018310547,196.07000732421875,132724,NVDA,NVIDIA,Nasdaq,USD,20260707_124030
2026-07-06 11:08:00-04:00,195.6699981689453,195.8769989013672,195.5800018310547,195.83999633789062,280951,NVDA,NVIDIA,Nasdaq,USD,20260707_124030
2026-07-06 11:09:00-04:00,195.85000610351562,195.99000549316406,195.66000366210938,195.66000366210938,175118,NVDA,NVIDIA,Nasdaq,USD,20260707_124030
2026-07-06 11:10:00-04:00,195.8800048828125,196.0,195.80999755859375,195.85279846191406,140690,NVDA,NVIDIA,Nasdaq,USD,20260707_124030
2026-07-06 11:11:00-04:00,195.75999450683594,195.92649841308594,195.7449951171875,195.8800048828125,102613,NVDA,NVIDIA,Nasdaq,USD,20260707_124030
2026-07-06 11:12:00-04:00,195.9199981689453,195.9499969482422,195.72000122070312,195.75999450683594,143195,NVDA,NVIDIA,Nasdaq,USD,20260707_124030
2026-07-06 11:13:00-04:00,195.68499755859375,195.94000244140625,195.63720703125,195.9149932861328,143487,NVDA,NVIDIA,Nasdaq,USD,20260707_124030
2026-07-06 11:14:00-04:00,195.67999267578125,195.75,195.58999633789062,195.6699981689453,168898,NVDA,NVIDIA,Nasdaq,USD,20260707_124030
2026-07-06 11:15:00-04:00,195.6999969482422,195.75,195.55999755859375,195.6699981689453,255190,NVDA,NVIDIA,Nasdaq,USD,20260707_124030
2026-07-06 11:16:00-04:00,195.3800048828125,195.66000366210938,195.375,195.64999389648438,314496,NVDA,NVIDIA,Nasdaq,USD,20260707_124030
2026-07-06 11:17:00-04:00,195.55999755859375,195.5749969482422,195.36000061035156,195.38999938964844,154096,NVDA,NVIDIA,Nasdaq,USD,20260707_124030
2026-07-06 11:18:00-04:00,195.55999755859375,195.55999755859375,195.3699951171875,195.55999755859375,213626,NVDA,NVIDIA,Nasdaq,USD,20260707_124030
2026-07-06 11:19:00-04:00,195.6750030517578,195.6999969482422,195.5,195.5800018310547,146071,NVDA,NVIDIA,Nasdaq,USD,20260707_124030
2026-07-06 11:20:00-04:00,195.75,195.8300018310547,195.6699981689453,195.6699981689453,180901,NVDA,NVIDIA,Nasdaq,USD,20260707_124030
2026-07-06 11:21:00-04:00,195.74000549316406,195.77999877929688,195.64100646972656,195.75,102131,NVDA,NVIDIA,Nasdaq,USD,20260707_124030
2026-07-06 11:22:00-04:00,195.73500061035156,195.7949981689453,195.66000366210938,195.74000549316406,272675,NVDA,NVIDIA,Nasdaq,USD,20260707_124030
2026-07-06 11:23:00-04:00,195.77999877929688,195.77999877929688,195.66510009765625,195.73500061035156,140505,NVDA,NVIDIA,Nasdaq,USD,20260707_124030
2026-07-06 11:24:00-04:00,195.95989990234375,195.97999572753906,195.72999572753906,195.77999877929688,154941,NVDA,NVIDIA,Nasdaq,USD,20260707_124030
2026-07-06 11:25:00-04:00,195.9600067138672,196.02999877929688,195.8800048828125,195.9550018310547,164128,NVDA,NVIDIA,Nasdaq,USD,20260707_124030
2026-07-06 11:26:00-04:00,196.3000030517578,196.35769653320312,195.94000244140625,195.9550018310547,304049,NVDA,NVIDIA,Nasdaq,USD,20260707_124030
2026-07-06 11:27:00-04:00,196.43499755859375,196.44000244140625,196.27200317382812,196.2899932861328,187781,NVDA,NVIDIA,Nasdaq,USD,20260707_124030
2026-07-06 11:28:00-04:00,196.38980102539062,196.52000427246094,196.32000732421875,196.44000244140625,170043,NVDA,NVIDIA,Nasdaq,USD,20260707_124030
2026-07-06 11:29:00-04:00,196.5135040283203,196.5500030517578,196.35899353027344,196.38999938964844,151721,NVDA,NVIDIA,Nasdaq,USD,20260707_124030
2026-07-06 11:30:00-04:00,196.39999389648438,196.5399932861328,196.3699951171875,196.5,154253,NVDA,NVIDIA,Nasdaq,USD,20260707_124030
2026-07-06 11:31:00-04:00,196.3000030517578,196.52000427246094,196.27499389648438,196.4199981689453,173501,NVDA,NVIDIA,Nasdaq,USD,20260707_124030
2026-07-06 11:32:00-04:00,196.375,196.3800048828125,196.26499938964844,196.3000030517578,108619,NVDA,NVIDIA,Nasdaq,USD,20260707_124030
2026-07-06 11:33:00-04:00,196.35000610351562,196.39999389648438,196.30499267578125,196.3800048828125,134668,NVDA,NVIDIA,Nasdaq,USD,20260707_124030
2026-07-06 11:34:00-04:00,196.2899932861328,196.3699951171875,196.27999877929688,196.33999633789062,110282,NVDA,NVIDIA,Nasdaq,USD,20260707_124030
2026-07-06 11:35:00-04:00,196.27499389648438,196.38999938964844,196.25999450683594,196.2899932861328,151192,NVDA,NVIDIA,Nasdaq,USD,20260707_124030
2026-07-06 11:36:00-04:00,196.33999633789062,196.4499969482422,196.27999877929688,196.27999877929688,124773,NVDA,NVIDIA,Nasdaq,USD,20260707_124030
2026-07-06 11:37:00-04:00,196.64999389648438,196.64999389648438,196.27999877929688,196.32000732421875,293883,NVDA,NVIDIA,Nasdaq,USD,20260707_124030
2026-07-06 11:38:00-04:00,196.4149932861328,196.64999389648438,196.3699951171875,196.64500427246094,149514,NVDA,NVIDIA,Nasdaq,USD,20260707_124030
2026-07-06 11:39:00-04:00,196.3699951171875,196.48500061035156,196.32000732421875,196.4149932861328,132099,NVDA,NVIDIA,Nasdaq,USD,20260707_124030
2026-07-06 11:40:00-04:00,196.2899932861328,196.3699951171875,196.17999267578125,196.3699951171875,221516,NVDA,NVIDIA,Nasdaq,USD,20260707_124030
2026-07-06 11:41:00-04:00,196.3300018310547,196.3699951171875,196.25,196.2949981689453,155190,NVDA,NVIDIA,Nasdaq,USD,20260707_124030
2026-07-06 11:42:00-04:00,196.3000030517578,196.33990478515625,196.1999969482422,196.3300018310547,131027,NVDA,NVIDIA,Nasdaq,USD,20260707_124030
2026-07-06 11:43:00-04:00,196.27000427246094,196.36000061035156,196.24899291992188,196.2899932861328,121196,NVDA,NVIDIA,Nasdaq,USD,20260707_124030
2026-07-06 11:44:00-04:00,196.1999969482422,196.32000732421875,196.1699981689453,196.25999450683594,107655,NVDA,NVIDIA,Nasdaq,USD,20260707_124030
2026-07-06 11:45:00-04:00,196.1699981689453,196.26950073242188,196.16000366210938,196.2093963623047,134823,NVDA,NVIDIA,Nasdaq,USD,20260707_124030
2026-07-06 11:46:00-04:00,196.27000427246094,196.29969787597656,196.13999938964844,196.1707000732422,88206,NVDA,NVIDIA,Nasdaq,USD,20260707_124030
2026-07-06 11:47:00-04:00,196.33999633789062,196.35000610351562,196.25999450683594,196.27999877929688,117765,NVDA,NVIDIA,Nasdaq,USD,20260707_124030
2026-07-06 11:48:00-04:00,196.24000549316406,196.35499572753906,196.1999969482422,196.30999755859375,79065,NVDA,NVIDIA,Nasdaq,USD,20260707_124030
2026-07-06 11:49:00-04:00,196.36000061035156,196.36000061035156,196.1302947998047,196.22279357910156,106174,NVDA,NVIDIA,Nasdaq,USD,20260707_124030
2026-07-06 11:50:00-04:00,196.3699951171875,196.4499969482422,196.35000610351562,196.36000061035156,113825,NVDA,NVIDIA,Nasdaq,USD,20260707_124030
2026-07-06 11:51:00-04:00,196.2100067138672,196.42300415039062,196.19000244140625,196.38999938964844,107790,NVDA,NVIDIA,Nasdaq,USD,20260707_124030
2026-07-06 11:52:00-04:00,196.11990356445312,196.22779846191406,196.11000061035156,196.19500732421875,110119,NVDA,NVIDIA,Nasdaq,USD,20260707_124030
2026-07-06 11:53:00-04:00,196.11000061035156,196.1699981689453,196.07000732421875,196.11500549316406,159346,NVDA,NVIDIA,Nasdaq,USD,20260707_124030
2026-07-06 11:54:00-04:00,196.19000244140625,196.25999450683594,196.02999877929688,196.11000061035156,200679,NVDA,NVIDIA,Nasdaq,USD,20260707_124030
2026-07-06 11:55:00-04:00,196.1898956298828,196.2899932861328,196.1699981689453,196.19000244140625,131378,NVDA,NVIDIA,Nasdaq,USD,20260707_124030
2026-07-06 11:56:00-04:00,196.25999450683594,196.33999633789062,196.1501007080078,196.19000244140625,117412,NVDA,NVIDIA,Nasdaq,USD,20260707_124030
2026-07-06 11:57:00-04:00,196.3000030517578,196.35000610351562,196.24000549316406,196.2550048828125,84003,NVDA,NVIDIA,Nasdaq,USD,20260707_124030
2026-07-06 11:58:00-04:00,196.29649353027344,196.36000061035156,196.25999450683594,196.34500122070312,93121,NVDA,NVIDIA,Nasdaq,USD,20260707_124030
2026-07-06 11:59:00-04:00,196.39999389648438,196.41000366210938,196.24009704589844,196.2899932861328,127176,NVDA,NVIDIA,Nasdaq,USD,20260707_124030
2026-07-06 12:00:00-04:00,196.6204071044922,196.656494140625,196.25999450683594,196.41000366210938,402352,NVDA,NVIDIA,Nasdaq,USD,20260707_124030
2026-07-06 12:01:00-04:00,196.47999572753906,196.72000122070312,196.4600067138672,196.63499450683594,158471,NVDA,NVIDIA,Nasdaq,USD,20260707_124030
2026-07-06 12:02:00-04:00,196.38999938964844,196.58999633789062,196.3699951171875,196.48989868164062,147018,NVDA,NVIDIA,Nasdaq,USD,20260707_124030
2026-07-06 12:03:00-04:00,196.38999938964844,196.48500061035156,196.38999938964844,196.38999938964844,110493,NVDA,NVIDIA,Nasdaq,USD,20260707_124030
2026-07-06 12:04:00-04:00,196.46499633789062,196.47999572753906,196.3699951171875,196.39999389648438,117079,NVDA,NVIDIA,Nasdaq,USD,20260707_124030
2026-07-06 12:05:00-04:00,196.57000732421875,196.57000732421875,196.3800048828125,196.4600067138672,121939,NVDA,NVIDIA,Nasdaq,USD,20260707_124030
2026-07-06 12:06:00-04:00,196.60499572753906,196.6300048828125,196.50999450683594,196.55999755859375,103202,NVDA,NVIDIA,Nasdaq,USD,20260707_124030
2026-07-06 12:07:00-04:00,196.61500549316406,196.6999969482422,196.58299255371094,196.5970001220703,154736,NVDA,NVIDIA,Nasdaq,USD,20260707_124030
2026-07-06 12:08:00-04:00,196.52499389648438,196.63999938964844,196.47999572753906,196.6199951171875,113663,NVDA,NVIDIA,Nasdaq,USD,20260707_124030
2026-07-06 12:09:00-04:00,196.7449951171875,196.8800048828125,196.52499389648438,196.52499389648438,276133,NVDA,NVIDIA,Nasdaq,USD,20260707_124030
2026-07-06 12:10:00-04:00,196.9600067138672,197.05999755859375,196.63999938964844,196.74000549316406,581091,NVDA,NVIDIA,Nasdaq,USD,20260707_124030
2026-07-06 12:11:00-04:00,196.92999267578125,197.0760040283203,196.8300018310547,196.9720001220703,252362,NVDA,NVIDIA,Nasdaq,USD,20260707_124030
2026-07-06 12:12:00-04:00,197.17999267578125,197.23500061035156,196.92999267578125,196.94000244140625,452504,NVDA,NVIDIA,Nasdaq,USD,20260707_124030
2026-07-06 12:13:00-04:00,197.47999572753906,197.47999572753906,197.07000732421875,197.1699981689453,371944,NVDA,NVIDIA,Nasdaq,USD,20260707_124030
2026-07-06 12:14:00-04:00,197.1649932861328,197.5500030517578,197.16000366210938,197.47999572753906,512291,NVDA,NVIDIA,Nasdaq,USD,20260707_124030
2026-07-06 12:15:00-04:00,197.32000732421875,197.3699951171875,197.16000366210938,197.1699981689453,195043,NVDA,NVIDIA,Nasdaq,USD,20260707_124030
2026-07-06 12:16:00-04:00,197.30999755859375,197.3699951171875,197.27999877929688,197.32640075683594,177609,NVDA,NVIDIA,Nasdaq,USD,20260707_124030
2026-07-06 12:17:00-04:00,197.16000366210938,197.32000732421875,197.14500427246094,197.30999755859375,169153,NVDA,NVIDIA,Nasdaq,USD,20260707_124030
2026-07-06 12:18:00-04:00,197.16949462890625,197.29989624023438,197.1300048828125,197.14999389648438,139147,NVDA,NVIDIA,Nasdaq,USD,20260707_124030
2026-07-06 12:19:00-04:00,197.13999938964844,197.24000549316406,197.12010192871094,197.1699981689453,130736,NVDA,NVIDIA,Nasdaq,USD,20260707_124030
2026-07-06 12:20:00-04:00,197.33999633789062,197.34910583496094,197.13499450683594,197.13499450683594,164213,NVDA,NVIDIA,Nasdaq,USD,20260707_124030
2026-07-06 12:21:00-04:00,197.2100067138672,197.38999938964844,197.19000244140625,197.33999633789062,129768,NVDA,NVIDIA,Nasdaq,USD,20260707_124030
2026-07-06 12:22:00-04:00,197.17999267578125,197.27000427246094,197.11000061035156,197.2100067138672,206401,NVDA,NVIDIA,Nasdaq,USD,20260707_124030
2026-07-06 12:23:00-04:00,197.0399932861328,197.1999969482422,197.0301055908203,197.17999267578125,177398,NVDA,NVIDIA,Nasdaq,USD,20260707_124030
2026-07-06 12:24:00-04:00,197.14999389648438,197.1759033203125,197.03720092773438,197.04010009765625,96328,NVDA,NVIDIA,Nasdaq,USD,20260707_124030
2026-07-06 12:25:00-04:00,197.13999938964844,197.17979431152344,197.00999450683594,197.1300048828125,152224,NVDA,NVIDIA,Nasdaq,USD,20260707_124030
2026-07-06 12:26:00-04:00,197.0399932861328,197.16000366210938,196.94000244140625,197.1300048828125,189212,NVDA,NVIDIA,Nasdaq,USD,20260707_124030
2026-07-06 12:27:00-04:00,197.1199951171875,197.14999389648438,196.97999572753906,197.0399932861328,181203,NVDA,NVIDIA,Nasdaq,USD,20260707_124030
2026-07-06 12:28:00-04:00,196.9600067138672,197.139892578125,196.91200256347656,197.125,180546,NVDA,NVIDIA,Nasdaq,USD,20260707_124030
2026-07-06 12:29:00-04:00,197.0,197.00999450683594,196.88999938964844,196.9600067138672,134208,NVDA,NVIDIA,Nasdaq,USD,20260707_124030
2026-07-06 12:30:00-04:00,197.10000610351562,197.1199951171875,196.97000122070312,197.00509643554688,144694,NVDA,NVIDIA,Nasdaq,USD,20260707_124030
2026-07-06 12:31:00-04:00,197.21499633789062,197.24000549316406,197.0500946044922,197.10000610351562,162571,NVDA,NVIDIA,Nasdaq,USD,20260707_124030
2026-07-06 12:32:00-04:00,197.09500122070312,197.22999572753906,197.06370544433594,197.21090698242188,165392,NVDA,NVIDIA,Nasdaq,USD,20260707_124030
2026-07-06 12:33:00-04:00,196.9949951171875,197.1300048828125,196.94000244140625,197.10000610351562,132362,NVDA,NVIDIA,Nasdaq,USD,20260707_124030
2026-07-06 12:34:00-04:00,196.77999877929688,197.08999633789062,196.77000427246094,196.97999572753906,179547,NVDA,NVIDIA,Nasdaq,USD,20260707_124030
2026-07-06 12:35:00-04:00,196.80999755859375,196.83999633789062,196.7100067138672,196.77999877929688,116977,NVDA,NVIDIA,Nasdaq,USD,20260707_124030
2026-07-06 12:36:00-04:00,196.7899932861328,196.85000610351562,196.72000122070312,196.77000427246094,109473,NVDA,NVIDIA,Nasdaq,USD,20260707_124030
2026-07-06 12:37:00-04:00,196.7799072265625,196.80999755859375,196.75,196.7899932861328,60948,NVDA,NVIDIA,Nasdaq,USD,20260707_124030
2026-07-06 12:38:00-04:00,196.7100067138672,196.77499389648438,196.61000061035156,196.77000427246094,122698,NVDA,NVIDIA,Nasdaq,USD,20260707_124030
2026-07-06 12:39:00-04:00,196.83999633789062,196.8800048828125,196.67999267578125,196.7198028564453,100712,NVDA,NVIDIA,Nasdaq,USD,20260707_124030
2026-07-06 12:40:00-04:00,196.9980010986328,197.0,196.8300018310547,196.8300018310547,160705,NVDA,NVIDIA,Nasdaq,USD,20260707_124030
2026-07-06 12:41:00-04:00,196.86000061035156,197.0399932861328,196.85000610351562,196.9949951171875,118606,NVDA,NVIDIA,Nasdaq,USD,20260707_124030
2026-07-06 12:42:00-04:00,196.66439819335938,196.86000061035156,196.6501007080078,196.85000610351562,114005,NVDA,NVIDIA,Nasdaq,USD,20260707_124030
2026-07-06 12:43:00-04:00,196.64500427246094,196.6999969482422,196.63999938964844,196.6739959716797,84322,NVDA,NVIDIA,Nasdaq,USD,20260707_124030
2026-07-06 12:44:00-04:00,196.69000244140625,196.72999572753906,196.63999938964844,196.64990234375,66862,NVDA,NVIDIA,Nasdaq,USD,20260707_124030
2026-07-06 12:45:00-04:00,196.50999450683594,196.6999969482422,196.47000122070312,196.67999267578125,138179,NVDA,NVIDIA,Nasdaq,USD,20260707_124030
2026-07-06 12:46:00-04:00,196.52999877929688,196.58990478515625,196.49000549316406,196.52000427246094,74922,NVDA,NVIDIA,Nasdaq,USD,20260707_124030
2026-07-06 12:47:00-04:00,196.61500549316406,196.63999938964844,196.52999877929688,196.5399932861328,76872,NVDA,NVIDIA,Nasdaq,USD,20260707_124030
2026-07-06 12:48:00-04:00,196.59359741210938,196.6750030517578,196.5800018310547,196.60000610351562,62380,NVDA,NVIDIA,Nasdaq,USD,20260707_124030
2026-07-06 12:49:00-04:00,196.6999969482422,196.7100067138672,196.5800018310547,196.59500122070312,61248,NVDA,NVIDIA,Nasdaq,USD,20260707_124030
2026-07-06 12:50:00-04:00,196.6199951171875,196.7100067138672,196.61000061035156,196.7100067138672,68371,NVDA,NVIDIA,Nasdaq,USD,20260707_124030
2026-07-06 12:51:00-04:00,196.55499267578125,196.6699981689453,196.5399932861328,196.6300048828125,60328,NVDA,NVIDIA,Nasdaq,USD,20260707_124030
2026-07-06 12:52:00-04:00,196.52000427246094,196.55499267578125,196.4949951171875,196.5500030517578,87905,NVDA,NVIDIA,Nasdaq,USD,20260707_124030
2026-07-06 12:53:00-04:00,196.47650146484375,196.50999450683594,196.44000244140625,196.50999450683594,476230,NVDA,NVIDIA,Nasdaq,USD,20260707_124030
2026-07-06 12:54:00-04:00,196.4199981689453,196.52999877929688,196.3699951171875,196.47500610351562,180795,NVDA,NVIDIA,Nasdaq,USD,20260707_124030
2026-07-06 12:55:00-04:00,196.3769989013672,196.44000244140625,196.33999633789062,196.44000244140625,83422,NVDA,NVIDIA,Nasdaq,USD,20260707_124030
2026-07-06 12:56:00-04:00,196.41009521484375,196.4199981689453,196.2899932861328,196.3699951171875,111572,NVDA,NVIDIA,Nasdaq,USD,20260707_124030
2026-07-06 12:57:00-04:00,196.5050048828125,196.55999755859375,196.4199981689453,196.4199981689453,81715,NVDA,NVIDIA,Nasdaq,USD,20260707_124030
2026-07-06 12:58:00-04:00,196.42999267578125,196.5050048828125,196.25999450683594,196.5,187121,NVDA,NVIDIA,Nasdaq,USD,20260707_124030
2026-07-06 12:59:00-04:00,196.4600067138672,196.47999572753906,196.33999633789062,196.45359802246094,166762,NVDA,NVIDIA,Nasdaq,USD,20260707_124030
2026-07-06 13:00:00-04:00,196.4600067138672,196.52499389648438,196.3699951171875,196.42999267578125,111524,NVDA,NVIDIA,Nasdaq,USD,20260707_124030
2026-07-06 13:01:00-04:00,196.53500366210938,196.58999633789062,196.39990234375,196.4600067138672,92577,NVDA,NVIDIA,Nasdaq,USD,20260707_124030
2026-07-06 13:02:00-04:00,196.52349853515625,196.54969787597656,196.47000122070312,196.53500366210938,99106,NVDA,NVIDIA,Nasdaq,USD,20260707_124030
2026-07-06 13:03:00-04:00,196.6199951171875,196.63999938964844,196.50999450683594,196.52999877929688,93638,NVDA,NVIDIA,Nasdaq,USD,20260707_124030
2026-07-06 13:04:00-04:00,196.5449981689453,196.67999267578125,196.52999877929688,196.6199951171875,107182,NVDA,NVIDIA,Nasdaq,USD,20260707_124030
2026-07-06 13:05:00-04:00,196.72999572753906,196.74000549316406,196.47999572753906,196.5399932861328,129980,NVDA,NVIDIA,Nasdaq,USD,20260707_124030
2026-07-06 13:06:00-04:00,196.82000732421875,196.85000610351562,196.72500610351562,196.73500061035156,150553,NVDA,NVIDIA,Nasdaq,USD,20260707_124030
2026-07-06 13:07:00-04:00,196.779296875,196.860107421875,196.77200317382812,196.8249969482422,82593,NVDA,NVIDIA,Nasdaq,USD,20260707_124030
2026-07-06 13:08:00-04:00,196.7949981689453,196.7949981689453,196.72000122070312,196.77499389648438,104229,NVDA,NVIDIA,Nasdaq,USD,20260707_124030
2026-07-06 13:09:00-04:00,196.7899932861328,196.80999755859375,196.75010681152344,196.79949951171875,55294,NVDA,NVIDIA,Nasdaq,USD,20260707_124030
2026-07-06 13:10:00-04:00,196.75,196.87649536132812,196.7449951171875,196.8000030517578,102804,NVDA,NVIDIA,Nasdaq,USD,20260707_124030
2026-07-06 13:11:00-04:00,196.70989990234375,196.75999450683594,196.6501007080078,196.7449951171875,103115,NVDA,NVIDIA,Nasdaq,USD,20260707_124030
2026-07-06 13:12:00-04:00,196.63499450683594,196.76499938964844,196.62060546875,196.7100067138672,85306,NVDA,NVIDIA,Nasdaq,USD,20260707_124030
2026-07-06 13:13:00-04:00,196.5402069091797,196.63999938964844,196.50999450683594,196.63499450683594,123609,NVDA,NVIDIA,Nasdaq,USD,20260707_124030
2026-07-06 13:14:00-04:00,196.5050048828125,196.5449981689453,196.47999572753906,196.5449981689453,91049,NVDA,NVIDIA,Nasdaq,USD,20260707_124030
2026-07-06 13:15:00-04:00,196.4499969482422,196.5500030517578,196.42999267578125,196.52000427246094,87656,NVDA,NVIDIA,Nasdaq,USD,20260707_124030
2026-07-06 13:16:00-04:00,196.52000427246094,196.52999877929688,196.42010498046875,196.44000244140625,102746,NVDA,NVIDIA,Nasdaq,USD,20260707_124030
2026-07-06 13:17:00-04:00,196.40029907226562,196.5399932861328,196.38999938964844,196.52000427246094,110038,NVDA,NVIDIA,Nasdaq,USD,20260707_124030
2026-07-06 13:18:00-04:00,196.23500061035156,196.39999389648438,196.22000122070312,196.39999389648438,145489,NVDA,NVIDIA,Nasdaq,USD,20260707_124030
2026-07-06 13:19:00-04:00,196.13499450683594,196.2899932861328,196.1300048828125,196.24000549316406,108680,NVDA,NVIDIA,Nasdaq,USD,20260707_124030
2026-07-06 13:20:00-04:00,195.96499633789062,196.13999938964844,195.92999267578125,196.1300048828125,242717,NVDA,NVIDIA,Nasdaq,USD,20260707_124030
2026-07-06 13:21:00-04:00,195.9600067138672,196.0399932861328,195.9550018310547,195.9698944091797,164231,NVDA,NVIDIA,Nasdaq,USD,20260707_124030
2026-07-06 13:22:00-04:00,195.99000549316406,196.0,195.85000610351562,195.96499633789062,130757,NVDA,NVIDIA,Nasdaq,USD,20260707_124030
2026-07-06 13:23:00-04:00,196.0135040283203,196.0399932861328,195.9499969482422,195.99000549316406,92162,NVDA,NVIDIA,Nasdaq,USD,20260707_124030
2026-07-06 13:24:00-04:00,196.0500030517578,196.07000732421875,195.9600067138672,196.00999450683594,104174,NVDA,NVIDIA,Nasdaq,USD,20260707_124030
2026-07-06 13:25:00-04:00,196.16000366210938,196.1898956298828,196.05999755859375,196.05999755859375,104183,NVDA,NVIDIA,Nasdaq,USD,20260707_124030
2026-07-06 13:26:00-04:00,196.26499938964844,196.2899932861328,196.1562957763672,196.1562957763672,97991,NVDA,NVIDIA,Nasdaq,USD,20260707_124030
2026-07-06 13:27:00-04:00,196.16000366210938,196.27499389648438,196.14999389648438,196.26669311523438,79473,NVDA,NVIDIA,Nasdaq,USD,20260707_124030
2026-07-06 13:28:00-04:00,196.0601043701172,196.1699981689453,196.0500030517578,196.16000366210938,95642,NVDA,NVIDIA,Nasdaq,USD,20260707_124030
2026-07-06 13:29:00-04:00,195.97000122070312,196.0699005126953,195.9600067138672,196.0699005126953,139427,NVDA,NVIDIA,Nasdaq,USD,20260707_124030
2026-07-06 13:30:00-04:00,195.8907928466797,196.0050048828125,195.85000610351562,195.97000122070312,196236,NVDA,NVIDIA,Nasdaq,USD,20260707_124030
2026-07-06 13:31:00-04:00,195.8695068359375,195.9219970703125,195.82000732421875,195.90499877929688,168513,NVDA,NVIDIA,Nasdaq,USD,20260707_124030
2026-07-06 13:32:00-04:00,195.85000610351562,195.9199981689453,195.7949981689453,195.86990356445312,136953,NVDA,NVIDIA,Nasdaq,USD,20260707_124030
2026-07-06 13:33:00-04:00,195.90699768066406,195.92999267578125,195.7899932861328,195.8800048828125,131243,NVDA,NVIDIA,Nasdaq,USD,20260707_124030
2026-07-06 13:34:00-04:00,195.94500732421875,195.9799041748047,195.89999389648438,195.9149932861328,94407,NVDA,NVIDIA,Nasdaq,USD,20260707_124030
2026-07-06 13:35:00-04:00,196.02000427246094,196.07000732421875,195.92999267578125,195.94500732421875,120348,NVDA,NVIDIA,Nasdaq,USD,20260707_124030
2026-07-06 13:36:00-04:00,195.8800048828125,196.0334930419922,195.80999755859375,196.02000427246094,159784,NVDA,NVIDIA,Nasdaq,USD,20260707_124030
2026-07-06 13:37:00-04:00,195.9499969482422,195.9600067138672,195.85000610351562,195.8800048828125,360589,NVDA,NVIDIA,Nasdaq,USD,20260707_124030
2026-07-06 13:38:00-04:00,196.02000427246094,196.02999877929688,195.9250030517578,195.9499969482422,102354,NVDA,NVIDIA,Nasdaq,USD,20260707_124030
2026-07-06 13:39:00-04:00,195.90499877929688,196.02999877929688,195.8699951171875,196.02000427246094,77890,NVDA,NVIDIA,Nasdaq,USD,20260707_124030
2026-07-06 13:40:00-04:00,195.7899932861328,195.89999389648438,195.77000427246094,195.89999389648438,122571,NVDA,NVIDIA,Nasdaq,USD,20260707_124030
2026-07-06 13:41:00-04:00,195.76499938964844,195.84500122070312,195.75999450683594,195.78030395507812,84514,NVDA,NVIDIA,Nasdaq,USD,20260707_124030
2026-07-06 13:42:00-04:00,195.8115997314453,195.8300018310547,195.73500061035156,195.76499938964844,130023,NVDA,NVIDIA,Nasdaq,USD,20260707_124030
2026-07-06 13:43:00-04:00,195.85000610351562,195.8699951171875,195.77000427246094,195.82000732421875,121798,NVDA,NVIDIA,Nasdaq,USD,20260707_124030
2026-07-06 13:44:00-04:00,195.85499572753906,195.86680603027344,195.82009887695312,195.8303985595703,84764,NVDA,NVIDIA,Nasdaq,USD,20260707_124030
2026-07-06 13:45:00-04:00,195.75010681152344,195.8699951171875,195.69000244140625,195.85000610351562,168167,NVDA,NVIDIA,Nasdaq,USD,20260707_124030
2026-07-06 13:46:00-04:00,195.92999267578125,195.9600067138672,195.7550048828125,195.76010131835938,179557,NVDA,NVIDIA,Nasdaq,USD,20260707_124030
2026-07-06 13:47:00-04:00,195.9499969482422,196.07000732421875,195.9199981689453,195.93499755859375,146723,NVDA,NVIDIA,Nasdaq,USD,20260707_124030
2026-07-06 13:48:00-04:00,195.90640258789062,195.99000549316406,195.87010192871094,195.9499969482422,88731,NVDA,NVIDIA,Nasdaq,USD,20260707_124030
2026-07-06 13:49:00-04:00,195.88279724121094,195.93499755859375,195.81500244140625,195.90499877929688,112584,NVDA,NVIDIA,Nasdaq,USD,20260707_124030
2026-07-06 13:50:00-04:00,195.99009704589844,196.0399932861328,195.875,195.875,121164,NVDA,NVIDIA,Nasdaq,USD,20260707_124030
2026-07-06 13:51:00-04:00,195.93789672851562,196.02000427246094,195.91000366210938,196.0,85223,NVDA,NVIDIA,Nasdaq,USD,20260707_124030
2026-07-06 13:52:00-04:00,195.77999877929688,195.9490966796875,195.77000427246094,195.94500732421875,144998,NVDA,NVIDIA,Nasdaq,USD,20260707_124030
2026-07-06 13:53:00-04:00,195.8800048828125,195.8800048828125,195.75,195.77999877929688,111722,NVDA,NVIDIA,Nasdaq,USD,20260707_124030
2026-07-06 13:54:00-04:00,195.7899932861328,195.8800048828125,195.75,195.8800048828125,103018,NVDA,NVIDIA,Nasdaq,USD,20260707_124030
2026-07-06 13:55:00-04:00,195.6699981689453,195.85000610351562,195.65780639648438,195.8000030517578,169248,NVDA,NVIDIA,Nasdaq,USD,20260707_124030
2026-07-06 13:56:00-04:00,195.7194061279297,195.72000122070312,195.6300048828125,195.67999267578125,79827,NVDA,NVIDIA,Nasdaq,USD,20260707_124030
2026-07-06 13:57:00-04:00,195.69500732421875,195.8300018310547,195.6800994873047,195.72999572753906,90982,NVDA,NVIDIA,Nasdaq,USD,20260707_124030
2026-07-06 13:58:00-04:00,195.6999969482422,195.74000549316406,195.64999389648438,195.69000244140625,85309,NVDA,NVIDIA,Nasdaq,USD,20260707_124030
2026-07-06 13:59:00-04:00,195.69000244140625,195.77499389648438,195.64500427246094,195.69000244140625,97503,NVDA,NVIDIA,Nasdaq,USD,20260707_124030
2026-07-06 14:00:00-04:00,195.75999450683594,195.83999633789062,195.6999969482422,195.6999969482422,164507,NVDA,NVIDIA,Nasdaq,USD,20260707_124030
2026-07-06 14:01:00-04:00,195.82000732421875,195.82000732421875,195.6999969482422,195.75999450683594,107869,NVDA,NVIDIA,Nasdaq,USD,20260707_124030
2026-07-06 14:02:00-04:00,195.86000061035156,195.8800048828125,195.77999877929688,195.80999755859375,136319,NVDA,NVIDIA,Nasdaq,USD,20260707_124030
2026-07-06 14:03:00-04:00,195.99000549316406,195.99000549316406,195.8249969482422,195.86000061035156,136657,NVDA,NVIDIA,Nasdaq,USD,20260707_124030
2026-07-06 14:04:00-04:00,195.96499633789062,195.9949951171875,195.9199981689453,195.97999572753906,112508,NVDA,NVIDIA,Nasdaq,USD,20260707_124030
2026-07-06 14:05:00-04:00,195.9199981689453,196.01499938964844,195.9199981689453,195.9600067138672,124459,NVDA,NVIDIA,Nasdaq,USD,20260707_124030
2026-07-06 14:06:00-04:00,196.1374053955078,196.13999938964844,195.9199981689453,195.9302978515625,106906,NVDA,NVIDIA,Nasdaq,USD,20260707_124030
2026-07-06 14:07:00-04:00,196.2050018310547,196.22999572753906,196.10000610351562,196.13499450683594,147059,NVDA,NVIDIA,Nasdaq,USD,20260707_124030
2026-07-06 14:08:00-04:00,196.375,196.39999389648438,196.2050018310547,196.2050018310547,186934,NVDA,NVIDIA,Nasdaq,USD,20260707_124030
2026-07-06 14:09:00-04:00,196.37010192871094,196.38999938964844,196.2899932861328,196.3800048828125,160955,NVDA,NVIDIA,Nasdaq,USD,20260707_124030
2026-07-06 14:10:00-04:00,196.4250030517578,196.4499969482422,196.360107421875,196.3800048828125,136937,NVDA,NVIDIA,Nasdaq,USD,20260707_124030
2026-07-06 14:11:00-04:00,196.39999389648438,196.4600067138672,196.38999938964844,196.42999267578125,91085,NVDA,NVIDIA,Nasdaq,USD,20260707_124030
2026-07-06 14:12:00-04:00,196.360107421875,196.4058074951172,196.33999633789062,196.4058074951172,97944,NVDA,NVIDIA,Nasdaq,USD,20260707_124030
2026-07-06 14:13:00-04:00,196.3000030517578,196.3800048828125,196.2902069091797,196.3699951171875,94271,NVDA,NVIDIA,Nasdaq,USD,20260707_124030
2026-07-06 14:14:00-04:00,196.28500366210938,196.32000732421875,196.27000427246094,196.2899932861328,58307,NVDA,NVIDIA,Nasdaq,USD,20260707_124030
2026-07-06 14:15:00-04:00,196.48500061035156,196.4949951171875,196.28500366210938,196.28500366210938,103657,NVDA,NVIDIA,Nasdaq,USD,20260707_124030
2026-07-06 14:16:00-04:00,196.55499267578125,196.6699981689453,196.5,196.5,175003,NVDA,NVIDIA,Nasdaq,USD,20260707_124030
2026-07-06 14:17:00-04:00,196.37989807128906,196.5500030517578,196.3699951171875,196.5500030517578,99213,NVDA,NVIDIA,Nasdaq,USD,20260707_124030
2026-07-06 14:18:00-04:00,196.3300018310547,196.39999389648438,196.3000030517578,196.3699951171875,92000,NVDA,NVIDIA,Nasdaq,USD,20260707_124030
2026-07-06 14:19:00-04:00,196.4499053955078,196.4499969482422,196.32009887695312,196.3249969482422,73626,NVDA,NVIDIA,Nasdaq,USD,20260707_124030
2026-07-06 14:20:00-04:00,196.4149932861328,196.4499969482422,196.3699951171875,196.4499969482422,98014,NVDA,NVIDIA,Nasdaq,USD,20260707_124030
2026-07-06 14:21:00-04:00,196.49020385742188,196.5500030517578,196.40499877929688,196.41000366210938,117616,NVDA,NVIDIA,Nasdaq,USD,20260707_124030
2026-07-06 14:22:00-04:00,196.49000549316406,196.5500030517578,196.44000244140625,196.49000549316406,85311,NVDA,NVIDIA,Nasdaq,USD,20260707_124030
2026-07-06 14:23:00-04:00,196.4149932861328,196.48500061035156,196.3699951171875,196.48500061035156,72594,NVDA,NVIDIA,Nasdaq,USD,20260707_124030
2026-07-06 14:24:00-04:00,196.4499053955078,196.6199951171875,196.3762969970703,196.41000366210938,153544,NVDA,NVIDIA,Nasdaq,USD,20260707_124030
2026-07-06 14:25:00-04:00,196.4600067138672,196.47500610351562,196.38999938964844,196.44500732421875,94312,NVDA,NVIDIA,Nasdaq,USD,20260707_124030
2026-07-06 14:26:00-04:00,196.4250030517578,196.52999877929688,196.41000366210938,196.47000122070312,104461,NVDA,NVIDIA,Nasdaq,USD,20260707_124030
2026-07-06 14:27:00-04:00,196.3699951171875,196.5,196.3699951171875,196.4250030517578,127507,NVDA,NVIDIA,Nasdaq,USD,20260707_124030
2026-07-06 14:28:00-04:00,196.3000946044922,196.39500427246094,196.27549743652344,196.39500427246094,99565,NVDA,NVIDIA,Nasdaq,USD,20260707_124030
2026-07-06 14:29:00-04:00,196.27000427246094,196.34500122070312,196.25,196.3000030517578,72671,NVDA,NVIDIA,Nasdaq,USD,20260707_124030
2026-07-06 14:30:00-04:00,196.3249969482422,196.33999633789062,196.25999450683594,196.27000427246094,74714,NVDA,NVIDIA,Nasdaq,USD,20260707_124030
2026-07-06 14:31:00-04:00,196.36000061035156,196.39999389648438,196.25999450683594,196.3249969482422,113516,NVDA,NVIDIA,Nasdaq,USD,20260707_124030
2026-07-06 14:32:00-04:00,196.25999450683594,196.3502960205078,196.24000549316406,196.3502960205078,65951,NVDA,NVIDIA,Nasdaq,USD,20260707_124030
2026-07-06 14:33:00-04:00,196.17999267578125,196.27000427246094,196.16000366210938,196.25999450683594,113975,NVDA,NVIDIA,Nasdaq,USD,20260707_124030
2026-07-06 14:34:00-04:00,196.08999633789062,196.19000244140625,196.08999633789062,196.19000244140625,87564,NVDA,NVIDIA,Nasdaq,USD,20260707_124030
2026-07-06 14:35:00-04:00,196.10000610351562,196.1300048828125,196.08999633789062,196.09010314941406,73793,NVDA,NVIDIA,Nasdaq,USD,20260707_124030
2026-07-06 14:36:00-04:00,196.14500427246094,196.14990234375,196.08999633789062,196.09010314941406,76305,NVDA,NVIDIA,Nasdaq,USD,20260707_124030
2026-07-06 14:37:00-04:00,196.18499755859375,196.21499633789062,196.14059448242188,196.14500427246094,84003,NVDA,NVIDIA,Nasdaq,USD,20260707_124030
2026-07-06 14:38:00-04:00,196.10989379882812,196.1999969482422,196.10000610351562,196.17999267578125,63742,NVDA,NVIDIA,Nasdaq,USD,20260707_124030
2026-07-06 14:39:00-04:00,196.05499267578125,196.1199951171875,196.0399932861328,196.10000610351562,85155,NVDA,NVIDIA,Nasdaq,USD,20260707_124030
2026-07-06 14:40:00-04:00,196.16000366210938,196.16000366210938,196.0500030517578,196.0500030517578,72993,NVDA,NVIDIA,Nasdaq,USD,20260707_124030
2026-07-06 14:41:00-04:00,196.13999938964844,196.1699981689453,196.13999938964844,196.16000366210938,66433,NVDA,NVIDIA,Nasdaq,USD,20260707_124030
2026-07-06 14:42:00-04:00,196.18499755859375,196.1999969482422,196.1300048828125,196.13279724121094,74503,NVDA,NVIDIA,Nasdaq,USD,20260707_124030
2026-07-06 14:43:00-04:00,196.2550048828125,196.2550048828125,196.1649932861328,196.19000244140625,60273,NVDA,NVIDIA,Nasdaq,USD,20260707_124030
2026-07-06 14:44:00-04:00,196.30499267578125,196.47500610351562,196.125,196.25999450683594,270532,NVDA,NVIDIA,Nasdaq,USD,20260707_124030
2026-07-06 14:45:00-04:00,196.47999572753906,196.47999572753906,196.3000030517578,196.30999755859375,163563,NVDA,NVIDIA,Nasdaq,USD,20260707_124030
2026-07-06 14:46:00-04:00,196.57989501953125,196.58999633789062,196.4550018310547,196.47999572753906,204859,NVDA,NVIDIA,Nasdaq,USD,20260707_124030
2026-07-06 14:47:00-04:00,196.625,196.64959716796875,196.55999755859375,196.5749969482422,121278,NVDA,NVIDIA,Nasdaq,USD,20260707_124030
2026-07-06 14:48:00-04:00,196.5500030517578,196.63999938964844,196.5500030517578,196.6199951171875,130841,NVDA,NVIDIA,Nasdaq,USD,20260707_124030
2026-07-06 14:49:00-04:00,196.5,196.60000610351562,196.4600067138672,196.5449981689453,261054,NVDA,NVIDIA,Nasdaq,USD,20260707_124030
2026-07-06 14:50:00-04:00,196.52000427246094,196.52650451660156,196.39999389648438,196.50999450683594,138664,NVDA,NVIDIA,Nasdaq,USD,20260707_124030
2026-07-06 14:51:00-04:00,196.5399932861328,196.57989501953125,196.5,196.52000427246094,104663,NVDA,NVIDIA,Nasdaq,USD,20260707_124030
2026-07-06 14:52:00-04:00,196.5449981689453,196.6300048828125,196.52000427246094,196.53500366210938,92655,NVDA,NVIDIA,Nasdaq,USD,20260707_124030
2026-07-06 14:53:00-04:00,196.50010681152344,196.5500030517578,196.4199981689453,196.5449981689453,112440,NVDA,NVIDIA,Nasdaq,USD,20260707_124030
2026-07-06 14:54:00-04:00,196.5,196.6199951171875,196.4600067138672,196.5050048828125,110524,NVDA,NVIDIA,Nasdaq,USD,20260707_124030
2026-07-06 14:55:00-04:00,196.4600067138672,196.52000427246094,196.41000366210938,196.5,71392,NVDA,NVIDIA,Nasdaq,USD,20260707_124030
2026-07-06 14:56:00-04:00,196.47500610351562,196.5800018310547,196.44009399414062,196.4499969482422,106675,NVDA,NVIDIA,Nasdaq,USD,20260707_124030
2026-07-06 14:57:00-04:00,196.5050048828125,196.52000427246094,196.47000122070312,196.47000122070312,81291,NVDA,NVIDIA,Nasdaq,USD,20260707_124030
2026-07-06 14:58:00-04:00,196.54010009765625,196.57000732421875,196.5,196.5,117185,NVDA,NVIDIA,Nasdaq,USD,20260707_124030
2026-07-06 14:59:00-04:00,196.625,196.63999938964844,196.52000427246094,196.5500030517578,88722,NVDA,NVIDIA,Nasdaq,USD,20260707_124030
2026-07-06 15:00:00-04:00,196.63999938964844,196.8000030517578,196.6300048828125,196.6300048828125,153758,NVDA,NVIDIA,Nasdaq,USD,20260707_124030
2026-07-06 15:01:00-04:00,196.63999938964844,196.6699981689453,196.52999877929688,196.64999389648438,114490,NVDA,NVIDIA,Nasdaq,USD,20260707_124030
2026-07-06 15:02:00-04:00,196.52000427246094,196.6300048828125,196.49000549316406,196.61990356445312,104113,NVDA,NVIDIA,Nasdaq,USD,20260707_124030
2026-07-06 15:03:00-04:00,196.55999755859375,196.59979248046875,196.51499938964844,196.52000427246094,108574,NVDA,NVIDIA,Nasdaq,USD,20260707_124030
2026-07-06 15:04:00-04:00,196.60000610351562,196.63999938964844,196.5500030517578,196.5500946044922,87508,NVDA,NVIDIA,Nasdaq,USD,20260707_124030
2026-07-06 15:05:00-04:00,196.66000366210938,196.72999572753906,196.5800018310547,196.59010314941406,138301,NVDA,NVIDIA,Nasdaq,USD,20260707_124030
2026-07-06 15:06:00-04:00,196.5399932861328,196.6649932861328,196.5399932861328,196.66000366210938,122991,NVDA,NVIDIA,Nasdaq,USD,20260707_124030
2026-07-06 15:07:00-04:00,196.55999755859375,196.61500549316406,196.5200958251953,196.55999755859375,107228,NVDA,NVIDIA,Nasdaq,USD,20260707_124030
2026-07-06 15:08:00-04:00,196.625,196.6699981689453,196.57000732421875,196.5800018310547,129790,NVDA,NVIDIA,Nasdaq,USD,20260707_124030
2026-07-06 15:09:00-04:00,196.64010620117188,196.6649932861328,196.5449981689453,196.6300048828125,154377,NVDA,NVIDIA,Nasdaq,USD,20260707_124030
2026-07-06 15:10:00-04:00,196.7100067138672,196.7899932861328,196.66000366210938,196.6699981689453,207237,NVDA,NVIDIA,Nasdaq,USD,20260707_124030
2026-07-06 15:11:00-04:00,196.75,196.75999450683594,196.6300048828125,196.7100067138672,136012,NVDA,NVIDIA,Nasdaq,USD,20260707_124030
2026-07-06 15:12:00-04:00,196.8249969482422,196.85000610351562,196.7198944091797,196.7550048828125,138214,NVDA,NVIDIA,Nasdaq,USD,20260707_124030
2026-07-06 15:13:00-04:00,196.90029907226562,196.97000122070312,196.79010009765625,196.8249969482422,189054,NVDA,NVIDIA,Nasdaq,USD,20260707_124030
2026-07-06 15:14:00-04:00,196.85000610351562,196.9199981689453,196.83419799804688,196.90499877929688,144467,NVDA,NVIDIA,Nasdaq,USD,20260707_124030
2026-07-06 15:15:00-04:00,196.97500610351562,196.97999572753906,196.7729949951172,196.85499572753906,194822,NVDA,NVIDIA,Nasdaq,USD,20260707_124030
2026-07-06 15:16:00-04:00,197.0413055419922,197.05999755859375,196.97500610351562,196.97500610351562,362307,NVDA,NVIDIA,Nasdaq,USD,20260707_124030
2026-07-06 15:17:00-04:00,197.0399932861328,197.1300048828125,197.01499938964844,197.0399932861328,174440,NVDA,NVIDIA,Nasdaq,USD,20260707_124030
2026-07-06 15:18:00-04:00,196.94000244140625,197.13999938964844,196.9199981689453,197.04010009765625,256830,NVDA,NVIDIA,Nasdaq,USD,20260707_124030
2026-07-06 15:19:00-04:00,196.88999938964844,196.98500061035156,196.88999938964844,196.94000244140625,144451,NVDA,NVIDIA,Nasdaq,USD,20260707_124030
2026-07-06 15:20:00-04:00,197.02999877929688,197.03500366210938,196.83999633789062,196.88009643554688,194273,NVDA,NVIDIA,Nasdaq,USD,20260707_124030
2026-07-06 15:21:00-04:00,197.02999877929688,197.0800018310547,197.0,197.02890014648438,152804,NVDA,NVIDIA,Nasdaq,USD,20260707_124030
2026-07-06 15:22:00-04:00,197.0,197.0792999267578,197.0,197.03500366210938,137674,NVDA,NVIDIA,Nasdaq,USD,20260707_124030
2026-07-06 15:23:00-04:00,196.96009826660156,197.02000427246094,196.9600067138672,197.0,136197,NVDA,NVIDIA,Nasdaq,USD,20260707_124030
2026-07-06 15:24:00-04:00,196.96499633789062,196.985107421875,196.94000244140625,196.96519470214844,119394,NVDA,NVIDIA,Nasdaq,USD,20260707_124030
2026-07-06 15:25:00-04:00,196.97999572753906,196.98989868164062,196.94000244140625,196.9600067138672,121710,NVDA,NVIDIA,Nasdaq,USD,20260707_124030
2026-07-06 15:26:00-04:00,196.9250030517578,197.00999450683594,196.88999938964844,196.99000549316406,157108,NVDA,NVIDIA,Nasdaq,USD,20260707_124030
2026-07-06 15:27:00-04:00,196.86990356445312,196.94500732421875,196.82000732421875,196.92999267578125,160842,NVDA,NVIDIA,Nasdaq,USD,20260707_124030
2026-07-06 15:28:00-04:00,196.9149932861328,196.9700927734375,196.86000061035156,196.86000061035156,153701,NVDA,NVIDIA,Nasdaq,USD,20260707_124030
2026-07-06 15:29:00-04:00,196.85000610351562,196.9250030517578,196.83999633789062,196.91009521484375,114769,NVDA,NVIDIA,Nasdaq,USD,20260707_124030
2026-07-06 15:30:00-04:00,196.6374053955078,196.8800048828125,196.6300048828125,196.85499572753906,255053,NVDA,NVIDIA,Nasdaq,USD,20260707_124030
2026-07-06 15:31:00-04:00,196.55999755859375,196.64999389648438,196.47999572753906,196.63999938964844,200621,NVDA,NVIDIA,Nasdaq,USD,20260707_124030
2026-07-06 15:32:00-04:00,196.69000244140625,196.6999969482422,196.55999755859375,196.5635986328125,157535,NVDA,NVIDIA,Nasdaq,USD,20260707_124030
2026-07-06 15:33:00-04:00,196.7100067138672,196.75,196.64999389648438,196.68499755859375,159689,NVDA,NVIDIA,Nasdaq,USD,20260707_124030
2026-07-06 15:34:00-04:00,196.85000610351562,196.8699951171875,196.71499633789062,196.71499633789062,1111481,NVDA,NVIDIA,Nasdaq,USD,20260707_124030
2026-07-06 15:35:00-04:00,196.8249969482422,196.9499969482422,196.82000732421875,196.85009765625,220846,NVDA,NVIDIA,Nasdaq,USD,20260707_124030
2026-07-06 15:36:00-04:00,196.67999267578125,196.86000061035156,196.66000366210938,196.8300018310547,184872,NVDA,NVIDIA,Nasdaq,USD,20260707_124030
2026-07-06 15:37:00-04:00,196.69000244140625,196.75999450683594,196.64999389648438,196.6699981689453,162599,NVDA,NVIDIA,Nasdaq,USD,20260707_124030
2026-07-06 15:38:00-04:00,196.72230529785156,196.77499389648438,196.67999267578125,196.6999969482422,120476,NVDA,NVIDIA,Nasdaq,USD,20260707_124030
2026-07-06 15:39:00-04:00,196.664794921875,196.72999572753906,196.61000061035156,196.72999572753906,172864,NVDA,NVIDIA,Nasdaq,USD,20260707_124030
2026-07-06 15:40:00-04:00,196.610107421875,196.67999267578125,196.58999633789062,196.6649932861328,154395,NVDA,NVIDIA,Nasdaq,USD,20260707_124030
2026-07-06 15:41:00-04:00,196.68499755859375,196.6999969482422,196.5998992919922,196.61500549316406,124239,NVDA,NVIDIA,Nasdaq,USD,20260707_124030
2026-07-06 15:42:00-04:00,196.59500122070312,196.7467041015625,196.5800018310547,196.68499755859375,203392,NVDA,NVIDIA,Nasdaq,USD,20260707_124030
2026-07-06 15:43:00-04:00,196.63999938964844,196.65499877929688,196.5850067138672,196.58999633789062,117827,NVDA,NVIDIA,Nasdaq,USD,20260707_124030
2026-07-06 15:44:00-04:00,196.65499877929688,196.6699981689453,196.58999633789062,196.63499450683594,195400,NVDA,NVIDIA,Nasdaq,USD,20260707_124030
2026-07-06 15:45:00-04:00,196.76499938964844,196.80999755859375,196.64500427246094,196.64999389648438,156540,NVDA,NVIDIA,Nasdaq,USD,20260707_124030
2026-07-06 15:46:00-04:00,196.6649932861328,196.76499938964844,196.60000610351562,196.75999450683594,221875,NVDA,NVIDIA,Nasdaq,USD,20260707_124030
2026-07-06 15:47:00-04:00,196.75360107421875,196.7550048828125,196.63999938964844,196.65499877929688,121268,NVDA,NVIDIA,Nasdaq,USD,20260707_124030
2026-07-06 15:48:00-04:00,196.87010192871094,196.8800048828125,196.7200927734375,196.75999450683594,172244,NVDA,NVIDIA,Nasdaq,USD,20260707_124030
2026-07-06 15:49:00-04:00,196.92999267578125,197.03500366210938,196.875,196.875,382175,NVDA,NVIDIA,Nasdaq,USD,20260707_124030
2026-07-06 15:50:00-04:00,196.33999633789062,196.9199981689453,196.27000427246094,196.9199981689453,603949,NVDA,NVIDIA,Nasdaq,USD,20260707_124030
2026-07-06 15:51:00-04:00,196.3800048828125,196.44000244140625,196.31500244140625,196.3300018310547,272501,NVDA,NVIDIA,Nasdaq,USD,20260707_124030
2026-07-06 15:52:00-04:00,196.360107421875,196.52999877929688,196.33999633789062,196.3800048828125,302064,NVDA,NVIDIA,Nasdaq,USD,20260707_124030
2026-07-06 15:53:00-04:00,196.42999267578125,196.4600067138672,196.32000732421875,196.36000061035156,255118,NVDA,NVIDIA,Nasdaq,USD,20260707_124030
2026-07-06 15:54:00-04:00,196.1999969482422,196.5399932861328,196.16000366210938,196.44000244140625,485538,NVDA,NVIDIA,Nasdaq,USD,20260707_124030
2026-07-06 15:55:00-04:00,195.72000122070312,196.24000549316406,195.57000732421875,196.1999969482422,878076,NVDA,NVIDIA,Nasdaq,USD,20260707_124030
2026-07-06 15:56:00-04:00,195.5749969482422,195.80999755859375,195.5,195.71499633789062,602276,NVDA,NVIDIA,Nasdaq,USD,20260707_124030
2026-07-06 15:57:00-04:00,195.59500122070312,195.64999389648438,195.4499969482422,195.57000732421875,805614,NVDA,NVIDIA,Nasdaq,USD,20260707_124030
2026-07-06 15:58:00-04:00,195.5749969482422,195.6300048828125,195.5,195.59500122070312,800519,NVDA,NVIDIA,Nasdaq,USD,20260707_124030
2026-07-06 15:59:00-04:00,195.5749969482422,195.64999389648438,195.4199981689453,195.5749969482422,2167972,NVDA,NVIDIA,Nasdaq,USD,20260707_124030
2026-07-07 09:30:00-04:00,191.80999755859375,192.3699951171875,191.49009704589844,192.3699951171875,7493800,NVDA,NVIDIA,Nasdaq,USD,20260707_153842
2026-07-07 09:31:00-04:00,192.0800018310547,192.16000366210938,191.44000244140625,191.77999877929688,741673,NVDA,NVIDIA,Nasdaq,USD,20260707_153842
2026-07-07 09:32:00-04:00,192.2949981689453,192.4499969482422,191.9199981689453,192.0950927734375,749417,NVDA,NVIDIA,Nasdaq,USD,20260707_153842
2026-07-07 09:33:00-04:00,192.37100219726562,192.44729614257812,192.02659606933594,192.30999755859375,551676,NVDA,NVIDIA,Nasdaq,USD,20260707_153842
2026-07-07 09:34:00-04:00,192.75,192.8800048828125,192.27999877929688,192.38999938964844,665580,NVDA,NVIDIA,Nasdaq,USD,20260707_153842
2026-07-07 09:35:00-04:00,192.69000244140625,192.8800048828125,192.4199981689453,192.74000549316406,534056,NVDA,NVIDIA,Nasdaq,USD,20260707_153842
2026-07-07 09:36:00-04:00,192.49000549316406,192.83999633789062,192.4199981689453,192.69000244140625,550747,NVDA,NVIDIA,Nasdaq,USD,20260707_153842
2026-07-07 09:37:00-04:00,192.40480041503906,192.75,192.3101043701172,192.47500610351562,479214,NVDA,NVIDIA,Nasdaq,USD,20260707_153842
2026-07-07 09:38:00-04:00,192.10000610351562,192.3800048828125,191.63999938964844,192.3699951171875,588745,NVDA,NVIDIA,Nasdaq,USD,20260707_153842
2026-07-07 09:39:00-04:00,192.27499389648438,192.69000244140625,192.02000427246094,192.11000061035156,472230,NVDA,NVIDIA,Nasdaq,USD,20260707_153842
2026-07-07 09:40:00-04:00,192.69000244140625,192.72999572753906,192.0800018310547,192.27999877929688,413753,NVDA,NVIDIA,Nasdaq,USD,20260707_153842
2026-07-07 09:41:00-04:00,192.5699005126953,192.7198944091797,192.4199981689453,192.66000366210938,314610,NVDA,NVIDIA,Nasdaq,USD,20260707_153842
2026-07-07 09:42:00-04:00,192.389892578125,192.5800018310547,192.22999572753906,192.55999755859375,353013,NVDA,NVIDIA,Nasdaq,USD,20260707_153842
2026-07-07 09:43:00-04:00,192.75,193.29989624023438,192.36000061035156,192.38999938964844,599188,NVDA,NVIDIA,Nasdaq,USD,20260707_153842
2026-07-07 09:44:00-04:00,192.56640625,192.80999755859375,192.36000061035156,192.73500061035156,475818,NVDA,NVIDIA,Nasdaq,USD,20260707_153842
2026-07-07 09:45:00-04:00,192.24000549316406,192.66510009765625,192.22000122070312,192.5749969482422,460956,NVDA,NVIDIA,Nasdaq,USD,20260707_153842
2026-07-07 09:46:00-04:00,192.19000244140625,192.38999938964844,192.02999877929688,192.1999969482422,578870,NVDA,NVIDIA,Nasdaq,USD,20260707_153842
2026-07-07 09:47:00-04:00,192.02000427246094,192.3000030517578,192.00999450683594,192.18499755859375,355986,NVDA,NVIDIA,Nasdaq,USD,20260707_153842
2026-07-07 09:48:00-04:00,192.20509338378906,192.5500030517578,192.0,192.00999450683594,442347,NVDA,NVIDIA,Nasdaq,USD,20260707_153842
2026-07-07 09:49:00-04:00,191.92999267578125,192.25,191.8372039794922,192.1999969482422,415575,NVDA,NVIDIA,Nasdaq,USD,20260707_153842
2026-07-07 09:50:00-04:00,192.17999267578125,192.24000549316406,191.91000366210938,191.92999267578125,352551,NVDA,NVIDIA,Nasdaq,USD,20260707_153842
2026-07-07 09:51:00-04:00,192.10989379882812,192.2895050048828,191.91000366210938,192.1699981689453,434047,NVDA,NVIDIA,Nasdaq,USD,20260707_153842
2026-07-07 09:52:00-04:00,192.03990173339844,192.42999267578125,191.93499755859375,192.11000061035156,419453,NVDA,NVIDIA,Nasdaq,USD,20260707_153842
2026-07-07 09:53:00-04:00,191.875,192.0399932861328,191.70199584960938,192.0399932861328,371620,NVDA,NVIDIA,Nasdaq,USD,20260707_153842
2026-07-07 09:54:00-04:00,191.97999572753906,192.11000061035156,191.72000122070312,191.86990356445312,318204,NVDA,NVIDIA,Nasdaq,USD,20260707_153842
2026-07-07 09:55:00-04:00,192.0800018310547,192.08999633789062,191.85000610351562,191.97509765625,313177,NVDA,NVIDIA,Nasdaq,USD,20260707_153842
2026-07-07 09:56:00-04:00,191.9801025390625,192.19500732421875,191.91000366210938,192.07000732421875,305791,NVDA,NVIDIA,Nasdaq,USD,20260707_153842
2026-07-07 09:57:00-04:00,191.7799072265625,192.125,191.5800018310547,191.97500610351562,472294,NVDA,NVIDIA,Nasdaq,USD,20260707_153842
2026-07-07 09:58:00-04:00,192.0,192.02000427246094,191.6699981689453,191.77999877929688,374854,NVDA,NVIDIA,Nasdaq,USD,20260707_153842
2026-07-07 09:59:00-04:00,192.63999938964844,192.88999938964844,191.99009704589844,191.99009704589844,675794,NVDA,NVIDIA,Nasdaq,USD,20260707_153842
2026-07-07 10:00:00-04:00,193.16009521484375,193.2100067138672,192.5399932861328,192.63499450683594,551216,NVDA,NVIDIA,Nasdaq,USD,20260707_153842
2026-07-07 10:01:00-04:00,193.110107421875,193.35560607910156,192.88999938964844,193.14010620117188,409765,NVDA,NVIDIA,Nasdaq,USD,20260707_153842
2026-07-07 10:02:00-04:00,193.2899932861328,193.35989379882812,192.86000061035156,193.08999633789062,368464,NVDA,NVIDIA,Nasdaq,USD,20260707_153842
2026-07-07 10:03:00-04:00,193.08999633789062,193.38999938964844,193.0,193.28500366210938,288249,NVDA,NVIDIA,Nasdaq,USD,20260707_153842
2026-07-07 10:04:00-04:00,193.1999969482422,193.27000427246094,192.97999572753906,193.0850067138672,287734,NVDA,NVIDIA,Nasdaq,USD,20260707_153842
2026-07-07 10:05:00-04:00,193.30999755859375,193.44000244140625,193.13999938964844,193.1999969482422,379782,NVDA,NVIDIA,Nasdaq,USD,20260707_153842
2026-07-07 10:06:00-04:00,193.35499572753906,193.5,193.22000122070312,193.2899932861328,329940,NVDA,NVIDIA,Nasdaq,USD,20260707_153842
2026-07-07 10:07:00-04:00,192.97000122070312,193.3800048828125,192.9344940185547,193.36000061035156,266115,NVDA,NVIDIA,Nasdaq,USD,20260707_153842
2026-07-07 10:08:00-04:00,193.1999969482422,193.33999633789062,192.94000244140625,192.97500610351562,273096,NVDA,NVIDIA,Nasdaq,USD,20260707_153842
2026-07-07 10:09:00-04:00,193.26429748535156,193.36990356445312,193.10009765625,193.2100067138672,274561,NVDA,NVIDIA,Nasdaq,USD,20260707_153842
2026-07-07 10:10:00-04:00,193.19000244140625,193.2899932861328,192.99249267578125,193.28500366210938,306136,NVDA,NVIDIA,Nasdaq,USD,20260707_153842
2026-07-07 10:11:00-04:00,193.2899932861328,193.47999572753906,193.10009765625,193.20509338378906,318285,NVDA,NVIDIA,Nasdaq,USD,20260707_153842
2026-07-07 10:12:00-04:00,193.139892578125,193.3939971923828,193.10000610351562,193.27000427246094,231171,NVDA,NVIDIA,Nasdaq,USD,20260707_153842
2026-07-07 10:13:00-04:00,192.83200073242188,193.22999572753906,192.8300018310547,193.1553955078125,296041,NVDA,NVIDIA,Nasdaq,USD,20260707_153842
2026-07-07 10:14:00-04:00,192.97799682617188,193.05999755859375,192.77999877929688,192.8300018310547,288709,NVDA,NVIDIA,Nasdaq,USD,20260707_153842
2026-07-07 10:15:00-04:00,192.77000427246094,193.05499267578125,192.64999389648438,192.99000549316406,368781,NVDA,NVIDIA,Nasdaq,USD,20260707_153842
2026-07-07 10:16:00-04:00,192.47999572753906,192.87989807128906,192.36000061035156,192.7899932861328,380362,NVDA,NVIDIA,Nasdaq,USD,20260707_153842
2026-07-07 10:17:00-04:00,192.56500244140625,192.65989685058594,192.4499969482422,192.5155029296875,227937,NVDA,NVIDIA,Nasdaq,USD,20260707_153842
2026-07-07 10:18:00-04:00,192.49000549316406,192.74000549316406,192.39999389648438,192.55999755859375,272283,NVDA,NVIDIA,Nasdaq,USD,20260707_153842
2026-07-07 10:19:00-04:00,192.3300018310547,192.5500030517578,192.25,192.5,338741,NVDA,NVIDIA,Nasdaq,USD,20260707_153842
2026-07-07 10:20:00-04:00,192.05999755859375,192.5,191.92999267578125,192.3300018310547,427813,NVDA,NVIDIA,Nasdaq,USD,20260707_153842
2026-07-07 10:21:00-04:00,192.00999450683594,192.09100341796875,191.89999389648438,192.0500030517578,295958,NVDA,NVIDIA,Nasdaq,USD,20260707_153842
2026-07-07 10:22:00-04:00,192.02999877929688,192.25999450683594,191.9499969482422,192.0,279001,NVDA,NVIDIA,Nasdaq,USD,20260707_153842
2026-07-07 10:23:00-04:00,192.11000061035156,192.2270050048828,191.91000366210938,192.02000427246094,179389,NVDA,NVIDIA,Nasdaq,USD,20260707_153842
2026-07-07 10:24:00-04:00,192.07749938964844,192.17999267578125,191.97999572753906,192.1300048828125,183904,NVDA,NVIDIA,Nasdaq,USD,20260707_153842
2026-07-07 10:25:00-04:00,191.88999938964844,192.1199951171875,191.8699951171875,192.07000732421875,380075,NVDA,NVIDIA,Nasdaq,USD,20260707_153842
2026-07-07 10:26:00-04:00,191.5850067138672,191.94000244140625,191.5399932861328,191.88999938964844,429248,NVDA,NVIDIA,Nasdaq,USD,20260707_153842
2026-07-07 10:27:00-04:00,191.71499633789062,191.82000732421875,191.4600067138672,191.57000732421875,461080,NVDA,NVIDIA,Nasdaq,USD,20260707_153842
2026-07-07 10:28:00-04:00,191.80499267578125,191.83999633789062,191.59039306640625,191.72500610351562,309973,NVDA,NVIDIA,Nasdaq,USD,20260707_153842
2026-07-07 10:29:00-04:00,191.860107421875,191.89999389648438,191.77000427246094,191.8000030517578,213124,NVDA,NVIDIA,Nasdaq,USD,20260707_153842
2026-07-07 10:30:00-04:00,191.8699951171875,191.99000549316406,191.75999450683594,191.8699951171875,281335,NVDA,NVIDIA,Nasdaq,USD,20260707_153842
2026-07-07 10:31:00-04:00,191.88999938964844,192.17970275878906,191.86990356445312,191.8699951171875,315060,NVDA,NVIDIA,Nasdaq,USD,20260707_153842
2026-07-07 10:32:00-04:00,191.86000061035156,191.91000366210938,191.57000732421875,191.88999938964844,311460,NVDA,NVIDIA,Nasdaq,USD,20260707_153842
2026-07-07 10:33:00-04:00,191.97999572753906,192.08999633789062,191.77000427246094,191.8800048828125,242172,NVDA,NVIDIA,Nasdaq,USD,20260707_153842
2026-07-07 10:34:00-04:00,191.7550048828125,191.99000549316406,191.64999389648438,191.9600067138672,269613,NVDA,NVIDIA,Nasdaq,USD,20260707_153842
2026-07-07 10:35:00-04:00,191.3000030517578,191.75,191.14999389648438,191.75,545903,NVDA,NVIDIA,Nasdaq,USD,20260707_153842
2026-07-07 10:36:00-04:00,191.55059814453125,191.6199951171875,191.25,191.2899932861328,238461,NVDA,NVIDIA,Nasdaq,USD,20260707_153842
2026-07-07 10:37:00-04:00,191.66000366210938,191.67999267578125,191.375,191.5500030517578,245721,NVDA,NVIDIA,Nasdaq,USD,20260707_153842
2026-07-07 10:38:00-04:00,191.61990356445312,191.72000122070312,191.47999572753906,191.66009521484375,265430,NVDA,NVIDIA,Nasdaq,USD,20260707_153842
2026-07-07 10:39:00-04:00,191.76010131835938,191.86000061035156,191.625,191.625,240487,NVDA,NVIDIA,Nasdaq,USD,20260707_153842
2026-07-07 10:40:00-04:00,191.75999450683594,191.92999267578125,191.74009704589844,191.8000030517578,199211,NVDA,NVIDIA,Nasdaq,USD,20260707_153842
2026-07-07 10:41:00-04:00,191.69000244140625,191.8300018310547,191.69000244140625,191.77000427246094,162423,NVDA,NVIDIA,Nasdaq,USD,20260707_153842
2026-07-07 10:42:00-04:00,191.75,191.8695068359375,191.52999877929688,191.69509887695312,312754,NVDA,NVIDIA,Nasdaq,USD,20260707_153842
2026-07-07 10:43:00-04:00,191.6999969482422,191.80999755859375,191.66000366210938,191.7550048828125,216551,NVDA,NVIDIA,Nasdaq,USD,20260707_153842
2026-07-07 10:44:00-04:00,191.65989685058594,191.80499267578125,191.52000427246094,191.7050018310547,259029,NVDA,NVIDIA,Nasdaq,USD,20260707_153842
2026-07-07 10:45:00-04:00,191.6699981689453,191.86549377441406,191.61000061035156,191.65499877929688,161047,NVDA,NVIDIA,Nasdaq,USD,20260707_153842
2026-07-07 10:46:00-04:00,191.9250030517578,191.94000244140625,191.60000610351562,191.66000366210938,218543,NVDA,NVIDIA,Nasdaq,USD,20260707_153842
2026-07-07 10:47:00-04:00,191.9499969482422,192.09500122070312,191.75999450683594,191.9199981689453,231314,NVDA,NVIDIA,Nasdaq,USD,20260707_153842
2026-07-07 10:48:00-04:00,191.94000244140625,192.0800018310547,191.89999389648438,191.92999267578125,246550,NVDA,NVIDIA,Nasdaq,USD,20260707_153842
2026-07-07 10:49:00-04:00,191.92999267578125,192.02000427246094,191.80999755859375,191.9499969482422,206916,NVDA,NVIDIA,Nasdaq,USD,20260707_153842
2026-07-07 10:50:00-04:00,191.9600067138672,192.06500244140625,191.84010314941406,191.93499755859375,190454,NVDA,NVIDIA,Nasdaq,USD,20260707_153842
2026-07-07 10:51:00-04:00,192.11000061035156,192.1999969482422,191.94000244140625,191.94500732421875,229617,NVDA,NVIDIA,Nasdaq,USD,20260707_153842
2026-07-07 10:52:00-04:00,192.3249969482422,192.3498992919922,192.0706024169922,192.08999633789062,265106,NVDA,NVIDIA,Nasdaq,USD,20260707_153842
2026-07-07 10:53:00-04:00,192.50999450683594,192.60000610351562,192.28050231933594,192.33999633789062,338777,NVDA,NVIDIA,Nasdaq,USD,20260707_153842
2026-07-07 10:54:00-04:00,192.44009399414062,192.50999450683594,192.16000366210938,192.5,238593,NVDA,NVIDIA,Nasdaq,USD,20260707_153842
2026-07-07 10:55:00-04:00,192.57510375976562,192.72000122070312,192.42999267578125,192.44000244140625,217577,NVDA,NVIDIA,Nasdaq,USD,20260707_153842
2026-07-07 10:56:00-04:00,192.4600067138672,192.72999572753906,192.39999389648438,192.5850067138672,201093,NVDA,NVIDIA,Nasdaq,USD,20260707_153842
2026-07-07 10:57:00-04:00,192.60499572753906,192.6199951171875,192.3699951171875,192.4499969482422,165724,NVDA,NVIDIA,Nasdaq,USD,20260707_153842
2026-07-07 10:58:00-04:00,192.7100067138672,192.7899932861328,192.60009765625,192.61500549316406,217358,NVDA,NVIDIA,Nasdaq,USD,20260707_153842
2026-07-07 10:59:00-04:00,192.57000732421875,192.77999877929688,192.55999755859375,192.7050018310547,166312,NVDA,NVIDIA,Nasdaq,USD,20260707_153842
2026-07-07 11:00:00-04:00,192.5399932861328,192.72950744628906,192.4499969482422,192.5800018310547,215709,NVDA,NVIDIA,Nasdaq,USD,20260707_153842
2026-07-07 11:01:00-04:00,192.69000244140625,192.69009399414062,192.32000732421875,192.52000427246094,243591,NVDA,NVIDIA,Nasdaq,USD,20260707_153842
2026-07-07 11:02:00-04:00,192.73500061035156,192.85000610351562,192.64999389648438,192.67999267578125,248436,NVDA,NVIDIA,Nasdaq,USD,20260707_153842
2026-07-07 11:03:00-04:00,192.6199951171875,192.72999572753906,192.5554962158203,192.72000122070312,177009,NVDA,NVIDIA,Nasdaq,USD,20260707_153842
2026-07-07 11:04:00-04:00,192.82000732421875,192.86000061035156,192.6300048828125,192.6300048828125,209652,NVDA,NVIDIA,Nasdaq,USD,20260707_153842
2026-07-07 11:05:00-04:00,192.61000061035156,192.8699951171875,192.60000610351562,192.81500244140625,164888,NVDA,NVIDIA,Nasdaq,USD,20260707_153842
2026-07-07 11:06:00-04:00,192.77000427246094,192.80999755859375,192.55999755859375,192.60000610351562,267218,NVDA,NVIDIA,Nasdaq,USD,20260707_153842
2026-07-07 11:07:00-04:00,192.81500244140625,192.8300018310547,192.6300048828125,192.75,194654,NVDA,NVIDIA,Nasdaq,USD,20260707_153842
2026-07-07 11:08:00-04:00,192.67539978027344,192.8699951171875,192.6199951171875,192.82000732421875,170202,NVDA,NVIDIA,Nasdaq,USD,20260707_153842
2026-07-07 11:09:00-04:00,192.7449951171875,192.80999755859375,192.63999938964844,192.66000366210938,140462,NVDA,NVIDIA,Nasdaq,USD,20260707_153842
2026-07-07 11:10:00-04:00,192.72999572753906,192.7949981689453,192.61000061035156,192.75,168493,NVDA,NVIDIA,Nasdaq,USD,20260707_153842
2026-07-07 11:11:00-04:00,192.72999572753906,192.83639526367188,192.66000366210938,192.7449951171875,157957,NVDA,NVIDIA,Nasdaq,USD,20260707_153842
2026-07-07 11:12:00-04:00,193.0,193.01600646972656,192.66400146484375,192.72999572753906,591113,NVDA,NVIDIA,Nasdaq,USD,20260707_153842
2026-07-07 11:13:00-04:00,193.27000427246094,193.27999877929688,192.88999938964844,193.00100708007812,377907,NVDA,NVIDIA,Nasdaq,USD,20260707_153842
2026-07-07 11:14:00-04:00,193.05690002441406,193.36500549316406,193.0399932861328,193.26499938964844,270894,NVDA,NVIDIA,Nasdaq,USD,20260707_153842
2026-07-07 11:15:00-04:00,192.97000122070312,193.1199951171875,192.8800048828125,193.02999877929688,296162,NVDA,NVIDIA,Nasdaq,USD,20260707_153842
2026-07-07 11:16:00-04:00,193.0050048828125,193.08999633789062,192.8800048828125,192.97000122070312,240579,NVDA,NVIDIA,Nasdaq,USD,20260707_153842
2026-07-07 11:17:00-04:00,192.8249969482422,193.02999877929688,192.73350524902344,192.98500061035156,206922,NVDA,NVIDIA,Nasdaq,USD,20260707_153842
2026-07-07 11:18:00-04:00,192.75999450683594,192.83999633789062,192.64999389648438,192.83990478515625,160385,NVDA,NVIDIA,Nasdaq,USD,20260707_153842
2026-07-07 11:19:00-04:00,192.72999572753906,192.77000427246094,192.6199951171875,192.75999450683594,173264,NVDA,NVIDIA,Nasdaq,USD,20260707_153842
2026-07-07 11:20:00-04:00,192.77529907226562,192.90499877929688,192.64999389648438,192.72000122070312,204077,NVDA,NVIDIA,Nasdaq,USD,20260707_153842
2026-07-07 11:21:00-04:00,192.8000030517578,192.9199981689453,192.710205078125,192.77000427246094,211281,NVDA,NVIDIA,Nasdaq,USD,20260707_153842
2026-07-07 11:22:00-04:00,192.72999572753906,192.8350067138672,192.6699981689453,192.8000030517578,205748,NVDA,NVIDIA,Nasdaq,USD,20260707_153842
2026-07-07 11:23:00-04:00,192.57510375976562,192.72999572753906,192.54400634765625,192.72039794921875,181561,NVDA,NVIDIA,Nasdaq,USD,20260707_153842
2026-07-07 11:24:00-04:00,192.8000030517578,192.83999633789062,192.5449981689453,192.57000732421875,298642,NVDA,NVIDIA,Nasdaq,USD,20260707_153842
2026-07-07 11:25:00-04:00,192.9971923828125,193.0399932861328,192.8350067138672,192.8350067138672,199547,NVDA,NVIDIA,Nasdaq,USD,20260707_153842
2026-07-07 11:26:00-04:00,193.0500030517578,193.06500244140625,192.9199981689453,192.99000549316406,150279,NVDA,NVIDIA,Nasdaq,USD,20260707_153842
2026-07-07 11:27:00-04:00,193.05499267578125,193.0800018310547,192.97000122070312,193.0500030517578,129610,NVDA,NVIDIA,Nasdaq,USD,20260707_153842
2026-07-07 11:28:00-04:00,192.86000061035156,193.19000244140625,192.86000061035156,193.05499267578125,228427,NVDA,NVIDIA,Nasdaq,USD,20260707_153842
2026-07-07 11:29:00-04:00,193.0500030517578,193.0500030517578,192.83999633789062,192.85000610351562,222174,NVDA,NVIDIA,Nasdaq,USD,20260707_153842
2026-07-07 11:30:00-04:00,193.1300048828125,193.19000244140625,193.02999877929688,193.0500030517578,220009,NVDA,NVIDIA,Nasdaq,USD,20260707_153842
2026-07-07 11:31:00-04:00,193.1199951171875,193.24989318847656,193.0500030517578,193.1199951171875,212078,NVDA,NVIDIA,Nasdaq,USD,20260707_153842
2026-07-07 11:32:00-04:00,193.07989501953125,193.25,193.0500030517578,193.1300048828125,129763,NVDA,NVIDIA,Nasdaq,USD,20260707_153842
2026-07-07 11:33:00-04:00,193.17999267578125,193.28500366210938,193.0399932861328,193.07000732421875,251757,NVDA,NVIDIA,Nasdaq,USD,20260707_153842
2026-07-07 11:34:00-04:00,193.0500030517578,193.27999877929688,193.0500030517578,193.18499755859375,267818,NVDA,NVIDIA,Nasdaq,USD,20260707_153842
2026-07-07 11:35:00-04:00,193.22999572753906,193.22999572753906,192.9600067138672,193.0500030517578,228197,NVDA,NVIDIA,Nasdaq,USD,20260707_153842
2026-07-07 11:36:00-04:00,193.44000244140625,193.47000122070312,193.24000549316406,193.24000549316406,243679,NVDA,NVIDIA,Nasdaq,USD,20260707_153842
2026-07-07 11:37:00-04:00,193.33999633789062,193.48500061035156,193.2100067138672,193.47000122070312,146242,NVDA,NVIDIA,Nasdaq,USD,20260707_153842
2026-07-07 11:38:00-04:00,193.24000549316406,193.24000549316406,193.24000549316406,193.24000549316406,0,NVDA,NVIDIA,Nasdaq,USD,20260707_153842
